,cams,obs,resid
2020-06-15 18:00:00,61.324043,28.0,-33.32404327392578
2022-10-10 18:00:00,9.030373,17.0,7.969627380371094
2022-10-10 21:00:00,10.667008,15.0,4.332991600036621
2022-10-11 00:00:00,12.273403,17.0,4.726596832275391
2022-10-11 03:00:00,12.528745,13.0,0.4712553024291992
2022-10-11 06:00:00,12.972464,17.0,4.027536392211914
2022-10-11 09:00:00,13.047156,17.0,3.95284366607666
2022-10-11 12:00:00,8.022141,10.0,1.977858543395996
2022-10-11 15:00:00,8.106213,7.0,-1.1062126159667969
2022-10-11 18:00:00,10.05867,12.0,1.9413299560546875
2022-10-11 21:00:00,11.712586,10.0,-1.7125864028930664
2022-10-12 00:00:00,12.192118,9.0,-3.192117691040039
2022-10-12 03:00:00,13.9601755,19.0,5.039824485778809
2022-10-12 06:00:00,15.811679,24.0,8.188321113586426
2022-10-12 09:00:00,17.298702,19.0,1.7012977600097656
2022-10-12 12:00:00,7.166932,10.0,2.8330678939819336
2022-10-12 15:00:00,8.542202,14.0,5.457798004150391
2022-10-12 18:00:00,9.567884,13.0,3.4321155548095703
2022-10-12 21:00:00,10.693043,13.0,2.306957244873047
2022-10-13 00:00:00,11.061048,12.0,0.9389524459838867
2022-10-13 03:00:00,12.564897,14.0,1.435103416442871
2022-10-13 06:00:00,13.591716,27.0,13.408284187316895
2022-10-13 09:00:00,14.066132,26.0,11.933868408203125
2022-10-13 12:00:00,7.709673,16.0,8.290327072143555
2022-10-13 15:00:00,7.44717,12.0,4.552830219268799
2022-10-13 18:00:00,8.921688,16.0,7.078311920166016
2022-10-13 21:00:00,10.837994,18.0,7.162006378173828
2022-10-14 00:00:00,11.775569,18.0,6.224431037902832
2022-10-14 03:00:00,13.0690975,27.0,13.930902481079102
2022-10-14 06:00:00,14.15242,28.0,13.847579956054688
2022-10-14 09:00:00,14.011732,28.0,13.98826789855957
2022-10-14 12:00:00,24.312727,12.0,-12.312726974487305
2022-10-14 15:00:00,19.579432,11.0,-8.579431533813477
2022-10-14 18:00:00,17.756292,13.0,-4.756292343139648
2022-10-14 21:00:00,19.656,21.0,1.3439998626708984
2022-10-15 00:00:00,25.939243,22.0,-3.9392433166503906
2022-10-15 03:00:00,28.05018,27.0,-1.050180435180664
2022-10-15 06:00:00,29.963303,34.0,4.0366973876953125
2022-10-15 09:00:00,29.447165,29.0,-0.44716453552246094
2022-10-15 12:00:00,17.162136,23.0,5.837863922119141
2022-10-15 15:00:00,16.081287,18.0,1.9187126159667969
2022-10-15 18:00:00,16.845774,12.0,-4.845773696899414
2022-10-15 21:00:00,18.990704,16.0,-2.990703582763672
2022-10-16 00:00:00,22.004314,19.0,-3.004314422607422
2022-10-16 03:00:00,25.098642,32.0,6.901357650756836
2022-10-16 06:00:00,32.176216,40.0,7.823783874511719
2022-10-16 09:00:00,32.57219,18.0,-14.572189331054688
2022-10-16 12:00:00,28.02517,17.0,-11.025169372558594
2022-10-16 15:00:00,25.644226,16.0,-9.64422607421875
2022-10-16 18:00:00,24.826477,22.0,-2.82647705078125
2022-10-16 21:00:00,27.24687,27.0,-0.2468700408935547
2022-10-17 00:00:00,29.569946,29.0,-0.5699462890625
2022-10-17 03:00:00,33.510105,28.0,-5.510105133056641
2022-10-17 06:00:00,44.981674,52.0,7.0183258056640625
2022-10-17 09:00:00,46.59597,40.0,-6.595970153808594
2022-10-17 12:00:00,11.03308,51.0,39.966919898986816
2022-10-17 15:00:00,9.405426,24.0,14.594573974609375
2022-10-17 18:00:00,8.977167,30.0,21.0228328704834
2022-10-17 21:00:00,9.911219,24.0,14.088781356811523
2022-10-18 00:00:00,14.019861,27.0,12.980138778686523
2022-10-18 03:00:00,16.54098,29.0,12.459020614624023
2022-10-18 06:00:00,23.276073,82.0,58.72392654418945
2022-10-18 09:00:00,25.456415,148.0,122.5435848236084
2022-10-18 12:00:00,19.831873,42.0,22.168127059936523
2022-10-18 15:00:00,15.380522,48.0,32.61947822570801
2022-10-18 18:00:00,13.90697,24.0,10.093029975891113
2022-10-18 21:00:00,14.467787,32.0,17.53221321105957
2022-10-19 00:00:00,16.083504,41.0,24.91649627685547
2022-10-19 03:00:00,19.214666,39.0,19.78533363342285
2022-10-19 06:00:00,25.581017,32.0,6.418983459472656
2022-10-19 09:00:00,26.156385,27.0,0.8436145782470703
2022-10-19 12:00:00,6.910909,37.0,30.089090824127197
2022-10-19 15:00:00,5.949346,48.0,42.05065393447876
2022-10-19 18:00:00,6.624532,31.0,24.375467777252197
2022-10-19 21:00:00,9.063115,25.0,15.936884880065918
2022-10-20 00:00:00,13.711542,31.0,17.2884578704834
2022-10-20 03:00:00,17.869297,50.0,32.13070297241211
2022-10-20 06:00:00,24.878603,46.0,21.121397018432617
2022-10-20 09:00:00,25.247232,56.0,30.75276756286621
2022-10-20 12:00:00,11.252382,17.0,5.747617721557617
2022-10-20 15:00:00,9.385758,13.0,3.614241600036621
2022-10-20 18:00:00,9.92668,19.0,9.073320388793945
2022-10-20 21:00:00,12.805685,28.0,15.194314956665039
2022-10-21 00:00:00,17.34395,26.0,8.656049728393555
2022-10-21 03:00:00,20.4534,31.0,10.546600341796875
2022-10-21 06:00:00,27.516876,44.0,16.483123779296875
2022-10-21 09:00:00,27.79143,35.0,7.20857048034668
2022-10-21 12:00:00,31.234777,36.0,4.765222549438477
2022-10-21 15:00:00,26.705948,37.0,10.294052124023438
2022-10-21 18:00:00,24.332565,35.0,10.667434692382812
2022-10-21 21:00:00,25.074656,37.0,11.925344467163086
2022-10-22 00:00:00,28.34463,30.0,1.6553707122802734
2022-10-22 03:00:00,29.24628,35.0,5.753719329833984
2022-10-22 06:00:00,33.336475,50.0,16.663524627685547
2022-10-22 09:00:00,32.572758,53.0,20.427242279052734
2022-10-22 12:00:00,25.5136,29.0,3.486400604248047
2022-10-22 15:00:00,19.066647,32.0,12.933353424072266
2022-10-22 18:00:00,18.8968,23.0,4.103200912475586
2022-10-22 21:00:00,19.593699,20.0,0.40630149841308594
2022-10-23 00:00:00,21.26876,25.0,3.7312393188476562
2022-10-23 03:00:00,25.100689,25.0,-0.10068893432617188
2022-10-23 06:00:00,30.11408,25.0,-5.114080429077148
2022-10-23 09:00:00,29.078848,19.0,-10.078847885131836
2022-10-23 12:00:00,25.004568,17.0,-8.004568099975586
2022-10-23 15:00:00,21.249462,13.0,-8.249462127685547
2022-10-23 18:00:00,20.74745,14.0,-6.74744987487793
2022-10-23 21:00:00,21.462255,20.0,-1.4622554779052734
2022-10-24 00:00:00,21.75807,17.0,-4.75806999206543
2022-10-24 03:00:00,23.09639,14.0,-9.096389770507812
2022-10-24 06:00:00,25.98648,25.0,-0.986480712890625
2022-10-24 09:00:00,25.252575,11.0,-14.252574920654297
2022-10-24 12:00:00,6.959738,11.0,4.040262222290039
2022-10-24 15:00:00,6.3685093,10.0,3.631490707397461
2022-10-24 18:00:00,8.562665,10.0,1.4373350143432617
2022-10-24 21:00:00,9.930091,13.0,3.06990909576416
2022-10-25 00:00:00,12.3664,14.0,1.6336002349853516
2022-10-25 03:00:00,14.167654,25.0,10.832345962524414
2022-10-25 06:00:00,14.695843,21.0,6.304157257080078
2022-10-25 09:00:00,17.001867,25.0,7.998132705688477
2022-10-25 12:00:00,13.946192,14.0,0.05380821228027344
2022-10-25 15:00:00,11.64733,15.0,3.3526697158813477
2022-10-25 18:00:00,11.689962,15.0,3.310037612915039
2022-10-25 21:00:00,13.079557,17.0,3.920442581176758
2022-10-26 00:00:00,14.939588,22.0,7.060412406921387
2022-10-26 03:00:00,18.191486,33.0,14.808513641357422
2022-10-26 06:00:00,20.44078,38.0,17.559219360351562
2022-10-26 09:00:00,22.541712,20.0,-2.5417118072509766
2022-10-26 12:00:00,16.564116,18.0,1.4358844757080078
2022-10-26 15:00:00,14.94152,19.0,4.058480262756348
2022-10-26 18:00:00,15.424746,16.0,0.5752544403076172
2022-10-26 21:00:00,16.46788,16.0,-0.4678802490234375
2022-10-27 00:00:00,17.655565,16.0,-1.6555652618408203
2022-10-27 03:00:00,18.617811,20.0,1.3821887969970703
2022-10-27 06:00:00,18.564491,12.0,-6.564491271972656
2022-10-27 09:00:00,17.818592,10.0,-7.818592071533203
2022-10-27 12:00:00,24.738256,12.0,-12.738256454467773
2022-10-27 15:00:00,19.733307,10.0,-9.733306884765625
2022-10-27 18:00:00,14.530087,11.0,-3.530087471008301
2022-10-27 21:00:00,12.008059,18.0,5.991941452026367
2022-10-28 00:00:00,12.223609,13.0,0.7763910293579102
2022-10-28 03:00:00,12.358214,10.0,-2.3582143783569336
2022-10-28 06:00:00,12.383794,16.0,3.616206169128418
2022-10-28 09:00:00,13.668796,15.0,1.3312044143676758
2022-10-28 12:00:00,17.808361,5.0,-12.808361053466797
2022-10-28 15:00:00,15.806335,10.0,-5.80633544921875
2022-10-28 18:00:00,15.073965,13.0,-2.073965072631836
2022-10-28 21:00:00,15.134446,9.0,-6.134446144104004
2022-10-29 00:00:00,15.967089,12.0,-3.9670886993408203
2022-10-29 03:00:00,17.874071,14.0,-3.8740711212158203
2022-10-29 06:00:00,18.809942,15.0,-3.8099422454833984
2022-10-29 09:00:00,19.136223,9.0,-10.136222839355469
2022-10-29 12:00:00,24.162546,13.0,-11.162546157836914
2022-10-29 15:00:00,20.891094,11.0,-9.891094207763672
2022-10-29 18:00:00,20.137804,9.0,-11.13780403137207
2022-10-29 21:00:00,21.42542,13.0,-8.425420761108398
2022-10-30 00:00:00,38.34009,23.0,-15.340091705322266
2022-10-30 03:00:00,39.79426,20.0,-19.79425811767578
2022-10-30 06:00:00,45.407772,45.0,-0.4077720642089844
2022-10-30 09:00:00,46.84631,38.0,-8.846309661865234
2022-10-30 12:00:00,43.064857,31.0,-12.064857482910156
2022-10-30 15:00:00,37.84669,28.0,-9.846691131591797
2022-10-30 18:00:00,34.73542,24.0,-10.735420227050781
2022-10-30 21:00:00,33.609467,25.0,-8.609466552734375
2022-10-31 00:00:00,30.917362,35.0,4.082637786865234
2022-10-31 03:00:00,27.779606,48.0,20.220394134521484
2022-10-31 06:00:00,27.016994,54.0,26.98300552368164
2022-10-31 09:00:00,27.796432,95.0,67.20356750488281
2022-10-31 12:00:00,23.047789,37.0,13.952211380004883
2022-10-31 15:00:00,22.981396,30.0,7.018604278564453
2022-10-31 18:00:00,23.883501,22.0,-1.8835010528564453
2022-10-31 21:00:00,25.091936,29.0,3.9080638885498047
2022-11-01 00:00:00,30.467163,28.0,-2.4671630859375
2022-11-01 03:00:00,33.543358,38.0,4.456642150878906
2022-11-01 06:00:00,40.544704,21.0,-19.54470443725586
2022-11-01 09:00:00,46.05954,17.0,-29.059539794921875
2022-11-01 12:00:00,49.369873,15.0,-34.369873046875
2022-11-01 15:00:00,41.36905,16.0,-25.369049072265625
2022-11-01 18:00:00,34.065125,14.0,-20.06512451171875
2022-11-01 21:00:00,29.329157,14.0,-15.329156875610352
2022-11-02 00:00:00,30.592104,17.0,-13.592103958129883
2022-11-02 03:00:00,30.044249,18.0,-12.044248580932617
2022-11-02 06:00:00,29.702847,13.0,-16.70284652709961
2022-11-02 09:00:00,27.237719,13.0,-14.23771858215332
2022-11-02 12:00:00,28.438023,11.0,-17.43802261352539
2022-11-02 15:00:00,22.241693,7.0,-15.241693496704102
2022-11-02 18:00:00,19.532763,13.0,-6.53276252746582
2022-11-02 21:00:00,17.761522,15.0,-2.7615222930908203
2022-11-03 00:00:00,25.990175,15.0,-10.990175247192383
2022-11-03 03:00:00,24.441761,19.0,-5.441761016845703
2022-11-03 06:00:00,22.394716,11.0,-11.394716262817383
2022-11-03 09:00:00,21.037863,10.0,-11.037862777709961
2022-11-03 12:00:00,11.925863,7.0,-4.925863265991211
2022-11-03 15:00:00,6.3445783,6.0,-0.34457826614379883
2022-11-03 18:00:00,4.864887,9.0,4.135112762451172
2022-11-03 21:00:00,5.3501024,6.0,0.649897575378418
2022-11-04 00:00:00,7.9378424,12.0,4.06215763092041
2022-11-04 03:00:00,9.034011,16.0,6.965989112854004
2022-11-04 06:00:00,8.261907,14.0,5.738093376159668
2022-11-04 09:00:00,10.1763935,19.0,8.823606491088867
2022-11-04 12:00:00,18.66215,19.0,0.33785057067871094
2022-11-04 15:00:00,15.28042,9.0,-6.280420303344727
2022-11-04 18:00:00,13.868202,7.0,-6.868202209472656
2022-11-04 21:00:00,14.213128,10.0,-4.213128089904785
2022-11-05 00:00:00,18.3486,9.0,-9.348600387573242
2022-11-05 03:00:00,20.596758,17.0,-3.5967578887939453
2022-11-05 06:00:00,21.322477,18.0,-3.322477340698242
2022-11-05 09:00:00,18.84854,33.0,14.151460647583008
2022-11-05 12:00:00,25.870918,14.0,-11.870918273925781
2022-11-05 15:00:00,15.932585,13.0,-2.932584762573242
2022-11-05 18:00:00,11.215775,6.0,-5.2157745361328125
2022-11-05 21:00:00,10.472832,9.0,-1.4728317260742188
2022-11-06 00:00:00,13.526801,28.0,14.473198890686035
2022-11-06 03:00:00,17.766523,24.0,6.233476638793945
2022-11-06 06:00:00,22.184849,23.0,0.8151512145996094
2022-11-06 09:00:00,23.113443,35.0,11.886556625366211
2022-11-06 12:00:00,20.152697,9.0,-11.15269660949707
2022-11-06 15:00:00,12.717237,9.0,-3.7172374725341797
2022-11-06 18:00:00,10.4058695,8.0,-2.405869483947754
2022-11-06 21:00:00,12.156306,17.0,4.843693733215332
2022-11-07 00:00:00,10.792292,9.0,-1.7922916412353516
2022-11-07 03:00:00,13.461317,22.0,8.53868293762207
2022-11-07 06:00:00,17.539719,21.0,3.4602813720703125
2022-11-07 09:00:00,18.281527,9.0,-9.281526565551758
2022-11-07 12:00:00,5.592369,2.0,-3.5923690795898438
2022-11-07 15:00:00,2.3848088,8.0,5.615191221237183
2022-11-07 18:00:00,1.5321007,7.0,5.467899322509766
2022-11-07 21:00:00,3.0709658,11.0,7.929034233093262
2022-11-08 00:00:00,5.640516,6.0,0.3594841957092285
2022-11-08 03:00:00,6.665459,23.0,16.334540843963623
2022-11-08 06:00:00,5.3069015,11.0,5.693098545074463
2022-11-08 09:00:00,8.738652,9.0,0.26134777069091797
2022-11-08 12:00:00,8.424649,9.0,0.5753507614135742
2022-11-08 15:00:00,7.864628,9.0,1.1353721618652344
2022-11-08 18:00:00,7.885319,13.0,5.114680767059326
2022-11-08 21:00:00,9.9726095,11.0,1.027390480041504
2022-11-09 00:00:00,8.320967,14.0,5.679033279418945
2022-11-09 03:00:00,9.770701,17.0,7.2292985916137695
2022-11-09 06:00:00,10.388475,17.0,6.61152458190918
2022-11-09 09:00:00,11.911653,81.0,69.08834743499756
2022-11-09 12:00:00,14.653438,8.0,-6.653437614440918
2022-11-09 15:00:00,12.943929,6.0,-6.9439287185668945
2022-11-09 18:00:00,12.1551695,8.0,-4.155169486999512
2022-11-09 21:00:00,14.052603,18.0,3.947397232055664
2022-11-10 00:00:00,4.6704826,27.0,22.329517364501953
2022-11-10 03:00:00,5.81872,13.0,7.181280136108398
2022-11-10 06:00:00,8.016741,28.0,19.983259201049805
2022-11-10 09:00:00,14.143097,27.0,12.856903076171875
2022-11-10 12:00:00,11.548878,19.0,7.451122283935547
2022-11-10 15:00:00,10.790018,12.0,1.209981918334961
2022-11-10 18:00:00,10.242047,5.0,-5.242047309875488
2022-11-10 21:00:00,12.513511,4.0,-8.513510704040527
2022-11-11 00:00:00,26.76643,22.0,-4.766429901123047
2022-11-11 03:00:00,29.350304,20.0,-9.350303649902344
2022-11-11 06:00:00,31.99557,24.0,-7.995569229125977
2022-11-11 09:00:00,33.307743,24.0,-9.307743072509766
2022-11-11 12:00:00,35.26384,19.0,-16.263839721679688
2022-11-11 15:00:00,32.136425,21.0,-11.136425018310547
2022-11-11 18:00:00,27.935585,42.0,14.064414978027344
2022-11-11 21:00:00,23.85741,7.0,-16.857410430908203
2022-11-12 00:00:00,18.116453,30.0,11.883546829223633
2022-11-12 03:00:00,23.34832,19.0,-4.348320007324219
2022-11-12 06:00:00,26.726185,20.0,-6.726184844970703
2022-11-12 09:00:00,26.890348,21.0,-5.890348434448242
2022-11-12 12:00:00,9.651785,23.0,13.348215103149414
2022-11-12 15:00:00,9.869722,30.0,20.130277633666992
2022-11-12 18:00:00,9.441237,32.0,22.558762550354004
2022-11-12 21:00:00,10.773874,27.0,16.226125717163086
2022-11-13 00:00:00,16.39114,24.0,7.608860015869141
2022-11-13 03:00:00,14.653779,38.0,23.34622097015381
2022-11-13 06:00:00,14.555553,29.0,14.444446563720703
2022-11-13 09:00:00,16.17741,47.0,30.822589874267578
2022-11-13 12:00:00,23.308985,34.0,10.691015243530273
2022-11-13 15:00:00,18.857008,16.0,-2.8570079803466797
2022-11-13 18:00:00,16.121248,14.0,-2.121248245239258
2022-11-13 21:00:00,15.403202,11.0,-4.403202056884766
2022-11-14 00:00:00,4.4344687,16.0,11.565531253814697
2022-11-14 03:00:00,6.874416,21.0,14.125584125518799
2022-11-14 06:00:00,7.650328,35.0,27.349671840667725
2022-11-14 09:00:00,7.1140676,27.0,19.885932445526123
2022-11-14 12:00:00,12.634928,7.0,-5.634927749633789
2022-11-14 15:00:00,15.171394,13.0,-2.1713943481445312
2022-11-14 18:00:00,16.739136,12.0,-4.7391357421875
2022-11-14 21:00:00,18.344849,21.0,2.6551513671875
2022-11-15 00:00:00,25.436407,18.0,-7.436407089233398
2022-11-15 03:00:00,26.460384,17.0,-9.460384368896484
2022-11-15 06:00:00,27.904604,25.0,-2.904603958129883
2022-11-15 09:00:00,27.90307,30.0,2.0969295501708984
2022-11-15 12:00:00,28.084173,19.0,-9.084173202514648
2022-11-15 15:00:00,24.385372,25.0,0.6146278381347656
2022-11-15 18:00:00,22.475433,25.0,2.524566650390625
2022-11-15 21:00:00,21.757841,22.0,0.2421588897705078
2022-11-16 00:00:00,18.369974,19.0,0.6300258636474609
2022-11-16 03:00:00,21.529558,26.0,4.470441818237305
2022-11-16 06:00:00,32.915524,33.0,0.08447647094726562
2022-11-16 09:00:00,40.86496,42.0,1.135040283203125
2022-11-16 12:00:00,27.876923,41.0,13.123077392578125
2022-11-16 15:00:00,26.6773,56.0,29.32270050048828
2022-11-16 18:00:00,24.866495,51.0,26.13350486755371
2022-11-16 21:00:00,25.192776,52.0,26.80722427368164
2022-11-17 00:00:00,31.070953,40.0,8.929046630859375
2022-11-17 03:00:00,33.686092,44.0,10.313907623291016
2022-11-17 06:00:00,36.83698,35.0,-1.8369789123535156
2022-11-17 09:00:00,30.501724,49.0,18.498275756835938
2022-11-17 12:00:00,32.666378,28.0,-4.666378021240234
2022-11-17 15:00:00,35.27805,31.0,-4.278049468994141
2022-11-17 18:00:00,34.320465,88.0,53.679534912109375
2022-11-17 21:00:00,32.434856,36.0,3.565143585205078
2022-11-18 00:00:00,26.769157,33.0,6.230842590332031
2022-11-18 03:00:00,26.556335,28.0,1.44366455078125
2022-11-18 06:00:00,27.330544,43.0,15.669456481933594
2022-11-18 09:00:00,26.063389,29.0,2.9366111755371094
2022-11-18 12:00:00,27.04644,16.0,-11.046440124511719
2022-11-18 15:00:00,24.593306,10.0,-14.593305587768555
2022-11-18 18:00:00,20.353127,10.0,-10.353126525878906
2022-11-18 21:00:00,18.337687,16.0,-2.337686538696289
2022-11-19 00:00:00,21.615961,35.0,13.384038925170898
2022-11-19 03:00:00,22.370842,37.0,14.629158020019531
2022-11-19 06:00:00,21.232721,26.0,4.767278671264648
2022-11-19 09:00:00,18.142828,18.0,-0.14282798767089844
2022-11-19 12:00:00,9.320047,15.0,5.679952621459961
2022-11-19 15:00:00,7.822109,8.0,0.17789077758789062
2022-11-19 18:00:00,7.9112396,5.0,-2.9112396240234375
2022-11-19 21:00:00,8.733309,6.0,-2.733308792114258
2022-11-20 00:00:00,12.693022,18.0,5.306978225708008
2022-11-20 03:00:00,16.945251,11.0,-5.94525146484375
2022-11-20 06:00:00,25.492569,26.0,0.5074310302734375
2022-11-20 09:00:00,35.39094,51.0,15.609058380126953
2022-11-20 12:00:00,54.53248,127.0,72.46752166748047
2022-11-20 15:00:00,87.18501,143.0,55.81498718261719
2022-11-20 18:00:00,105.574486,130.0,24.425514221191406
2022-11-20 21:00:00,105.93624,122.0,16.063758850097656
2022-11-21 00:00:00,101.697426,111.0,9.302574157714844
2022-11-21 03:00:00,103.80745,114.0,10.192550659179688
2022-11-21 06:00:00,112.58703,112.0,-0.5870285034179688
2022-11-21 09:00:00,105.851715,90.0,-15.851715087890625
2022-11-21 12:00:00,69.13362,68.0,-1.1336212158203125
2022-11-21 15:00:00,67.625534,45.0,-22.625534057617188
2022-11-21 18:00:00,63.495235,55.0,-8.495235443115234
2022-11-21 21:00:00,60.03552,60.0,-0.035518646240234375
2022-11-22 00:00:00,73.35211,59.0,-14.35211181640625
2022-11-22 03:00:00,80.69401,51.0,-29.694007873535156
2022-11-22 06:00:00,91.67064,52.0,-39.67063903808594
2022-11-22 09:00:00,90.77337,48.0,-42.77336883544922
2022-11-22 12:00:00,67.959946,36.0,-31.959945678710938
2022-11-22 15:00:00,68.814476,42.0,-26.814476013183594
2022-11-22 18:00:00,61.327682,52.0,-9.327682495117188
2022-11-22 21:00:00,53.687473,50.0,-3.6874732971191406
2022-11-23 00:00:00,48.266884,53.0,4.733116149902344
2022-11-23 03:00:00,53.253643,52.0,-1.2536430358886719
2022-11-23 06:00:00,65.097084,60.0,-5.097084045410156
2022-11-23 09:00:00,66.75458,55.0,-11.75457763671875
2022-11-23 12:00:00,44.184162,28.0,-16.184162139892578
2022-11-23 15:00:00,34.974163,16.0,-18.974163055419922
2022-11-23 18:00:00,28.83371,19.0,-9.833709716796875
2022-11-23 21:00:00,28.308931,38.0,9.691068649291992
2022-11-24 00:00:00,14.970283,26.0,11.029717445373535
2022-11-24 03:00:00,22.40813,41.0,18.591869354248047
2022-11-24 06:00:00,36.184246,42.0,5.815753936767578
2022-11-24 09:00:00,47.913773,16.0,-31.913772583007812
2022-11-24 12:00:00,36.42742,19.0,-17.42742156982422
2022-11-24 15:00:00,36.374672,19.0,-17.374671936035156
2022-11-24 18:00:00,37.650806,14.0,-23.650806427001953
2022-11-24 21:00:00,34.026016,17.0,-17.026016235351562
2022-11-25 00:00:00,15.492332,15.0,-0.49233245849609375
2022-11-25 03:00:00,16.623745,14.0,-2.6237449645996094
2022-11-25 06:00:00,19.866547,12.0,-7.866546630859375
2022-11-25 09:00:00,23.55091,12.0,-11.550910949707031
2022-11-25 12:00:00,27.517218,13.0,-14.517217636108398
2022-11-25 15:00:00,26.896713,51.0,24.103286743164062
2022-11-25 18:00:00,26.086126,23.0,-3.0861263275146484
2022-11-25 21:00:00,26.737326,32.0,5.262674331665039
2022-11-26 00:00:00,34.318874,22.0,-12.31887435913086
2022-11-26 03:00:00,29.006514,24.0,-5.006513595581055
2022-11-26 06:00:00,24.379915,32.0,7.620084762573242
2022-11-26 09:00:00,19.049139,53.0,33.95086097717285
2022-11-26 12:00:00,9.989606,19.0,9.010394096374512
2022-11-26 15:00:00,10.428721,9.0,-1.4287214279174805
2022-11-26 18:00:00,9.79594,13.0,3.204059600830078
2022-11-26 21:00:00,10.003532,14.0,3.9964675903320312
2022-11-27 00:00:00,15.469084,13.0,-2.469083786010742
2022-11-27 03:00:00,16.81815,14.0,-2.8181495666503906
2022-11-27 06:00:00,19.30107,11.0,-8.301069259643555
2022-11-27 09:00:00,19.620586,11.0,-8.620586395263672
2022-11-27 12:00:00,24.998882,8.0,-16.998882293701172
2022-11-27 15:00:00,24.144299,11.0,-13.144298553466797
2022-11-27 18:00:00,21.85459,8.0,-13.854589462280273
2022-11-27 21:00:00,20.842663,17.0,-3.842662811279297
2022-11-28 00:00:00,24.942438,16.0,-8.942438125610352
2022-11-28 03:00:00,28.26323,19.0,-9.263229370117188
2022-11-28 06:00:00,39.450584,40.0,0.5494155883789062
2022-11-28 09:00:00,41.80242,42.0,0.19757843017578125
2022-11-28 12:00:00,42.410816,34.0,-8.410816192626953
2022-11-28 15:00:00,40.6032,42.0,1.3968009948730469
2022-11-28 18:00:00,36.804863,29.0,-7.804862976074219
2022-11-28 21:00:00,34.11725,41.0,6.88275146484375
2022-11-29 00:00:00,43.73112,30.0,-13.731121063232422
2022-11-29 03:00:00,43.829575,39.0,-4.8295745849609375
2022-11-29 06:00:00,49.6496,33.0,-16.649600982666016
2022-11-29 09:00:00,33.4835,21.0,-12.483501434326172
2022-11-29 12:00:00,24.98905,14.0,-10.989049911499023
2022-11-29 15:00:00,23.777374,7.0,-16.777374267578125
2022-11-29 18:00:00,23.897655,27.0,3.102344512939453
2022-11-29 21:00:00,23.484972,94.0,70.51502799987793
2022-11-30 00:00:00,13.646513,14.0,0.3534870147705078
2022-11-30 03:00:00,15.394335,24.0,8.60566520690918
2022-11-30 06:00:00,19.522928,28.0,8.477071762084961
2022-11-30 09:00:00,21.2072,22.0,0.7928009033203125
2022-11-30 12:00:00,23.99571,17.0,-6.995710372924805
2022-11-30 15:00:00,21.272797,13.0,-8.272796630859375
2022-11-30 18:00:00,20.223183,15.0,-5.223182678222656
2022-11-30 21:00:00,20.05754,21.0,0.9424591064453125
2022-12-01 00:00:00,25.45221,16.0,-9.45220947265625
2022-12-01 03:00:00,25.128202,17.0,-8.128202438354492
2022-12-01 06:00:00,24.76088,16.0,-8.760879516601562
2022-12-01 09:00:00,25.125929,19.0,-6.12592887878418
2022-12-01 12:00:00,27.188208,35.0,7.811792373657227
2022-12-01 15:00:00,23.401299,18.0,-5.401298522949219
2022-12-01 18:00:00,19.811636,22.0,2.188364028930664
2022-12-01 21:00:00,18.293463,23.0,4.706537246704102
2022-12-02 00:00:00,15.747673,31.0,15.252326965332031
2022-12-02 03:00:00,13.491274,48.0,34.50872611999512
2022-12-02 06:00:00,12.808158,33.0,20.191842079162598
2022-12-02 09:00:00,10.7132225,16.0,5.286777496337891
2022-12-02 12:00:00,3.1520245,10.0,6.847975492477417
2022-12-02 15:00:00,3.2597427,9.0,5.740257263183594
2022-12-02 18:00:00,3.4843879,7.0,3.5156121253967285
2022-12-02 21:00:00,4.8437414,10.0,5.156258583068848
2022-12-03 00:00:00,11.060251,11.0,-0.06025123596191406
2022-12-04 09:00:00,22.681946,27.0,4.31805419921875
2022-12-04 12:00:00,24.05244,15.0,-9.052440643310547
2022-12-04 15:00:00,20.100458,15.0,-5.100458145141602
2022-12-04 18:00:00,16.681894,10.0,-6.681894302368164
2022-12-04 21:00:00,15.583282,13.0,-2.583282470703125
2022-12-05 00:00:00,27.077534,20.0,-7.077533721923828
2022-12-05 03:00:00,26.821909,36.0,9.178091049194336
2022-12-05 06:00:00,26.751081,22.0,-4.751081466674805
2022-12-05 09:00:00,25.472843,17.0,-8.472843170166016
2022-12-05 12:00:00,20.260813,8.0,-12.260812759399414
2022-12-05 15:00:00,14.973182,6.0,-8.97318172454834
2022-12-05 18:00:00,10.573899,11.0,0.4261007308959961
2022-12-05 21:00:00,10.789392,6.0,-4.789392471313477
2022-12-06 00:00:00,25.716816,11.0,-14.716815948486328
2022-12-06 03:00:00,36.126266,27.0,-9.126266479492188
2022-12-06 06:00:00,27.891815,19.0,-8.891815185546875
2022-12-06 09:00:00,17.462013,18.0,0.5379867553710938
2022-12-06 12:00:00,21.537119,12.0,-9.537118911743164
2022-12-06 15:00:00,19.337393,16.0,-3.337392807006836
2022-12-06 18:00:00,19.424192,8.0,-11.424192428588867
2022-12-06 21:00:00,19.480068,16.0,-3.4800682067871094
2022-12-07 00:00:00,40.860813,17.0,-23.86081314086914
2022-12-07 03:00:00,38.390625,15.0,-23.390625
2022-12-07 06:00:00,37.254723,17.0,-20.254722595214844
2022-12-07 09:00:00,30.67214,22.0,-8.672140121459961
2022-12-07 12:00:00,16.366982,20.0,3.6330184936523438
2022-12-07 15:00:00,13.0226,7.0,-6.022600173950195
2022-12-07 18:00:00,11.020006,6.0,-5.02000617980957
2022-12-07 21:00:00,10.742951,16.0,5.257048606872559
2022-12-08 00:00:00,20.127232,23.0,2.8727684020996094
2022-12-08 03:00:00,18.178297,22.0,3.8217029571533203
2022-12-08 06:00:00,17.320929,23.0,5.679071426391602
2022-12-08 09:00:00,17.173477,17.0,-0.1734771728515625
2022-12-08 12:00:00,17.19468,11.0,-6.194679260253906
2022-12-08 15:00:00,15.204932,7.0,-8.20493221282959
2022-12-08 18:00:00,14.243256,4.0,-10.243255615234375
2022-12-08 21:00:00,14.079319,7.0,-7.079319000244141
2022-12-09 00:00:00,23.746054,10.0,-13.746053695678711
2022-12-09 03:00:00,22.05968,12.0,-10.059680938720703
2022-12-09 06:00:00,22.214409,11.0,-11.214408874511719
2022-12-09 09:00:00,22.690529,8.0,-14.690528869628906
2022-12-09 12:00:00,13.205636,7.0,-6.205636024475098
2022-12-09 15:00:00,11.746351,7.0,-4.74635124206543
2022-12-09 18:00:00,10.760345,9.0,-1.760345458984375
2022-12-09 21:00:00,11.092652,12.0,0.9073476791381836
2022-12-10 00:00:00,10.468512,16.0,5.531488418579102
2022-12-10 03:00:00,14.523039,23.0,8.476961135864258
2022-12-10 06:00:00,27.014948,28.0,0.9850521087646484
2022-12-10 09:00:00,50.15829,27.0,-23.15829086303711
2022-12-10 12:00:00,63.701008,24.0,-39.70100784301758
2022-12-10 15:00:00,69.45425,28.0,-41.454246520996094
2022-12-10 18:00:00,61.472862,32.0,-29.472862243652344
2022-12-10 21:00:00,50.12214,36.0,-14.122138977050781
2022-12-11 00:00:00,35.453297,38.0,2.546703338623047
2022-12-11 03:00:00,55.74674,35.0,-20.74673843383789
2022-12-11 06:00:00,89.59182,26.0,-63.591819763183594
2022-12-11 09:00:00,81.29706,41.0,-40.29705810546875
2022-12-11 12:00:00,60.183197,30.0,-30.183197021484375
2022-12-11 15:00:00,63.361427,25.0,-38.361427307128906
2022-12-11 18:00:00,63.497738,23.0,-40.497737884521484
2022-12-11 21:00:00,59.131935,22.0,-37.131935119628906
2022-12-12 00:00:00,51.125427,10.0,-41.12542724609375
2022-12-12 03:00:00,45.398563,15.0,-30.398563385009766
2022-12-12 06:00:00,41.741486,12.0,-29.741485595703125
2022-12-12 09:00:00,22.678705,24.0,1.3212947845458984
2022-12-12 12:00:00,25.60364,12.0,-13.603639602661133
2022-12-12 15:00:00,30.386047,25.0,-5.38604736328125
2022-12-12 18:00:00,33.71258,31.0,-2.7125816345214844
2022-12-12 21:00:00,34.04773,34.0,-0.0477294921875
2022-12-13 00:00:00,30.879164,37.0,6.12083625793457
2022-12-13 03:00:00,28.388514,45.0,16.611486434936523
2022-12-13 06:00:00,28.116234,38.0,9.883766174316406
2022-12-13 09:00:00,26.63279,29.0,2.3672103881835938
2022-12-13 12:00:00,24.64077,41.0,16.359230041503906
2022-12-13 15:00:00,24.665667,15.0,-9.665666580200195
2022-12-13 18:00:00,22.967413,8.0,-14.967412948608398
2022-12-13 21:00:00,24.003271,12.0,-12.003271102905273
2022-12-14 00:00:00,42.12802,20.0,-22.128021240234375
2022-12-14 03:00:00,41.369274,25.0,-16.369274139404297
2022-12-14 06:00:00,42.540764,28.0,-14.540763854980469
2022-12-14 09:00:00,39.414032,23.0,-16.414031982421875
2022-12-14 12:00:00,28.78005,47.0,18.21994972229004
2022-12-14 15:00:00,21.6628,7.0,-14.662799835205078
2022-12-14 18:00:00,16.554396,5.0,-11.55439567565918
2022-12-14 21:00:00,16.57827,10.0,-6.578269958496094
2022-12-15 00:00:00,13.089903,17.0,3.910097122192383
2022-12-15 03:00:00,13.610588,13.0,-0.6105880737304688
2022-12-15 06:00:00,15.769502,30.0,14.230498313903809
2022-12-15 09:00:00,15.409,29.0,13.590999603271484
2022-12-15 12:00:00,21.53581,11.0,-10.535810470581055
2022-12-15 15:00:00,18.37759,6.0,-12.37759017944336
2022-12-15 18:00:00,16.078104,5.0,-11.078104019165039
2022-12-15 21:00:00,15.030139,8.0,-7.030138969421387
2022-12-16 00:00:00,13.928001,18.0,4.071998596191406
2022-12-16 03:00:00,14.574766,14.0,-0.5747661590576172
2022-12-16 06:00:00,15.810258,14.0,-1.810257911682129
2022-12-16 09:00:00,13.299314,28.0,14.70068645477295
2022-12-16 12:00:00,8.021174,15.0,6.978825569152832
2022-12-16 15:00:00,10.931899,6.0,-4.931899070739746
2022-12-16 18:00:00,13.981775,8.0,-5.981775283813477
2022-12-16 21:00:00,17.01369,27.0,9.986309051513672
2022-12-17 00:00:00,19.575964,27.0,7.424036026000977
2022-12-17 03:00:00,34.620827,29.0,-5.620826721191406
2022-12-17 06:00:00,62.14418,32.0,-30.144180297851562
2022-12-17 09:00:00,63.42327,31.0,-32.42327117919922
2022-12-17 12:00:00,31.920422,33.0,1.0795783996582031
2022-12-17 15:00:00,41.314137,31.0,-10.314136505126953
2022-12-17 18:00:00,47.699986,45.0,-2.6999855041503906
2022-12-17 21:00:00,48.677975,47.0,-1.6779747009277344
2022-12-18 00:00:00,26.103521,51.0,24.8964786529541
2022-12-18 03:00:00,33.470314,51.0,17.529685974121094
2022-12-18 06:00:00,57.119335,60.0,2.880664825439453
2022-12-18 09:00:00,49.42757,47.0,-2.427570343017578
2022-12-18 12:00:00,29.848536,46.0,16.151464462280273
2022-12-18 15:00:00,31.739546,39.0,7.260454177856445
2022-12-18 18:00:00,32.318893,32.0,-0.3188934326171875
2022-12-18 21:00:00,31.434923,36.0,4.56507682800293
2022-12-19 00:00:00,28.494526,64.0,35.50547409057617
2022-12-19 03:00:00,39.00607,73.0,33.99393081665039
2022-12-19 06:00:00,57.074203,37.0,-20.074203491210938
2022-12-19 09:00:00,56.06,40.0,-16.060001373291016
2022-12-19 12:00:00,36.817085,40.0,3.1829147338867188
2022-12-19 15:00:00,34.673805,39.0,4.326194763183594
2022-12-19 18:00:00,35.679703,35.0,-0.6797027587890625
2022-12-19 21:00:00,36.641155,25.0,-11.641155242919922
2022-12-20 00:00:00,32.362324,43.0,10.637676239013672
2022-12-20 03:00:00,37.15536,37.0,-0.15536117553710938
2022-12-20 06:00:00,54.91296,30.0,-24.912960052490234
2022-12-20 09:00:00,54.973156,39.0,-15.973155975341797
2022-12-20 12:00:00,24.492977,35.0,10.507022857666016
2022-12-20 15:00:00,24.473366,36.0,11.526634216308594
2022-12-20 18:00:00,24.225414,32.0,7.774585723876953
2022-12-20 21:00:00,25.209715,41.0,15.790285110473633
2022-12-21 00:00:00,21.627216,35.0,13.372783660888672
2022-12-21 03:00:00,25.160944,48.0,22.83905601501465
2022-12-21 06:00:00,30.754223,52.0,21.245777130126953
2022-12-21 09:00:00,29.390379,43.0,13.609621047973633
2022-12-21 12:00:00,37.35795,33.0,-4.357948303222656
2022-12-21 15:00:00,35.59859,18.0,-17.598590850830078
2022-12-21 18:00:00,32.50898,15.0,-17.50897979736328
2022-12-21 21:00:00,30.954653,27.0,-3.954652786254883
2022-12-22 00:00:00,28.574505,30.0,1.4254951477050781
2022-12-22 03:00:00,28.830982,50.0,21.169017791748047
2022-12-22 06:00:00,31.062313,27.0,-4.062313079833984
2022-12-22 09:00:00,30.4409,27.0,-3.4409008026123047
2022-12-22 12:00:00,42.874264,17.0,-25.874263763427734
2022-12-22 15:00:00,40.129974,18.0,-22.129974365234375
2022-12-22 18:00:00,35.314087,27.0,-8.3140869140625
2022-12-22 21:00:00,33.686775,29.0,-4.686775207519531
2022-12-23 00:00:00,41.416344,23.0,-18.416343688964844
2022-12-23 03:00:00,36.963684,17.0,-19.96368408203125
2022-12-23 06:00:00,33.623566,25.0,-8.623565673828125
2022-12-23 09:00:00,40.3773,14.0,-26.377300262451172
2022-12-23 12:00:00,29.821762,10.0,-19.821762084960938
2022-12-23 15:00:00,19.13918,10.0,-9.139179229736328
2022-12-23 18:00:00,14.998022,8.0,-6.998022079467773
2022-12-23 21:00:00,13.879344,7.0,-6.8793439865112305
2022-12-24 00:00:00,11.799785,14.0,2.2002153396606445
2022-12-24 03:00:00,11.739303,7.0,-4.739302635192871
2022-12-24 06:00:00,10.65348,7.0,-3.65347957611084
2022-12-24 09:00:00,10.539111,5.0,-5.539111137390137
2022-12-24 12:00:00,10.200267,6.0,-4.2002668380737305
2022-12-24 15:00:00,11.091516,20.0,8.90848445892334
2022-12-24 18:00:00,12.316036,13.0,0.6839637756347656
2022-12-24 21:00:00,12.839791,15.0,2.1602087020874023
2022-12-25 00:00:00,20.28264,10.0,-10.28264045715332
2022-12-25 03:00:00,18.742867,11.0,-7.742866516113281
2022-12-25 06:00:00,18.414654,12.0,-6.414653778076172
2022-12-25 09:00:00,15.902742,16.0,0.09725761413574219
2022-12-25 12:00:00,11.773977,17.0,5.226022720336914
2022-12-25 15:00:00,10.314693,7.0,-3.3146934509277344
2022-12-25 18:00:00,10.026781,26.0,15.97321891784668
2022-12-25 21:00:00,11.184283,14.0,2.8157167434692383
2022-12-26 00:00:00,10.661551,6.0,-4.661551475524902
2022-12-26 03:00:00,12.306601,8.0,-4.306600570678711
2022-12-26 06:00:00,11.859356,11.0,-0.8593559265136719
2022-12-26 09:00:00,11.00915,6.0,-5.009149551391602
2022-12-26 12:00:00,10.810425,9.0,-1.8104248046875
2022-12-26 15:00:00,9.039468,8.0,-1.0394678115844727
2022-12-26 18:00:00,8.822838,4.0,-4.822837829589844
2022-12-26 21:00:00,8.940105,8.0,-0.9401054382324219
2022-12-27 00:00:00,11.939392,31.0,19.06060791015625
2022-12-27 03:00:00,11.567863,14.0,2.4321365356445312
2022-12-27 06:00:00,10.121084,4.0,-6.121084213256836
2022-12-27 09:00:00,8.638608,2.0,-6.638607978820801
2022-12-27 12:00:00,9.23643,5.0,-4.2364301681518555
2022-12-27 15:00:00,12.088208,6.0,-6.088208198547363
2022-12-27 18:00:00,13.737122,11.0,-2.73712158203125
2022-12-27 21:00:00,12.906184,11.0,-1.906184196472168
2022-12-28 00:00:00,10.8993845,10.0,-0.8993844985961914
2022-12-28 03:00:00,13.93164,5.0,-8.931639671325684
2022-12-28 06:00:00,42.029114,18.0,-24.02911376953125
2022-12-28 09:00:00,55.135273,17.0,-38.13527297973633
2022-12-28 12:00:00,42.826797,6.0,-36.82679748535156
2022-12-28 15:00:00,40.325005,8.0,-32.32500457763672
2022-12-28 18:00:00,43.685192,9.0,-34.6851921081543
2022-12-28 21:00:00,60.81268,10.0,-50.812679290771484
2022-12-29 00:00:00,74.62336,8.0,-66.62335968017578
2022-12-29 03:00:00,100.16197,13.0,-87.16197204589844
2022-12-29 06:00:00,125.3004,14.0,-111.30039978027344
2022-12-29 09:00:00,103.24084,15.0,-88.24083709716797
2022-12-29 12:00:00,49.272785,15.0,-34.27278518676758
2022-12-29 15:00:00,49.714855,14.0,-35.7148551940918
2022-12-29 18:00:00,55.477356,31.0,-24.47735595703125
2022-12-29 21:00:00,63.718174,8.0,-55.71817398071289
2022-12-30 00:00:00,63.59869,63.0,-0.5986900329589844
2022-12-30 03:00:00,74.586975,89.0,14.41302490234375
2022-12-30 06:00:00,73.38303,80.0,6.616966247558594
2022-12-30 09:00:00,36.29998,61.0,24.70001983642578
2022-12-30 12:00:00,7.8640594,51.0,43.13594055175781
2022-12-30 15:00:00,10.246367,41.0,30.75363254547119
2022-12-30 18:00:00,12.915507,15.0,2.0844926834106445
2022-12-30 21:00:00,13.694148,17.0,3.305851936340332
2022-12-31 00:00:00,0.3715286,7.0,6.628471404314041
2022-12-31 03:00:00,3.0768206,10.0,6.923179388046265
2022-12-31 06:00:00,8.677375,9.0,0.32262516021728516
2022-12-31 09:00:00,15.600961,19.0,3.3990392684936523
2022-12-31 12:00:00,58.107502,53.0,-5.107501983642578
2022-12-31 15:00:00,56.45404,60.0,3.54595947265625
2022-12-31 18:00:00,52.13923,40.0,-12.139228820800781
2022-12-31 21:00:00,43.190083,52.0,8.809917449951172
2023-01-01 00:00:00,58.52803,43.0,-15.528030395507812
2023-01-01 03:00:00,55.634018,46.0,-9.634017944335938
2023-01-01 06:00:00,58.38882,48.0,-10.38882064819336
2023-01-01 09:00:00,59.33896,30.0,-29.338958740234375
2023-01-01 12:00:00,55.303814,21.0,-34.30381393432617
2023-01-01 15:00:00,55.103157,20.0,-35.10315704345703
2023-01-01 18:00:00,60.142612,7.0,-53.14261245727539
2023-01-01 21:00:00,55.26226,13.0,-42.26226043701172
2023-01-02 00:00:00,65.5657,33.0,-32.565696716308594
2023-01-02 03:00:00,59.976402,39.0,-20.976402282714844
2023-01-02 06:00:00,61.422726,32.0,-29.422725677490234
2023-01-02 09:00:00,59.894207,28.0,-31.894207000732422
2023-01-02 12:00:00,61.375317,23.0,-38.37531661987305
2023-01-02 15:00:00,61.112873,34.0,-27.112873077392578
2023-01-02 18:00:00,58.87432,31.0,-27.87432098388672
2023-01-02 21:00:00,53.33675,32.0,-21.336750030517578
2023-01-03 00:00:00,53.25137,36.0,-17.25136947631836
2023-01-03 03:00:00,51.04107,41.0,-10.041069030761719
2023-01-03 06:00:00,53.716007,36.0,-17.716007232666016
2023-01-03 09:00:00,45.443413,13.0,-32.44341278076172
2023-01-03 12:00:00,50.052563,28.0,-22.052562713623047
2023-01-03 15:00:00,42.13382,19.0,-23.133819580078125
2023-01-03 18:00:00,29.835064,8.0,-21.835063934326172
2023-01-03 21:00:00,28.395334,12.0,-16.395334243774414
2023-01-04 00:00:00,50.70615,15.0,-35.70615005493164
2023-01-04 03:00:00,47.437424,14.0,-33.43742370605469
2023-01-04 06:00:00,50.2514,14.0,-36.251399993896484
2023-01-04 09:00:00,50.58223,18.0,-32.58222961425781
2023-01-04 12:00:00,57.10285,11.0,-46.10285186767578
2023-01-04 15:00:00,45.867752,17.0,-28.867752075195312
2023-01-04 18:00:00,35.524635,8.0,-27.524635314941406
2023-01-04 21:00:00,29.276634,14.0,-15.276634216308594
2023-01-05 00:00:00,36.789516,11.0,-25.78951644897461
2023-01-05 03:00:00,33.44576,10.0,-23.445758819580078
2023-01-05 06:00:00,29.430567,11.0,-18.430566787719727
2023-01-05 09:00:00,27.384203,10.0,-17.38420295715332
2023-01-05 12:00:00,28.222132,8.0,-20.222131729125977
2023-01-05 15:00:00,20.062544,22.0,1.9374561309814453
2023-01-05 18:00:00,17.450476,10.0,-7.450475692749023
2023-01-05 21:00:00,15.525075,7.0,-8.52507495880127
2023-01-06 00:00:00,28.299837,10.0,-18.299837112426758
2023-01-06 03:00:00,21.051165,9.0,-12.051164627075195
2023-01-06 06:00:00,19.662367,8.0,-11.66236686706543
2023-01-06 09:00:00,18.114407,3.0,-15.11440658569336
2023-01-06 12:00:00,13.499402,11.0,-2.4994020462036133
2023-01-06 15:00:00,12.631517,3.0,-9.63151741027832
2023-01-06 18:00:00,12.80705,10.0,-2.8070497512817383
2023-01-06 21:00:00,13.916634,9.0,-4.916633605957031
2023-01-07 00:00:00,9.326868,16.0,6.673131942749023
2023-01-07 03:00:00,11.163138,17.0,5.836861610412598
2023-01-07 06:00:00,15.823389,7.0,-8.823389053344727
2023-01-07 09:00:00,21.385405,5.0,-16.385404586791992
2023-01-07 12:00:00,15.615114,28.0,12.384885787963867
2023-01-07 15:00:00,15.659339,7.0,-8.65933895111084
2023-01-07 18:00:00,16.152172,8.0,-8.152172088623047
2023-01-07 21:00:00,16.708782,11.0,-5.708782196044922
2023-01-08 00:00:00,13.432782,12.0,-1.4327821731567383
2023-01-08 03:00:00,16.962076,16.0,-0.9620761871337891
2023-01-08 06:00:00,22.671202,17.0,-5.671201705932617
2023-01-08 09:00:00,19.916342,18.0,-1.916341781616211
2023-01-08 12:00:00,12.945747,15.0,2.0542526245117188
2023-01-08 15:00:00,12.758619,6.0,-6.75861930847168
2023-01-08 18:00:00,12.548526,7.0,-5.548525810241699
2023-01-08 21:00:00,12.917098,11.0,-1.917098045349121
2023-01-09 00:00:00,35.339325,12.0,-23.339324951171875
2023-01-09 03:00:00,29.540388,11.0,-18.540388107299805
2023-01-09 06:00:00,24.504744,10.0,-14.504743576049805
2023-01-09 09:00:00,19.05039,6.0,-13.050390243530273
2023-01-09 12:00:00,26.653994,1.0,-25.653993606567383
2023-01-09 15:00:00,21.39751,8.0,-13.397510528564453
2023-01-09 18:00:00,19.369282,5.0,-14.369281768798828
2023-01-09 21:00:00,16.859985,6.0,-10.8599853515625
2023-01-10 00:00:00,12.96371,6.0,-6.963709831237793
2023-01-10 03:00:00,10.024223,4.0,-6.024223327636719
2023-01-10 06:00:00,8.707844,8.0,-0.7078437805175781
2023-01-10 09:00:00,7.853032,8.0,0.14696788787841797
2023-01-10 12:00:00,4.869605,9.0,4.13039493560791
2023-01-10 15:00:00,3.8461394,7.0,3.153860569000244
2023-01-10 18:00:00,4.240974,6.0,1.759026050567627
2023-01-10 21:00:00,6.252776,8.0,1.7472238540649414
2023-01-11 00:00:00,5.3341866,12.0,6.665813446044922
2023-01-11 03:00:00,8.89031,10.0,1.109689712524414
2023-01-11 06:00:00,21.486813,10.0,-11.486812591552734
2023-01-11 09:00:00,32.535126,6.0,-26.535125732421875
2023-01-11 12:00:00,27.65637,7.0,-20.656370162963867
2023-01-11 15:00:00,26.54872,9.0,-17.54871940612793
2023-01-16 03:00:00,33.097878,21.0,-12.097877502441406
2023-01-16 06:00:00,31.012917,21.0,-10.012916564941406
2023-01-16 09:00:00,29.228886,9.0,-20.228885650634766
2023-01-16 12:00:00,27.993195,4.0,-23.993194580078125
2023-01-16 15:00:00,26.556562,2.0,-24.556562423706055
2023-01-16 18:00:00,23.064672,3.0,-20.064672470092773
2023-01-16 21:00:00,20.865969,8.0,-12.865968704223633
2023-01-17 00:00:00,22.75226,5.0,-17.752260208129883
2023-01-17 03:00:00,19.342167,12.0,-7.342166900634766
2023-01-17 06:00:00,16.382444,7.0,-9.382444381713867
2023-01-17 09:00:00,13.823495,5.0,-8.823494911193848
2023-01-17 12:00:00,12.692226,7.0,-5.692226409912109
2023-01-17 15:00:00,8.879851,4.0,-4.879851341247559
2023-01-17 18:00:00,7.525898,10.0,2.474102020263672
2023-01-17 21:00:00,7.931192,3.0,-4.931191921234131
2023-01-18 00:00:00,6.648179,14.0,7.351820945739746
2023-01-18 03:00:00,13.108035,7.0,-6.108035087585449
2023-01-18 06:00:00,34.734512,7.0,-27.734512329101562
2023-01-18 09:00:00,52.242855,6.0,-46.242855072021484
2023-01-18 12:00:00,42.580097,20.0,-22.580097198486328
2023-01-18 15:00:00,46.497463,16.0,-30.49746322631836
2023-01-18 18:00:00,48.542973,10.0,-38.542972564697266
2023-01-18 21:00:00,51.577557,13.0,-38.57755661010742
2023-01-19 00:00:00,44.539776,17.0,-27.539775848388672
2023-01-19 03:00:00,63.726246,24.0,-39.72624588012695
2023-01-19 06:00:00,93.25964,24.0,-69.2596435546875
2023-01-19 09:00:00,93.913795,27.0,-66.9137954711914
2023-01-19 12:00:00,68.68271,33.0,-35.682708740234375
2023-01-19 15:00:00,61.760773,29.0,-32.760772705078125
2023-01-19 18:00:00,59.658306,27.0,-32.65830612182617
2023-01-19 21:00:00,56.333305,41.0,-15.333305358886719
2023-01-20 00:00:00,66.06229,35.0,-31.062286376953125
2023-01-20 03:00:00,76.306206,38.0,-38.30620574951172
2023-01-23 15:00:00,64.89825,14.0,-50.89824676513672
2023-01-23 18:00:00,48.450375,15.0,-33.450374603271484
2023-01-23 21:00:00,37.393192,12.0,-25.393192291259766
2023-01-24 00:00:00,56.173347,16.0,-40.17334747314453
2023-01-24 03:00:00,57.003944,14.0,-43.003944396972656
2023-01-24 06:00:00,63.8438,24.0,-39.84379959106445
2023-01-24 09:00:00,63.688164,23.0,-40.68816375732422
2023-01-24 15:00:00,30.580622,11.0,-19.58062171936035
2023-01-24 18:00:00,22.646076,10.0,-12.646076202392578
2023-01-24 21:00:00,20.122116,5.0,-15.122116088867188
2023-01-25 00:00:00,42.3459,9.0,-33.34590148925781
2023-01-25 03:00:00,41.227623,8.0,-33.227622985839844
2023-01-25 06:00:00,43.71026,17.0,-26.71025848388672
2023-01-25 09:00:00,38.16194,9.0,-29.161941528320312
2023-01-25 12:00:00,38.385338,12.0,-26.385337829589844
2023-01-25 15:00:00,22.763857,13.0,-9.763856887817383
2023-01-25 18:00:00,16.718502,11.0,-5.718502044677734
2023-01-25 21:00:00,16.817352,8.0,-8.817352294921875
2023-01-26 00:00:00,16.968784,22.0,5.031215667724609
2023-01-26 03:00:00,14.410489,25.0,10.589510917663574
2023-01-26 06:00:00,11.979978,28.0,16.02002239227295
2023-01-26 09:00:00,12.873386,18.0,5.126613616943359
2023-01-26 12:00:00,9.637461,17.0,7.362539291381836
2023-01-26 15:00:00,9.538894,20.0,10.461106300354004
2023-01-26 18:00:00,12.240321,25.0,12.759678840637207
2023-01-26 21:00:00,15.72539,20.0,4.274609565734863
2023-01-27 00:00:00,17.514822,21.0,3.485177993774414
2023-01-27 03:00:00,24.204382,23.0,-1.2043819427490234
2023-01-27 06:00:00,73.565956,14.0,-59.565956115722656
2023-01-27 09:00:00,84.99643,17.0,-67.99642944335938
2023-01-27 12:00:00,55.0134,16.0,-39.01340103149414
2023-01-27 15:00:00,62.76923,15.0,-47.769229888916016
2023-01-27 18:00:00,64.689064,24.0,-40.689064025878906
2023-01-27 21:00:00,60.32781,20.0,-40.32780838012695
2023-01-28 00:00:00,60.38988,25.0,-35.3898811340332
2023-01-28 03:00:00,61.828358,26.0,-35.8283576965332
2023-01-28 06:00:00,88.94205,26.0,-62.942047119140625
2023-01-28 09:00:00,90.80901,23.0,-67.80901336669922
2023-01-28 12:00:00,60.2638,22.0,-38.26380157470703
2023-01-28 15:00:00,61.446598,27.0,-34.446598052978516
2023-01-28 18:00:00,58.506943,23.0,-35.50694274902344
2023-01-28 21:00:00,54.38153,26.0,-28.38153076171875
2023-01-29 00:00:00,30.202272,36.0,5.797727584838867
2023-01-29 03:00:00,38.257896,30.0,-8.257896423339844
2023-01-29 06:00:00,66.55614,26.0,-40.55613708496094
2023-01-29 09:00:00,66.4507,44.0,-22.450698852539062
2023-01-29 12:00:00,44.41654,37.0,-7.416538238525391
2023-01-29 15:00:00,42.12171,26.0,-16.12171173095703
2023-01-29 18:00:00,40.73172,31.0,-9.731719970703125
2023-01-29 21:00:00,33.55922,35.0,1.4407806396484375
2023-01-30 00:00:00,25.814188,47.0,21.18581199645996
2023-01-30 03:00:00,29.614738,48.0,18.38526153564453
2023-01-30 06:00:00,36.43845,51.0,14.56155014038086
2023-01-30 09:00:00,28.794033,31.0,2.2059669494628906
2023-01-30 12:00:00,27.050304,23.0,-4.050304412841797
2023-01-30 15:00:00,27.521423,13.0,-14.52142333984375
2023-01-30 18:00:00,27.240334,22.0,-5.240333557128906
2023-01-30 21:00:00,28.099293,26.0,-2.099292755126953
2023-01-31 00:00:00,31.734203,27.0,-4.734203338623047
2023-01-31 03:00:00,29.255602,20.0,-9.25560188293457
2023-01-31 06:00:00,27.29746,26.0,-1.2974605560302734
2023-01-31 09:00:00,28.181206,20.0,-8.181205749511719
2023-01-31 12:00:00,43.381306,24.0,-19.381305694580078
2023-01-31 15:00:00,45.23105,21.0,-24.231048583984375
2023-01-31 18:00:00,44.72082,15.0,-29.720821380615234
2023-01-31 21:00:00,39.165,12.0,-27.165000915527344
2023-02-01 00:00:00,47.241768,6.0,-41.24176788330078
2023-02-01 03:00:00,50.540165,19.0,-31.540164947509766
2023-02-01 06:00:00,46.781055,10.0,-36.78105545043945
2023-02-01 09:00:00,39.31052,8.0,-31.31052017211914
2023-02-01 12:00:00,36.848972,6.0,-30.84897232055664
2023-02-01 15:00:00,31.775301,8.0,-23.775300979614258
2023-02-01 18:00:00,28.533691,7.0,-21.53369140625
2023-02-01 21:00:00,24.55306,12.0,-12.553060531616211
2023-02-02 00:00:00,33.01966,10.0,-23.01966094970703
2023-02-02 03:00:00,34.432674,7.0,-27.432674407958984
2023-02-02 06:00:00,32.173317,9.0,-23.173316955566406
2023-02-02 09:00:00,25.703968,0.0,-25.703968048095703
2023-02-02 12:00:00,19.852507,5.0,-14.852506637573242
2023-02-02 15:00:00,17.301489,9.0,-8.301488876342773
2023-02-02 18:00:00,17.953197,10.0,-7.953197479248047
2023-02-02 21:00:00,21.336063,16.0,-5.336063385009766
2023-02-03 00:00:00,9.603809,13.0,3.396190643310547
2023-02-03 03:00:00,11.942348,31.0,19.057652473449707
2023-02-03 06:00:00,11.184625,22.0,10.815375328063965
2023-02-03 09:00:00,16.809053,10.0,-6.809053421020508
2023-02-03 12:00:00,19.698292,15.0,-4.698291778564453
2023-02-03 15:00:00,24.405039,36.0,11.594961166381836
2023-02-03 18:00:00,24.577332,17.0,-7.57733154296875
2023-02-03 21:00:00,22.53546,15.0,-7.535459518432617
2023-02-04 00:00:00,31.603577,18.0,-13.60357666015625
2023-02-04 03:00:00,29.080751,25.0,-4.080751419067383
2023-02-04 06:00:00,29.545618,15.0,-14.545618057250977
2023-02-04 09:00:00,27.439001,13.0,-14.439001083374023
2023-02-04 12:00:00,22.907898,5.0,-17.90789794921875
2023-02-04 15:00:00,19.649178,5.0,-14.649177551269531
2023-02-04 18:00:00,16.774721,5.0,-11.774721145629883
2023-02-04 21:00:00,16.122158,22.0,5.877841949462891
2023-02-05 00:00:00,4.9631124,15.0,10.036887645721436
2023-02-05 03:00:00,7.1415796,8.0,0.8584203720092773
2023-02-05 06:00:00,7.647941,9.0,1.3520588874816895
2023-02-05 09:00:00,8.96398,13.0,4.036020278930664
2023-02-05 12:00:00,19.110075,11.0,-8.110074996948242
2023-02-05 15:00:00,13.077738,3.0,-10.077737808227539
2023-02-05 18:00:00,9.308337,1.0,-8.308337211608887
2023-02-05 21:00:00,8.490133,7.0,-1.490133285522461
2023-02-06 00:00:00,25.507235,11.0,-14.507234573364258
2023-02-06 03:00:00,23.944721,11.0,-12.944721221923828
2023-02-06 06:00:00,26.260296,7.0,-19.260295867919922
2023-02-06 09:00:00,23.51021,4.0,-19.510210037231445
2023-02-06 12:00:00,19.98751,8.0,-11.987510681152344
2023-02-06 15:00:00,12.831777,3.0,-9.83177661895752
2023-02-06 18:00:00,8.08268,3.0,-5.082679748535156
2023-02-06 21:00:00,7.788799,7.0,-0.7887988090515137
2023-02-07 00:00:00,14.782473,7.0,-7.782472610473633
2023-02-07 03:00:00,22.085714,11.0,-11.085714340209961
2023-02-07 06:00:00,26.507961,9.0,-17.50796127319336
2023-02-07 09:00:00,28.508907,8.0,-20.508907318115234
2023-02-07 12:00:00,25.49075,7.0,-18.49074935913086
2023-02-07 15:00:00,30.314823,7.0,-23.314823150634766
2023-02-07 18:00:00,39.335815,14.0,-25.3358154296875
2023-02-07 21:00:00,42.854935,15.0,-27.854934692382812
2023-02-08 00:00:00,51.06142,19.0,-32.06142044067383
2023-02-08 03:00:00,50.02073,11.0,-39.020729064941406
2023-02-08 06:00:00,46.951073,10.0,-36.951072692871094
2023-02-08 09:00:00,39.322002,5.0,-34.32200241088867
2023-02-08 12:00:00,40.868713,25.0,-15.86871337890625
2023-02-08 15:00:00,33.823936,4.0,-29.823936462402344
2023-02-08 18:00:00,31.709534,5.0,-26.70953369140625
2023-02-08 21:00:00,30.192495,12.0,-18.192495346069336
2023-02-09 00:00:00,24.045221,12.0,-12.045221328735352
2023-02-09 03:00:00,22.380846,17.0,-5.38084602355957
2023-02-09 06:00:00,23.69302,12.0,-11.69301986694336
2023-02-09 09:00:00,34.946423,11.0,-23.946422576904297
2023-02-09 12:00:00,26.300653,23.0,-3.3006534576416016
2023-02-09 15:00:00,28.443083,17.0,-11.443082809448242
2023-02-09 18:00:00,27.04337,19.0,-8.04336929321289
2023-02-09 21:00:00,24.852852,24.0,-0.8528518676757812
2023-02-10 00:00:00,1.4642864,20.0,18.53571355342865
2023-02-10 03:00:00,5.567017,14.0,8.432982921600342
2023-02-10 06:00:00,12.306373,13.0,0.6936273574829102
2023-02-10 09:00:00,10.215218,10.0,-0.21521759033203125
2023-02-10 12:00:00,17.093271,9.0,-8.093271255493164
2023-02-10 15:00:00,18.411129,12.0,-6.411128997802734
2023-02-10 18:00:00,20.655989,8.0,-12.655988693237305
2023-02-10 21:00:00,22.458494,19.0,-3.458494186401367
2023-02-11 00:00:00,24.877522,15.0,-9.877521514892578
2023-02-11 03:00:00,28.858152,13.0,-15.858152389526367
2023-02-11 06:00:00,34.727238,22.0,-12.727237701416016
2023-02-11 09:00:00,29.690853,24.0,-5.690853118896484
2023-02-11 12:00:00,22.409609,9.0,-13.409608840942383
2023-02-11 15:00:00,16.859076,4.0,-12.859075546264648
2023-02-11 18:00:00,13.556587,3.0,-10.556587219238281
2023-02-11 21:00:00,11.453381,10.0,-1.4533805847167969
2023-02-12 00:00:00,14.571299,6.0,-8.571298599243164
2023-02-12 03:00:00,16.923422,11.0,-5.923421859741211
2023-02-12 06:00:00,16.91825,13.0,-3.9182491302490234
2023-02-12 09:00:00,13.143477,15.0,1.856522560119629
2023-02-12 12:00:00,32.37878,9.0,-23.378780364990234
2023-02-12 15:00:00,22.19946,6.0,-16.199459075927734
2023-02-12 18:00:00,18.748495,3.0,-15.748495101928711
2023-02-12 21:00:00,18.941818,7.0,-11.941818237304688
2023-02-13 00:00:00,26.46766,9.0,-17.467660903930664
2023-02-13 03:00:00,27.333044,16.0,-11.333044052124023
2023-02-13 06:00:00,28.66841,17.0,-11.66840934753418
2023-02-13 09:00:00,28.584394,9.0,-19.584394454956055
2023-02-13 12:00:00,29.096611,8.0,-21.09661102294922
2023-02-13 15:00:00,24.859388,7.0,-17.85938835144043
2023-02-13 18:00:00,22.036829,8.0,-14.036828994750977
2023-02-13 21:00:00,21.565483,8.0,-13.565483093261719
2023-02-14 00:00:00,24.144356,10.0,-14.144355773925781
2023-02-14 03:00:00,26.069075,12.0,-14.069074630737305
2023-02-14 06:00:00,27.853333,9.0,-18.85333251953125
2023-02-14 09:00:00,31.45999,9.0,-22.459989547729492
2023-02-14 12:00:00,34.6019,6.0,-28.601898193359375
2023-02-14 15:00:00,29.805052,4.0,-25.805051803588867
2023-02-14 18:00:00,24.159475,6.0,-18.159475326538086
2023-02-14 21:00:00,19.85302,8.0,-11.853019714355469
2023-02-15 00:00:00,13.742067,14.0,0.2579326629638672
2023-02-15 03:00:00,11.584121,9.0,-2.584120750427246
2023-02-15 06:00:00,10.611529,9.0,-1.6115293502807617
2023-02-15 09:00:00,10.989254,6.0,-4.989253997802734
2023-02-15 12:00:00,18.324385,6.0,-12.324384689331055
2023-02-15 15:00:00,16.850094,8.0,-8.850093841552734
2023-02-15 18:00:00,14.647526,6.0,-8.647525787353516
2023-02-15 21:00:00,13.091722,5.0,-8.091721534729004
2023-02-16 00:00:00,23.989742,5.0,-18.989742279052734
2023-02-16 03:00:00,25.477448,8.0,-17.477447509765625
2023-02-16 06:00:00,23.979282,11.0,-12.97928237915039
2023-02-16 09:00:00,21.370283,9.0,-12.370283126831055
2023-02-16 12:00:00,11.744873,27.0,15.255126953125
2023-02-16 15:00:00,10.172926,11.0,0.8270740509033203
2023-02-16 18:00:00,12.054102,6.0,-6.054101943969727
2023-02-16 21:00:00,16.68616,10.0,-6.686159133911133
2023-02-17 00:00:00,21.655638,21.0,-0.6556377410888672
2023-02-17 03:00:00,36.856476,24.0,-12.856475830078125
2023-02-17 06:00:00,100.489845,24.0,-76.4898452758789
2023-02-17 09:00:00,164.84842,55.0,-109.84841918945312
2023-02-17 12:00:00,163.72235,56.0,-107.72235107421875
2023-02-17 15:00:00,170.36496,27.0,-143.36495971679688
2023-02-17 18:00:00,144.35887,29.0,-115.35887145996094
2023-02-17 21:00:00,103.97116,20.0,-83.97116088867188
2023-02-18 00:00:00,71.18888,16.0,-55.188880920410156
2023-02-18 03:00:00,91.54269,24.0,-67.54268646240234
2023-02-18 06:00:00,135.56406,54.0,-81.56405639648438
2023-02-18 09:00:00,125.87048,55.0,-70.8704833984375
2023-02-18 12:00:00,100.8234,52.0,-48.823402404785156
2023-02-18 15:00:00,139.73164,31.0,-108.73164367675781
2023-02-20 12:00:00,145.7052,45.0,-100.7052001953125
2023-02-20 15:00:00,129.84413,55.0,-74.84413146972656
2023-02-20 18:00:00,123.731186,57.0,-66.73118591308594
2023-02-20 21:00:00,116.71568,56.0,-60.71568298339844
2023-02-21 00:00:00,117.369385,59.0,-58.369384765625
2023-02-21 03:00:00,116.64577,62.0,-54.64576721191406
2023-02-21 06:00:00,118.89438,46.0,-72.89437866210938
2023-02-21 09:00:00,116.65475,56.0,-60.654747009277344
2023-02-21 12:00:00,93.560745,42.0,-51.56074523925781
2023-02-21 15:00:00,85.144844,36.0,-49.14484405517578
2023-02-21 18:00:00,76.377205,31.0,-45.37720489501953
2023-02-21 21:00:00,68.96016,26.0,-42.96015930175781
2023-02-22 00:00:00,44.539093,26.0,-18.539093017578125
2023-02-22 03:00:00,43.883118,29.0,-14.88311767578125
2023-02-22 06:00:00,45.62662,35.0,-10.62662124633789
2023-02-22 09:00:00,43.094303,26.0,-17.094303131103516
2023-02-22 12:00:00,68.10234,23.0,-45.10234069824219
2023-02-22 15:00:00,55.54875,20.0,-35.54875183105469
2023-02-22 18:00:00,48.151947,16.0,-32.151947021484375
2023-02-22 21:00:00,44.717808,14.0,-30.71780776977539
2023-02-23 00:00:00,50.275047,6.0,-44.275047302246094
2023-02-23 03:00:00,50.335983,29.0,-21.335983276367188
2023-02-23 06:00:00,54.45412,26.0,-28.454120635986328
2023-02-23 09:00:00,48.70094,22.0,-26.700939178466797
2023-02-23 12:00:00,30.385906,14.0,-16.385906219482422
2023-02-23 15:00:00,23.872814,6.0,-17.872814178466797
2023-02-23 18:00:00,21.530014,8.0,-13.530014038085938
2023-02-23 21:00:00,21.772394,11.0,-10.772394180297852
2023-03-13 00:00:00,3.858986,23.0,19.141014099121094
2023-03-13 03:00:00,8.793449,29.0,20.20655059814453
2023-03-13 06:00:00,7.1242995,10.0,2.8757004737854004
2023-03-13 09:00:00,3.2031267,10.0,6.796873331069946
2023-03-13 12:00:00,7.5449977,8.0,0.4550023078918457
2023-03-13 15:00:00,3.245418,3.0,-0.24541807174682617
2023-03-13 18:00:00,1.7623733,8.0,6.237626671791077
2023-03-13 21:00:00,3.6275196,9.0,5.372480392456055
2023-03-14 00:00:00,5.9371815,17.0,11.06281852722168
2023-03-14 03:00:00,12.309783,19.0,6.690217018127441
2023-03-14 06:00:00,15.11387,26.0,10.886130332946777
2023-03-14 09:00:00,15.105741,27.0,11.894259452819824
2023-03-14 12:00:00,15.412923,28.0,12.587077140808105
2023-03-14 15:00:00,16.280638,31.0,14.719362258911133
2023-03-14 18:00:00,17.111462,31.0,13.888538360595703
2023-03-14 21:00:00,21.10437,29.0,7.8956298828125
2023-03-15 00:00:00,26.166162,25.0,-1.1661624908447266
2023-03-15 03:00:00,28.884188,17.0,-11.884187698364258
2023-03-15 06:00:00,17.566093,16.0,-1.5660934448242188
2023-03-15 09:00:00,14.284126,7.0,-7.284126281738281
2023-03-15 12:00:00,21.050425,10.0,-11.050424575805664
2023-03-15 15:00:00,24.194834,7.0,-17.194833755493164
2023-03-15 18:00:00,22.198265,6.0,-16.198265075683594
2023-03-15 21:00:00,17.811544,2.0,-15.811544418334961
2023-03-16 00:00:00,7.684548,13.0,5.3154520988464355
2023-03-16 03:00:00,7.25322,13.0,5.746779918670654
2023-03-16 06:00:00,6.0621233,4.0,-2.0621232986450195
2023-03-16 09:00:00,6.4657116,5.0,-1.4657115936279297
2023-03-16 12:00:00,0.53182703,2.0,1.4681729674339294
2023-03-16 15:00:00,0.7524932,5.0,4.24750679731369
2023-03-16 18:00:00,1.1553993,16.0,14.844600677490234
2023-03-16 21:00:00,2.4983819,20.0,17.501618146896362
2023-03-18 00:00:00,24.975634,7.0,-17.97563362121582
2023-03-18 03:00:00,21.758297,8.0,-13.758296966552734
2023-03-18 06:00:00,20.641323,5.0,-15.64132308959961
2023-03-18 09:00:00,16.9955,7.0,-9.995500564575195
2023-03-18 12:00:00,14.368823,5.0,-9.368823051452637
2023-03-18 15:00:00,7.401582,2.0,-5.401581764221191
2023-03-18 18:00:00,5.1315966,2.0,-3.131596565246582
2023-03-18 21:00:00,5.9985723,9.0,3.00142765045166
2023-03-19 00:00:00,3.7052815,28.0,24.294718503952026
2023-03-19 03:00:00,6.624759,17.0,10.375240802764893
2023-03-19 06:00:00,8.93067,15.0,6.069330215454102
2023-03-19 09:00:00,11.007216,14.0,2.992783546447754
2023-03-19 12:00:00,2.5676172,2.0,-0.5676171779632568
2023-03-19 15:00:00,2.9828584,0.0,-2.982858419418335
2023-03-19 18:00:00,4.1694646,1.0,-3.169464588165283
2023-03-19 21:00:00,8.145776,12.0,3.85422420501709
2023-03-20 00:00:00,0.5769607,11.0,10.423039317131042
2023-03-20 03:00:00,0.87766236,10.0,9.122337639331818
2023-03-20 06:00:00,1.0978738,10.0,8.90212619304657
2023-03-20 09:00:00,6.420464,4.0,-2.420464038848877
2023-03-20 12:00:00,15.591752,2.0,-13.591752052307129
2023-03-20 15:00:00,12.572514,5.0,-7.572513580322266
2023-03-20 18:00:00,11.460884,6.0,-5.460884094238281
2023-03-20 21:00:00,14.136048,7.0,-7.136048316955566
2023-03-21 00:00:00,17.858269,3.0,-14.858268737792969
2023-03-21 03:00:00,16.790977,10.0,-6.790977478027344
2023-03-21 06:00:00,12.700525,6.0,-6.700525283813477
2023-03-21 09:00:00,10.677127,5.0,-5.677126884460449
2023-03-21 12:00:00,11.62698,6.0,-5.626979827880859
2023-03-21 15:00:00,12.650901,5.0,-7.650900840759277
2023-03-21 18:00:00,13.730983,7.0,-6.730982780456543
2023-03-21 21:00:00,15.348633,8.0,-7.3486328125
2023-03-22 00:00:00,0.0,13.0,13.0
2023-03-22 03:00:00,0.9841301,14.0,13.015869915485382
2023-03-22 06:00:00,0.0,13.0,13.0
2023-03-22 09:00:00,0.0,12.0,12.0
2023-03-22 12:00:00,17.39636,11.0,-6.396360397338867
2023-03-22 15:00:00,13.931355,6.0,-7.9313554763793945
2023-03-22 18:00:00,12.379246,4.0,-8.37924575805664
2023-03-22 21:00:00,12.793407,11.0,-1.7934074401855469
2023-03-24 00:00:00,8.031748,23.0,14.968252182006836
2023-03-24 03:00:00,12.897317,38.0,25.102683067321777
2023-03-24 06:00:00,20.263996,29.0,8.736003875732422
2023-03-24 09:00:00,17.229809,33.0,15.770191192626953
2023-03-24 12:00:00,8.275378,30.0,21.724621772766113
2023-03-24 15:00:00,6.9571795,11.0,4.042820453643799
2023-03-24 18:00:00,9.18385,17.0,7.816149711608887
2023-03-24 21:00:00,16.825424,27.0,10.174575805664062
2023-03-25 00:00:00,39.860424,9.0,-30.860424041748047
2023-03-25 03:00:00,36.99506,15.0,-21.995059967041016
2023-03-25 06:00:00,41.77093,20.0,-21.770931243896484
2023-03-25 09:00:00,46.54521,15.0,-31.545211791992188
2023-03-25 12:00:00,45.588875,11.0,-34.58887481689453
2023-03-25 15:00:00,37.45049,11.0,-26.450489044189453
2023-03-25 18:00:00,32.10198,7.0,-25.101978302001953
2023-03-25 21:00:00,27.906027,11.0,-16.90602684020996
2023-03-26 00:00:00,69.16116,19.0,-50.161163330078125
2023-03-26 03:00:00,87.65141,62.0,-25.651412963867188
2023-03-26 06:00:00,121.04056,96.0,-25.040557861328125
2023-03-26 09:00:00,130.84622,74.0,-56.846221923828125
2023-03-26 12:00:00,104.529366,45.0,-59.52936553955078
2023-03-26 15:00:00,93.674995,55.0,-38.67499542236328
2023-03-26 18:00:00,79.66969,36.0,-43.66969299316406
2023-03-26 21:00:00,64.38859,21.0,-43.388587951660156
2023-03-28 00:00:00,11.420071,20.0,8.57992935180664
2023-03-28 03:00:00,11.480552,18.0,6.519448280334473
2023-03-28 06:00:00,9.959138,18.0,8.040862083435059
2023-03-28 09:00:00,10.581061,15.0,4.418938636779785
2023-03-28 12:00:00,4.2915645,11.0,6.708435535430908
2023-03-28 15:00:00,4.435151,24.0,19.56484889984131
2023-03-28 18:00:00,5.626589,13.0,7.373411178588867
2023-03-28 21:00:00,6.40398,19.0,12.596020221710205
2023-03-30 00:00:00,11.425073,9.0,-2.42507266998291
2023-03-30 03:00:00,12.677446,9.0,-3.6774463653564453
2023-03-30 06:00:00,14.4591465,9.0,-5.459146499633789
2023-03-30 09:00:00,15.703307,6.0,-9.703307151794434
2023-03-30 12:00:00,12.680061,11.0,-1.6800613403320312
2023-03-30 15:00:00,15.402975,20.0,4.597024917602539
2023-03-30 18:00:00,18.959782,13.0,-5.959781646728516
2023-03-30 21:00:00,19.185791,32.0,12.814208984375
2023-03-31 00:00:00,10.5465,15.0,4.453499794006348
2023-03-31 03:00:00,15.018031,12.0,-3.018031120300293
2023-03-31 06:00:00,18.08644,18.0,-0.08643913269042969
2023-03-31 09:00:00,20.34136,19.0,-1.341360092163086
2023-03-31 12:00:00,20.114044,38.0,17.885955810546875
2023-03-31 15:00:00,22.372774,12.0,-10.372774124145508
2023-03-31 18:00:00,24.623432,9.0,-15.623432159423828
2023-03-31 21:00:00,25.550776,14.0,-11.550775527954102
2023-04-01 00:00:00,6.1515946,21.0,14.848405361175537
2023-04-01 03:00:00,3.1599257,25.0,21.84007430076599
2023-04-01 06:00:00,3.2216575,25.0,21.778342485427856
2023-04-01 09:00:00,12.556086,15.0,2.4439144134521484
2023-04-01 12:00:00,21.0091,13.0,-8.009099960327148
2023-04-01 15:00:00,21.865845,10.0,-11.8658447265625
2023-04-01 18:00:00,21.414053,9.0,-12.414052963256836
2023-04-01 21:00:00,20.401785,11.0,-9.401784896850586
2023-04-02 00:00:00,11.117663,8.0,-3.1176633834838867
2023-04-02 03:00:00,11.870043,8.0,-3.8700428009033203
2023-04-02 06:00:00,12.506916,6.0,-6.506916046142578
2023-04-02 09:00:00,15.686282,8.0,-7.686282157897949
2023-04-02 12:00:00,3.4082747,6.0,2.5917253494262695
2023-04-02 15:00:00,3.3045354,4.0,0.6954646110534668
2023-04-02 18:00:00,4.086701,8.0,3.913299083709717
2023-04-02 21:00:00,5.710717,13.0,7.28928279876709
2023-04-03 00:00:00,0.8714096,9.0,8.128590404987335
2023-04-03 03:00:00,2.382535,12.0,9.617465019226074
2023-04-03 06:00:00,6.671087,16.0,9.32891321182251
2023-04-03 09:00:00,7.763731,12.0,4.236268997192383
2023-04-03 12:00:00,17.086222,9.0,-8.086221694946289
2023-04-03 15:00:00,15.003139,9.0,-6.003138542175293
2023-04-03 18:00:00,15.841806,10.0,-5.841806411743164
2023-04-03 21:00:00,19.511618,14.0,-5.511617660522461
2023-04-04 00:00:00,4.9485607,12.0,7.05143928527832
2023-04-04 03:00:00,15.165369,15.0,-0.16536903381347656
2023-04-04 06:00:00,40.602516,17.0,-23.602516174316406
2023-04-04 09:00:00,23.478548,17.0,-6.478548049926758
2023-04-04 12:00:00,16.646595,10.0,-6.646595001220703
2023-04-04 15:00:00,15.387286,14.0,-1.3872861862182617
2023-04-04 18:00:00,14.494163,18.0,3.5058374404907227
2023-04-04 21:00:00,17.600996,20.0,2.3990039825439453
2023-04-05 00:00:00,16.990725,18.0,1.0092754364013672
2023-04-05 03:00:00,21.03502,21.0,-0.03502082824707031
2023-04-05 06:00:00,28.6567,12.0,-16.656700134277344
2023-04-05 09:00:00,28.739464,10.0,-18.739463806152344
2023-04-05 12:00:00,43.91518,35.0,-8.915180206298828
2023-04-05 15:00:00,36.2179,15.0,-21.217899322509766
2023-04-05 18:00:00,29.5845,11.0,-18.58449935913086
2023-04-05 21:00:00,26.564976,16.0,-10.56497573852539
2023-04-06 00:00:00,15.074875,16.0,0.9251251220703125
2023-04-06 03:00:00,12.481905,8.0,-4.481904983520508
2023-04-06 06:00:00,13.149929,21.0,7.850070953369141
2023-04-06 09:00:00,10.504778,23.0,12.495222091674805
2023-04-06 12:00:00,19.102798,24.0,4.8972015380859375
2023-04-06 15:00:00,18.942955,35.0,16.057044982910156
2023-04-06 18:00:00,23.841494,34.0,10.158506393432617
2023-04-06 21:00:00,25.467216,37.0,11.532783508300781
2023-04-07 00:00:00,31.815943,35.0,3.1840572357177734
2023-04-07 03:00:00,28.36532,38.0,9.634679794311523
2023-04-07 06:00:00,29.82165,37.0,7.178350448608398
2023-04-07 09:00:00,30.326986,22.0,-8.326986312866211
2023-04-07 12:00:00,19.997969,21.0,1.0020313262939453
2023-04-07 15:00:00,16.530294,30.0,13.469705581665039
2023-04-07 18:00:00,15.636943,38.0,22.363057136535645
2023-04-07 21:00:00,18.58689,30.0,11.413110733032227
2023-04-08 00:00:00,3.2409844,19.0,15.759015560150146
2023-04-08 03:00:00,16.798367,53.0,36.20163345336914
2023-04-08 06:00:00,39.37521,33.0,-6.375209808349609
2023-04-08 09:00:00,41.8994,39.0,-2.8993988037109375
2023-04-08 12:00:00,50.836094,53.0,2.1639060974121094
2023-04-08 15:00:00,49.941265,45.0,-4.941265106201172
2023-04-08 18:00:00,49.94877,21.0,-28.948768615722656
2023-04-08 21:00:00,69.75733,19.0,-50.75733184814453
2023-04-09 00:00:00,71.856445,27.0,-44.8564453125
2023-04-09 03:00:00,108.096176,34.0,-74.09617614746094
2023-04-09 06:00:00,160.54128,178.0,17.458724975585938
2023-04-09 09:00:00,164.7877,123.0,-41.78770446777344
2023-04-09 12:00:00,136.3319,61.0,-75.33189392089844
2023-04-09 15:00:00,120.262825,28.0,-92.26282501220703
2023-04-09 18:00:00,99.28362,53.0,-46.28362274169922
2023-04-09 21:00:00,92.39011,54.0,-38.390106201171875
2023-04-10 00:00:00,68.715965,33.0,-35.715965270996094
2023-04-10 03:00:00,84.00411,9.0,-75.00411224365234
2023-04-10 06:00:00,86.31855,25.0,-61.31855010986328
2023-04-10 09:00:00,74.25808,24.0,-50.258079528808594
2023-04-10 12:00:00,68.01861,21.0,-47.01860809326172
2023-04-10 15:00:00,54.981457,18.0,-36.9814567565918
2023-04-10 18:00:00,45.50657,15.0,-30.506568908691406
2023-04-10 21:00:00,36.872734,19.0,-17.87273406982422
2023-04-11 03:00:00,68.17345,26.0,-42.17344665527344
2023-04-11 06:00:00,68.202324,44.0,-24.20232391357422
2023-04-11 09:00:00,49.836617,30.0,-19.83661651611328
2023-04-11 12:00:00,60.757317,39.0,-21.75731658935547
2023-04-11 15:00:00,57.475063,23.0,-34.47506332397461
2023-04-11 18:00:00,43.66575,18.0,-25.665748596191406
2023-04-11 21:00:00,35.566246,17.0,-18.566246032714844
2023-04-12 00:00:00,51.5206,7.0,-44.520599365234375
2023-04-12 03:00:00,39.663975,11.0,-28.66397476196289
2023-04-12 06:00:00,36.444363,12.0,-24.44436264038086
2023-04-12 09:00:00,48.81889,28.0,-20.818889617919922
2023-04-12 12:00:00,68.784515,15.0,-53.784515380859375
2023-04-12 15:00:00,57.69016,9.0,-48.69015884399414
2023-04-12 18:00:00,60.85065,29.0,-31.850650787353516
2023-04-13 00:00:00,57.661964,43.0,-14.661964416503906
2023-04-13 03:00:00,45.837055,25.0,-20.837055206298828
2023-04-13 06:00:00,40.9201,18.0,-22.920101165771484
2023-04-13 09:00:00,32.951675,13.0,-19.951675415039062
2023-04-13 12:00:00,32.050365,15.0,-17.050365447998047
2023-04-13 15:00:00,22.909489,9.0,-13.909488677978516
2023-04-13 18:00:00,19.243317,7.0,-12.243316650390625
2023-04-13 21:00:00,17.719685,7.0,-10.719684600830078
2023-04-14 00:00:00,39.925907,7.0,-32.925907135009766
2023-04-14 03:00:00,38.905457,8.0,-30.90545654296875
2023-04-14 06:00:00,43.232716,22.0,-21.232715606689453
2023-04-14 09:00:00,42.900753,23.0,-19.900753021240234
2023-04-14 12:00:00,19.038794,33.0,13.961206436157227
2023-04-14 15:00:00,15.7604065,13.0,-2.760406494140625
2023-04-14 18:00:00,13.426415,12.0,-1.4264154434204102
2023-04-14 21:00:00,12.822966,19.0,6.177034378051758
2023-04-15 00:00:00,3.4924598,21.0,17.507540225982666
2023-04-15 03:00:00,6.926257,21.0,14.073742866516113
2023-04-15 06:00:00,10.483518,25.0,14.51648235321045
2023-04-15 09:00:00,8.483994,17.0,8.516006469726562
2023-04-15 12:00:00,41.350746,16.0,-25.350746154785156
2023-04-15 15:00:00,36.5784,20.0,-16.578399658203125
2023-04-15 18:00:00,33.174274,23.0,-10.174274444580078
2023-04-15 21:00:00,31.937817,24.0,-7.937816619873047
2023-04-16 00:00:00,36.634445,22.0,-14.634445190429688
2023-04-16 03:00:00,35.287483,15.0,-20.28748321533203
2023-04-16 06:00:00,35.72637,26.0,-9.726371765136719
2023-04-16 09:00:00,27.311443,21.0,-6.311443328857422
2023-04-16 12:00:00,7.6522613,11.0,3.347738742828369
2023-04-16 15:00:00,8.276061,10.0,1.7239389419555664
2023-04-16 18:00:00,8.41112,17.0,8.588879585266113
2023-04-16 21:00:00,9.62018,12.0,2.379819869995117
2023-04-17 00:00:00,19.993195,17.0,-2.993194580078125
2023-04-17 03:00:00,23.743723,19.0,-4.743722915649414
2023-04-17 06:00:00,25.007238,17.0,-8.007238388061523
2023-04-17 09:00:00,24.881956,13.0,-11.881956100463867
2023-04-17 12:00:00,30.829142,20.0,-10.829141616821289
2023-04-17 15:00:00,19.986715,8.0,-11.986715316772461
2023-04-17 18:00:00,11.567409,11.0,-0.567408561706543
2023-04-17 21:00:00,9.888026,13.0,3.111973762512207
2023-04-18 00:00:00,6.2555046,16.0,9.744495391845703
2023-04-18 03:00:00,10.14132,6.0,-4.14132022857666
2023-04-18 06:00:00,20.474318,17.0,-3.4743175506591797
2023-04-18 09:00:00,17.54347,13.0,-4.54347038269043
2023-04-18 12:00:00,24.268047,12.0,-12.268047332763672
2023-04-18 15:00:00,22.581276,10.0,-12.581275939941406
2023-04-18 18:00:00,22.578773,19.0,-3.5787734985351562
2023-04-18 21:00:00,25.897861,32.0,6.102138519287109
2023-04-19 00:00:00,23.247595,37.0,13.752405166625977
2023-04-19 03:00:00,39.066437,29.0,-10.066436767578125
2023-04-19 06:00:00,69.31805,20.0,-49.31804656982422
2023-04-19 09:00:00,54.77534,44.0,-10.775341033935547
2023-04-19 12:00:00,76.31513,24.0,-52.31513214111328
2023-04-19 15:00:00,75.077194,33.0,-42.07719421386719
2023-04-19 18:00:00,74.68634,26.0,-48.68634033203125
2023-04-19 21:00:00,74.894615,12.0,-62.894615173339844
2023-04-20 00:00:00,35.549873,6.0,-29.54987335205078
2023-04-20 03:00:00,43.223396,8.0,-35.22339630126953
2023-04-20 06:00:00,49.76505,13.0,-36.76504898071289
2023-04-20 09:00:00,37.982433,10.0,-27.982433319091797
2023-04-20 12:00:00,55.19951,26.0,-29.199508666992188
2023-04-20 15:00:00,51.494225,15.0,-36.494224548339844
2023-04-20 18:00:00,47.899673,36.0,-11.899673461914062
2023-04-20 21:00:00,44.650734,30.0,-14.650733947753906
2023-04-21 00:00:00,50.19865,28.0,-22.198650360107422
2023-04-21 03:00:00,47.099773,30.0,-17.099773406982422
2023-04-21 06:00:00,48.762558,27.0,-21.762557983398438
2023-04-21 09:00:00,41.484215,25.0,-16.484214782714844
2023-04-21 12:00:00,38.40239,23.0,-15.402389526367188
2023-04-21 15:00:00,35.196934,17.0,-18.19693374633789
2023-04-21 18:00:00,32.199238,16.0,-16.199237823486328
2023-04-21 21:00:00,33.35265,19.0,-14.352649688720703
2023-04-22 00:00:00,16.32384,18.0,1.6761608123779297
2023-04-23 03:00:00,34.98553,32.0,-2.9855308532714844
2023-04-23 06:00:00,31.850163,24.0,-7.850162506103516
2023-04-23 09:00:00,27.516592,34.0,6.483407974243164
2023-04-23 12:00:00,43.067585,27.0,-16.067584991455078
2023-04-23 15:00:00,33.39301,19.0,-14.393009185791016
2023-04-23 18:00:00,26.605904,34.0,7.394096374511719
2023-04-23 21:00:00,26.605448,36.0,9.394552230834961
2023-04-24 00:00:00,34.508957,27.0,-7.5089569091796875
2023-04-24 06:00:00,36.361256,19.0,-17.361255645751953
2023-04-24 09:00:00,35.223366,26.0,-9.223365783691406
2023-04-24 12:00:00,42.760803,13.0,-29.76080322265625
2023-04-24 15:00:00,37.91001,17.0,-20.910011291503906
2023-05-08 00:00:00,37.077484,13.0,-24.077484130859375
2023-05-08 03:00:00,36.2744,17.0,-19.274398803710938
2023-05-08 06:00:00,34.676872,11.0,-23.67687225341797
2023-05-08 09:00:00,31.183846,12.0,-19.18384552001953
2023-05-08 12:00:00,30.711931,8.0,-22.711931228637695
2023-05-08 15:00:00,28.694557,13.0,-15.694557189941406
2023-05-08 18:00:00,26.710495,8.0,-18.710494995117188
2023-05-08 21:00:00,24.968359,6.0,-18.968358993530273
2023-05-09 00:00:00,7.4149966,10.0,2.58500337600708
2023-05-09 03:00:00,10.007056,8.0,-2.00705623626709
2023-05-09 06:00:00,10.299573,7.0,-3.2995729446411133
2023-05-09 09:00:00,11.855888,6.0,-5.855888366699219
2023-05-09 12:00:00,15.912178,5.0,-10.912178039550781
2023-05-09 15:00:00,13.397766,8.0,-5.39776611328125
2023-05-09 18:00:00,12.638793,8.0,-4.638792991638184
2023-05-09 21:00:00,13.643103,4.0,-9.643102645874023
2023-05-10 00:00:00,5.211973,35.0,29.788026809692383
2023-05-10 03:00:00,6.118512,14.0,7.881487846374512
2023-05-10 06:00:00,5.501704,21.0,15.498295783996582
2023-05-10 09:00:00,7.2226386,11.0,3.7773613929748535
2023-05-10 12:00:00,11.46725,9.0,-2.467249870300293
2023-05-10 15:00:00,10.59459,6.0,-4.594590187072754
2023-05-10 18:00:00,12.303872,7.0,-5.303872108459473
2023-05-10 21:00:00,15.604883,7.0,-8.604883193969727
2023-05-11 00:00:00,12.768623,14.0,1.2313766479492188
2023-05-11 03:00:00,15.226817,15.0,-0.22681713104248047
2023-05-11 06:00:00,16.785406,8.0,-8.785406112670898
2023-05-11 09:00:00,14.500983,9.0,-5.500983238220215
2023-05-11 12:00:00,5.373181,19.0,13.626819133758545
2023-05-11 15:00:00,4.314302,3.0,-1.3143019676208496
2023-05-11 18:00:00,5.0695233,9.0,3.930476665496826
2023-05-11 21:00:00,7.284143,9.0,1.7158570289611816
2023-05-12 00:00:00,15.126716,4.0,-11.126715660095215
2023-05-12 03:00:00,17.157164,10.0,-7.157163619995117
2023-05-12 06:00:00,16.430021,9.0,-7.430021286010742
2023-05-12 09:00:00,17.29586,6.0,-11.295860290527344
2023-05-12 12:00:00,21.099367,4.0,-17.099367141723633
2023-05-12 15:00:00,12.601049,18.0,5.398950576782227
2023-05-12 18:00:00,10.031499,16.0,5.968501091003418
2023-05-12 21:00:00,11.567863,24.0,12.432136535644531
2023-05-13 00:00:00,18.724676,17.0,-1.7246761322021484
2023-05-13 03:00:00,19.510025,18.0,-1.5100250244140625
2023-05-13 06:00:00,15.31646,7.0,-8.316459655761719
2023-05-13 09:00:00,12.376632,6.0,-6.376631736755371
2023-05-13 12:00:00,9.433734,30.0,20.56626605987549
2023-05-13 15:00:00,21.488518,30.0,8.511482238769531
2023-05-13 18:00:00,32.234653,25.0,-7.234653472900391
2023-05-13 21:00:00,36.813164,34.0,-2.8131637573242188
2023-05-14 00:00:00,20.409742,22.0,1.5902576446533203
2023-05-14 03:00:00,24.980864,22.0,-2.980863571166992
2023-05-14 06:00:00,26.740736,27.0,0.2592639923095703
2023-05-14 09:00:00,28.951035,17.0,-11.951034545898438
2023-05-14 12:00:00,24.60115,17.0,-7.6011505126953125
2023-05-14 15:00:00,26.808266,17.0,-9.808265686035156
2023-05-14 18:00:00,27.632269,18.0,-9.632268905639648
2023-05-14 21:00:00,28.157501,15.0,-13.157501220703125
2023-05-15 00:00:00,48.066113,20.0,-28.066112518310547
2023-05-15 03:00:00,40.951363,16.0,-24.95136260986328
2023-05-15 06:00:00,35.103996,20.0,-15.103996276855469
2023-05-15 09:00:00,29.712282,19.0,-10.712282180786133
2023-05-15 15:00:00,35.49985,18.0,-17.49985122680664
2023-05-15 18:00:00,33.39983,74.0,40.60017013549805
2023-05-15 21:00:00,33.302967,59.0,25.697032928466797
2023-05-16 00:00:00,32.90779,66.0,33.09220886230469
2023-05-16 03:00:00,30.89633,28.0,-2.896329879760742
2023-05-16 06:00:00,31.445438,46.0,14.554561614990234
2023-05-16 09:00:00,24.16823,43.0,18.831769943237305
2023-05-16 12:00:00,43.43258,34.0,-9.432579040527344
2023-05-16 15:00:00,42.27354,27.0,-15.273540496826172
2023-05-16 18:00:00,38.12346,27.0,-11.123458862304688
2023-05-16 21:00:00,38.05576,32.0,-6.055759429931641
2023-05-17 00:00:00,41.673275,34.0,-7.673274993896484
2023-05-17 03:00:00,40.61428,39.0,-1.6142807006835938
2023-05-17 15:00:00,53.50989,5.0,-48.509891510009766
2023-05-17 18:00:00,48.176163,1.0,-47.17616271972656
2023-05-17 21:00:00,47.259617,6.0,-41.25961685180664
2023-05-18 00:00:00,41.07642,6.0,-35.076419830322266
2023-05-18 03:00:00,36.868416,7.0,-29.86841583251953
2023-05-18 06:00:00,40.816303,1.0,-39.81630325317383
2023-05-23 15:00:00,42.840954,13.0,-29.840953826904297
2023-05-23 18:00:00,36.52917,24.0,-12.529170989990234
2023-05-23 21:00:00,33.74589,19.0,-14.745891571044922
2023-05-24 00:00:00,29.100647,14.0,-15.10064697265625
2023-05-24 03:00:00,29.397142,19.0,-10.39714241027832
2023-05-24 06:00:00,32.830486,18.0,-14.830486297607422
2023-05-24 09:00:00,34.381855,11.0,-23.381855010986328
2023-05-24 12:00:00,56.3673,15.0,-41.3672981262207
2023-05-24 15:00:00,48.34874,23.0,-25.348739624023438
2023-05-24 18:00:00,41.458633,26.0,-15.458633422851562
2023-05-24 21:00:00,37.477776,23.0,-14.477775573730469
2023-05-25 00:00:00,30.80231,26.0,-4.802310943603516
2023-05-25 03:00:00,35.284473,24.0,-11.284473419189453
2023-05-25 06:00:00,46.970398,34.0,-12.97039794921875
2023-05-25 09:00:00,39.256065,6.0,-33.256065368652344
2023-05-25 12:00:00,42.97385,16.0,-26.97385025024414
2023-05-25 15:00:00,36.037365,9.0,-27.037364959716797
2023-05-25 18:00:00,29.584555,10.0,-19.58455467224121
2023-05-25 21:00:00,29.698015,14.0,-15.698015213012695
2023-05-26 00:00:00,1.3140494,12.0,10.685950636863708
2023-05-26 03:00:00,8.890083,23.0,14.109916687011719
2023-05-26 06:00:00,12.364125,23.0,10.63587474822998
2023-05-26 09:00:00,12.790679,31.0,18.20932102203369
2023-05-26 12:00:00,26.617954,17.0,-9.61795425415039
2023-05-26 15:00:00,18.611559,13.0,-5.61155891418457
2023-05-26 18:00:00,13.908334,50.0,36.09166622161865
2023-05-26 21:00:00,13.934596,26.0,12.065403938293457
2023-05-27 00:00:00,33.672905,24.0,-9.672904968261719
2023-05-27 03:00:00,33.362312,40.0,6.637687683105469
2023-05-27 06:00:00,38.128517,29.0,-9.128517150878906
2023-05-27 09:00:00,36.126606,24.0,-12.126605987548828
2023-05-27 12:00:00,30.275488,13.0,-17.275487899780273
2023-05-27 15:00:00,13.4895115,8.0,-5.489511489868164
2023-05-27 18:00:00,11.200314,8.0,-3.2003135681152344
2023-05-27 21:00:00,14.670263,28.0,13.329736709594727
2023-05-28 00:00:00,6.595201,19.0,12.404798984527588
2023-05-28 03:00:00,9.971586,32.0,22.028413772583008
2023-05-28 06:00:00,11.725774,57.0,45.27422618865967
2023-05-28 09:00:00,14.160605,20.0,5.839394569396973
2023-05-28 12:00:00,18.58325,12.0,-6.583250045776367
2023-05-28 15:00:00,20.170092,17.0,-3.1700916290283203
2023-05-28 18:00:00,31.371656,13.0,-18.37165641784668
2023-05-28 21:00:00,31.186573,10.0,-21.186573028564453
2023-05-29 00:00:00,74.98443,21.0,-53.98442840576172
2023-05-29 03:00:00,73.63951,10.0,-63.63951110839844
2023-05-29 06:00:00,76.40415,11.0,-65.4041519165039
2023-05-29 09:00:00,67.57705,25.0,-42.577049255371094
2023-05-29 12:00:00,102.36136,20.0,-82.36135864257812
2023-05-29 15:00:00,90.94515,26.0,-64.94515228271484
2023-05-29 18:00:00,76.95735,12.0,-64.95735168457031
2023-05-29 21:00:00,63.379276,41.0,-22.379276275634766
2023-05-30 00:00:00,42.537975,19.0,-23.537975311279297
2023-05-30 03:00:00,42.354485,28.0,-14.354484558105469
2023-05-30 06:00:00,34.12106,24.0,-10.12105941772461
2023-05-30 09:00:00,30.491264,44.0,13.508735656738281
2023-05-30 12:00:00,52.075848,37.0,-15.075847625732422
2023-05-30 15:00:00,53.695885,37.0,-16.695884704589844
2023-05-30 18:00:00,52.210114,27.0,-25.210113525390625
2023-05-30 21:00:00,53.1237,30.0,-23.123699188232422
2023-05-31 00:00:00,20.666903,35.0,14.333097457885742
2023-05-31 03:00:00,18.843594,33.0,14.15640640258789
2023-05-31 06:00:00,19.32358,32.0,12.676420211791992
2023-05-31 09:00:00,17.506409,45.0,27.49359130859375
2023-05-31 12:00:00,15.566912,32.0,16.433088302612305
2023-05-31 15:00:00,15.532351,26.0,10.467649459838867
2023-05-31 18:00:00,16.325203,17.0,0.6747970581054688
2023-05-31 21:00:00,16.95605,16.0,-0.9560508728027344
2023-06-01 00:00:00,2.337174,8.0,5.662826061248779
2023-06-01 03:00:00,3.7098289,13.0,9.290171146392822
2023-06-01 06:00:00,5.608854,23.0,17.391146183013916
2023-06-01 09:00:00,8.932147,34.0,25.06785297393799
2023-06-01 12:00:00,9.158611,10.0,0.8413887023925781
2023-06-01 15:00:00,5.6315913,13.0,7.368408679962158
2023-06-01 18:00:00,4.5347404,11.0,6.465259552001953
2023-06-01 21:00:00,7.7229743,15.0,7.2770256996154785
2023-06-02 00:00:00,1.1682459,25.0,23.831754088401794
2023-06-02 03:00:00,3.2553089,19.0,15.744691133499146
2023-06-02 06:00:00,4.688445,17.0,12.311554908752441
2023-06-02 09:00:00,9.138148,14.0,4.861851692199707
2023-06-02 12:00:00,4.7703,17.0,12.229700088500977
2023-06-02 15:00:00,5.6434145,17.0,11.356585502624512
2023-06-02 18:00:00,16.691729,22.0,5.308271408081055
2023-06-02 21:00:00,37.387737,32.0,-5.387737274169922
2023-06-03 00:00:00,13.479507,39.0,25.520492553710938
2023-06-03 03:00:00,15.1097765,45.0,29.890223503112793
2023-06-03 06:00:00,15.201295,41.0,25.798705101013184
2023-06-03 09:00:00,15.898422,38.0,22.101577758789062
2023-06-03 12:00:00,30.379055,31.0,0.6209449768066406
2023-06-03 15:00:00,27.89011,24.0,-3.8901100158691406
2023-06-03 18:00:00,26.012913,46.0,19.98708724975586
2023-06-03 21:00:00,24.982454,42.0,17.017545700073242
2023-06-04 00:00:00,21.509892,26.0,4.490108489990234
2023-06-04 03:00:00,23.261919,19.0,-4.261919021606445
2023-06-04 06:00:00,24.725069,17.0,-7.725069046020508
2023-06-04 09:00:00,29.837337,26.0,-3.8373374938964844
2023-06-04 12:00:00,30.777756,22.0,-8.777755737304688
2023-06-04 15:00:00,40.9359,36.0,-4.935901641845703
2023-06-04 18:00:00,43.47294,27.0,-16.472938537597656
2023-06-04 21:00:00,43.31014,26.0,-17.310138702392578
2023-06-05 00:00:00,57.460964,10.0,-47.46096420288086
2023-06-05 03:00:00,49.63658,19.0,-30.636581420898438
2023-06-05 06:00:00,39.99844,26.0,-13.99843978881836
2023-06-05 09:00:00,40.670784,26.0,-14.670783996582031
2023-06-05 12:00:00,36.55805,28.0,-8.558048248291016
2023-06-05 15:00:00,34.940514,32.0,-2.9405136108398438
2023-06-05 18:00:00,31.614717,38.0,6.385282516479492
2023-06-05 21:00:00,34.565117,42.0,7.434883117675781
2023-06-06 00:00:00,37.214024,39.0,1.7859764099121094
2023-06-06 03:00:00,34.75111,38.0,3.248889923095703
2023-06-06 06:00:00,34.570236,24.0,-10.570236206054688
2023-06-06 09:00:00,32.359707,22.0,-10.35970687866211
2023-06-06 12:00:00,46.204037,18.0,-28.204036712646484
2023-06-06 15:00:00,45.719276,20.0,-25.719276428222656
2023-06-06 18:00:00,42.737385,21.0,-21.737384796142578
2023-06-06 21:00:00,44.825584,18.0,-26.825584411621094
2023-06-07 00:00:00,16.420927,10.0,-6.420927047729492
2023-06-07 03:00:00,18.374863,19.0,0.6251373291015625
2023-06-07 06:00:00,18.010439,38.0,19.989561080932617
2023-06-07 09:00:00,17.48026,27.0,9.519739151000977
2023-06-07 12:00:00,15.304124,19.0,3.695876121520996
2023-06-07 15:00:00,11.165412,20.0,8.834588050842285
2023-06-07 18:00:00,7.4679747,26.0,18.53202533721924
2023-06-07 21:00:00,6.1766057,23.0,16.823394298553467
2023-06-08 00:00:00,29.50992,30.0,0.4900798797607422
2023-06-08 03:00:00,25.587326,13.0,-12.587326049804688
2023-06-08 06:00:00,28.68478,16.0,-12.68478012084961
2023-06-08 09:00:00,30.997625,10.0,-20.99762535095215
2023-06-08 12:00:00,39.889755,13.0,-26.889755249023438
2023-06-08 15:00:00,51.74593,23.0,-28.745929718017578
2023-06-08 18:00:00,62.086086,27.0,-35.08608627319336
2023-06-08 21:00:00,64.984985,42.0,-22.9849853515625
2023-06-09 00:00:00,20.660765,29.0,8.339235305786133
2023-06-09 03:00:00,21.308893,23.0,1.6911067962646484
2023-06-09 06:00:00,26.353518,24.0,-2.353517532348633
2023-06-09 09:00:00,30.584034,16.0,-14.584033966064453
2023-06-09 12:00:00,25.094322,24.0,-1.0943222045898438
2023-06-09 15:00:00,29.839157,26.0,-3.8391571044921875
2023-06-09 18:00:00,29.731268,52.0,22.26873207092285
2023-06-09 21:00:00,28.508112,59.0,30.49188804626465
2023-06-10 00:00:00,8.173857,37.0,28.826143264770508
2023-06-10 03:00:00,10.731583,37.0,26.268417358398438
2023-06-10 06:00:00,14.800889,47.0,32.199110984802246
2023-06-10 09:00:00,16.716059,42.0,25.2839412689209
2023-06-10 12:00:00,60.41728,63.0,2.582721710205078
2023-06-10 15:00:00,60.368847,40.0,-20.368846893310547
2023-06-10 18:00:00,55.084343,42.0,-13.084342956542969
2023-06-10 21:00:00,51.44784,53.0,1.5521583557128906
2023-06-11 00:00:00,66.77692,36.0,-30.77691650390625
2023-06-11 03:00:00,70.46879,37.0,-33.468788146972656
2023-06-11 06:00:00,82.34451,45.0,-37.344512939453125
2023-06-11 09:00:00,96.18179,39.0,-57.181793212890625
2023-06-11 12:00:00,170.671,33.0,-137.67100524902344
2023-06-11 15:00:00,177.65591,44.0,-133.65591430664062
2023-06-11 18:00:00,157.29529,35.0,-122.2952880859375
2023-06-11 21:00:00,137.57222,32.0,-105.57221984863281
2023-06-12 00:00:00,183.95622,20.0,-163.9562225341797
2023-06-12 03:00:00,143.86888,19.0,-124.86888122558594
2023-06-12 06:00:00,103.875435,20.0,-83.87543487548828
2023-06-12 09:00:00,71.52994,17.0,-54.529937744140625
2023-06-12 12:00:00,67.45313,9.0,-58.45313262939453
2023-06-12 15:00:00,51.316875,19.0,-32.31687545776367
2023-06-12 18:00:00,37.746758,16.0,-21.74675750732422
2023-06-12 21:00:00,30.00082,20.0,-10.00082015991211
2023-06-13 00:00:00,6.9517226,13.0,6.048277378082275
2023-06-13 03:00:00,2.9697275,14.0,11.030272483825684
2023-06-13 06:00:00,5.538595,11.0,5.461404800415039
2023-06-13 09:00:00,7.9667187,18.0,10.033281326293945
2023-06-13 12:00:00,10.0030775,13.0,2.996922492980957
2023-06-13 15:00:00,15.169462,9.0,-6.169462203979492
2023-06-13 18:00:00,21.839697,12.0,-9.839696884155273
2023-06-13 21:00:00,26.313501,21.0,-5.313501358032227
2023-06-14 00:00:00,19.337221,24.0,4.662778854370117
2023-06-14 03:00:00,18.266747,13.0,-5.266746520996094
2023-06-14 06:00:00,19.936806,9.0,-10.936805725097656
2023-06-14 09:00:00,23.020449,9.0,-14.020448684692383
2023-06-14 12:00:00,23.958818,14.0,-9.958818435668945
2023-06-14 15:00:00,29.78203,18.0,-11.78203010559082
2023-06-14 18:00:00,30.902925,20.0,-10.902925491333008
2023-06-14 21:00:00,33.69769,21.0,-12.697689056396484
2023-06-15 00:00:00,10.039457,27.0,16.960542678833008
2023-06-15 03:00:00,18.031414,19.0,0.9685859680175781
2023-06-15 06:00:00,35.664925,36.0,0.33507537841796875
2023-06-15 09:00:00,52.28162,26.0,-26.281620025634766
2023-06-15 12:00:00,74.13905,25.0,-49.13905334472656
2023-06-15 15:00:00,71.263115,23.0,-48.26311492919922
2023-06-15 18:00:00,58.172874,23.0,-35.172874450683594
2023-06-15 21:00:00,48.68184,37.0,-11.681838989257812
2023-06-16 00:00:00,11.173142,18.0,6.826857566833496
2023-06-16 03:00:00,12.569217,11.0,-1.5692167282104492
2023-06-16 06:00:00,12.545115,15.0,2.4548845291137695
2023-06-16 09:00:00,13.128556,11.0,-2.128556251525879
2023-06-16 12:00:00,4.106141,3.0,-1.1061410903930664
2023-06-16 15:00:00,3.5072389,12.0,8.492761135101318
2023-06-16 18:00:00,3.296691,9.0,5.703309059143066
2023-06-16 21:00:00,4.5006347,21.0,16.49936532974243
2023-06-17 00:00:00,0.0,2.0,2.0
2023-06-17 03:00:00,0.2652314,9.0,8.734768599271774
2023-06-17 06:00:00,0.0,8.0,8.0
2023-06-17 09:00:00,0.449063,7.0,6.550936996936798
2023-06-17 12:00:00,14.788099,6.0,-8.78809928894043
2023-06-17 15:00:00,8.915436,6.0,-2.915435791015625
2023-06-17 18:00:00,5.9686728,11.0,5.031327247619629
2023-06-17 21:00:00,4.390813,8.0,3.609187126159668
2023-06-18 00:00:00,8.659754,5.0,-3.6597537994384766
2023-06-18 03:00:00,9.651103,6.0,-3.6511030197143555
2023-06-18 06:00:00,8.99945,5.0,-3.9994497299194336
2023-06-18 09:00:00,11.68064,6.0,-5.68064022064209
2023-06-18 12:00:00,14.325906,8.0,-6.325905799865723
2023-06-18 15:00:00,19.102345,13.0,-6.102344512939453
2023-06-18 18:00:00,26.823158,19.0,-7.823158264160156
2023-06-18 21:00:00,33.45235,21.0,-12.452350616455078
2023-06-19 00:00:00,21.225332,25.0,3.774667739868164
2023-06-19 03:00:00,21.573442,25.0,3.4265575408935547
2023-06-19 06:00:00,21.930418,21.0,-0.9304180145263672
2023-06-19 09:00:00,16.525974,17.0,0.4740257263183594
2023-06-19 12:00:00,17.483843,17.0,-0.4838428497314453
2023-06-19 15:00:00,19.646051,18.0,-1.6460514068603516
2023-06-19 18:00:00,27.91046,16.0,-11.910459518432617
2023-06-19 21:00:00,31.233185,27.0,-4.233184814453125
2023-06-20 00:00:00,29.805733,12.0,-17.80573272705078
2023-06-20 03:00:00,32.228626,13.0,-19.228626251220703
2023-06-20 06:00:00,33.10106,16.0,-17.101058959960938
2023-06-20 09:00:00,30.601313,15.0,-15.601312637329102
2023-06-20 12:00:00,10.741133,13.0,2.2588672637939453
2023-06-20 15:00:00,9.054588,13.0,3.9454116821289062
2023-06-20 18:00:00,10.070323,14.0,3.9296770095825195
2023-06-20 21:00:00,12.433588,24.0,11.566411972045898
2023-06-21 00:00:00,9.5624275,17.0,7.437572479248047
2023-06-21 03:00:00,13.885142,9.0,-4.8851423263549805
2023-06-21 06:00:00,17.936827,12.0,-5.936826705932617
2023-06-21 09:00:00,23.014536,10.0,-13.014535903930664
2023-06-21 12:00:00,33.293644,7.0,-26.293643951416016
2023-06-21 15:00:00,28.277441,10.0,-18.277441024780273
2023-06-21 18:00:00,19.364506,10.0,-9.364505767822266
2023-06-21 21:00:00,14.796115,36.0,21.203885078430176
2023-06-22 00:00:00,22.183485,12.0,-10.18348503112793
2023-06-22 03:00:00,17.820412,11.0,-6.820411682128906
2023-06-22 06:00:00,17.014828,14.0,-3.0148277282714844
2023-06-22 09:00:00,14.914577,17.0,2.085423469543457
2023-06-22 12:00:00,26.179123,8.0,-18.179122924804688
2023-06-22 15:00:00,32.38165,12.0,-20.381649017333984
2023-06-22 18:00:00,35.982338,7.0,-28.982337951660156
2023-06-22 21:00:00,35.502125,25.0,-10.502124786376953
2023-06-23 00:00:00,9.593805,24.0,14.406194686889648
2023-06-23 03:00:00,10.657686,17.0,6.342313766479492
2023-06-23 06:00:00,11.419161,11.0,-0.4191608428955078
2023-06-23 09:00:00,13.652425,10.0,-3.6524248123168945
2023-06-23 12:00:00,3.819423,7.0,3.180577039718628
2023-06-23 15:00:00,5.7211766,11.0,5.278823375701904
2023-06-23 18:00:00,7.3021054,10.0,2.69789457321167
2023-06-23 21:00:00,9.75524,25.0,15.244759559631348
2023-06-24 00:00:00,18.020159,17.0,-1.0201587677001953
2023-06-24 03:00:00,12.050805,12.0,-0.050805091857910156
2023-06-24 06:00:00,8.44284,10.0,1.5571603775024414
2023-06-24 09:00:00,7.2411695,10.0,2.7588305473327637
2023-06-24 12:00:00,20.527523,11.0,-9.527523040771484
2023-06-24 15:00:00,19.130312,10.0,-9.130311965942383
2023-06-24 18:00:00,19.288109,14.0,-5.288108825683594
2023-06-24 21:00:00,19.079834,17.0,-2.079833984375
2023-06-25 00:00:00,19.780373,13.0,-6.780372619628906
2023-06-25 03:00:00,16.551554,9.0,-7.551553726196289
2023-06-25 06:00:00,11.922452,11.0,-0.9224519729614258
2023-06-25 09:00:00,11.022166,12.0,0.9778337478637695
2023-06-25 12:00:00,11.458951,11.0,-0.4589509963989258
2023-06-25 15:00:00,17.420008,11.0,-6.420007705688477
2023-06-25 18:00:00,21.515234,12.0,-9.515233993530273
2023-06-25 21:00:00,22.544783,29.0,6.455217361450195
2023-06-26 00:00:00,0.0,9.0,9.0
2023-06-26 03:00:00,0.0,13.0,13.0
2023-06-26 06:00:00,0.0,13.0,13.0
2023-06-26 09:00:00,0.1926992,15.0,14.807300806045532
2023-06-26 12:00:00,10.071176,16.0,5.928824424743652
2023-06-26 15:00:00,10.315262,15.0,4.6847381591796875
2023-06-26 18:00:00,13.864565,11.0,-2.864564895629883
2023-06-26 21:00:00,16.03189,21.0,4.968109130859375
2023-06-27 00:00:00,13.949602,13.0,-0.9496021270751953
2023-06-27 03:00:00,14.385478,12.0,-2.3854780197143555
2023-06-27 06:00:00,14.224042,9.0,-5.224041938781738
2023-06-27 09:00:00,15.263595,13.0,-2.263594627380371
2023-06-27 12:00:00,5.366928,9.0,3.6330718994140625
2023-06-27 15:00:00,13.09354,16.0,2.9064598083496094
2023-06-27 18:00:00,17.582806,15.0,-2.582805633544922
2023-06-27 21:00:00,19.17624,19.0,-0.1762409210205078
2023-06-28 00:00:00,9.534915,10.0,0.4650850296020508
2023-06-28 03:00:00,12.776809,16.0,3.223191261291504
2023-06-28 06:00:00,13.563749,9.0,-4.563749313354492
2023-06-28 09:00:00,14.548277,6.0,-8.548276901245117
2023-06-28 12:00:00,10.242729,11.0,0.7572708129882812
2023-06-28 15:00:00,5.7414126,15.0,9.25858736038208
2023-06-28 18:00:00,5.564402,18.0,12.435597896575928
2023-06-28 21:00:00,6.4562755,25.0,18.543724536895752
2023-06-29 00:00:00,8.198868,13.0,4.8011322021484375
2023-06-29 03:00:00,11.296038,14.0,2.7039623260498047
2023-06-29 06:00:00,14.904799,12.0,-2.904799461364746
2023-06-29 09:00:00,15.833621,13.0,-2.833621025085449
2023-06-29 12:00:00,20.665539,15.0,-5.665538787841797
2023-06-29 15:00:00,18.890432,21.0,2.109567642211914
2023-06-29 18:00:00,19.31062,14.0,-5.310619354248047
2023-06-29 21:00:00,19.614958,18.0,-1.6149578094482422
2023-06-30 00:00:00,15.294972,19.0,3.7050275802612305
2023-06-30 03:00:00,14.199714,15.0,0.8002862930297852
2023-06-30 06:00:00,12.099008,12.0,-0.09900760650634766
2023-06-30 09:00:00,10.455551,8.0,-2.4555511474609375
2023-06-30 12:00:00,2.012257,16.0,13.987742900848389
2023-06-30 15:00:00,3.5813627,20.0,16.4186372756958
2023-06-30 18:00:00,4.9772096,10.0,5.022790431976318
2023-06-30 21:00:00,7.2966485,30.0,22.703351497650146
2023-07-01 00:00:00,0.33219293,24.0,23.667807072401047
2023-07-01 03:00:00,0.7828476,15.0,14.217152416706085
2023-07-01 06:00:00,0.0,7.0,7.0
2023-07-01 09:00:00,0.0,10.0,10.0
2023-07-01 12:00:00,12.376177,5.0,-7.376176834106445
2023-07-01 15:00:00,8.525376,10.0,1.474623680114746
2023-07-01 18:00:00,8.794131,13.0,4.205868721008301
2023-07-01 21:00:00,10.978738,9.0,-1.9787378311157227
2023-07-02 00:00:00,38.372265,18.0,-20.372264862060547
2023-07-02 03:00:00,32.128357,12.0,-20.12835693359375
2023-07-02 06:00:00,24.276232,11.0,-13.27623176574707
2023-07-02 09:00:00,19.407253,10.0,-9.40725326538086
2023-07-02 12:00:00,5.6541014,7.0,1.3458986282348633
2023-07-02 15:00:00,8.25753,10.0,1.7424697875976562
2023-07-02 18:00:00,10.623125,11.0,0.3768749237060547
2023-07-02 21:00:00,13.596946,18.0,4.403054237365723
2023-07-03 00:00:00,4.861704,9.0,4.138296127319336
2023-07-03 03:00:00,5.9249034,8.0,2.075096607208252
2023-07-03 06:00:00,5.540869,11.0,5.459130764007568
2023-07-03 09:00:00,6.9148884,11.0,4.085111618041992
2023-07-03 12:00:00,9.331415,15.0,5.668584823608398
2023-07-03 15:00:00,7.8916855,17.0,9.108314514160156
2023-07-03 18:00:00,8.335519,11.0,2.6644811630249023
2023-07-03 21:00:00,10.815484,44.0,33.184515953063965
2023-07-04 00:00:00,0.0,11.0,11.0
2023-07-04 03:00:00,0.0,11.0,11.0
2023-07-04 06:00:00,0.0,10.0,10.0
2023-07-04 09:00:00,0.9949872,12.0,11.005012810230255
2023-07-04 12:00:00,7.0335774,10.0,2.9664225578308105
2023-07-04 15:00:00,9.347332,11.0,1.6526679992675781
2023-07-04 18:00:00,10.022632,14.0,3.9773683547973633
2023-07-04 21:00:00,10.706572,21.0,10.293428421020508
2023-07-05 00:00:00,0.8826646,15.0,14.117335379123688
2023-07-05 03:00:00,2.6520865,10.0,7.347913503646851
2023-07-05 06:00:00,3.6352503,3.0,-0.6352503299713135
2023-07-05 09:00:00,5.4506016,9.0,3.549398422241211
2023-07-05 12:00:00,4.9076333,9.0,4.092366695404053
2023-07-05 15:00:00,3.2819116,14.0,10.718088388442993
2023-07-05 18:00:00,2.329898,15.0,12.670101881027222
2023-07-05 21:00:00,3.73916,19.0,15.260839939117432
2023-07-06 00:00:00,13.127874,23.0,9.872125625610352
2023-07-06 03:00:00,14.330453,19.0,4.669547080993652
2023-07-06 06:00:00,14.505758,20.0,5.494241714477539
2023-07-06 09:00:00,14.805892,24.0,9.194108009338379
2023-07-06 12:00:00,22.210089,21.0,-1.2100887298583984
2023-07-06 15:00:00,25.854206,19.0,-6.854206085205078
2023-07-06 18:00:00,27.25983,20.0,-7.259830474853516
2023-07-06 21:00:00,24.991095,23.0,-1.9910945892333984
2023-07-07 00:00:00,24.357292,25.0,0.6427078247070312
2023-07-07 03:00:00,23.271923,14.0,-9.271923065185547
2023-07-07 06:00:00,22.664381,17.0,-5.66438102722168
2023-07-07 09:00:00,23.17529,11.0,-12.175289154052734
2023-07-07 12:00:00,2.5274858,9.0,6.4725141525268555
2023-07-07 15:00:00,3.054538,14.0,10.945461988449097
2023-07-07 18:00:00,4.270987,19.0,14.729012966156006
2023-07-07 21:00:00,6.6042957,28.0,21.39570426940918
2023-07-08 00:00:00,1.0962821,24.0,22.903717875480652
2023-07-08 03:00:00,1.3951648,10.0,8.604835152626038
2023-07-08 06:00:00,0.343789,13.0,12.656210988759995
2023-07-08 09:00:00,0.5065886,11.0,10.493411421775818
2023-07-08 12:00:00,17.240381,7.0,-10.240381240844727
2023-07-08 15:00:00,11.327984,13.0,1.6720161437988281
2023-07-08 18:00:00,8.439543,11.0,2.560457229614258
2023-07-08 21:00:00,9.42714,21.0,11.572859764099121
2023-07-09 00:00:00,19.536402,15.0,-4.536401748657227
2023-07-09 03:00:00,11.598104,17.0,5.4018964767456055
2023-07-09 06:00:00,8.804591,14.0,5.195408821105957
2023-07-09 09:00:00,7.7611732,12.0,4.238826751708984
2023-07-09 12:00:00,4.0504346,11.0,6.949565410614014
2023-07-09 15:00:00,5.7953,17.0,11.204699993133545
2023-07-09 18:00:00,7.2357125,19.0,11.76428747177124
2023-07-09 21:00:00,10.507392,11.0,0.49260807037353516
2023-07-10 00:00:00,6.1687617,12.0,5.831238269805908
2023-07-10 03:00:00,6.6490884,11.0,4.350911617279053
2023-07-10 06:00:00,7.304152,11.0,3.695847988128662
2023-07-10 09:00:00,9.9576025,9.0,-0.9576025009155273
2023-07-10 12:00:00,6.2850633,11.0,4.71493673324585
2023-07-10 15:00:00,6.6283975,17.0,10.371602535247803
2023-07-10 18:00:00,5.9740157,17.0,11.025984287261963
2023-07-10 21:00:00,8.005145,17.0,8.994854927062988
2023-07-11 00:00:00,8.704319,13.0,4.295680999755859
2023-07-11 03:00:00,8.079268,16.0,7.920731544494629
2023-07-11 06:00:00,7.898279,13.0,5.101720809936523
2023-07-11 09:00:00,9.899168,13.0,3.100831985473633
2023-07-11 12:00:00,6.6681876,12.0,5.331812381744385
2023-07-11 15:00:00,8.506731,11.0,2.4932689666748047
2023-07-11 18:00:00,8.710913,12.0,3.2890872955322266
2023-07-11 21:00:00,9.180667,20.0,10.81933307647705
2023-07-12 00:00:00,6.6173697,19.0,12.382630348205566
2023-07-12 03:00:00,6.807795,14.0,7.19220495223999
2023-07-12 06:00:00,6.294613,13.0,6.705387115478516
2023-07-12 09:00:00,7.4251146,11.0,3.574885368347168
2023-07-12 12:00:00,0.29331204,9.0,8.706687957048416
2023-07-12 15:00:00,1.3360478,9.0,7.6639522314071655
2023-07-12 18:00:00,2.2357655,9.0,6.76423454284668
2023-07-12 21:00:00,3.1357102,17.0,13.8642897605896
2023-07-13 00:00:00,7.640665,12.0,4.359334945678711
2023-07-13 03:00:00,5.2209544,9.0,3.779045581817627
2023-07-13 06:00:00,3.753712,13.0,9.246288061141968
2023-07-13 09:00:00,3.0991032,10.0,6.900896787643433
2023-07-13 12:00:00,9.750238,7.0,-2.7502384185791016
2023-07-13 15:00:00,16.110334,18.0,1.8896656036376953
2023-07-13 18:00:00,19.963636,19.0,-0.9636363983154297
2023-07-13 21:00:00,20.147581,17.0,-3.147581100463867
2023-07-14 06:00:00,25.042936,14.0,-11.042936325073242
2023-07-15 00:00:00,21.331743,17.0,-4.331743240356445
2023-07-15 03:00:00,22.257608,17.0,-5.257608413696289
2023-07-15 06:00:00,24.341034,13.0,-11.341033935546875
2023-07-15 09:00:00,24.894007,9.0,-15.894006729125977
2023-07-16 15:00:00,34.543518,9.0,-25.54351806640625
2023-07-16 18:00:00,30.465343,14.0,-16.465343475341797
2023-07-16 21:00:00,28.332806,11.0,-17.332805633544922
2023-07-17 00:00:00,51.09996,14.0,-37.09996032714844
2023-07-17 03:00:00,47.64229,11.0,-36.64228820800781
2023-07-17 06:00:00,47.998356,14.0,-33.998355865478516
2023-07-17 09:00:00,48.820538,7.0,-41.82053756713867
2023-07-17 12:00:00,27.619762,11.0,-16.619762420654297
2023-07-17 15:00:00,25.098188,13.0,-12.098188400268555
2023-07-17 18:00:00,17.079174,11.0,-6.079174041748047
2023-07-17 21:00:00,17.61441,28.0,10.385589599609375
2023-07-18 00:00:00,23.823532,15.0,-8.823532104492188
2023-07-18 03:00:00,17.284266,15.0,-2.2842655181884766
2023-07-18 06:00:00,11.022735,12.0,0.9772653579711914
2023-07-18 09:00:00,12.094687,10.0,-2.0946874618530273
2023-07-18 12:00:00,11.874363,11.0,-0.8743629455566406
2023-07-18 15:00:00,21.752384,11.0,-10.752384185791016
2023-07-18 18:00:00,29.72115,17.0,-12.721149444580078
2023-07-18 21:00:00,29.027433,30.0,0.9725666046142578
2023-07-19 00:00:00,27.915804,19.0,-8.915803909301758
2023-07-19 03:00:00,21.253073,9.0,-12.253072738647461
2023-07-19 06:00:00,16.811554,13.0,-3.811553955078125
2023-07-19 09:00:00,16.887043,12.0,-4.887042999267578
2023-07-19 12:00:00,6.245955,12.0,5.754045009613037
2023-07-19 15:00:00,5.2880297,15.0,9.711970329284668
2023-07-19 18:00:00,5.483571,27.0,21.51642894744873
2023-07-19 21:00:00,7.3137016,17.0,9.686298370361328
2023-07-20 00:00:00,0.4092726,10.0,9.590727388858795
2023-07-20 03:00:00,0.66984284,13.0,12.330157160758972
2023-07-20 06:00:00,0.28035173,12.0,11.719648271799088
2023-07-20 09:00:00,2.845809,12.0,9.154191017150879
2023-07-20 12:00:00,19.435902,12.0,-7.435901641845703
2023-07-20 15:00:00,14.450734,13.0,-1.4507341384887695
2023-07-20 18:00:00,12.842065,17.0,4.15793514251709
2023-07-20 21:00:00,14.006218,18.0,3.9937820434570312
2023-07-21 00:00:00,37.427525,15.0,-22.42752456665039
2023-07-21 03:00:00,32.91143,11.0,-21.91143035888672
2023-07-21 06:00:00,26.376255,17.0,-9.37625503540039
2023-07-21 09:00:00,21.354708,8.0,-13.354707717895508
2023-07-21 12:00:00,4.325784,9.0,4.674215793609619
2023-07-21 15:00:00,3.7971404,13.0,9.20285964012146
2023-07-21 18:00:00,4.0959096,17.0,12.904090404510498
2023-07-21 21:00:00,6.6308985,11.0,4.369101524353027
2023-07-22 00:00:00,17.61009,11.0,-6.610090255737305
2023-07-22 03:00:00,16.342255,17.0,0.657745361328125
2023-07-22 06:00:00,20.223978,8.0,-12.223978042602539
2023-07-22 09:00:00,25.090685,11.0,-14.09068489074707
2023-07-22 12:00:00,29.333477,12.0,-17.333477020263672
2023-07-22 15:00:00,32.69315,13.0,-19.69314956665039
2023-07-22 18:00:00,31.75728,17.0,-14.757280349731445
2023-07-22 21:00:00,29.978764,16.0,-13.978763580322266
2023-07-23 00:00:00,9.648488,11.0,1.3515119552612305
2023-07-23 03:00:00,10.30753,11.0,0.692469596862793
2023-07-23 06:00:00,11.126304,10.0,-1.1263036727905273
2023-07-23 09:00:00,15.601927,9.0,-6.601926803588867
2023-07-23 12:00:00,9.524001,9.0,-0.5240011215209961
2023-07-23 15:00:00,9.901214,11.0,1.0987863540649414
2023-07-23 18:00:00,10.611529,14.0,3.3884706497192383
2023-07-23 21:00:00,15.138312,18.0,2.861687660217285
2023-07-24 00:00:00,24.771908,16.0,-8.771907806396484
2023-07-24 03:00:00,18.804258,14.0,-4.804258346557617
2023-07-24 06:00:00,18.208311,19.0,0.7916889190673828
2023-07-24 09:00:00,19.767868,17.0,-2.7678680419921875
2023-07-24 12:00:00,3.5270205,33.0,29.47297954559326
2023-07-24 15:00:00,5.2850738,32.0,26.71492624282837
2023-07-24 18:00:00,6.6554546,31.0,24.344545364379883
2023-07-24 21:00:00,11.028078,45.0,33.97192192077637
2023-07-25 00:00:00,19.808113,23.0,3.1918869018554688
2023-07-25 03:00:00,20.181232,30.0,9.818767547607422
2023-07-25 06:00:00,21.58913,23.0,1.4108695983886719
2023-07-25 09:00:00,25.496092,16.0,-9.496091842651367
2023-07-25 12:00:00,34.699497,13.0,-21.69949722290039
2023-07-25 15:00:00,32.790012,13.0,-19.79001235961914
2023-07-25 18:00:00,28.657269,12.0,-16.657268524169922
2023-07-25 21:00:00,25.191866,10.0,-15.191865921020508
2023-07-26 00:00:00,55.52647,23.0,-32.52647018432617
2023-07-26 03:00:00,48.536777,37.0,-11.53677749633789
2023-07-26 06:00:00,45.685738,15.0,-30.68573760986328
2023-07-26 09:00:00,42.493183,17.0,-25.493183135986328
2023-07-26 12:00:00,13.354224,11.0,-2.35422420501709
2023-07-26 15:00:00,19.017988,16.0,-3.0179882049560547
2023-07-26 18:00:00,16.17866,19.0,2.821340560913086
2023-07-26 21:00:00,14.840452,20.0,5.159547805786133
2023-07-27 00:00:00,0.0,13.0,13.0
2023-07-27 03:00:00,0.1546141,12.0,11.845385894179344
2023-07-27 06:00:00,0.36652637,12.0,11.633473634719849
2023-07-27 09:00:00,1.5520527,12.0,10.447947263717651
2023-07-27 12:00:00,23.891745,10.0,-13.891744613647461
2023-07-27 15:00:00,26.172073,13.0,-13.172073364257812
2023-07-27 18:00:00,34.341156,13.0,-21.341156005859375
2023-07-27 21:00:00,36.43163,15.0,-21.431629180908203
2023-07-28 00:00:00,51.20728,15.0,-36.207279205322266
2023-07-28 03:00:00,47.742332,15.0,-32.742332458496094
2023-07-28 06:00:00,45.433353,16.0,-29.433353424072266
2023-07-28 09:00:00,43.25511,13.0,-30.255111694335938
2023-07-28 12:00:00,12.758391,13.0,0.2416086196899414
2023-07-28 15:00:00,14.914122,14.0,-0.9141216278076172
2023-07-28 18:00:00,16.397736,17.0,0.602264404296875
2023-07-28 21:00:00,18.243555,17.0,-1.2435550689697266
2023-07-29 00:00:00,18.606215,8.0,-10.60621452331543
2023-07-29 03:00:00,18.298124,11.0,-7.298124313354492
2023-07-29 06:00:00,18.536411,15.0,-3.5364112854003906
2023-07-29 09:00:00,18.953188,12.0,-6.953187942504883
2023-07-29 12:00:00,23.10344,11.0,-12.103439331054688
2023-07-29 15:00:00,20.097786,14.0,-6.097785949707031
2023-07-29 18:00:00,19.045729,10.0,-9.04572868347168
2023-07-29 21:00:00,20.74944,27.0,6.250560760498047
2023-07-30 00:00:00,21.426218,9.0,-12.426218032836914
2023-07-30 03:00:00,19.17715,10.0,-9.17715072631836
2023-07-30 06:00:00,19.123035,21.0,1.8769645690917969
2023-07-30 09:00:00,21.420193,11.0,-10.42019271850586
2023-07-30 12:00:00,18.528227,10.0,-8.528226852416992
2023-07-30 15:00:00,17.723324,15.0,-2.7233238220214844
2023-07-30 18:00:00,17.473667,21.0,3.5263328552246094
2023-07-30 21:00:00,19.254457,17.0,-2.254457473754883
2023-07-31 00:00:00,20.63291,11.0,-9.632909774780273
2023-07-31 03:00:00,20.709877,15.0,-5.709877014160156
2023-07-31 06:00:00,22.106861,20.0,-2.106861114501953
2023-07-31 09:00:00,23.886059,17.0,-6.886058807373047
2023-07-31 12:00:00,17.643288,16.0,-1.6432876586914062
2023-07-31 15:00:00,16.02757,16.0,-0.027570724487304688
2023-07-31 18:00:00,20.155539,19.0,-1.155538558959961
2023-07-31 21:00:00,22.391987,26.0,3.608013153076172
2023-08-01 00:00:00,0.050249584,24.0,23.949750415980816
2023-08-01 03:00:00,0.3947207,15.0,14.605279296636581
2023-08-01 06:00:00,1.5129445,18.0,16.48705554008484
2023-08-01 09:00:00,6.17797,23.0,16.822030067443848
2023-08-01 12:00:00,21.443157,15.0,-6.443157196044922
2023-08-01 15:00:00,19.324717,5.0,-14.324716567993164
2023-08-01 18:00:00,18.21968,7.0,-11.219680786132812
2023-08-01 21:00:00,18.233095,12.0,-6.233095169067383
2023-08-02 00:00:00,38.764595,8.0,-30.76459503173828
2023-08-02 03:00:00,34.121284,13.0,-21.12128448486328
2023-08-02 06:00:00,32.86641,13.0,-19.866409301757812
2023-08-02 09:00:00,32.627666,10.0,-22.627666473388672
2023-08-02 12:00:00,20.739662,11.0,-9.739662170410156
2023-08-02 15:00:00,17.45002,11.0,-6.450019836425781
2023-08-02 18:00:00,14.671059,11.0,-3.6710586547851562
2023-08-02 21:00:00,14.771502,13.0,-1.7715015411376953
2023-08-03 00:00:00,7.3865747,7.0,-0.38657474517822266
2023-08-03 03:00:00,14.665148,8.0,-6.66514778137207
2023-08-03 06:00:00,20.28355,17.0,-3.283550262451172
2023-08-03 09:00:00,25.848066,11.0,-14.848066329956055
2023-08-03 12:00:00,33.22134,5.0,-28.22134017944336
2023-08-03 15:00:00,28.6891,12.0,-16.68910026550293
2023-08-03 18:00:00,25.04737,7.0,-18.04737091064453
2023-08-03 21:00:00,22.719292,13.0,-9.719291687011719
2023-08-04 00:00:00,22.407448,7.0,-15.407447814941406
2023-08-04 03:00:00,19.31903,9.0,-10.31903076171875
2023-08-04 06:00:00,17.821775,10.0,-7.821775436401367
2023-08-04 09:00:00,15.820888,11.0,-4.820887565612793
2023-08-04 12:00:00,7.8941865,12.0,4.105813503265381
2023-08-04 15:00:00,13.279532,11.0,-2.2795324325561523
2023-08-04 18:00:00,20.11393,11.0,-9.113929748535156
2023-08-04 21:00:00,24.505198,17.0,-7.505197525024414
2023-08-05 00:00:00,56.742805,8.0,-48.74280548095703
2023-08-05 03:00:00,50.94216,10.0,-40.942161560058594
2023-08-05 06:00:00,47.557705,18.0,-29.55770492553711
2023-08-05 09:00:00,40.992744,10.0,-30.99274444580078
2023-08-05 12:00:00,69.94196,9.0,-60.94196319580078
2023-08-05 15:00:00,50.936253,9.0,-41.93625259399414
2023-08-05 18:00:00,37.576912,10.0,-27.57691192626953
2023-08-05 21:00:00,31.657692,14.0,-17.657691955566406
2023-08-06 00:00:00,14.2565565,8.0,-6.256556510925293
2023-08-06 03:00:00,11.72134,8.0,-3.7213401794433594
2023-08-06 06:00:00,8.647248,11.0,2.3527517318725586
2023-08-06 09:00:00,9.190899,9.0,-0.19089889526367188
2023-08-06 12:00:00,44.161427,17.0,-27.161426544189453
2023-08-06 15:00:00,28.12476,66.0,37.875240325927734
2023-08-06 18:00:00,23.086159,27.0,3.9138412475585938
2023-08-06 21:00:00,25.188002,28.0,2.8119983673095703
2023-08-07 00:00:00,22.063204,10.0,-12.063203811645508
2023-08-07 03:00:00,20.893139,16.0,-4.893138885498047
2023-08-07 06:00:00,15.817249,10.0,-5.817249298095703
2023-08-07 09:00:00,11.635848,8.0,-3.635848045349121
2023-08-07 12:00:00,4.0558915,6.0,1.944108486175537
2023-08-07 15:00:00,6.5974746,8.0,1.4025254249572754
2023-08-07 18:00:00,9.549694,8.0,-1.5496940612792969
2023-08-07 21:00:00,13.876161,19.0,5.123839378356934
2023-08-08 00:00:00,12.93165,4.0,-8.931650161743164
2023-08-08 03:00:00,11.095721,8.0,-3.0957212448120117
2023-08-08 06:00:00,9.780706,2.0,-7.780706405639648
2023-08-08 09:00:00,9.991027,3.0,-6.991026878356934
2023-08-08 12:00:00,9.432824,4.0,-5.43282413482666
2023-08-08 15:00:00,7.076551,7.0,-0.07655096054077148
2023-08-08 18:00:00,6.28188,12.0,5.718120098114014
2023-08-08 21:00:00,7.3466706,7.0,-0.34667062759399414
2023-08-09 00:00:00,11.794555,2.0,-9.794554710388184
2023-08-09 03:00:00,12.282498,5.0,-7.282498359680176
2023-08-09 06:00:00,11.258181,6.0,-5.258180618286133
2023-08-09 09:00:00,12.999408,5.0,-7.999407768249512
2023-08-09 12:00:00,3.811465,5.0,1.1885349750518799
2023-08-09 15:00:00,4.7530193,10.0,5.246980667114258
2023-08-09 18:00:00,5.100901,8.0,2.8990988731384277
2023-08-09 21:00:00,6.320306,17.0,10.679694175720215
2023-08-10 00:00:00,15.790988,9.0,-6.790987968444824
2023-08-10 03:00:00,18.366337,7.0,-11.366336822509766
2023-08-10 06:00:00,22.963377,22.0,-0.9633769989013672
2023-08-10 09:00:00,27.596571,22.0,-5.59657096862793
2023-08-10 12:00:00,27.006308,10.0,-17.00630760192871
2023-08-10 15:00:00,18.51049,16.0,-2.5104904174804688
2023-08-10 18:00:00,11.233169,11.0,-0.2331686019897461
2023-08-10 21:00:00,10.188728,16.0,5.811271667480469
2023-08-11 00:00:00,20.384731,13.0,-7.384731292724609
2023-08-11 03:00:00,13.327621,9.0,-4.3276214599609375
2023-08-11 06:00:00,6.8093867,10.0,3.190613269805908
2023-08-11 09:00:00,4.5038176,8.0,3.496182441711426
2023-08-11 12:00:00,3.9608495,9.0,5.0391504764556885
2023-08-11 15:00:00,5.362608,11.0,5.637392044067383
2023-08-11 18:00:00,8.673396,12.0,3.326603889465332
2023-08-11 21:00:00,12.745659,31.0,18.25434112548828
2023-08-12 00:00:00,54.491467,12.0,-42.4914665222168
2023-08-12 03:00:00,54.345493,9.0,-45.34549331665039
2023-08-12 06:00:00,52.83164,14.0,-38.83163833618164
2023-08-12 09:00:00,45.437447,11.0,-34.43744659423828
2023-08-12 12:00:00,35.330116,12.0,-23.330116271972656
2023-08-12 15:00:00,28.46923,13.0,-15.469230651855469
2023-08-12 18:00:00,23.271013,15.0,-8.271013259887695
2023-08-12 21:00:00,21.090273,13.0,-8.090272903442383
2023-08-13 00:00:00,9.699761,9.0,-0.6997613906860352
2023-08-13 03:00:00,9.902123,13.0,3.09787654876709
2023-08-13 06:00:00,6.897608,15.0,8.102392196655273
2023-08-13 09:00:00,6.054961,15.0,8.945038795471191
2023-08-13 12:00:00,35.589325,16.0,-19.589324951171875
2023-08-13 15:00:00,27.042915,15.0,-12.042915344238281
2023-08-13 18:00:00,23.894926,20.0,-3.894926071166992
2023-08-13 21:00:00,22.887661,15.0,-7.887660980224609
2023-08-14 00:00:00,30.257524,11.0,-19.257524490356445
2023-08-14 03:00:00,24.594784,9.0,-15.594783782958984
2023-08-14 06:00:00,20.385868,14.0,-6.385868072509766
2023-08-14 09:00:00,16.147852,11.0,-5.147851943969727
2023-08-14 12:00:00,4.4647093,10.0,5.535290718078613
2023-08-14 15:00:00,4.7652974,9.0,4.2347025871276855
2023-08-14 18:00:00,5.5497365,15.0,9.450263500213623
2023-08-14 21:00:00,7.3307548,16.0,8.66924524307251
2023-08-15 00:00:00,7.6150856,11.0,3.3849143981933594
2023-08-15 03:00:00,8.403958,12.0,3.596041679382324
2023-08-15 06:00:00,9.683845,15.0,5.316155433654785
2023-08-15 09:00:00,13.083991,17.0,3.916008949279785
2023-08-15 12:00:00,11.84435,18.0,6.1556501388549805
2023-08-15 15:00:00,20.03617,24.0,3.9638309478759766
2023-08-15 18:00:00,21.481356,18.0,-3.481355667114258
2023-08-15 21:00:00,19.22831,39.0,19.771690368652344
2023-08-16 00:00:00,5.591573,30.0,24.408426761627197
2023-08-16 03:00:00,6.53381,20.0,13.466189861297607
2023-08-16 06:00:00,5.6670613,22.0,16.33293867111206
2023-08-16 09:00:00,4.3432918,25.0,20.656708240509033
2023-08-16 12:00:00,21.015694,15.0,-6.015693664550781
2023-08-16 15:00:00,18.997753,19.0,0.002246856689453125
2023-08-16 18:00:00,20.79355,21.0,0.2064495086669922
2023-08-16 21:00:00,21.66462,22.0,0.33538055419921875
2023-08-17 00:00:00,19.637356,24.0,4.362644195556641
2023-08-17 03:00:00,17.102707,30.0,12.897293090820312
2023-08-17 06:00:00,17.267212,25.0,7.7327880859375
2023-08-17 09:00:00,18.470928,25.0,6.529071807861328
2023-08-17 12:00:00,30.629963,23.0,-7.629962921142578
2023-08-17 15:00:00,29.434887,18.0,-11.434886932373047
2023-08-17 18:00:00,28.573027,17.0,-11.573026657104492
2023-08-17 21:00:00,29.197508,17.0,-12.197507858276367
2023-08-18 00:00:00,37.188896,22.0,-15.188896179199219
2023-08-18 03:00:00,46.14503,25.0,-21.145030975341797
2023-08-18 06:00:00,53.026726,24.0,-29.02672576904297
2023-08-18 09:00:00,55.25476,21.0,-34.2547607421875
2023-08-18 12:00:00,46.238712,19.0,-27.238712310791016
2023-08-18 15:00:00,40.679195,17.0,-23.679195404052734
2023-08-18 18:00:00,34.19632,21.0,-13.196319580078125
2023-08-18 21:00:00,29.468992,16.0,-13.468992233276367
2023-08-19 00:00:00,41.351997,13.0,-28.35199737548828
2023-08-19 03:00:00,42.908596,22.0,-20.90859603881836
2023-08-19 06:00:00,41.105522,12.0,-29.10552215576172
2023-08-19 09:00:00,38.20287,6.0,-32.2028694152832
2023-08-19 12:00:00,37.849075,16.0,-21.849075317382812
2023-08-19 15:00:00,32.247044,17.0,-15.24704360961914
2023-08-19 18:00:00,28.862303,16.0,-12.862302780151367
2023-08-19 21:00:00,27.790634,21.0,-6.7906341552734375
2023-08-20 00:00:00,26.74858,11.0,-15.748580932617188
2023-08-20 03:00:00,25.007467,17.0,-8.007467269897461
2023-08-20 06:00:00,26.12046,26.0,-0.12046051025390625
2023-08-20 09:00:00,26.765974,25.0,-1.7659740447998047
2023-08-20 12:00:00,5.1327333,7.0,1.8672666549682617
2023-08-20 15:00:00,3.1172931,14.0,10.882706880569458
2023-08-20 18:00:00,3.147534,17.0,13.852466106414795
2023-08-20 21:00:00,7.302333,22.0,14.697667121887207
2023-08-21 00:00:00,13.414023,22.0,8.585976600646973
2023-08-21 03:00:00,15.410137,20.0,4.589862823486328
2023-08-21 06:00:00,17.030743,22.0,4.969257354736328
2023-08-21 09:00:00,17.731281,27.0,9.268718719482422
2023-08-21 12:00:00,5.8591924,30.0,24.140807628631592
2023-08-21 15:00:00,3.5311131,66.0,62.468886852264404
2023-08-21 18:00:00,7.079166,40.0,32.92083406448364
2023-08-21 21:00:00,9.071982,36.0,26.928017616271973
2023-08-22 00:00:00,23.616508,37.0,13.383491516113281
2023-08-22 03:00:00,21.867891,33.0,11.132108688354492
2023-08-22 06:00:00,25.770533,36.0,10.229467391967773
2023-08-22 09:00:00,26.716179,42.0,15.283821105957031
2023-08-22 12:00:00,15.846354,32.0,16.15364646911621
2023-08-22 15:00:00,19.808113,42.0,22.19188690185547
2023-08-22 18:00:00,26.20834,30.0,3.7916603088378906
2023-08-22 21:00:00,30.055616,86.0,55.94438362121582
2023-08-23 00:00:00,43.1869,113.0,69.8130989074707
2023-08-23 03:00:00,47.59295,62.0,14.407051086425781
2023-08-23 06:00:00,50.411926,49.0,-1.41192626953125
2023-08-23 09:00:00,50.614746,44.0,-6.61474609375
2023-08-23 12:00:00,22.38812,40.0,17.611879348754883
2023-08-23 15:00:00,19.723074,44.0,24.276926040649414
2023-08-23 18:00:00,21.144388,39.0,17.85561180114746
2023-08-23 21:00:00,25.712666,31.0,5.287334442138672
2023-08-24 00:00:00,25.894735,38.0,12.105264663696289
2023-08-24 03:00:00,26.096245,27.0,0.9037551879882812
2023-08-24 06:00:00,27.40262,35.0,7.597379684448242
2023-08-24 09:00:00,28.810291,21.0,-7.810291290283203
2023-08-24 12:00:00,35.64355,17.0,-18.643550872802734
2023-08-24 15:00:00,38.683537,18.0,-20.683536529541016
2023-08-24 18:00:00,40.187046,20.0,-20.18704605102539
2023-08-24 21:00:00,42.04048,16.0,-26.040481567382812
2023-08-25 00:00:00,45.53067,18.0,-27.530670166015625
2023-08-25 03:00:00,43.838554,24.0,-19.83855438232422
2023-08-25 06:00:00,43.883118,29.0,-14.88311767578125
2023-08-25 09:00:00,39.95615,42.0,2.0438499450683594
2023-08-25 12:00:00,46.860123,21.0,-25.860122680664062
2023-08-25 15:00:00,46.69346,28.0,-18.693458557128906
2023-08-25 18:00:00,45.542038,23.0,-22.542037963867188
2023-08-25 21:00:00,47.30248,24.0,-23.302478790283203
2023-08-26 00:00:00,36.21301,17.0,-19.213008880615234
2023-08-26 03:00:00,34.848427,19.0,-15.848426818847656
2023-08-26 06:00:00,38.73811,23.0,-15.738109588623047
2023-08-26 09:00:00,34.54329,19.0,-15.543289184570312
2023-08-26 12:00:00,49.032677,16.0,-33.032676696777344
2023-08-26 15:00:00,30.736828,18.0,-12.736827850341797
2023-08-26 18:00:00,25.335339,23.0,-2.335338592529297
2023-08-26 21:00:00,27.209467,29.0,1.7905330657958984
2023-08-27 00:00:00,41.229553,24.0,-17.22955322265625
2023-08-27 03:00:00,37.263134,29.0,-8.263134002685547
2023-08-27 06:00:00,38.46026,23.0,-15.460258483886719
2023-08-27 09:00:00,35.55715,15.0,-20.557151794433594
2023-08-27 12:00:00,23.585016,15.0,-8.585016250610352
2023-08-27 15:00:00,20.222614,22.0,1.7773857116699219
2023-08-27 18:00:00,20.090055,17.0,-3.090055465698242
2023-08-27 21:00:00,20.120296,19.0,-1.1202964782714844
2023-08-28 00:00:00,20.054586,18.0,-2.054586410522461
2023-08-28 03:00:00,18.553692,18.0,-0.5536918640136719
2023-08-28 06:00:00,19.227627,8.0,-11.22762680053711
2023-08-28 09:00:00,18.911123,13.0,-5.911123275756836
2023-08-28 12:00:00,13.392309,13.0,-0.39230918884277344
2023-08-28 15:00:00,15.683782,15.0,-0.683781623840332
2023-08-28 18:00:00,16.00074,14.0,-2.0007400512695312
2023-08-28 21:00:00,15.542128,18.0,2.4578723907470703
2023-08-29 00:00:00,21.489086,11.0,-10.489086151123047
2023-08-29 03:00:00,24.345581,11.0,-13.3455810546875
2023-08-29 06:00:00,27.683199,10.0,-17.683198928833008
2023-08-29 09:00:00,30.171122,12.0,-18.17112159729004
2023-08-29 12:00:00,24.979727,5.0,-19.979726791381836
2023-08-29 15:00:00,20.47409,16.0,-4.474090576171875
2023-08-29 18:00:00,16.41456,18.0,1.585439682006836
2023-08-29 21:00:00,17.032106,18.0,0.9678936004638672
2023-08-30 00:00:00,6.575192,13.0,6.424808025360107
2023-08-30 03:00:00,7.0886016,14.0,6.911398410797119
2023-08-30 06:00:00,4.5865817,16.0,11.413418292999268
2023-08-30 09:00:00,5.783022,18.0,12.216978073120117
2023-08-30 12:00:00,7.9039636,16.0,8.096036434173584
2023-08-30 15:00:00,8.715233,14.0,5.284767150878906
2023-08-30 18:00:00,10.067424,14.0,3.9325761795043945
2023-08-30 21:00:00,11.052634,14.0,2.9473657608032227
2023-08-31 00:00:00,15.9298,10.0,-5.929800033569336
2023-08-31 03:00:00,15.27178,10.0,-5.271780014038086
2023-08-31 06:00:00,14.533726,9.0,-5.533725738525391
2023-08-31 09:00:00,14.8717165,15.0,0.12828350067138672
2023-08-31 12:00:00,30.11371,11.0,-19.113710403442383
2023-08-31 15:00:00,29.186708,11.0,-18.186708450317383
2023-08-31 18:00:00,26.636372,11.0,-15.636371612548828
2023-08-31 21:00:00,23.946314,21.0,-2.9463138580322266
2023-09-01 00:00:00,3.9449332,15.0,11.05506682395935
2023-09-01 03:00:00,5.1206827,18.0,12.879317283630371
2023-09-01 06:00:00,3.8405688,12.0,8.159431219100952
2023-09-01 09:00:00,4.090225,6.0,1.9097747802734375
2023-09-01 12:00:00,19.636446,11.0,-8.636445999145508
2023-09-01 15:00:00,16.1358,13.0,-3.1357994079589844
2023-09-01 18:00:00,17.876232,17.0,-0.8762321472167969
2023-09-01 21:00:00,19.518097,20.0,0.481903076171875
2023-09-02 00:00:00,25.401619,14.0,-11.401618957519531
2023-09-02 03:00:00,29.760485,7.0,-22.76048469543457
2023-09-02 06:00:00,28.853605,15.0,-13.853605270385742
2023-09-02 09:00:00,34.05921,18.0,-16.05921173095703
2023-09-02 12:00:00,12.049895,21.0,8.950104713439941
2023-09-02 15:00:00,14.197554,19.0,4.802446365356445
2023-09-02 18:00:00,18.671812,20.0,1.3281879425048828
2023-09-02 21:00:00,21.112896,24.0,2.887104034423828
2023-09-03 00:00:00,9.508085,19.0,9.491914749145508
2023-09-03 03:00:00,11.183943,32.0,20.816057205200195
2023-09-03 06:00:00,10.413033,23.0,12.586967468261719
2023-09-03 09:00:00,10.175881,27.0,16.824118614196777
2023-09-03 12:00:00,1.7580533,16.0,14.241946697235107
2023-09-03 15:00:00,1.8787887,23.0,21.121211290359497
2023-09-03 18:00:00,2.7607713,23.0,20.23922872543335
2023-09-03 21:00:00,3.1152468,18.0,14.884753227233887
2023-09-04 00:00:00,0.80376595,8.0,7.196234047412872
2023-09-04 03:00:00,1.959961,12.0,10.04003894329071
2023-09-04 06:00:00,0.7557901,15.0,14.244209885597229
2023-09-04 09:00:00,3.5138328,12.0,8.486167192459106
2023-09-04 12:00:00,11.942348,12.0,0.05765247344970703
2023-09-04 15:00:00,13.676527,17.0,3.3234729766845703
2023-09-04 18:00:00,15.852152,22.0,6.147848129272461
2023-09-04 21:00:00,19.01003,17.0,-2.010030746459961
2023-09-05 00:00:00,9.804353,16.0,6.195647239685059
2023-09-05 03:00:00,12.189503,13.0,0.8104972839355469
2023-09-05 06:00:00,14.113539,15.0,0.8864612579345703
2023-09-05 09:00:00,17.256071,13.0,-4.256071090698242
2023-09-05 12:00:00,14.650596,16.0,1.3494043350219727
2023-09-05 15:00:00,19.086428,16.0,-3.086427688598633
2023-09-05 18:00:00,25.992449,22.0,-3.9924488067626953
2023-09-05 21:00:00,29.60894,19.0,-10.608940124511719
2023-09-06 00:00:00,0.4696403,17.0,16.53035968542099
2023-09-06 03:00:00,3.4993947,15.0,11.500605344772339
2023-09-06 06:00:00,5.193215,14.0,8.806785106658936
2023-09-06 09:00:00,6.831897,13.0,6.168103218078613
2023-09-06 12:00:00,8.580855,15.0,6.419144630432129
2023-09-06 15:00:00,11.717702,19.0,7.2822980880737305
2023-09-06 18:00:00,18.292212,19.0,0.7077884674072266
2023-09-06 21:00:00,22.111181,18.0,-4.111181259155273
2023-09-07 00:00:00,30.547085,14.0,-16.54708480834961
2023-09-07 03:00:00,28.20957,19.0,-9.209569931030273
2023-09-07 06:00:00,28.321665,44.0,15.678335189819336
2023-09-07 09:00:00,29.75753,47.0,17.242469787597656
2023-09-07 12:00:00,24.651627,18.0,-6.6516265869140625
2023-09-07 15:00:00,22.499933,22.0,-0.49993324279785156
2023-09-07 18:00:00,20.75194,23.0,2.2480602264404297
2023-09-07 21:00:00,24.704718,29.0,4.295282363891602
2023-09-08 00:00:00,10.998065,23.0,12.001935005187988
2023-09-08 03:00:00,13.214617,20.0,6.785383224487305
2023-09-08 06:00:00,14.509055,49.0,34.49094486236572
2023-09-08 09:00:00,13.510317,46.0,32.48968315124512
2023-09-08 12:00:00,27.64159,39.0,11.358409881591797
2023-09-08 15:00:00,25.364216,40.0,14.635784149169922
2023-09-08 18:00:00,23.01863,39.0,15.98137092590332
2023-09-08 21:00:00,25.398094,44.0,18.601905822753906
2023-09-09 00:00:00,19.593699,30.0,10.406301498413086
2023-09-09 03:00:00,26.469025,33.0,6.530975341796875
2023-09-09 06:00:00,34.682217,40.0,5.317783355712891
2023-09-09 09:00:00,43.70304,26.0,-17.703041076660156
2023-09-09 12:00:00,49.594746,23.0,-26.594745635986328
2023-09-09 15:00:00,41.99319,40.0,-1.9931907653808594
2023-09-09 18:00:00,35.50963,51.0,15.490371704101562
2023-09-09 21:00:00,36.309757,38.0,1.6902427673339844
2023-09-10 00:00:00,65.2808,39.0,-26.280799865722656
2023-09-10 03:00:00,54.872543,35.0,-19.872543334960938
2023-09-10 06:00:00,45.571598,29.0,-16.571598052978516
2023-09-10 09:00:00,36.840446,40.0,3.1595535278320312
2023-09-10 12:00:00,10.110852,32.0,21.889147758483887
2023-09-10 15:00:00,9.893483,37.0,27.10651683807373
2023-09-10 18:00:00,12.877536,21.0,8.122464179992676
2023-09-10 21:00:00,17.925344,17.0,-0.9253444671630859
2023-09-11 00:00:00,14.480747,17.0,2.5192527770996094
2023-09-11 03:00:00,14.063517,27.0,12.936483383178711
2023-09-11 06:00:00,13.617637,25.0,11.382363319396973
2023-09-11 09:00:00,12.540795,27.0,14.45920467376709
2023-09-11 12:00:00,8.758434,15.0,6.241565704345703
2023-09-11 15:00:00,9.169525,13.0,3.830474853515625
2023-09-11 18:00:00,10.756367,11.0,0.24363327026367188
2023-09-11 21:00:00,13.802037,12.0,-1.802037239074707
2023-09-12 00:00:00,50.11316,12.0,-38.1131591796875
2023-09-12 03:00:00,40.59575,23.0,-17.595748901367188
2023-09-12 06:00:00,36.158325,15.0,-21.1583251953125
2023-09-12 09:00:00,31.692934,18.0,-13.692934036254883
2023-09-12 12:00:00,17.078264,9.0,-8.078264236450195
2023-09-12 15:00:00,18.60917,11.0,-7.609170913696289
2023-09-12 18:00:00,19.003891,37.0,17.996109008789062
2023-09-12 21:00:00,18.167612,17.0,-1.167612075805664
2023-09-13 00:00:00,2.3296707,16.0,13.670329332351685
2023-09-13 03:00:00,12.670853,27.0,14.329147338867188
2023-09-13 06:00:00,23.328766,42.0,18.671234130859375
2023-09-13 09:00:00,37.244263,48.0,10.7557373046875
2023-09-13 12:00:00,62.78333,60.0,-2.7833290100097656
2023-09-13 15:00:00,80.324524,66.0,-14.32452392578125
2023-09-13 18:00:00,88.998375,70.0,-18.998374938964844
2023-09-13 21:00:00,85.04707,60.0,-25.047073364257812
2023-09-14 00:00:00,109.427216,20.0,-89.42721557617188
2023-09-14 03:00:00,100.97676,31.0,-69.97676086425781
2023-09-14 06:00:00,93.43313,44.0,-49.433128356933594
2023-09-14 09:00:00,84.11018,53.0,-31.110183715820312
2023-09-14 12:00:00,69.84772,62.0,-7.84771728515625
2023-09-14 15:00:00,73.13497,33.0,-40.134971618652344
2023-09-14 18:00:00,72.78499,40.0,-32.78498840332031
2023-09-14 21:00:00,66.51635,47.0,-19.51634979248047
2023-09-15 00:00:00,70.77892,42.0,-28.77892303466797
2023-09-15 03:00:00,62.677372,35.0,-27.677371978759766
2023-09-15 06:00:00,63.279457,29.0,-34.279457092285156
2023-09-15 09:00:00,64.57049,27.0,-37.57048797607422
2023-09-15 12:00:00,52.240013,30.0,-22.240013122558594
2023-09-15 15:00:00,57.54964,30.0,-27.549640655517578
2023-09-15 18:00:00,47.775074,23.0,-24.775074005126953
2023-09-15 21:00:00,38.853386,19.0,-19.85338592529297
2023-09-16 00:00:00,19.319145,20.0,0.6808547973632812
2023-09-16 03:00:00,19.955053,16.0,-3.9550533294677734
2023-09-16 06:00:00,17.675575,17.0,-0.6755752563476562
2023-09-16 09:00:00,16.419107,11.0,-5.419107437133789
2023-09-16 12:00:00,30.085403,10.0,-20.085403442382812
2023-09-16 15:00:00,25.093414,11.0,-14.093414306640625
2023-09-16 18:00:00,22.935183,14.0,-8.935182571411133
2023-09-16 21:00:00,21.974983,17.0,-4.974983215332031
2023-09-17 00:00:00,19.699429,19.0,-0.6994285583496094
2023-09-17 03:00:00,17.994352,14.0,-3.994352340698242
2023-09-17 06:00:00,14.472562,10.0,-4.472561836242676
2023-09-17 09:00:00,11.779548,11.0,-0.7795476913452148
2023-09-17 12:00:00,0.0,12.0,12.0
2023-09-17 15:00:00,1.6734703,14.0,12.326529741287231
2023-09-17 18:00:00,3.5215635,17.0,13.478436470031738
2023-09-17 21:00:00,4.229037,14.0,9.770963191986084
2023-09-18 00:00:00,0.0,12.0,12.0
2023-09-18 03:00:00,2.039087,11.0,8.960912942886353
2023-09-18 06:00:00,4.246431,10.0,5.75356912612915
2023-09-18 09:00:00,7.8016458,9.0,1.1983542442321777
2023-09-18 12:00:00,0.7662493,9.0,8.233750700950623
2023-09-18 15:00:00,5.2186804,12.0,6.781319618225098
2023-09-18 18:00:00,9.912128,11.0,1.0878715515136719
2023-09-18 21:00:00,13.689714,19.0,5.310285568237305
2023-09-19 00:00:00,0.0,23.0,23.0
2023-09-19 03:00:00,0.0,10.0,10.0
2023-09-19 06:00:00,1.1464181,14.0,12.85358190536499
2023-09-19 09:00:00,7.9289746,12.0,4.071025371551514
2023-09-19 12:00:00,29.927605,7.0,-22.92760467529297
2023-09-19 15:00:00,34.388336,11.0,-23.388336181640625
2023-09-19 18:00:00,36.048164,13.0,-23.04816436767578
2023-09-19 21:00:00,34.220646,17.0,-17.220645904541016
2023-09-20 00:00:00,16.68684,7.0,-9.686840057373047
2023-09-20 03:00:00,18.77254,11.0,-7.772539138793945
2023-09-20 06:00:00,23.365942,12.0,-11.365942001342773
2023-09-20 09:00:00,28.426882,12.0,-16.426881790161133
2023-09-20 12:00:00,7.3184767,14.0,6.681523323059082
2023-09-20 15:00:00,10.912572,20.0,9.087428092956543
2023-09-20 18:00:00,15.535363,19.0,3.46463680267334
2023-09-20 21:00:00,17.345428,25.0,7.654571533203125
2023-09-21 00:00:00,15.306455,14.0,-1.3064546585083008
2023-09-21 03:00:00,19.869503,16.0,-3.8695030212402344
2023-09-21 06:00:00,21.998404,16.0,-5.998403549194336
2023-09-21 09:00:00,24.796236,14.0,-10.796236038208008
2023-09-21 12:00:00,29.498665,14.0,-15.498664855957031
2023-09-21 15:00:00,35.292545,17.0,-18.292545318603516
2023-09-21 18:00:00,34.197002,16.0,-18.197002410888672
2023-09-21 21:00:00,29.859053,18.0,-11.859052658081055
2023-09-22 00:00:00,20.032417,17.0,-3.0324172973632812
2023-09-22 03:00:00,19.743084,15.0,-4.743083953857422
2023-09-22 06:00:00,20.317657,13.0,-7.317657470703125
2023-09-22 09:00:00,22.915855,10.0,-12.915855407714844
2023-09-22 12:00:00,16.778585,12.0,-4.778585433959961
2023-09-22 15:00:00,20.34517,11.0,-9.345169067382812
2023-09-22 18:00:00,16.950253,11.0,-5.950252532958984
2023-09-22 21:00:00,14.013721,13.0,-1.0137214660644531
2023-09-23 00:00:00,16.202194,16.0,-0.2021942138671875
2023-09-23 03:00:00,19.313803,13.0,-6.313802719116211
2023-09-23 06:00:00,19.757862,13.0,-6.757862091064453
2023-09-23 09:00:00,20.27832,14.0,-6.2783203125
2023-09-23 12:00:00,19.185335,13.0,-6.185335159301758
2023-09-23 15:00:00,22.31036,10.0,-12.310359954833984
2023-09-23 18:00:00,25.087502,17.0,-8.087501525878906
2023-09-23 21:00:00,24.626389,20.0,-4.6263885498046875
2023-09-24 00:00:00,20.148945,17.0,-3.148944854736328
2023-09-24 03:00:00,20.38314,11.0,-9.383140563964844
2023-09-24 06:00:00,19.607342,12.0,-7.607341766357422
2023-09-24 09:00:00,21.81787,15.0,-6.817869186401367
2023-09-24 12:00:00,6.06542,16.0,9.934579849243164
2023-09-24 15:00:00,11.737939,12.0,0.26206111907958984
2023-09-24 18:00:00,16.678768,23.0,6.321231842041016
2023-09-24 21:00:00,18.287664,12.0,-6.287664413452148
2023-09-25 00:00:00,6.660457,17.0,10.339542865753174
2023-09-25 03:00:00,9.752739,18.0,8.247261047363281
2023-09-25 06:00:00,11.153133,67.0,55.846866607666016
2023-09-25 09:00:00,9.458745,43.0,33.54125499725342
2023-09-25 12:00:00,16.019157,24.0,7.980842590332031
2023-09-25 15:00:00,12.030568,23.0,10.96943187713623
2023-09-25 18:00:00,12.147439,22.0,9.852560997009277
2023-09-25 21:00:00,15.413661,48.0,32.58633899688721
2023-09-26 00:00:00,29.362696,23.0,-6.362695693969727
2023-09-26 03:00:00,26.4655,25.0,-1.4654998779296875
2023-09-26 06:00:00,27.97907,28.0,0.020929336547851562
2023-09-26 09:00:00,27.43917,16.0,-11.439170837402344
2023-09-26 12:00:00,29.50327,20.0,-9.50326919555664
2023-09-26 15:00:00,25.038275,26.0,0.9617252349853516
2023-09-26 18:00:00,24.108545,25.0,0.8914546966552734
2023-09-26 21:00:00,25.736881,20.0,-5.736881256103516
2023-09-27 00:00:00,27.813484,24.0,-3.8134841918945312
2023-09-27 03:00:00,25.477278,21.0,-4.477277755737305
2023-09-27 06:00:00,23.623898,17.0,-6.623897552490234
2023-09-27 09:00:00,21.22107,42.0,20.7789306640625
2023-09-27 12:00:00,11.948031,25.0,13.051968574523926
2023-09-27 15:00:00,10.067368,42.0,31.932632446289062
2023-09-27 18:00:00,13.532713,42.0,28.467287063598633
2023-09-27 21:00:00,18.881907,51.0,32.118093490600586
2023-09-28 00:00:00,6.6182795,113.0,106.38172054290771
2023-09-28 03:00:00,8.705797,34.0,25.29420280456543
2023-09-28 06:00:00,9.95783,44.0,34.04216957092285
2023-09-28 09:00:00,11.863449,63.0,51.13655090332031
2023-09-28 12:00:00,39.925793,34.0,-5.925792694091797
2023-09-28 15:00:00,38.676716,76.0,37.32328414916992
2023-09-28 18:00:00,35.684822,83.0,47.31517791748047
2023-09-28 21:00:00,34.609684,104.0,69.39031600952148
2023-09-29 00:00:00,28.524256,144.0,115.47574424743652
2023-09-29 03:00:00,27.637497,102.0,74.36250305175781
2023-09-29 06:00:00,30.962553,48.0,17.037446975708008
2023-09-29 09:00:00,26.583336,28.0,1.4166641235351562
2023-09-29 12:00:00,22.754534,30.0,7.245466232299805
2023-09-29 15:00:00,16.433887,54.0,37.56611251831055
2023-09-29 18:00:00,16.958666,90.0,73.04133415222168
2023-09-29 21:00:00,26.284397,86.0,59.71560287475586
2023-09-30 00:00:00,27.98879,66.0,38.01120948791504
2023-09-30 03:00:00,23.673466,40.0,16.326534271240234
2023-09-30 06:00:00,21.466234,19.0,-2.4662342071533203
2023-09-30 09:00:00,19.347225,20.0,0.6527748107910156
2023-09-30 12:00:00,14.081081,14.0,-0.08108139038085938
2023-09-30 15:00:00,12.767941,15.0,2.232058525085449
2023-09-30 18:00:00,12.447401,24.0,11.55259895324707
2023-09-30 21:00:00,13.730073,30.0,16.26992702484131
2023-10-01 00:00:00,31.960894,36.0,4.039106369018555
2023-10-01 03:00:00,27.363512,20.0,-7.36351203918457
2023-10-01 06:00:00,23.482244,29.0,5.517755508422852
2023-10-01 09:00:00,22.76397,21.0,-1.7639694213867188
2023-10-01 12:00:00,15.640694,21.0,5.359306335449219
2023-10-01 15:00:00,13.153567,15.0,1.8464326858520508
2023-10-01 18:00:00,11.84867,18.0,6.15132999420166
2023-10-01 21:00:00,14.101488,29.0,14.89851188659668
2023-10-02 00:00:00,17.673529,19.0,1.3264713287353516
2023-10-02 03:00:00,16.336685,15.0,-1.3366851806640625
2023-10-02 06:00:00,18.338596,26.0,7.661403656005859
2023-10-02 09:00:00,21.241192,24.0,2.758808135986328
2023-10-02 12:00:00,14.80862,23.0,8.19137954711914
2023-10-04 09:00:00,24.456995,24.0,-0.45699501037597656
2023-10-04 12:00:00,14.800605,18.0,3.199395179748535
2023-10-04 15:00:00,18.942387,19.0,0.057613372802734375
2023-10-04 18:00:00,23.700125,16.0,-7.700124740600586
2023-10-04 21:00:00,26.897738,25.0,-1.8977375030517578
2023-10-05 00:00:00,4.944923,20.0,15.055077075958252
2023-10-05 03:00:00,6.958317,30.0,23.041683197021484
2023-10-05 06:00:00,8.236782,39.0,30.76321792602539
2023-10-05 09:00:00,9.629616,16.0,6.370384216308594
2023-10-05 12:00:00,19.156118,14.0,-5.156118392944336
2023-10-05 15:00:00,19.678965,14.0,-5.678964614868164
2023-10-05 18:00:00,21.02513,19.0,-2.0251293182373047
2023-10-05 21:00:00,19.97796,33.0,13.022039413452148
2023-10-06 00:00:00,15.018031,28.0,12.981968879699707
2023-10-06 03:00:00,18.974106,20.0,1.0258941650390625
2023-10-06 06:00:00,23.94438,44.0,20.055620193481445
2023-10-06 09:00:00,25.153214,60.0,34.84678649902344
2023-10-06 12:00:00,7.2317333,47.0,39.768266677856445
2023-10-06 15:00:00,8.580514,30.0,21.419486045837402
2023-10-06 18:00:00,7.4484205,37.0,29.551579475402832
2023-10-06 21:00:00,10.747953,35.0,24.252046585083008
2023-10-07 00:00:00,7.8166523,43.0,35.18334770202637
2023-10-07 03:00:00,10.887334,41.0,30.112666130065918
2023-10-07 06:00:00,13.238264,37.0,23.761735916137695
2023-10-07 09:00:00,14.168052,36.0,21.831948280334473
2023-10-07 12:00:00,16.216518,30.0,13.78348159790039
2023-10-07 15:00:00,14.002126,26.0,11.99787425994873
2023-10-07 18:00:00,16.582817,43.0,26.41718292236328
2023-10-07 21:00:00,21.035135,45.0,23.96486473083496
2023-10-08 00:00:00,15.057367,45.0,29.9426326751709
2023-10-08 03:00:00,18.392256,27.0,8.607744216918945
2023-10-08 06:00:00,20.43464,30.0,9.565359115600586
2023-10-08 09:00:00,22.623055,21.0,-1.6230545043945312
2023-10-08 12:00:00,17.738443,22.0,4.261556625366211
2023-10-08 15:00:00,22.461678,15.0,-7.461677551269531
2023-10-08 18:00:00,24.6323,17.0,-7.632299423217773
2023-10-08 21:00:00,25.564987,14.0,-11.564987182617188
2023-10-09 00:00:00,26.927183,21.0,-5.927183151245117
2023-10-09 03:00:00,22.694735,25.0,2.305265426635742
2023-10-09 06:00:00,27.178543,34.0,6.8214569091796875
2023-10-09 09:00:00,28.091677,32.0,3.908323287963867
2023-10-09 12:00:00,9.029918,23.0,13.97008228302002
2023-10-09 15:00:00,13.159024,24.0,10.840975761413574
2023-10-09 18:00:00,15.9172945,35.0,19.0827054977417
2023-10-09 21:00:00,17.899992,50.0,32.10000801086426
2023-10-10 00:00:00,25.35677,101.0,75.64323043823242
2023-10-10 03:00:00,31.430035,79.0,47.56996536254883
2023-10-10 06:00:00,40.259182,62.0,21.74081802368164
2023-10-10 09:00:00,33.85219,50.0,16.147811889648438
2023-10-10 12:00:00,13.382816,36.0,22.617183685302734
2023-10-10 15:00:00,12.772204,33.0,20.227795600891113
2023-10-10 18:00:00,12.701094,41.0,28.298906326293945
2023-10-10 21:00:00,16.443665,44.0,27.55633544921875
2023-10-11 00:00:00,28.689215,42.0,13.310785293579102
2023-10-11 03:00:00,31.288721,43.0,11.711278915405273
2023-10-11 06:00:00,34.453022,41.0,6.546977996826172
2023-10-11 09:00:00,31.877108,30.0,-1.8771076202392578
2023-10-11 12:00:00,9.951919,39.0,29.048081398010254
2023-10-11 15:00:00,13.973704,37.0,23.02629566192627
2023-10-11 18:00:00,20.868357,43.0,22.131643295288086
2023-10-11 21:00:00,25.211647,35.0,9.788352966308594
2023-10-12 00:00:00,26.431734,34.0,7.568265914916992
2023-10-12 03:00:00,27.853502,54.0,26.14649772644043
2023-10-12 06:00:00,28.748133,36.0,7.251867294311523
2023-10-12 09:00:00,28.805403,14.0,-14.805402755737305
2023-10-12 12:00:00,19.991262,9.0,-10.991262435913086
2023-10-12 15:00:00,21.227833,10.0,-11.227832794189453
2023-10-12 18:00:00,20.76763,14.0,-6.767629623413086
2023-10-12 21:00:00,20.246716,14.0,-6.246715545654297
2023-10-13 00:00:00,1.2032615,14.0,12.796738505363464
2023-10-13 03:00:00,2.6880116,12.0,9.311988353729248
2023-10-13 06:00:00,3.3981564,16.0,12.60184359550476
2023-10-13 09:00:00,4.093579,10.0,5.906421184539795
2023-10-13 12:00:00,4.295828,9.0,4.704172134399414
2023-10-13 15:00:00,6.377263,15.0,8.622736930847168
2023-10-13 18:00:00,9.009682,15.0,5.990318298339844
2023-10-13 21:00:00,9.640189,10.0,0.35981082916259766
2023-10-14 00:00:00,10.780696,11.0,0.21930408477783203
2023-10-14 03:00:00,12.449618,10.0,-2.449618339538574
2023-10-14 06:00:00,13.492468,10.0,-3.4924678802490234
2023-10-14 09:00:00,13.4273815,12.0,-1.4273815155029297
2023-10-14 12:00:00,6.249138,15.0,8.750862121582031
2023-10-14 15:00:00,9.039468,14.0,4.960532188415527
2023-10-14 18:00:00,12.450528,20.0,7.549471855163574
2023-10-14 21:00:00,15.55236,15.0,-0.5523595809936523
2023-10-15 00:00:00,2.891511,20.0,17.10848903656006
2023-10-15 03:00:00,6.912501,15.0,8.087499141693115
2023-10-15 06:00:00,7.6938705,18.0,10.306129455566406
2023-10-15 09:00:00,10.441909,15.0,4.558091163635254
2023-10-15 12:00:00,9.950213,14.0,4.049786567687988
2023-10-15 15:00:00,14.111037,21.0,6.888962745666504
2023-10-15 18:00:00,16.479362,12.0,-4.479362487792969
2023-10-15 21:00:00,17.349976,15.0,-2.3499755859375
2023-10-16 00:00:00,21.587767,23.0,1.4122333526611328
2023-10-16 03:00:00,21.200094,11.0,-10.200094223022461
2023-10-16 06:00:00,18.593027,10.0,-8.593027114868164
2023-10-16 09:00:00,16.681326,10.0,-6.681325912475586
2023-10-16 12:00:00,14.455168,7.0,-7.455167770385742
2023-10-16 15:00:00,15.097726,13.0,-2.0977258682250977
2023-10-16 18:00:00,16.436956,7.0,-9.436956405639648
2023-10-16 21:00:00,17.387947,16.0,-1.3879470825195312
2023-10-17 00:00:00,11.676207,14.0,2.323793411254883
2023-10-17 03:00:00,11.722079,15.0,3.277920722961426
2023-10-17 06:00:00,9.703967,8.0,-1.7039670944213867
2023-10-17 09:00:00,9.852159,9.0,-0.8521585464477539
2023-10-17 12:00:00,12.199848,6.0,-6.199848175048828
2023-10-17 15:00:00,11.225552,5.0,-6.225551605224609
2023-10-17 18:00:00,11.187808,11.0,-0.18780803680419922
2023-10-17 21:00:00,11.801035,11.0,-0.8010349273681641
2023-10-18 00:00:00,13.019417,12.0,-1.0194168090820312
2023-10-18 03:00:00,13.13606,13.0,-0.13605976104736328
2023-10-18 06:00:00,11.629595,10.0,-1.6295948028564453
2023-10-18 09:00:00,12.174042,4.0,-8.174041748046875
2023-10-18 12:00:00,10.002054,7.0,-3.002054214477539
2023-10-18 15:00:00,8.938059,8.0,-0.9380588531494141
2023-10-18 18:00:00,8.370989,12.0,3.6290111541748047
2023-10-18 21:00:00,8.636789,9.0,0.36321067810058594
2023-10-19 00:00:00,10.438725,10.0,-0.43872547149658203
2023-10-19 03:00:00,11.088332,20.0,8.911667823791504
2023-10-19 06:00:00,10.34573,8.0,-2.3457298278808594
2023-10-19 09:00:00,11.1979265,12.0,0.8020734786987305
2023-10-19 12:00:00,4.7409687,9.0,4.259031295776367
2023-10-19 15:00:00,7.024937,12.0,4.975062847137451
2023-10-19 18:00:00,8.138841,8.0,-0.1388406753540039
2023-10-19 21:00:00,8.906454,6.0,-2.906454086303711
2023-10-20 00:00:00,9.22887,16.0,6.771129608154297
2023-10-20 03:00:00,10.571057,18.0,7.428942680358887
2023-10-20 06:00:00,10.498866,26.0,15.501133918762207
2023-10-20 09:00:00,11.497604,18.0,6.5023956298828125
2023-10-20 12:00:00,3.4399364,11.0,7.560063600540161
2023-10-20 15:00:00,4.946969,7.0,2.0530309677124023
2023-10-20 18:00:00,6.600658,8.0,1.3993420600891113
2023-10-20 21:00:00,8.355301,18.0,9.644699096679688
2023-10-21 00:00:00,25.2071,36.0,10.792900085449219
2023-10-21 03:00:00,22.339235,22.0,-0.3392353057861328
2023-10-21 06:00:00,20.000698,14.0,-6.000698089599609
2023-10-21 09:00:00,17.75527,11.0,-6.755270004272461
2023-10-21 12:00:00,6.132609,10.0,3.8673911094665527
2023-10-21 15:00:00,4.7848516,13.0,8.215148448944092
2023-10-21 18:00:00,5.1381903,15.0,9.861809730529785
2023-10-21 21:00:00,8.350981,11.0,2.649019241333008
2023-10-22 00:00:00,13.233148,15.0,1.7668523788452148
2023-10-22 03:00:00,13.706085,5.0,-8.706085205078125
2023-10-22 06:00:00,16.320883,8.0,-8.320882797241211
2023-10-22 09:00:00,15.392288,10.0,-5.3922882080078125
2023-10-22 12:00:00,4.2834926,12.0,7.716507434844971
2023-10-22 15:00:00,3.1600394,16.0,12.83996057510376
2023-10-22 18:00:00,3.5531685,15.0,11.446831464767456
2023-10-22 21:00:00,4.9717526,26.0,21.028247356414795
2023-10-23 00:00:00,1.4779289,30.0,28.52207112312317
2023-10-23 03:00:00,4.694357,22.0,17.30564308166504
2023-10-23 06:00:00,12.770556,37.0,24.229443550109863
2023-10-23 09:00:00,16.27052,44.0,27.729480743408203
2023-10-23 12:00:00,8.264009,28.0,19.735990524291992
2023-10-23 15:00:00,5.9939113,26.0,20.006088733673096
2023-10-23 18:00:00,4.743697,26.0,21.25630283355713
2023-10-23 21:00:00,6.803475,24.0,17.19652509689331
2023-10-24 00:00:00,11.817519,29.0,17.182480812072754
2023-10-24 03:00:00,19.123035,28.0,8.876964569091797
2023-10-24 06:00:00,33.722416,33.0,-0.7224159240722656
2023-10-24 09:00:00,33.936657,48.0,14.063343048095703
2023-10-24 12:00:00,13.597856,38.0,24.40214443206787
2023-10-24 15:00:00,10.894609,35.0,24.105390548706055
2023-10-24 18:00:00,11.481234,29.0,17.518766403198242
2023-10-24 21:00:00,17.808815,34.0,16.191184997558594
2023-10-25 00:00:00,23.658003,34.0,10.341997146606445
2023-10-25 03:00:00,29.876673,37.0,7.123327255249023
2023-10-25 06:00:00,37.710037,37.0,-0.7100372314453125
2023-10-25 09:00:00,35.6747,42.0,6.325298309326172
2023-10-25 12:00:00,30.642128,33.0,2.3578720092773438
2023-10-25 15:00:00,25.942938,32.0,6.057062149047852
2023-10-25 18:00:00,25.128542,45.0,19.871458053588867
2023-10-25 21:00:00,27.720716,31.0,3.2792835235595703
2023-10-26 00:00:00,38.10055,33.0,-5.100551605224609
2023-10-26 03:00:00,40.537086,42.0,1.4629135131835938
2023-10-26 06:00:00,41.16225,31.0,-10.162250518798828
2023-10-26 09:00:00,42.365513,36.0,-6.365512847900391
2023-10-26 12:00:00,27.410124,39.0,11.589876174926758
2023-10-26 15:00:00,23.614462,59.0,35.38553810119629
2023-10-26 18:00:00,22.011818,46.0,23.988182067871094
2023-10-26 21:00:00,26.91968,48.0,21.080320358276367
2023-10-27 00:00:00,11.579914,40.0,28.420085906982422
2023-10-27 03:00:00,14.454599,56.0,41.545400619506836
2023-10-27 06:00:00,17.20855,32.0,14.791450500488281
2023-10-27 09:00:00,20.964308,29.0,8.03569221496582
2023-10-27 12:00:00,12.899136,23.0,10.10086441040039
2023-10-27 15:00:00,11.902102,47.0,35.09789752960205
2023-10-27 18:00:00,7.1941032,6.0,-1.1941032409667969
2023-10-27 21:00:00,5.1170444,12.0,6.882955551147461
2023-10-28 00:00:00,2.4924703,10.0,7.5075297355651855
2023-10-28 03:00:00,4.552021,8.0,3.447978973388672
2023-10-28 06:00:00,8.19773,11.0,2.80226993560791
2023-10-28 09:00:00,14.327043,5.0,-9.327042579650879
2023-10-28 12:00:00,9.747509,17.0,7.252490997314453
2023-10-28 15:00:00,9.102109,6.0,-3.102108955383301
2023-10-28 18:00:00,12.147098,9.0,-3.147097587585449
2023-10-28 21:00:00,20.808784,17.0,-3.8087844848632812
2023-10-29 00:00:00,27.831448,10.0,-17.83144760131836
2023-10-29 03:00:00,26.985163,14.0,-12.985162734985352
2023-10-29 06:00:00,26.896828,16.0,-10.896827697753906
2023-10-29 09:00:00,33.406593,11.0,-22.406593322753906
2023-10-29 12:00:00,10.744088,16.0,5.255911827087402
2023-10-29 15:00:00,12.367309,7.0,-5.367308616638184
2023-10-29 18:00:00,15.018031,18.0,2.981968879699707
2023-10-29 21:00:00,18.537321,21.0,2.462678909301758
2023-10-30 00:00:00,11.553311,23.0,11.446688652038574
2023-10-30 03:00:00,14.406851,23.0,8.593149185180664
2023-10-30 06:00:00,14.191414,23.0,8.808586120605469
2023-10-30 09:00:00,14.03896,65.0,50.961039543151855
2023-10-30 12:00:00,17.93319,91.0,73.06681060791016
2023-10-30 15:00:00,19.63872,31.0,11.36128044128418
2023-10-30 18:00:00,20.728748,25.0,4.271251678466797
2023-10-30 21:00:00,21.149845,20.0,-1.1498451232910156
2023-10-31 00:00:00,21.012966,19.0,-2.0129661560058594
2023-10-31 03:00:00,21.729193,20.0,-1.7291927337646484
2023-10-31 06:00:00,21.21908,38.0,16.780920028686523
2023-10-31 09:00:00,19.490017,49.0,29.50998306274414
2023-10-31 12:00:00,22.572521,37.0,14.427478790283203
2023-10-31 15:00:00,20.711468,39.0,18.288532257080078
2023-10-31 18:00:00,19.311756,17.0,-2.311756134033203
2023-10-31 21:00:00,20.096195,12.0,-8.096195220947266
2023-11-01 00:00:00,20.52525,13.0,-7.525249481201172
2023-11-01 03:00:00,23.381176,25.0,1.6188240051269531
2023-11-01 06:00:00,35.27498,27.0,-8.274978637695312
2023-11-01 09:00:00,40.709095,42.0,1.2909049987792969
2023-11-01 12:00:00,24.75224,16.0,-8.752239227294922
2023-11-01 15:00:00,18.741503,15.0,-3.7415027618408203
2023-11-01 18:00:00,17.613047,15.0,-2.613046646118164
2023-11-01 21:00:00,21.148935,25.0,3.851064682006836
2023-11-02 00:00:00,10.921781,21.0,10.078219413757324
2023-11-02 03:00:00,11.995098,26.0,14.004901885986328
2023-11-02 06:00:00,11.924953,20.0,8.07504653930664
2023-11-02 09:00:00,16.83719,10.0,-6.837190628051758
2023-11-02 12:00:00,18.134983,43.0,24.86501693725586
2023-11-02 15:00:00,21.275242,33.0,11.72475814819336
2023-11-02 18:00:00,24.731207,8.0,-16.7312068939209
2023-11-02 21:00:00,27.838951,9.0,-18.838951110839844
2023-11-03 00:00:00,0.22055246,15.0,14.779447540640831
2023-11-03 03:00:00,1.3717453,17.0,15.628254652023315
2023-11-03 06:00:00,0.8448069,8.0,7.155193090438843
2023-11-03 09:00:00,4.6495643,15.0,10.350435733795166
2023-11-03 12:00:00,21.75102,11.0,-10.751020431518555
2023-11-03 15:00:00,21.13552,17.0,-4.135520935058594
2023-11-03 18:00:00,21.57276,37.0,15.427240371704102
2023-11-03 21:00:00,22.673702,33.0,10.326297760009766
2023-11-04 00:00:00,10.461918,28.0,17.538082122802734
2023-11-04 03:00:00,11.581506,31.0,19.41849422454834
2023-11-04 06:00:00,11.984298,16.0,4.015702247619629
2023-11-04 09:00:00,13.460977,39.0,25.539023399353027
2023-11-04 12:00:00,0.34674487,18.0,17.653255134820938
2023-11-04 15:00:00,0.30422598,40.0,39.695774018764496
2023-11-04 18:00:00,0.6375558,52.0,51.36244422197342
2023-11-04 21:00:00,1.4833858,39.0,37.51661419868469
2023-11-05 00:00:00,3.79805,28.0,24.201950073242188
2023-11-05 03:00:00,6.031769,24.0,17.968231201171875
2023-11-05 06:00:00,7.3412137,22.0,14.658786296844482
2023-11-05 09:00:00,7.618837,18.0,10.381163120269775
2023-11-05 12:00:00,19.213417,19.0,-0.21341705322265625
2023-11-05 15:00:00,16.39546,22.0,5.60453987121582
2023-11-05 18:00:00,14.295551,21.0,6.704448699951172
2023-11-05 21:00:00,12.207693,15.0,2.792306900024414
2023-11-06 00:00:00,20.260359,15.0,-5.260358810424805
2023-11-06 03:00:00,22.928816,20.0,-2.9288158416748047
2023-11-06 06:00:00,25.180952,33.0,7.819047927856445
2023-11-06 09:00:00,25.62433,15.0,-10.624330520629883
2023-11-06 12:00:00,7.3255253,17.0,9.674474716186523
2023-11-06 15:00:00,7.858944,21.0,13.141056060791016
2023-11-06 18:00:00,10.518306,23.0,12.481694221496582
2023-11-06 21:00:00,12.2261095,20.0,7.773890495300293
2023-11-07 00:00:00,27.100668,17.0,-10.100667953491211
2023-11-07 03:00:00,29.728653,26.0,-3.7286529541015625
2023-11-07 06:00:00,33.677113,38.0,4.322887420654297
2023-11-07 09:00:00,35.826473,13.0,-22.826473236083984
2023-11-07 12:00:00,17.597359,13.0,-4.597358703613281
2023-11-07 15:00:00,14.893203,19.0,4.106797218322754
2023-11-07 18:00:00,18.09167,19.0,0.9083309173583984
2023-11-07 21:00:00,23.951998,17.0,-6.951997756958008
2023-11-08 00:00:00,26.12387,27.0,0.876129150390625
2023-11-08 03:00:00,33.56581,30.0,-3.5658111572265625
2023-11-08 06:00:00,45.38606,45.0,-0.3860588073730469
2023-11-08 09:00:00,49.391815,48.0,-1.391815185546875
2023-11-08 12:00:00,42.702824,49.0,6.297176361083984
2023-11-08 15:00:00,40.93067,33.0,-7.930671691894531
2023-11-08 18:00:00,39.007317,27.0,-12.007316589355469
2023-11-08 21:00:00,39.45752,36.0,-3.45751953125
2023-11-09 00:00:00,15.799742,47.0,31.200258255004883
2023-11-09 03:00:00,19.602795,34.0,14.397205352783203
2023-11-09 06:00:00,24.193241,33.0,8.806758880615234
2023-11-09 09:00:00,25.286112,38.0,12.713888168334961
2023-11-09 12:00:00,9.904625,37.0,27.095375061035156
2023-11-09 15:00:00,9.26434,44.0,34.7356595993042
2023-11-09 18:00:00,10.019221,39.0,28.980778694152832
2023-11-09 21:00:00,12.790451,33.0,20.209548950195312
2023-11-10 00:00:00,0.7250947,25.0,24.27490532398224
2023-11-10 03:00:00,2.2631638,14.0,11.736836194992065
2023-11-10 06:00:00,6.663072,25.0,18.336927890777588
2023-11-10 09:00:00,13.472515,32.0,18.527484893798828
2023-11-10 12:00:00,10.049803,7.0,-3.049802780151367
2023-11-10 15:00:00,7.040512,32.0,24.959487915039062
2023-11-10 18:00:00,10.417353,34.0,23.5826473236084
2023-11-10 21:00:00,14.5565195,28.0,13.443480491638184
2023-11-11 00:00:00,9.354494,32.0,22.645505905151367
2023-11-11 03:00:00,11.054169,36.0,24.945831298828125
2023-11-11 06:00:00,21.757502,27.0,5.242498397827148
2023-11-11 09:00:00,23.67085,32.0,8.32914924621582
2023-11-11 12:00:00,22.205769,48.0,25.794231414794922
2023-11-11 15:00:00,18.108551,47.0,28.891448974609375
2023-11-11 18:00:00,15.79383,42.0,26.206170082092285
2023-11-11 21:00:00,16.335434,46.0,29.664566040039062
2023-11-12 00:00:00,41.214207,50.0,8.78579330444336
2023-11-12 03:00:00,43.814,48.0,4.186000823974609
2023-11-12 06:00:00,51.608253,50.0,-1.6082534790039062
2023-11-12 09:00:00,48.668312,49.0,0.33168792724609375
2023-11-12 12:00:00,45.41414,44.0,-1.4141387939453125
2023-11-12 15:00:00,43.30036,33.0,-10.300361633300781
2023-11-12 18:00:00,39.58132,26.0,-13.581321716308594
2023-11-12 21:00:00,36.382744,66.0,29.61725616455078
2023-11-13 00:00:00,21.063442,63.0,41.93655776977539
2023-11-13 03:00:00,22.270342,59.0,36.729658126831055
2023-11-13 06:00:00,27.534157,46.0,18.465843200683594
2023-11-13 09:00:00,30.50303,56.0,25.49696922302246
2023-11-13 15:00:00,30.211369,87.0,56.788631439208984
2023-11-13 18:00:00,28.659998,58.0,29.340002059936523
2023-11-13 21:00:00,27.229816,45.0,17.770183563232422
2023-11-14 00:00:00,34.080585,31.0,-3.080585479736328
2023-11-14 03:00:00,31.051968,26.0,-5.051967620849609
2023-11-14 06:00:00,31.322542,38.0,6.677457809448242
2023-11-14 09:00:00,36.370464,73.0,36.62953567504883
2023-11-14 12:00:00,42.993973,31.0,-11.993972778320312
2023-11-14 15:00:00,42.120632,27.0,-15.12063217163086
2023-11-14 18:00:00,40.28391,25.0,-15.28390884399414
2023-11-14 21:00:00,38.67626,24.0,-14.676261901855469
2023-11-15 00:00:00,37.79496,26.0,-11.794960021972656
2023-11-15 03:00:00,36.994606,27.0,-9.994606018066406
2023-11-15 06:00:00,37.310883,25.0,-12.310882568359375
2023-11-15 09:00:00,35.76821,20.0,-15.768211364746094
2023-11-15 12:00:00,26.56816,8.0,-18.568159103393555
2023-11-15 15:00:00,24.602287,15.0,-9.602287292480469
2023-11-15 18:00:00,22.744644,22.0,-0.7446441650390625
2023-11-15 21:00:00,22.650057,23.0,0.3499431610107422
2023-11-16 00:00:00,15.831574,15.0,-0.8315744400024414
2023-11-16 03:00:00,12.355486,15.0,2.6445140838623047
2023-11-16 06:00:00,9.899395,16.0,6.100605010986328
2023-11-16 09:00:00,8.9384,16.0,7.0615997314453125
2023-11-16 12:00:00,1.8821993,7.0,5.117800712585449
2023-11-16 15:00:00,2.8147724,5.0,2.185227632522583
2023-11-16 18:00:00,3.8210146,6.0,2.178985357284546
2023-11-16 21:00:00,4.5351954,9.0,4.464804649353027
2023-11-17 00:00:00,21.717825,13.0,-8.717824935913086
2023-11-17 03:00:00,20.420885,26.0,5.57911491394043
2023-11-17 06:00:00,23.000097,13.0,-10.000097274780273
2023-11-17 09:00:00,20.802418,12.0,-8.802417755126953
2023-11-17 12:00:00,12.408521,47.0,34.59147930145264
2023-11-17 15:00:00,8.206143,16.0,7.793856620788574
2023-11-17 18:00:00,6.563823,10.0,3.4361767768859863
2023-11-17 21:00:00,6.8084774,7.0,0.19152259826660156
2023-11-18 00:00:00,9.635187,10.0,0.36481285095214844
2023-11-18 03:00:00,12.472811,24.0,11.527189254760742
2023-11-18 06:00:00,19.408617,30.0,10.59138298034668
2023-11-18 09:00:00,15.113301,30.0,14.886698722839355
2023-11-18 12:00:00,8.831421,11.0,2.1685791015625
2023-11-18 15:00:00,7.4260244,14.0,6.573975563049316
2023-11-18 18:00:00,6.1104403,12.0,5.889559745788574
2023-11-18 21:00:00,7.4751368,14.0,6.524863243103027
2023-11-19 00:00:00,24.694601,13.0,-11.694601058959961
2023-11-19 03:00:00,28.358046,18.0,-10.35804557800293
2023-11-19 06:00:00,29.601778,23.0,-6.601778030395508
2023-11-19 09:00:00,29.480133,9.0,-20.480133056640625
2023-11-19 12:00:00,26.80565,15.0,-11.80565071105957
2023-11-19 15:00:00,21.4809,10.0,-11.480899810791016
2023-11-19 18:00:00,18.880428,9.0,-9.880428314208984
2023-11-19 21:00:00,15.625574,16.0,0.37442588806152344
2023-11-20 00:00:00,21.008419,13.0,-8.008419036865234
2023-11-20 03:00:00,18.811989,9.0,-9.811988830566406
2023-11-20 06:00:00,21.358118,14.0,-7.358118057250977
2023-11-20 09:00:00,17.250158,20.0,2.7498416900634766
2023-11-20 12:00:00,15.800936,14.0,-1.8009357452392578
2023-11-20 15:00:00,19.355581,12.0,-7.355581283569336
2023-11-20 18:00:00,27.132046,30.0,2.8679542541503906
2023-11-20 21:00:00,35.76679,30.0,-5.766788482666016
2023-11-21 00:00:00,38.51801,32.0,-6.518009185791016
2023-11-21 03:00:00,34.37799,20.0,-14.37799072265625
2023-11-21 06:00:00,32.38165,19.0,-13.381649017333984
2023-11-21 09:00:00,30.35575,14.0,-16.355749130249023
2023-11-21 12:00:00,20.84994,5.0,-15.849939346313477
2023-11-21 15:00:00,18.475248,9.0,-9.475248336791992
2023-11-21 18:00:00,16.415014,11.0,-5.415014266967773
2023-11-21 21:00:00,15.2736,14.0,-1.273599624633789
2023-11-22 00:00:00,15.455953,12.0,-3.4559526443481445
2023-11-22 03:00:00,20.046173,24.0,3.953826904296875
2023-11-22 06:00:00,25.655027,16.0,-9.655027389526367
2023-11-22 09:00:00,26.32737,38.0,11.672630310058594
2023-11-22 12:00:00,22.263407,56.0,33.73659324645996
2023-11-22 15:00:00,21.674168,31.0,9.32583236694336
2023-11-22 18:00:00,19.96159,30.0,10.038410186767578
2023-11-22 21:00:00,20.37723,45.0,24.622770309448242
2023-11-23 00:00:00,14.603756,51.0,36.396244049072266
2023-11-23 03:00:00,16.348167,58.0,41.651832580566406
2023-11-23 06:00:00,30.303453,66.0,35.69654655456543
2023-11-23 09:00:00,32.204754,47.0,14.795246124267578
2023-11-23 12:00:00,7.332574,39.0,31.667426109313965
2023-11-23 15:00:00,8.424877,47.0,38.57512283325195
2023-11-23 18:00:00,7.4254556,36.0,28.574544429779053
2023-11-23 21:00:00,7.9999156,33.0,25.000084400177002
2023-11-24 00:00:00,23.37424,35.0,11.62575912475586
2023-11-24 03:00:00,26.007229,40.0,13.99277114868164
2023-11-24 06:00:00,26.30543,39.0,12.694570541381836
2023-11-24 09:00:00,26.187933,25.0,-1.1879329681396484
2023-11-24 12:00:00,29.2888,37.0,7.711200714111328
2023-11-24 15:00:00,28.959904,35.0,6.040096282958984
2023-11-24 18:00:00,27.313946,29.0,1.6860542297363281
2023-11-24 21:00:00,27.30303,32.0,4.696969985961914
2023-11-25 00:00:00,21.707819,29.0,7.292181015014648
2023-11-25 03:00:00,23.963366,30.0,6.03663444519043
2023-11-25 06:00:00,25.626377,26.0,0.3736228942871094
2023-11-25 09:00:00,25.481314,32.0,6.518686294555664
2023-11-25 12:00:00,21.254436,53.0,31.745563507080078
2023-11-25 15:00:00,20.292305,89.0,68.70769500732422
2023-11-25 18:00:00,18.351557,41.0,22.6484432220459
2023-11-25 21:00:00,17.734692,33.0,15.265308380126953
2023-11-26 00:00:00,19.69147,26.0,6.308530807495117
2023-11-26 03:00:00,24.278961,30.0,5.721038818359375
2023-11-26 06:00:00,29.031298,33.0,3.9687023162841797
2023-11-26 09:00:00,27.313946,29.0,1.6860542297363281
2023-11-26 12:00:00,30.924524,21.0,-9.924524307250977
2023-11-26 15:00:00,25.95374,33.0,7.046260833740234
2023-11-26 18:00:00,23.166422,47.0,23.83357810974121
2023-11-26 21:00:00,22.942232,38.0,15.057767868041992
2023-11-27 00:00:00,8.826646,29.0,20.173354148864746
2023-11-27 03:00:00,11.154952,42.0,30.84504795074463
2023-11-27 06:00:00,13.078761,83.0,69.92123889923096
2023-11-27 09:00:00,13.391286,75.0,61.60871410369873
2023-11-27 12:00:00,8.080292,20.0,11.919708251953125
2023-11-27 15:00:00,14.109447,22.0,7.8905534744262695
2023-11-27 18:00:00,23.080929,11.0,-12.080928802490234
2023-11-27 21:00:00,27.84634,14.0,-13.84634017944336
2023-11-28 00:00:00,30.859837,14.0,-16.85983657836914
2023-11-28 03:00:00,23.716211,20.0,-3.7162113189697266
2023-11-28 06:00:00,20.345396,16.0,-4.345396041870117
2023-11-28 09:00:00,17.775904,11.0,-6.775903701782227
2023-11-28 12:00:00,13.692898,13.0,-0.6928977966308594
2023-11-28 15:00:00,16.039165,21.0,4.960834503173828
2023-11-28 18:00:00,16.659782,23.0,6.340217590332031
2023-11-28 21:00:00,16.33589,22.0,5.66411018371582
2023-11-29 00:00:00,24.540213,30.0,5.459787368774414
2023-11-29 03:00:00,21.33106,22.0,0.6689395904541016
2023-11-29 06:00:00,19.319601,21.0,1.680398941040039
2023-11-29 09:00:00,18.424202,17.0,-1.4242019653320312
2023-11-29 12:00:00,17.726278,19.0,1.273721694946289
2023-11-29 15:00:00,15.940486,15.0,-0.940485954284668
2023-11-29 18:00:00,17.70354,16.0,-1.7035408020019531
2023-11-29 21:00:00,19.727167,21.0,1.2728328704833984
2023-11-30 00:00:00,25.850113,17.0,-8.850112915039062
2023-11-30 03:00:00,27.94377,23.0,-4.943769454956055
2023-11-30 06:00:00,31.983177,36.0,4.016822814941406
2023-11-30 09:00:00,37.350903,30.0,-7.350902557373047
2023-11-30 12:00:00,46.064796,34.0,-12.064796447753906
2023-11-30 15:00:00,43.205547,38.0,-5.205547332763672
2023-11-30 18:00:00,40.23991,30.0,-10.239910125732422
2023-11-30 21:00:00,40.283566,22.0,-18.283565521240234
2023-12-01 00:00:00,42.605278,23.0,-19.60527801513672
2023-12-01 03:00:00,40.328358,45.0,4.671642303466797
2023-12-01 06:00:00,39.591213,45.0,5.408786773681641
2023-12-01 09:00:00,38.417057,67.0,28.582942962646484
2023-12-01 12:00:00,35.938797,50.0,14.061203002929688
2023-12-01 15:00:00,21.775463,32.0,10.224536895751953
2023-12-01 18:00:00,16.70412,18.0,1.2958793640136719
2023-12-01 21:00:00,15.412752,22.0,6.587247848510742
2023-12-02 00:00:00,29.269587,18.0,-11.269586563110352
2023-12-02 03:00:00,22.861286,22.0,-0.8612861633300781
2023-12-02 06:00:00,22.24931,22.0,-0.24930953979492188
2023-12-02 09:00:00,22.333551,18.0,-4.333551406860352
2023-12-02 12:00:00,21.606184,12.0,-9.606184005737305
2023-12-02 15:00:00,20.161337,12.0,-8.161336898803711
2023-12-02 18:00:00,18.445461,13.0,-5.445461273193359
2023-12-02 21:00:00,16.906824,17.0,0.09317588806152344
2023-12-03 00:00:00,10.533768,18.0,7.4662322998046875
2023-12-03 03:00:00,11.821612,20.0,8.178387641906738
2023-12-03 06:00:00,19.93095,22.0,2.069049835205078
2023-12-03 09:00:00,29.929766,29.0,-0.9297657012939453
2023-12-03 12:00:00,15.476019,46.0,30.52398109436035
2023-12-03 15:00:00,15.025477,18.0,2.974522590637207
2023-12-03 18:00:00,17.764706,26.0,8.235294342041016
2023-12-03 21:00:00,19.712389,14.0,-5.71238899230957
2023-12-04 00:00:00,17.402271,17.0,-0.4022712707519531
2023-12-04 03:00:00,54.06946,22.0,-32.069461822509766
2023-12-04 06:00:00,71.405,32.0,-39.404998779296875
2023-12-04 09:00:00,47.120125,26.0,-21.12012481689453
2023-12-04 12:00:00,22.889935,26.0,3.110065460205078
2023-12-04 15:00:00,21.337656,20.0,-1.337656021118164
2023-12-04 18:00:00,18.930677,21.0,2.0693225860595703
2023-12-04 21:00:00,20.030712,27.0,6.969287872314453
2023-12-05 00:00:00,19.25764,30.0,10.742359161376953
2023-12-05 03:00:00,29.238436,35.0,5.761564254760742
2023-12-05 06:00:00,46.480408,37.0,-9.48040771484375
2023-12-05 09:00:00,40.24139,39.0,-1.2413902282714844
2023-12-05 12:00:00,32.831165,18.0,-14.831165313720703
2023-12-05 15:00:00,31.324589,23.0,-8.324588775634766
2023-12-05 18:00:00,30.6336,17.0,-13.633600234985352
2023-12-05 21:00:00,31.184753,32.0,0.81524658203125
2023-12-06 00:00:00,34.280674,27.0,-7.280673980712891
2023-12-06 03:00:00,39.228325,19.0,-20.22832489013672
2023-12-06 06:00:00,49.135906,28.0,-21.135906219482422
2023-12-06 09:00:00,46.10274,31.0,-15.102741241455078
2023-12-06 12:00:00,22.904942,31.0,8.09505844116211
2023-12-06 15:00:00,22.529549,28.0,5.470451354980469
2023-12-06 18:00:00,22.760105,32.0,9.23989486694336
2023-12-06 21:00:00,24.091604,39.0,14.908395767211914
2023-12-07 00:00:00,25.79145,29.0,3.2085494995117188
2023-12-07 03:00:00,26.622728,27.0,0.3772716522216797
2023-12-07 06:00:00,27.190254,28.0,0.8097457885742188
2023-12-07 09:00:00,25.652298,32.0,6.3477020263671875
2023-12-07 12:00:00,22.105951,34.0,11.894048690795898
2023-12-07 15:00:00,17.578714,40.0,22.42128562927246
2023-12-07 18:00:00,14.340003,28.0,13.65999698638916
2023-12-07 21:00:00,13.704267,21.0,7.295733451843262
2023-12-08 00:00:00,33.034668,31.0,-2.03466796875
2023-12-08 03:00:00,32.77819,33.0,0.22180938720703125
2023-12-08 06:00:00,35.53214,33.0,-2.5321388244628906
2023-12-08 09:00:00,34.914593,40.0,5.085407257080078
2023-12-08 12:00:00,38.33179,19.0,-19.331790924072266
2023-12-08 15:00:00,33.68632,22.0,-11.686321258544922
2023-12-08 18:00:00,31.01718,32.0,0.9828205108642578
2023-12-08 21:00:00,31.888021,38.0,6.111978530883789
2023-12-09 00:00:00,29.721832,34.0,4.278167724609375
2023-12-09 03:00:00,29.771627,26.0,-3.771627426147461
2023-12-09 06:00:00,28.618843,37.0,8.381156921386719
2023-12-09 09:00:00,17.58292,30.0,12.41707992553711
2023-12-09 12:00:00,19.878258,23.0,3.1217422485351562
2023-12-09 15:00:00,18.809885,19.0,0.19011497497558594
2023-12-09 18:00:00,19.206482,19.0,-0.20648193359375
2023-12-09 21:00:00,21.054916,42.0,20.945083618164062
2023-12-10 00:00:00,21.055428,25.0,3.9445724487304688
2023-12-10 03:00:00,22.872599,26.0,3.127401351928711
2023-12-10 06:00:00,29.641853,22.0,-7.641853332519531
2023-12-10 09:00:00,32.48721,31.0,-1.4872093200683594
2023-12-10 12:00:00,28.955696,31.0,2.0443038940429688
2023-12-10 15:00:00,27.233398,39.0,11.7666015625
2023-12-10 18:00:00,23.653229,41.0,17.346771240234375
2023-12-10 21:00:00,21.058441,29.0,7.941558837890625
2023-12-11 00:00:00,14.932084,31.0,16.06791591644287
2023-12-11 03:00:00,19.026628,67.0,47.973371505737305
2023-12-11 06:00:00,29.245256,40.0,10.754743576049805
2023-12-11 09:00:00,25.059534,33.0,7.940465927124023
2023-12-11 12:00:00,21.972027,32.0,10.027973175048828
2023-12-11 15:00:00,21.34402,20.0,-1.3440208435058594
2023-12-11 18:00:00,20.615517,18.0,-2.6155166625976562
2023-12-11 21:00:00,20.084372,23.0,2.915628433227539
2023-12-12 00:00:00,10.461008,25.0,14.538991928100586
2023-12-12 03:00:00,13.704267,18.0,4.295733451843262
2023-12-12 06:00:00,18.127821,23.0,4.87217903137207
2023-12-12 09:00:00,18.004812,17.0,-1.004812240600586
2023-12-12 12:00:00,13.597969,14.0,0.40203094482421875
2023-12-12 15:00:00,12.80796,9.0,-3.80795955657959
2023-12-12 18:00:00,9.5828905,7.0,-2.582890510559082
2023-12-12 21:00:00,10.747953,6.0,-4.747953414916992
2023-12-13 00:00:00,26.449015,10.0,-16.44901466369629
2023-12-13 03:00:00,28.240948,10.0,-18.240947723388672
2023-12-13 06:00:00,25.983355,10.0,-15.983354568481445
2023-12-13 09:00:00,21.722372,15.0,-6.722372055053711
2023-12-13 12:00:00,16.302408,11.0,-5.302408218383789
2023-12-13 15:00:00,13.972055,13.0,-0.9720554351806641
2023-12-13 18:00:00,13.321596,8.0,-5.321596145629883
2023-12-13 21:00:00,12.912722,15.0,2.087278366088867
2023-12-14 00:00:00,0.356863,12.0,11.643137007951736
2023-12-14 03:00:00,0.4371259,9.0,8.562874108552933
2023-12-14 06:00:00,7.555059,11.0,3.4449410438537598
2023-12-14 09:00:00,14.597674,7.0,-7.597674369812012
2023-12-14 12:00:00,13.811246,7.0,-6.811245918273926
2023-12-14 15:00:00,17.06104,10.0,-7.061040878295898
2023-12-14 18:00:00,20.907804,21.0,0.09219551086425781
2023-12-14 21:00:00,29.201715,1.0,-28.20171546936035
2023-12-15 00:00:00,36.047085,8.0,-28.04708480834961
2023-12-15 03:00:00,63.62046,8.0,-55.620460510253906
2023-12-15 06:00:00,94.9513,10.0,-84.95130157470703
2023-12-15 09:00:00,64.25611,9.0,-55.25611114501953
2023-12-15 12:00:00,43.49579,17.0,-26.49578857421875
2023-12-15 15:00:00,42.461067,8.0,-34.46106719970703
2023-12-15 18:00:00,45.454556,16.0,-29.45455551147461
2023-12-15 21:00:00,58.854652,24.0,-34.854652404785156
2023-12-16 00:00:00,63.878246,29.0,-34.87824630737305
2023-12-16 03:00:00,93.631004,20.0,-73.6310043334961
2023-12-16 06:00:00,121.747406,12.0,-109.74740600585938
2023-12-16 09:00:00,80.46783,18.0,-62.46782684326172
2023-12-16 12:00:00,53.165707,35.0,-18.165706634521484
2023-12-16 15:00:00,48.311165,21.0,-27.31116485595703
2023-12-16 18:00:00,43.386707,20.0,-23.386707305908203
2023-12-16 21:00:00,47.85778,14.0,-33.85778045654297
2023-12-21 09:00:00,36.62689,32.0,-4.626888275146484
2023-12-21 12:00:00,35.182552,14.0,-21.182552337646484
2023-12-21 15:00:00,34.372135,20.0,-14.372135162353516
2023-12-21 18:00:00,29.725697,34.0,4.274303436279297
2023-12-21 21:00:00,26.814518,32.0,5.185482025146484
2023-12-22 00:00:00,29.223087,19.0,-10.223087310791016
2023-12-22 03:00:00,30.35558,14.0,-16.355579376220703
2023-12-22 06:00:00,32.452873,25.0,-7.452873229980469
2023-12-22 09:00:00,30.057436,18.0,-12.057435989379883
2023-12-22 12:00:00,34.508503,17.0,-17.508502960205078
2023-12-22 15:00:00,34.67767,20.0,-14.677669525146484
2023-12-22 18:00:00,32.17508,22.0,-10.175079345703125
2023-12-22 21:00:00,24.579094,16.0,-8.579093933105469
2023-12-23 00:00:00,38.710426,8.0,-30.710426330566406
2023-12-23 03:00:00,41.98148,10.0,-31.98147964477539
2023-12-23 06:00:00,42.614147,11.0,-31.614147186279297
2023-12-23 09:00:00,38.66913,6.0,-32.66912841796875
2023-12-23 12:00:00,25.66378,7.0,-18.663780212402344
2023-12-23 15:00:00,20.382687,6.0,-14.382686614990234
2023-12-23 18:00:00,17.418415,5.0,-12.418415069580078
2023-12-23 21:00:00,16.832132,10.0,-6.832132339477539
2023-12-24 00:00:00,20.712036,11.0,-9.7120361328125
2023-12-24 03:00:00,20.101994,17.0,-3.1019935607910156
2023-12-24 06:00:00,20.07846,11.0,-9.078460693359375
2023-12-24 09:00:00,17.687029,6.0,-11.687028884887695
2023-12-24 12:00:00,22.629025,5.0,-17.629024505615234
2023-12-24 15:00:00,18.787262,33.0,14.212738037109375
2023-12-24 18:00:00,16.729359,20.0,3.270641326904297
2023-12-24 21:00:00,16.000628,22.0,5.999372482299805
2023-12-25 00:00:00,26.163435,37.0,10.836565017700195
2023-12-25 03:00:00,23.119867,22.0,-1.1198673248291016
2023-12-25 06:00:00,22.541372,17.0,-5.541372299194336
2023-12-25 09:00:00,21.288826,14.0,-7.288825988769531
2023-12-25 12:00:00,6.3408265,8.0,1.6591734886169434
2023-12-25 15:00:00,8.094162,6.0,-2.0941619873046875
2023-12-25 18:00:00,9.668384,3.0,-6.668383598327637
2023-12-25 21:00:00,11.400062,7.0,-4.40006160736084
2023-12-26 00:00:00,23.956488,12.0,-11.956487655639648
2023-12-26 03:00:00,22.198093,16.0,-6.198093414306641
2023-12-26 06:00:00,19.81516,17.0,-2.8151607513427734
2023-12-26 09:00:00,17.068714,16.0,-1.0687141418457031
2023-12-26 12:00:00,22.260338,29.0,6.739662170410156
2023-12-26 15:00:00,19.435333,27.0,7.564666748046875
2023-12-26 18:00:00,21.769552,13.0,-8.769552230834961
2023-12-26 21:00:00,22.644712,17.0,-5.644712448120117
2023-12-27 00:00:00,25.682936,18.0,-7.68293571472168
2023-12-27 03:00:00,26.570547,29.0,2.429452896118164
2023-12-27 06:00:00,32.815647,45.0,12.18435287475586
2023-12-27 09:00:00,35.946983,53.0,17.053016662597656
2023-12-27 12:00:00,42.358692,53.0,10.641307830810547
2023-12-27 15:00:00,41.220913,39.0,-2.2209129333496094
2023-12-27 18:00:00,39.64658,42.0,2.3534202575683594
2023-12-27 21:00:00,40.193073,44.0,3.806926727294922
2023-12-28 00:00:00,26.846237,37.0,10.153762817382812
2023-12-28 03:00:00,31.978971,38.0,6.021028518676758
2023-12-28 06:00:00,33.08185,26.0,-7.08184814453125
2023-12-28 09:00:00,32.71407,15.0,-17.714069366455078
2023-12-28 12:00:00,20.134962,7.0,-13.13496208190918
2023-12-28 15:00:00,21.142057,9.0,-12.142057418823242
2023-12-28 18:00:00,20.646212,8.0,-12.646211624145508
2023-12-28 21:00:00,18.873835,9.0,-9.873834609985352
2023-12-29 00:00:00,28.558702,9.0,-19.55870246887207
2023-12-29 03:00:00,29.160503,8.0,-21.160503387451172
2023-12-29 06:00:00,31.01769,11.0,-20.017690658569336
2023-12-29 09:00:00,28.487364,11.0,-17.487363815307617
2023-12-29 12:00:00,34.695232,11.0,-23.695232391357422
2023-12-29 15:00:00,27.749878,10.0,-17.7498779296875
2023-12-29 18:00:00,21.542519,8.0,-13.542518615722656
2023-12-29 21:00:00,18.787205,16.0,-2.7872047424316406
2023-12-30 00:00:00,27.764145,14.0,-13.764144897460938
2023-12-30 03:00:00,25.406734,15.0,-10.406734466552734
2023-12-30 06:00:00,25.383371,17.0,-8.383371353149414
2023-12-30 09:00:00,20.896238,18.0,-2.896238327026367
2023-12-30 12:00:00,13.902024,11.0,-2.902024269104004
2023-12-30 15:00:00,10.6527405,9.0,-1.652740478515625
2023-12-30 18:00:00,9.650023,4.0,-5.650023460388184
2023-12-30 21:00:00,10.113354,18.0,7.886646270751953
2023-12-31 00:00:00,13.128954,26.0,12.87104606628418
2023-12-31 03:00:00,15.275645,13.0,-2.2756452560424805
2023-12-31 06:00:00,15.48301,15.0,-0.48301029205322266
2023-12-31 09:00:00,14.612511,7.0,-7.612510681152344
2023-12-31 12:00:00,22.553139,15.0,-7.553138732910156
2023-12-31 15:00:00,22.74868,9.0,-13.748680114746094
2023-12-31 18:00:00,22.038761,11.0,-11.038761138916016
2023-12-31 21:00:00,21.710548,11.0,-10.710548400878906
