,cams,obs,resid
2022-04-14 15:00:00,81.40825,40.0,-41.40824890136719
2022-04-20 12:00:00,107.54059,22.0,-85.54058837890625
2022-04-20 15:00:00,104.615425,24.0,-80.61542510986328
2022-05-18 12:00:00,101.65491,70.0,-31.6549072265625
2022-05-18 15:00:00,88.933685,49.0,-39.933685302734375
2022-05-18 18:00:00,83.50821,42.0,-41.508209228515625
2022-05-30 09:00:00,37.29207,36.0,-1.2920684814453125
2022-05-30 12:00:00,35.73422,33.0,-2.7342185974121094
2022-05-30 15:00:00,44.700188,22.0,-22.70018768310547
2022-05-30 18:00:00,42.70373,31.0,-11.703731536865234
2022-05-30 21:00:00,38.843212,33.0,-5.843212127685547
2022-05-31 00:00:00,28.08548,34.0,5.914520263671875
2022-05-31 03:00:00,47.636036,41.0,-6.636035919189453
2022-05-31 06:00:00,70.08123,37.0,-33.08123016357422
2022-05-31 09:00:00,51.397648,35.0,-16.397647857666016
2022-05-31 12:00:00,64.85453,33.0,-31.854530334472656
2022-05-31 15:00:00,77.85968,58.0,-19.85968017578125
2022-05-31 18:00:00,81.74095,61.0,-20.740951538085938
2022-05-31 21:00:00,85.14996,58.0,-27.14996337890625
2022-06-01 00:00:00,86.80746,67.0,-19.807456970214844
2022-06-01 03:00:00,87.286995,63.0,-24.28699493408203
2022-06-01 06:00:00,80.094765,46.0,-34.094764709472656
2022-06-01 09:00:00,47.2362,52.0,4.763801574707031
2022-06-01 12:00:00,35.642925,53.0,17.357074737548828
2022-06-01 15:00:00,44.964508,77.0,32.035491943359375
2022-06-01 18:00:00,61.647312,50.0,-11.64731216430664
2022-06-01 21:00:00,70.81905,46.0,-24.819053649902344
2022-06-02 00:00:00,34.00214,48.0,13.997859954833984
2022-06-02 03:00:00,33.509308,46.0,12.490692138671875
2022-06-02 06:00:00,27.44639,36.0,8.553609848022461
2022-06-02 09:00:00,30.449541,34.0,3.5504589080810547
2022-06-02 12:00:00,60.113167,33.0,-27.11316680908203
2022-06-02 15:00:00,56.50918,45.0,-11.509178161621094
2022-06-02 18:00:00,61.35491,50.0,-11.354911804199219
2022-06-02 21:00:00,70.121925,59.0,-11.121925354003906
2022-06-03 00:00:00,92.817116,56.0,-36.817115783691406
2022-06-03 03:00:00,95.69737,59.0,-36.69737243652344
2022-06-03 06:00:00,76.012955,47.0,-29.012954711914062
2022-06-03 09:00:00,57.515537,51.0,-6.515537261962891
2022-06-03 12:00:00,34.842743,44.0,9.157257080078125
2022-06-03 15:00:00,45.62281,48.0,2.3771896362304688
2022-06-03 18:00:00,60.119873,54.0,-6.119873046875
2022-06-03 21:00:00,70.28791,61.0,-9.287910461425781
2022-06-04 00:00:00,77.428635,60.0,-17.428634643554688
2022-06-06 03:00:00,76.667786,105.0,28.33221435546875
2022-06-06 06:00:00,52.626774,101.0,48.373226165771484
2022-06-06 09:00:00,26.519047,73.0,46.480953216552734
2022-06-06 12:00:00,37.676044,116.0,78.32395553588867
2022-06-06 15:00:00,41.390648,63.0,21.609352111816406
2022-06-06 18:00:00,57.322838,70.0,12.677162170410156
2022-06-06 21:00:00,66.712456,87.0,20.28754425048828
2022-06-07 00:00:00,76.86117,107.0,30.138832092285156
2022-09-29 18:00:00,46.878937,34.0,-12.878936767578125
2022-09-29 21:00:00,58.13581,31.0,-27.13581085205078
2022-09-30 00:00:00,76.62174,29.0,-47.621742248535156
2022-09-30 03:00:00,80.75631,32.0,-48.756309509277344
2022-09-30 06:00:00,48.910805,41.0,-7.910804748535156
2022-09-30 09:00:00,36.98108,47.0,10.0189208984375
2022-09-30 12:00:00,27.08407,40.0,12.915929794311523
2022-09-30 15:00:00,30.152023,44.0,13.847976684570312
2022-09-30 18:00:00,38.98691,43.0,4.013088226318359
2022-09-30 21:00:00,48.79365,29.0,-19.793651580810547
2022-10-01 00:00:00,75.7658,37.0,-38.76580047607422
2022-10-01 03:00:00,78.64372,38.0,-40.64372253417969
2022-10-01 06:00:00,65.49703,47.0,-18.497032165527344
2022-10-01 09:00:00,48.213905,50.0,1.7860946655273438
2022-10-01 12:00:00,24.5725,43.0,18.427499771118164
2022-10-01 15:00:00,30.103933,38.0,7.896066665649414
2022-10-01 18:00:00,48.631023,46.0,-2.631023406982422
2022-10-01 21:00:00,52.89007,42.0,-10.890071868896484
2022-10-02 00:00:00,78.18938,51.0,-27.189376831054688
2022-10-02 03:00:00,75.62255,53.0,-22.62255096435547
2022-10-02 06:00:00,68.36388,63.0,-5.3638763427734375
2022-10-02 09:00:00,62.114056,94.0,31.885944366455078
2022-10-02 12:00:00,55.51351,70.0,14.486488342285156
2022-10-02 15:00:00,65.68285,54.0,-11.682853698730469
2022-10-02 18:00:00,76.27927,53.0,-23.279266357421875
2022-10-02 21:00:00,87.26397,52.0,-35.26396942138672
2022-10-03 03:00:00,99.87286,79.0,-20.87286376953125
2022-10-03 06:00:00,70.346405,58.0,-12.346405029296875
2022-10-03 09:00:00,55.56183,62.0,6.43817138671875
2022-10-03 12:00:00,57.349327,66.0,8.650672912597656
2022-10-03 15:00:00,63.263313,69.0,5.736686706542969
2022-10-03 18:00:00,68.79657,61.0,-7.79656982421875
2022-10-03 21:00:00,65.92381,55.0,-10.923812866210938
2022-10-04 00:00:00,68.30919,49.0,-19.309188842773438
2022-10-04 03:00:00,66.79409,46.0,-20.794090270996094
2022-10-04 06:00:00,45.260094,40.0,-5.260093688964844
2022-10-04 09:00:00,35.70392,34.0,-1.70391845703125
2022-10-04 12:00:00,28.935915,44.0,15.064085006713867
2022-10-04 15:00:00,30.305216,39.0,8.694784164428711
2022-10-04 18:00:00,36.48455,44.0,7.515449523925781
2022-10-04 21:00:00,42.31049,61.0,18.689510345458984
2022-10-05 00:00:00,60.076103,66.0,5.923896789550781
2022-10-05 03:00:00,54.001022,81.0,26.998977661132812
2022-10-05 06:00:00,37.08544,58.0,20.91455841064453
2022-10-05 09:00:00,21.48346,36.0,14.51654052734375
2022-10-05 12:00:00,44.757313,47.0,2.242687225341797
2022-10-05 15:00:00,46.93669,34.0,-12.936691284179688
2022-10-05 18:00:00,46.199604,34.0,-12.199604034423828
2022-10-05 21:00:00,42.229885,33.0,-9.22988510131836
2022-10-06 00:00:00,35.927998,40.0,4.072002410888672
2022-10-06 03:00:00,37.40115,45.0,7.598850250244141
2022-10-06 06:00:00,37.986183,96.0,58.013816833496094
2022-10-06 09:00:00,32.28462,141.0,108.71538162231445
2022-10-06 12:00:00,41.744556,101.0,59.25544357299805
2022-10-06 15:00:00,48.03178,41.0,-7.031780242919922
2022-10-06 18:00:00,49.626125,45.0,-4.626125335693359
2022-10-06 21:00:00,51.30778,46.0,-5.307781219482422
2022-10-07 00:00:00,42.800594,48.0,5.199405670166016
2022-10-07 03:00:00,49.418304,38.0,-11.418304443359375
2022-10-07 06:00:00,52.603695,61.0,8.396305084228516
2022-10-07 09:00:00,43.449406,45.0,1.5505943298339844
2022-10-07 12:00:00,37.26848,47.0,9.731521606445312
2022-10-07 15:00:00,42.085163,42.0,-0.08516311645507812
2022-10-07 18:00:00,55.072975,54.0,-1.0729751586914062
2022-10-07 21:00:00,68.66912,57.0,-11.669120788574219
2022-10-08 00:00:00,64.6337,56.0,-8.633697509765625
2022-10-08 03:00:00,56.155727,41.0,-15.15572738647461
2022-10-08 06:00:00,39.114525,40.0,0.8854751586914062
2022-10-08 09:00:00,29.127022,40.0,10.872978210449219
2022-10-08 12:00:00,23.635948,56.0,32.364051818847656
2022-10-08 15:00:00,20.80145,27.0,6.198549270629883
2022-10-08 18:00:00,25.790483,26.0,0.2095165252685547
2022-10-08 21:00:00,39.476616,22.0,-17.47661590576172
2022-10-09 00:00:00,51.538563,21.0,-30.538562774658203
2022-10-09 03:00:00,43.10641,15.0,-28.10641098022461
2022-10-09 06:00:00,15.078285,16.0,0.9217147827148438
2022-10-09 09:00:00,18.97729,46.0,27.0227108001709
2022-10-09 12:00:00,8.593361,45.0,36.406639099121094
2022-10-09 15:00:00,13.035333,21.0,7.964667320251465
2022-10-09 18:00:00,20.038158,23.0,2.961841583251953
2022-10-09 21:00:00,34.55375,24.0,-10.553749084472656
2022-10-10 00:00:00,51.612007,27.0,-24.61200714111328
2022-10-10 03:00:00,62.873596,62.0,-0.87359619140625
2022-10-10 06:00:00,47.706123,69.0,21.29387664794922
2022-10-10 09:00:00,21.81713,57.0,35.182870864868164
2022-10-10 12:00:00,15.110231,30.0,14.889768600463867
2022-10-10 15:00:00,27.284443,31.0,3.715557098388672
2022-10-10 18:00:00,38.710484,27.0,-11.71048355102539
2022-10-10 21:00:00,50.009247,35.0,-15.009246826171875
2022-10-11 00:00:00,68.9763,38.0,-30.976303100585938
2022-10-11 03:00:00,62.30039,31.0,-31.30038833618164
2022-10-11 06:00:00,38.772667,34.0,-4.772666931152344
2022-10-11 09:00:00,25.778717,101.0,75.22128295898438
2022-10-11 12:00:00,38.627773,95.0,56.37222671508789
2022-10-11 15:00:00,54.170696,73.0,18.829303741455078
2022-10-11 18:00:00,65.27307,83.0,17.7269287109375
2022-10-11 21:00:00,72.68284,97.0,24.317161560058594
2022-10-12 00:00:00,71.19684,47.0,-24.19683837890625
2022-10-12 03:00:00,69.83009,36.0,-33.83009338378906
2022-10-12 06:00:00,57.494274,101.0,43.5057258605957
2022-10-12 09:00:00,43.716908,136.0,92.2830924987793
2022-10-12 12:00:00,31.516266,79.0,47.483734130859375
2022-10-12 15:00:00,38.6558,38.0,-0.6557998657226562
2022-10-12 18:00:00,45.534534,38.0,-7.534534454345703
2022-10-12 21:00:00,49.944675,41.0,-8.94467544555664
2022-10-13 00:00:00,55.423244,46.0,-9.42324447631836
2022-10-13 03:00:00,60.108505,55.0,-5.1085052490234375
2022-10-13 06:00:00,48.226868,50.0,1.77313232421875
2022-10-13 09:00:00,45.029083,83.0,37.970916748046875
2022-10-13 12:00:00,51.36587,56.0,4.634128570556641
2022-10-13 15:00:00,49.66853,55.0,5.331470489501953
2022-10-13 18:00:00,48.212997,53.0,4.7870025634765625
2022-10-13 21:00:00,50.571087,37.0,-13.571086883544922
2022-10-14 00:00:00,56.117527,26.0,-30.11752700805664
2022-10-14 03:00:00,62.623825,22.0,-40.62382507324219
2022-10-14 06:00:00,43.77023,43.0,-0.7702293395996094
2022-10-14 09:00:00,41.6494,48.0,6.3506011962890625
2022-10-14 12:00:00,45.527317,59.0,13.47268295288086
2022-10-14 15:00:00,47.767628,45.0,-2.767627716064453
2022-10-14 18:00:00,51.789413,46.0,-5.7894134521484375
2022-10-14 21:00:00,55.52124,52.0,-3.521240234375
2022-10-15 00:00:00,65.0432,58.0,-7.0431976318359375
2022-10-15 03:00:00,72.55085,67.0,-5.550849914550781
2022-10-15 06:00:00,49.319736,78.0,28.68026351928711
2022-10-15 09:00:00,36.956806,54.0,17.043193817138672
2022-10-15 12:00:00,32.431644,55.0,22.568355560302734
2022-10-15 15:00:00,34.499237,22.0,-12.499237060546875
2022-10-15 18:00:00,38.166832,33.0,-5.166831970214844
2022-10-15 21:00:00,43.66302,38.0,-5.663021087646484
2022-10-16 00:00:00,57.65787,36.0,-21.65787124633789
2022-10-16 03:00:00,72.273224,62.0,-10.273223876953125
2022-10-16 06:00:00,44.689957,72.0,27.310043334960938
2022-10-16 09:00:00,34.838196,85.0,50.16180419921875
2022-10-16 12:00:00,28.608837,82.0,53.39116287231445
2022-10-16 15:00:00,33.83616,32.0,-1.8361587524414062
2022-10-16 18:00:00,38.555073,28.0,-10.555072784423828
2022-10-16 21:00:00,46.555668,31.0,-15.555667877197266
2022-10-17 00:00:00,57.588295,39.0,-18.588294982910156
2022-10-17 03:00:00,61.27607,44.0,-17.27606964111328
2022-10-17 06:00:00,42.621708,40.0,-2.6217079162597656
2022-10-17 09:00:00,34.669086,57.0,22.330913543701172
2022-10-17 12:00:00,26.50995,45.0,18.490049362182617
2022-10-17 15:00:00,33.67677,48.0,14.323230743408203
2022-10-17 18:00:00,39.383167,40.0,0.6168327331542969
2022-10-17 21:00:00,40.624855,33.0,-7.624855041503906
2022-10-18 00:00:00,44.263287,38.0,-6.263286590576172
2022-10-18 03:00:00,46.85444,46.0,-0.8544387817382812
2022-10-18 06:00:00,37.444748,46.0,8.555252075195312
2022-10-18 09:00:00,34.545395,51.0,16.454605102539062
2022-10-18 12:00:00,43.5532,35.0,-8.553199768066406
2022-10-18 15:00:00,49.03802,31.0,-18.038021087646484
2022-10-18 18:00:00,56.123325,39.0,-17.12332534790039
2022-10-18 21:00:00,69.94719,43.0,-26.947189331054688
2022-10-19 00:00:00,84.30698,51.0,-33.306976318359375
2022-10-19 03:00:00,84.74831,49.0,-35.74830627441406
2022-10-19 06:00:00,62.87087,33.0,-29.870868682861328
2022-10-19 09:00:00,52.918835,101.0,48.0811653137207
2022-10-19 12:00:00,39.151814,37.0,-2.151813507080078
2022-10-19 15:00:00,38.60373,29.0,-9.603729248046875
2022-10-19 18:00:00,40.804024,30.0,-10.804023742675781
2022-10-19 21:00:00,53.053555,32.0,-21.05355453491211
2022-10-20 00:00:00,58.261322,34.0,-24.261322021484375
2022-10-20 03:00:00,69.339424,48.0,-21.33942413330078
2022-10-20 06:00:00,37.879375,59.0,21.120624542236328
2022-10-20 09:00:00,41.81652,39.0,-2.8165206909179688
2022-10-20 12:00:00,56.68062,39.0,-17.680618286132812
2022-10-20 15:00:00,55.456665,48.0,-7.4566650390625
2022-10-20 18:00:00,52.829704,50.0,-2.8297042846679688
2022-10-20 21:00:00,54.508404,47.0,-7.508403778076172
2022-10-21 00:00:00,58.04145,48.0,-10.041450500488281
2022-10-21 03:00:00,65.93359,61.0,-4.93359375
2022-10-21 06:00:00,58.38672,55.0,-3.38671875
2022-10-21 09:00:00,54.689507,48.0,-6.689506530761719
2022-10-21 12:00:00,50.657265,65.0,14.342735290527344
2022-10-21 15:00:00,54.856514,42.0,-12.856513977050781
2022-10-21 18:00:00,57.936802,49.0,-8.93680191040039
2022-10-21 21:00:00,60.60384,56.0,-4.603839874267578
2022-10-22 00:00:00,63.714993,50.0,-13.71499252319336
2022-10-22 03:00:00,69.25973,48.0,-21.259727478027344
2022-10-22 06:00:00,59.62957,49.0,-10.629570007324219
2022-10-22 09:00:00,47.63797,82.0,34.362030029296875
2022-10-22 12:00:00,50.15454,38.0,-12.154541015625
2022-10-22 15:00:00,49.622486,33.0,-16.622486114501953
2022-10-22 18:00:00,49.77619,50.0,0.22380828857421875
2022-10-22 21:00:00,54.301155,35.0,-19.30115509033203
2022-10-23 00:00:00,62.938965,35.0,-27.93896484375
2022-10-23 03:00:00,67.77282,48.0,-19.77281951904297
2022-10-23 06:00:00,53.077374,45.0,-8.077373504638672
2022-10-23 09:00:00,48.10727,52.0,3.892730712890625
2022-10-23 12:00:00,43.974182,40.0,-3.97418212890625
2022-10-23 15:00:00,51.54348,40.0,-11.543479919433594
2022-10-23 18:00:00,58.266438,32.0,-26.266437530517578
2022-10-23 21:00:00,67.7378,32.0,-35.73780059814453
2022-10-24 00:00:00,70.89943,47.0,-23.899429321289062
2022-10-26 03:00:00,83.71671,62.0,-21.716712951660156
2022-10-26 06:00:00,51.390602,61.0,9.609397888183594
2022-10-26 09:00:00,44.101627,54.0,9.898372650146484
2022-10-26 12:00:00,57.11519,57.0,-0.1151885986328125
2022-10-26 15:00:00,60.676712,51.0,-9.676712036132812
2022-10-26 18:00:00,66.028915,45.0,-21.028915405273438
2022-10-26 21:00:00,72.42409,46.0,-26.424087524414062
2022-10-27 00:00:00,79.617966,47.0,-32.61796569824219
2022-10-27 03:00:00,86.36289,60.0,-26.362892150878906
2022-10-27 06:00:00,62.749905,56.0,-6.749904632568359
2022-10-27 09:00:00,57.24178,59.0,1.7582206726074219
2022-10-27 12:00:00,65.77784,63.0,-2.7778396606445312
2022-10-27 15:00:00,67.09115,63.0,-4.091148376464844
2022-10-27 18:00:00,69.185715,55.0,-14.185714721679688
2022-10-27 21:00:00,71.561775,61.0,-10.561775207519531
2022-10-28 03:00:00,76.92393,62.0,-14.923927307128906
2022-10-28 06:00:00,59.98703,43.0,-16.987030029296875
2022-10-28 09:00:00,64.82128,63.0,-1.8212814331054688
2022-10-28 12:00:00,54.994415,63.0,8.005584716796875
2022-10-28 15:00:00,63.77968,46.0,-17.779678344726562
2022-10-28 18:00:00,63.814697,44.0,-19.814697265625
2022-10-28 21:00:00,65.586845,46.0,-19.58684539794922
2022-10-29 00:00:00,52.145878,44.0,-8.145877838134766
2022-10-29 03:00:00,59.29769,46.0,-13.297691345214844
2022-10-29 06:00:00,49.14739,55.0,5.852611541748047
2022-10-29 09:00:00,38.206055,73.0,34.7939453125
2022-10-29 12:00:00,25.232567,49.0,23.767433166503906
2022-10-29 15:00:00,38.672623,50.0,11.327377319335938
2022-10-29 18:00:00,47.084087,42.0,-5.084087371826172
2022-10-29 21:00:00,56.02328,39.0,-17.02328109741211
2022-10-30 00:00:00,60.774937,40.0,-20.77493667602539
2022-10-30 03:00:00,74.10085,61.0,-13.100852966308594
2022-10-30 06:00:00,57.603985,50.0,-7.603984832763672
2022-10-30 09:00:00,45.376793,35.0,-10.376792907714844
2022-10-30 12:00:00,22.458323,38.0,15.541677474975586
2022-10-30 15:00:00,30.170668,38.0,7.82933235168457
2022-10-30 18:00:00,45.26828,49.0,3.731719970703125
2022-10-30 21:00:00,51.453754,46.0,-5.453754425048828
2022-10-31 00:00:00,66.22577,45.0,-21.22576904296875
2022-10-31 03:00:00,76.84366,57.0,-19.843658447265625
2022-10-31 06:00:00,62.289585,43.0,-19.28958511352539
2022-10-31 09:00:00,49.251297,38.0,-11.251296997070312
2022-10-31 12:00:00,40.003044,49.0,8.996955871582031
2022-10-31 15:00:00,47.60966,47.0,-0.6096611022949219
2022-10-31 18:00:00,53.655582,43.0,-10.655582427978516
2022-10-31 21:00:00,57.1747,42.0,-15.174701690673828
2022-11-01 00:00:00,36.15844,43.0,6.841560363769531
2022-11-01 03:00:00,44.93404,48.0,3.065959930419922
2022-11-01 06:00:00,29.44705,41.0,11.552949905395508
2022-11-01 09:00:00,32.144043,55.0,22.85595703125
2022-11-01 12:00:00,32.762955,50.0,17.237045288085938
2022-11-01 15:00:00,51.325516,41.0,-10.325515747070312
2022-11-01 18:00:00,54.11414,38.0,-16.114139556884766
2022-11-01 21:00:00,52.846645,32.0,-20.84664535522461
2022-11-02 00:00:00,30.653381,39.0,8.34661865234375
2022-11-02 03:00:00,31.511717,47.0,15.488283157348633
2022-11-02 06:00:00,23.289602,45.0,21.710397720336914
2022-11-02 09:00:00,30.523552,91.0,60.47644805908203
2022-11-02 12:00:00,14.049477,60.0,45.950523376464844
2022-11-02 15:00:00,30.502066,32.0,1.497934341430664
2022-11-02 18:00:00,37.266544,27.0,-10.266544342041016
2022-11-02 21:00:00,40.953182,25.0,-15.953182220458984
2022-11-03 00:00:00,17.582806,31.0,13.417194366455078
2022-11-03 03:00:00,27.551323,30.0,2.4486770629882812
2022-11-03 06:00:00,25.24905,32.0,6.750949859619141
2022-11-03 09:00:00,25.674582,45.0,19.32541847229004
2022-11-03 12:00:00,44.26653,38.0,-6.266529083251953
2022-11-03 15:00:00,58.04702,25.0,-33.047019958496094
2022-11-03 18:00:00,65.666885,21.0,-44.66688537597656
2022-11-03 21:00:00,71.77004,26.0,-45.770042419433594
2022-11-04 00:00:00,60.708088,24.0,-36.70808792114258
2022-11-04 03:00:00,47.004734,43.0,-4.004734039306641
2022-11-04 06:00:00,29.886564,39.0,9.113435745239258
2022-11-04 09:00:00,32.458046,26.0,-6.458045959472656
2022-11-04 12:00:00,27.407452,14.0,-13.407451629638672
2022-11-04 15:00:00,33.436436,16.0,-17.43643569946289
2022-11-04 18:00:00,37.29133,22.0,-15.291328430175781
2022-11-04 21:00:00,38.93956,25.0,-13.939559936523438
2022-11-05 00:00:00,65.51136,21.0,-44.51136016845703
2022-11-05 03:00:00,53.523193,19.0,-34.523193359375
2022-11-05 06:00:00,38.602764,25.0,-13.602764129638672
2022-11-05 09:00:00,33.418926,16.0,-17.418926239013672
2022-11-05 12:00:00,41.968292,18.0,-23.968292236328125
2022-11-05 15:00:00,41.868134,17.0,-24.868133544921875
2022-11-05 18:00:00,42.590954,19.0,-23.590953826904297
2022-11-05 21:00:00,46.042034,22.0,-24.042034149169922
2022-11-06 00:00:00,45.463593,20.0,-25.463592529296875
2022-11-06 03:00:00,37.773815,27.0,-10.773815155029297
2022-11-06 06:00:00,15.187652,26.0,10.812348365783691
2022-11-06 09:00:00,24.703354,27.0,2.2966461181640625
2022-11-06 12:00:00,9.558619,19.0,9.441381454467773
2022-11-06 15:00:00,18.357697,25.0,6.642303466796875
2022-11-06 18:00:00,31.420086,21.0,-10.420085906982422
2022-11-06 21:00:00,42.916325,19.0,-23.916324615478516
2022-11-07 03:00:00,73.35359,34.0,-39.35359191894531
2022-11-07 06:00:00,53.538883,28.0,-25.538883209228516
2022-11-07 09:00:00,40.24696,28.0,-12.246959686279297
2022-11-07 12:00:00,37.169228,33.0,-4.169227600097656
2022-11-07 15:00:00,46.804417,27.0,-19.80441665649414
2022-11-07 18:00:00,42.748127,25.0,-17.748126983642578
2022-11-07 21:00:00,41.267982,26.0,-15.267982482910156
2022-11-08 00:00:00,32.31287,28.0,-4.312870025634766
2022-11-08 03:00:00,39.012547,26.0,-13.01254653930664
2022-11-08 06:00:00,26.215275,24.0,-2.2152748107910156
2022-11-08 09:00:00,31.030367,47.0,15.969633102416992
2022-11-08 12:00:00,30.043112,50.0,19.95688819885254
2022-11-08 15:00:00,47.950607,36.0,-11.950607299804688
2022-11-08 18:00:00,61.09417,21.0,-40.09416961669922
2022-11-08 21:00:00,69.04338,26.0,-43.04338073730469
2022-11-09 00:00:00,38.469807,15.0,-23.469806671142578
2022-11-09 03:00:00,50.70069,27.0,-23.70069122314453
2022-11-09 06:00:00,62.181927,70.0,7.818073272705078
2022-11-09 09:00:00,61.20672,219.0,157.79328155517578
2022-11-09 12:00:00,49.740494,51.0,1.2595062255859375
2022-11-09 15:00:00,67.79942,26.0,-41.79942321777344
2022-11-09 18:00:00,75.08231,27.0,-48.082313537597656
2022-11-09 21:00:00,79.09455,29.0,-50.09455108642578
2022-11-10 00:00:00,40.244347,27.0,-13.244346618652344
2022-11-10 03:00:00,41.858128,25.0,-16.85812759399414
2022-11-10 06:00:00,41.57016,32.0,-9.570159912109375
2022-11-10 09:00:00,37.386032,46.0,8.613967895507812
2022-11-10 12:00:00,37.10079,30.0,-7.100788116455078
2022-11-10 15:00:00,50.110542,17.0,-33.11054229736328
2022-11-10 18:00:00,52.732162,12.0,-40.73216247558594
2022-11-10 21:00:00,52.379845,24.0,-28.379844665527344
2022-11-11 00:00:00,29.282774,18.0,-11.282773971557617
2022-11-11 03:00:00,36.499615,25.0,-11.499614715576172
2022-11-11 06:00:00,26.1266,23.0,-3.1266002655029297
2022-11-11 09:00:00,26.591806,23.0,-3.591806411743164
2022-11-11 12:00:00,28.414661,20.0,-8.414661407470703
2022-11-11 15:00:00,41.15509,28.0,-13.15509033203125
2022-11-11 18:00:00,39.0678,21.0,-18.067798614501953
2022-11-11 21:00:00,40.083023,20.0,-20.083023071289062
2022-11-12 00:00:00,14.014858,25.0,10.98514175415039
2022-11-12 03:00:00,23.272491,35.0,11.727508544921875
2022-11-12 06:00:00,16.888634,28.0,11.111366271972656
2022-11-12 09:00:00,22.843323,24.0,1.15667724609375
2022-11-12 12:00:00,32.573097,25.0,-7.573097229003906
2022-11-12 15:00:00,31.329023,24.0,-7.329023361206055
2022-11-12 18:00:00,34.228493,19.0,-15.228492736816406
2022-11-12 21:00:00,45.560226,30.0,-15.560226440429688
2022-11-13 00:00:00,24.158226,28.0,3.8417739868164062
2022-11-13 03:00:00,32.895515,29.0,-3.8955154418945312
2022-11-13 06:00:00,24.248493,29.0,4.751506805419922
2022-11-13 09:00:00,23.49907,26.0,2.5009307861328125
2022-11-13 12:00:00,18.177616,37.0,18.822383880615234
2022-11-13 15:00:00,29.98854,32.0,2.0114593505859375
2022-11-13 18:00:00,34.988033,18.0,-16.988033294677734
2022-11-13 21:00:00,36.141727,13.0,-23.141727447509766
2022-11-14 00:00:00,28.870773,17.0,-11.870773315429688
2022-11-14 03:00:00,29.418516,24.0,-5.418516159057617
2022-11-14 06:00:00,18.581375,17.0,-1.5813751220703125
2022-11-14 09:00:00,18.243498,21.0,2.756502151489258
2022-11-14 12:00:00,15.695491,19.0,3.304509162902832
2022-11-14 15:00:00,15.111027,18.0,2.8889732360839844
2022-11-14 18:00:00,19.093136,12.0,-7.093135833740234
2022-11-14 21:00:00,21.56628,12.0,-9.566280364990234
2022-11-15 00:00:00,29.807665,18.0,-11.80766487121582
2022-11-15 03:00:00,42.80628,19.0,-23.806278228759766
2022-11-15 06:00:00,11.615043,14.0,2.3849573135375977
2022-11-15 09:00:00,13.2512245,17.0,3.7487754821777344
2022-11-15 12:00:00,9.512177,20.0,10.487822532653809
2022-11-15 15:00:00,18.390892,14.0,-4.390892028808594
2022-11-15 18:00:00,31.609034,14.0,-17.609033584594727
2022-11-15 21:00:00,47.008144,18.0,-29.00814437866211
2022-11-16 00:00:00,39.99412,21.0,-18.994121551513672
2022-11-16 03:00:00,53.028088,29.0,-24.028087615966797
2022-11-16 06:00:00,11.656539,27.0,15.343461036682129
2022-11-16 09:00:00,23.334679,27.0,3.6653213500976562
2022-11-16 12:00:00,21.509777,30.0,8.490222930908203
2022-11-16 15:00:00,30.411684,28.0,-2.411684036254883
2022-11-16 18:00:00,33.406876,35.0,1.5931243896484375
2022-11-16 21:00:00,36.50007,24.0,-12.500068664550781
2022-11-17 00:00:00,30.90372,27.0,-3.9037208557128906
2022-11-17 03:00:00,41.23376,29.0,-12.233760833740234
2022-11-17 06:00:00,36.931793,34.0,-2.931793212890625
2022-11-17 09:00:00,38.93143,21.0,-17.93143081665039
2022-11-17 12:00:00,44.87481,29.0,-15.874809265136719
2022-11-17 15:00:00,43.885166,36.0,-7.885166168212891
2022-11-17 18:00:00,33.31388,23.0,-10.313880920410156
2022-11-17 21:00:00,31.612217,21.0,-10.61221694946289
2022-11-18 00:00:00,44.635273,28.0,-16.635272979736328
2022-11-18 03:00:00,49.150913,24.0,-25.15091323852539
2022-11-18 06:00:00,43.892216,29.0,-14.892215728759766
2022-11-18 09:00:00,41.70397,26.0,-15.703971862792969
2022-11-18 12:00:00,41.03697,33.0,-8.036968231201172
2022-11-18 15:00:00,66.050064,32.0,-34.05006408691406
2022-11-18 18:00:00,76.41916,32.0,-44.419158935546875
2022-11-18 21:00:00,67.19847,35.0,-32.19847106933594
2022-11-19 00:00:00,54.18042,41.0,-13.180419921875
2022-11-19 03:00:00,58.364094,23.0,-35.36409378051758
2022-11-19 06:00:00,60.397953,29.0,-31.397953033447266
2022-11-19 09:00:00,61.40044,32.0,-29.400440216064453
2022-11-19 12:00:00,52.716076,36.0,-16.716075897216797
2022-11-19 15:00:00,46.311867,27.0,-19.311866760253906
2022-11-19 18:00:00,37.351982,31.0,-6.351982116699219
2022-11-19 21:00:00,32.28422,15.0,-17.284221649169922
2022-11-20 00:00:00,23.848316,14.0,-9.848316192626953
2022-11-20 03:00:00,30.021055,18.0,-12.021055221557617
2022-11-20 06:00:00,32.304398,30.0,-2.3043975830078125
2022-11-20 09:00:00,29.750994,28.0,-1.7509937286376953
2022-11-20 12:00:00,39.088375,40.0,0.9116249084472656
2022-11-20 15:00:00,43.209297,30.0,-13.209297180175781
2022-11-20 18:00:00,45.923004,20.0,-25.923004150390625
2022-11-20 21:00:00,51.68283,20.0,-31.682830810546875
2022-11-21 00:00:00,50.159542,42.0,-8.159542083740234
2022-11-21 03:00:00,65.04797,40.0,-25.0479736328125
2022-11-21 06:00:00,67.66993,28.0,-39.66992950439453
2022-11-21 09:00:00,50.42574,33.0,-17.425739288330078
2022-11-21 12:00:00,40.69426,30.0,-10.694259643554688
2022-11-21 15:00:00,47.47187,27.0,-20.47187042236328
2022-11-21 18:00:00,55.120155,27.0,-28.120155334472656
2022-11-21 21:00:00,62.402023,28.0,-34.40202331542969
2022-11-22 00:00:00,50.159996,26.0,-24.159996032714844
2022-11-22 03:00:00,57.584656,33.0,-24.58465576171875
2022-11-22 06:00:00,63.16094,30.0,-33.16093826293945
2022-11-22 09:00:00,39.24464,32.0,-7.244640350341797
2022-11-22 12:00:00,26.392626,27.0,0.6073741912841797
2022-11-22 15:00:00,41.99376,31.0,-10.993759155273438
2022-11-22 18:00:00,66.40903,31.0,-35.409027099609375
2022-11-22 21:00:00,75.889145,41.0,-34.88914489746094
2022-11-23 00:00:00,79.33704,38.0,-41.33704376220703
2022-11-23 03:00:00,80.6067,48.0,-32.60669708251953
2022-11-23 06:00:00,73.37394,33.0,-40.373939514160156
2022-11-23 09:00:00,44.914314,44.0,-0.9143142700195312
2022-11-23 12:00:00,25.664007,28.0,2.3359928131103516
2022-11-23 15:00:00,31.98079,35.0,3.0192108154296875
2022-11-23 18:00:00,56.364117,47.0,-9.364116668701172
2022-11-23 21:00:00,73.80004,47.0,-26.80004119873047
2022-11-24 00:00:00,61.41454,51.0,-10.414539337158203
2022-11-24 03:00:00,66.731445,55.0,-11.7314453125
2022-11-24 06:00:00,36.553955,33.0,-3.553955078125
2022-11-24 09:00:00,28.729574,56.0,27.27042579650879
2022-11-24 12:00:00,25.868645,51.0,25.13135528564453
2022-11-24 15:00:00,46.063293,26.0,-20.06329345703125
2022-11-24 18:00:00,57.500072,29.0,-28.500072479248047
2022-11-24 21:00:00,60.435925,42.0,-18.435924530029297
2022-11-25 03:00:00,27.837814,42.0,14.162185668945312
2022-11-25 06:00:00,15.738351,32.0,16.261649131774902
2022-11-25 09:00:00,11.123575,31.0,19.87642478942871
2022-11-25 12:00:00,5.4931207,21.0,15.506879329681396
2022-11-25 15:00:00,19.720346,24.0,4.279653549194336
2022-11-25 18:00:00,20.511833,29.0,8.488166809082031
2022-11-25 21:00:00,24.441761,32.0,7.558238983154297
2022-11-26 00:00:00,20.638254,26.0,5.361745834350586
2022-11-26 03:00:00,32.23704,47.0,14.762958526611328
2022-11-26 06:00:00,13.4537,38.0,24.546299934387207
2022-11-26 09:00:00,5.6764975,27.0,21.32350254058838
2022-11-26 12:00:00,28.35219,25.0,-3.3521900177001953
2022-11-26 15:00:00,52.8604,27.0,-25.860401153564453
2022-11-26 18:00:00,70.71594,20.0,-50.7159423828125
2022-11-26 21:00:00,81.83986,34.0,-47.83985900878906
2022-11-27 00:00:00,76.70178,29.0,-47.7017822265625
2022-11-27 03:00:00,62.44386,31.0,-31.443859100341797
2022-11-27 06:00:00,61.19518,28.0,-33.1951789855957
2022-11-27 09:00:00,56.51242,27.0,-29.512420654296875
2022-11-27 12:00:00,48.614765,29.0,-19.614765167236328
2022-11-27 15:00:00,45.71939,24.0,-21.719390869140625
2022-11-27 18:00:00,36.663322,36.0,-0.6633224487304688
2022-11-27 21:00:00,30.381443,31.0,0.6185569763183594
2022-11-28 00:00:00,59.55417,33.0,-26.554168701171875
2022-11-28 03:00:00,67.73757,36.0,-31.737571716308594
2022-11-28 06:00:00,68.01235,36.0,-32.012351989746094
2022-11-28 09:00:00,47.533035,29.0,-18.533035278320312
2022-11-28 12:00:00,44.74475,21.0,-23.7447509765625
2022-11-28 15:00:00,46.736546,6.0,-40.73654556274414
2022-11-28 18:00:00,40.282658,21.0,-19.282657623291016
2022-11-28 21:00:00,34.89771,13.0,-21.897708892822266
2022-11-29 00:00:00,65.91961,16.0,-49.91960906982422
2022-11-29 03:00:00,69.93309,14.0,-55.93309020996094
2022-11-29 06:00:00,66.94575,12.0,-54.94574737548828
2022-11-29 09:00:00,49.65335,15.0,-34.653350830078125
2022-11-29 12:00:00,27.95673,13.0,-14.956729888916016
2022-11-29 15:00:00,49.1259,19.0,-30.125900268554688
2022-11-29 18:00:00,72.22331,24.0,-48.22331237792969
2022-11-29 21:00:00,82.82643,28.0,-54.82643127441406
2022-11-30 00:00:00,81.51255,27.0,-54.512550354003906
2022-11-30 03:00:00,78.605804,34.0,-44.605804443359375
2022-11-30 06:00:00,50.181484,29.0,-21.18148422241211
2022-11-30 09:00:00,33.785908,24.0,-9.785907745361328
2022-11-30 12:00:00,15.427418,27.0,11.572582244873047
2022-11-30 15:00:00,33.153297,26.0,-7.153297424316406
2022-11-30 18:00:00,47.789967,31.0,-16.789966583251953
2022-11-30 21:00:00,53.551277,39.0,-14.551277160644531
2022-12-01 00:00:00,76.053085,41.0,-35.05308532714844
2022-12-01 03:00:00,85.81037,42.0,-43.81037139892578
2022-12-01 06:00:00,60.76175,31.0,-29.761749267578125
2022-12-01 09:00:00,30.999275,24.0,-6.999275207519531
2022-12-01 12:00:00,34.484287,28.0,-6.484287261962891
2022-12-01 15:00:00,51.90725,23.0,-28.907249450683594
2022-12-01 18:00:00,60.81365,35.0,-25.813648223876953
2022-12-05 15:00:00,32.38375,17.0,-15.383750915527344
2022-12-05 18:00:00,46.583237,36.0,-10.583236694335938
2022-12-05 21:00:00,47.99989,16.0,-31.999889373779297
2022-12-06 00:00:00,2.4508607,23.0,20.549139261245728
2022-12-06 03:00:00,8.562893,33.0,24.43710708618164
2022-12-06 06:00:00,3.514799,24.0,20.485200881958008
2022-12-06 09:00:00,20.208063,37.0,16.79193687438965
2022-12-06 12:00:00,20.170887,25.0,4.829113006591797
2022-12-06 15:00:00,35.155834,28.0,-7.155834197998047
2022-12-06 18:00:00,36.266895,39.0,2.733104705810547
2022-12-06 21:00:00,39.643112,23.0,-16.643112182617188
2022-12-07 00:00:00,30.246384,26.0,-4.2463836669921875
2022-12-07 03:00:00,33.345997,28.0,-5.345996856689453
2022-12-07 06:00:00,34.21394,26.0,-8.213939666748047
2022-12-07 09:00:00,42.21738,25.0,-17.21738052368164
2022-12-07 12:00:00,30.647243,23.0,-7.647243499755859
2022-12-07 15:00:00,24.415386,17.0,-7.415386199951172
2022-12-07 18:00:00,24.944712,12.0,-12.944711685180664
2022-12-07 21:00:00,34.071148,21.0,-13.071147918701172
2022-12-08 00:00:00,38.78074,23.0,-15.780738830566406
2022-12-08 03:00:00,26.895576,28.0,1.1044235229492188
2022-12-08 06:00:00,8.597568,17.0,8.402432441711426
2022-12-08 09:00:00,8.541349,18.0,9.458650588989258
2022-12-08 12:00:00,8.675784,16.0,7.324215888977051
2022-12-08 15:00:00,20.60682,13.0,-7.606819152832031
2022-12-08 18:00:00,19.718925,13.0,-6.718925476074219
2022-12-08 21:00:00,21.852543,17.0,-4.852542877197266
2022-12-09 00:00:00,26.979933,14.0,-12.97993278503418
2022-12-09 03:00:00,23.54011,19.0,-4.540109634399414
2022-12-09 06:00:00,22.931772,21.0,-1.931772232055664
2022-12-09 09:00:00,24.590576,16.0,-8.590576171875
2022-12-09 12:00:00,20.012238,21.0,0.987762451171875
2022-12-09 15:00:00,23.2871,11.0,-12.287099838256836
2022-12-09 18:00:00,23.106054,10.0,-13.106054306030273
2022-12-09 21:00:00,26.959867,17.0,-9.959867477416992
2022-12-10 00:00:00,20.211246,19.0,-1.2112464904785156
2022-12-10 03:00:00,35.245422,35.0,-0.24542236328125
2022-12-10 06:00:00,58.229034,34.0,-24.229034423828125
2022-12-10 09:00:00,47.343292,30.0,-17.343292236328125
2022-12-10 12:00:00,48.09101,35.0,-13.091011047363281
2022-12-10 15:00:00,47.6939,36.0,-11.693901062011719
2022-12-10 18:00:00,48.528023,31.0,-17.52802276611328
2022-12-10 21:00:00,51.759968,27.0,-24.759967803955078
2022-12-11 00:00:00,54.181156,31.0,-23.181156158447266
2022-12-11 03:00:00,59.552063,27.0,-32.55206298828125
2022-12-11 06:00:00,63.272297,29.0,-34.27229690551758
2022-12-11 09:00:00,41.505642,32.0,-9.50564193725586
2022-12-11 12:00:00,30.964146,30.0,-0.9641456604003906
2022-12-11 15:00:00,32.124207,22.0,-10.12420654296875
2022-12-11 18:00:00,33.05729,30.0,-3.0572891235351562
2022-12-11 21:00:00,34.798176,26.0,-8.798175811767578
2022-12-12 00:00:00,78.63252,34.0,-44.63252258300781
2022-12-12 03:00:00,78.6896,35.0,-43.689598083496094
2022-12-12 06:00:00,75.295815,32.0,-43.295814514160156
2022-12-12 09:00:00,45.28647,35.0,-10.286468505859375
2022-12-12 12:00:00,25.070108,31.0,5.929891586303711
2022-12-12 15:00:00,28.562511,32.0,3.437488555908203
2022-12-12 18:00:00,37.360905,33.0,-4.360904693603516
2022-12-12 21:00:00,44.052002,38.0,-6.052001953125
2022-12-13 00:00:00,43.14859,51.0,7.851409912109375
2022-12-13 03:00:00,48.292576,50.0,1.7074241638183594
2022-12-13 06:00:00,37.412746,28.0,-9.41274642944336
2022-12-13 09:00:00,22.757433,21.0,-1.7574329376220703
2022-12-13 12:00:00,31.042646,19.0,-12.042646408081055
2022-12-13 15:00:00,45.180626,18.0,-27.180625915527344
2022-12-13 18:00:00,62.10246,30.0,-32.10245895385742
2022-12-13 21:00:00,76.17473,37.0,-39.17472839355469
2022-12-14 00:00:00,96.8281,41.0,-55.828102111816406
2022-12-14 03:00:00,102.338165,51.0,-51.338165283203125
2022-12-14 06:00:00,77.17182,25.0,-52.17182159423828
2022-12-14 09:00:00,41.54464,21.0,-20.544639587402344
2022-12-14 12:00:00,22.323774,26.0,3.6762256622314453
2022-12-14 15:00:00,34.044716,26.0,-8.044715881347656
2022-12-14 18:00:00,50.484688,29.0,-21.48468780517578
2022-12-14 21:00:00,61.98161,44.0,-17.981609344482422
2022-12-15 00:00:00,89.47518,40.0,-49.475181579589844
2022-12-15 03:00:00,97.255905,46.0,-51.25590515136719
2022-12-15 06:00:00,66.990654,25.0,-41.99065399169922
2022-12-15 09:00:00,28.210253,18.0,-10.21025276184082
2022-12-15 12:00:00,30.275032,25.0,-5.275032043457031
2022-12-15 15:00:00,42.364605,21.0,-21.364604949951172
2022-12-15 18:00:00,50.15744,26.0,-24.157440185546875
2022-12-16 00:00:00,83.16431,43.0,-40.164306640625
2022-12-16 03:00:00,94.18966,40.0,-54.189659118652344
2022-12-16 06:00:00,63.810772,23.0,-40.81077194213867
2022-12-16 09:00:00,44.376633,24.0,-20.376632690429688
2022-12-16 12:00:00,39.6696,27.0,-12.669601440429688
2022-12-16 15:00:00,56.21422,31.0,-25.214218139648438
2022-12-16 18:00:00,71.56728,25.0,-46.567283630371094
2022-12-16 21:00:00,70.88897,37.0,-33.88896942138672
2022-12-17 00:00:00,76.88049,35.0,-41.8804931640625
2022-12-17 03:00:00,65.17143,43.0,-22.171432495117188
2022-12-17 06:00:00,55.68927,25.0,-30.68927001953125
2022-12-17 09:00:00,51.860523,29.0,-22.860523223876953
2022-12-17 12:00:00,50.351788,36.0,-14.351787567138672
2022-12-17 15:00:00,67.66436,41.0,-26.66436004638672
2022-12-17 18:00:00,78.00389,35.0,-43.00389099121094
2022-12-17 21:00:00,83.293,46.0,-37.292999267578125
2022-12-18 00:00:00,96.6528,45.0,-51.652801513671875
2022-12-18 03:00:00,81.03007,48.0,-33.030067443847656
2022-12-18 06:00:00,76.023415,34.0,-42.023414611816406
2022-12-18 09:00:00,61.484173,42.0,-19.484172821044922
2022-12-18 12:00:00,55.86827,43.0,-12.868270874023438
2022-12-18 15:00:00,64.74653,50.0,-14.746528625488281
2022-12-18 18:00:00,68.45608,41.0,-27.456077575683594
2022-12-18 21:00:00,69.79127,57.0,-12.791267395019531
2022-12-19 00:00:00,90.50615,39.0,-51.50614929199219
2022-12-19 03:00:00,94.12611,68.0,-26.12610626220703
2022-12-19 06:00:00,99.19984,54.0,-45.19983673095703
2022-12-19 09:00:00,77.96643,42.0,-35.9664306640625
2022-12-19 12:00:00,58.230995,39.0,-19.230995178222656
2022-12-19 15:00:00,60.371407,47.0,-13.371406555175781
2022-12-19 18:00:00,57.05806,52.0,-5.0580596923828125
2022-12-19 21:00:00,51.164646,53.0,1.8353538513183594
2022-12-20 00:00:00,61.9616,55.0,-6.961601257324219
2022-12-20 03:00:00,57.939133,37.0,-20.939132690429688
2022-12-20 06:00:00,54.857708,42.0,-12.857707977294922
2022-12-20 09:00:00,40.196198,36.0,-4.196197509765625
2022-12-20 12:00:00,35.300728,35.0,-0.30072784423828125
2022-12-20 15:00:00,50.350536,36.0,-14.350536346435547
2022-12-20 18:00:00,59.79871,36.0,-23.798709869384766
2022-12-20 21:00:00,62.25099,49.0,-13.250991821289062
2022-12-21 00:00:00,88.28874,40.0,-48.28874206542969
2022-12-21 03:00:00,85.91587,45.0,-40.915870666503906
2022-12-21 06:00:00,79.91173,32.0,-47.91172790527344
2022-12-21 09:00:00,45.669765,28.0,-17.66976547241211
2022-12-21 12:00:00,21.092432,21.0,-0.09243202209472656
2022-12-21 15:00:00,32.775517,18.0,-14.775516510009766
2022-12-21 18:00:00,41.438625,18.0,-23.43862533569336
2022-12-21 21:00:00,49.886692,26.0,-23.88669204711914
2022-12-22 00:00:00,80.79723,28.0,-52.79723358154297
2022-12-22 03:00:00,92.57838,34.0,-58.57837677001953
2022-12-22 06:00:00,81.66137,26.0,-55.66136932373047
2022-12-22 09:00:00,35.957443,16.0,-19.957443237304688
2022-12-22 12:00:00,18.416927,17.0,-1.4169273376464844
2022-12-22 15:00:00,39.449448,19.0,-20.449447631835938
2022-12-22 18:00:00,56.434147,15.0,-41.434146881103516
2022-12-22 21:00:00,60.595993,34.0,-26.595993041992188
2022-12-23 00:00:00,54.211796,29.0,-25.211795806884766
2022-12-23 03:00:00,56.498493,31.0,-25.498493194580078
2022-12-23 06:00:00,52.86313,15.0,-37.863128662109375
2022-12-23 09:00:00,38.524094,21.0,-17.524093627929688
2022-12-23 12:00:00,35.707672,23.0,-12.707672119140625
2022-12-23 15:00:00,49.799267,20.0,-29.799266815185547
2022-12-23 18:00:00,55.524197,18.0,-37.52419662475586
2022-12-23 21:00:00,55.8814,19.0,-36.88140106201172
2022-12-24 00:00:00,18.406353,17.0,-1.4063529968261719
2022-12-24 03:00:00,27.926945,18.0,-9.926944732666016
2022-12-24 06:00:00,32.123127,24.0,-8.123126983642578
2022-12-24 09:00:00,20.592438,31.0,10.407562255859375
2022-12-24 12:00:00,26.711348,30.0,3.2886524200439453
2022-12-24 15:00:00,38.472366,36.0,-2.4723663330078125
2022-12-24 18:00:00,30.848469,25.0,-5.848468780517578
2022-12-24 21:00:00,22.88698,16.0,-6.886980056762695
2022-12-25 03:00:00,20.79696,7.0,-13.796960830688477
2022-12-25 06:00:00,22.910513,13.0,-9.910512924194336
2022-12-25 09:00:00,24.651627,15.0,-9.651626586914062
2022-12-25 12:00:00,19.67868,15.0,-4.678680419921875
2022-12-25 15:00:00,34.08735,23.0,-11.087348937988281
2022-12-25 18:00:00,42.771774,22.0,-20.771774291992188
2022-12-25 21:00:00,45.00737,23.0,-22.007369995117188
2022-12-26 00:00:00,37.256428,30.0,-7.256427764892578
2022-12-26 03:00:00,36.028496,37.0,0.9715042114257812
2022-12-26 06:00:00,33.862534,26.0,-7.8625335693359375
2022-12-26 09:00:00,27.953945,20.0,-7.953945159912109
2022-12-26 12:00:00,30.94226,17.0,-13.9422607421875
2022-12-26 15:00:00,34.761173,23.0,-11.761173248291016
2022-12-26 18:00:00,52.87154,27.0,-25.871540069580078
2022-12-26 21:00:00,68.98472,31.0,-37.984718322753906
2022-12-27 00:00:00,80.404106,30.0,-50.40410614013672
2022-12-27 03:00:00,85.75398,30.0,-55.75398254394531
2022-12-27 06:00:00,72.08518,48.0,-24.085182189941406
2022-12-27 09:00:00,40.76037,36.0,-4.760368347167969
2022-12-27 12:00:00,34.968422,37.0,2.0315780639648438
2022-12-27 15:00:00,49.461506,37.0,-12.461505889892578
2022-12-27 18:00:00,57.861256,49.0,-8.861255645751953
2022-12-27 21:00:00,53.027863,50.0,-3.027862548828125
2022-12-28 00:00:00,66.105484,11.0,-55.10548400878906
2022-12-28 03:00:00,51.526966,9.0,-42.5269660949707
2022-12-28 06:00:00,47.789627,6.0,-41.78962707519531
2022-12-28 09:00:00,45.802437,15.0,-30.80243682861328
2022-12-28 12:00:00,40.74428,34.0,-6.744281768798828
2022-12-28 15:00:00,28.070702,29.0,0.9292984008789062
2022-12-28 18:00:00,24.684141,27.0,2.315858840942383
2022-12-28 21:00:00,35.33705,41.0,5.6629486083984375
2022-12-29 00:00:00,69.88966,39.0,-30.889663696289062
2022-12-29 03:00:00,84.77445,41.0,-43.774452209472656
2022-12-29 06:00:00,88.24691,41.0,-47.246910095214844
2022-12-29 09:00:00,56.57023,31.0,-25.570228576660156
2022-12-29 12:00:00,38.023132,15.0,-23.02313232421875
2022-12-29 15:00:00,37.185772,20.0,-17.185771942138672
2022-12-29 18:00:00,35.967674,29.0,-6.967674255371094
2022-12-29 21:00:00,35.889797,30.0,-5.889797210693359
2022-12-30 03:00:00,30.033106,56.0,25.966894149780273
2022-12-30 06:00:00,29.224339,43.0,13.77566146850586
2022-12-30 09:00:00,19.407139,32.0,12.59286117553711
2022-12-30 12:00:00,18.10031,29.0,10.899690628051758
2022-12-30 15:00:00,24.811981,29.0,4.188018798828125
2022-12-30 18:00:00,25.881037,21.0,-4.881036758422852
2022-12-30 21:00:00,26.065777,27.0,0.9342231750488281
2022-12-31 00:00:00,29.853823,45.0,15.146177291870117
2022-12-31 03:00:00,27.744137,48.0,20.255863189697266
2022-12-31 06:00:00,25.245071,35.0,9.754928588867188
2022-12-31 09:00:00,24.20086,19.0,-5.200859069824219
2022-12-31 12:00:00,9.483017,20.0,10.516983032226562
2022-12-31 15:00:00,19.484161,31.0,11.515838623046875
2022-12-31 18:00:00,28.739862,31.0,2.2601375579833984
2022-12-31 21:00:00,33.84639,28.0,-5.8463897705078125
2023-01-01 00:00:00,29.244688,24.0,-5.244688034057617
2023-01-01 03:00:00,28.677732,30.0,1.3222675323486328
2023-01-01 06:00:00,28.030285,15.0,-13.030284881591797
2023-01-01 09:00:00,29.72098,18.0,-11.720979690551758
2023-01-01 12:00:00,12.028749,26.0,13.971250534057617
2023-01-01 15:00:00,18.655499,23.0,4.344501495361328
2023-01-01 18:00:00,28.502087,30.0,1.4979133605957031
2023-01-01 21:00:00,36.30862,32.0,-4.308620452880859
2023-01-02 00:00:00,39.542328,30.0,-9.542327880859375
2023-01-02 03:00:00,42.568672,50.0,7.431327819824219
2023-01-02 06:00:00,50.521748,64.0,13.478252410888672
2023-01-02 09:00:00,53.963505,62.0,8.036495208740234
2023-01-02 12:00:00,60.611797,39.0,-21.611797332763672
2023-01-02 15:00:00,59.95554,48.0,-11.95553970336914
2023-01-02 18:00:00,60.394028,43.0,-17.394027709960938
2023-01-02 21:00:00,58.083797,74.0,15.916202545166016
2023-01-03 00:00:00,81.33691,57.0,-24.33690643310547
2023-01-03 03:00:00,71.5786,74.0,2.4214019775390625
2023-01-03 06:00:00,66.00015,71.0,4.999847412109375
2023-01-03 09:00:00,58.230854,61.0,2.769145965576172
2023-01-03 12:00:00,46.60012,61.0,14.399879455566406
2023-01-03 15:00:00,53.334476,82.0,28.665523529052734
2023-01-03 18:00:00,55.04853,101.0,45.95146942138672
2023-01-03 21:00:00,55.33184,95.0,39.66815948486328
2023-01-04 00:00:00,35.053745,77.0,41.94625473022461
2023-01-04 03:00:00,35.70676,75.0,39.29323959350586
2023-01-04 06:00:00,30.739101,63.0,32.26089859008789
2023-01-04 09:00:00,21.437017,19.0,-2.4370174407958984
2023-01-04 12:00:00,12.7269,11.0,-1.7269001007080078
2023-01-04 15:00:00,27.921032,15.0,-12.921031951904297
2023-01-04 18:00:00,32.15746,11.0,-21.157459259033203
2023-01-04 21:00:00,42.44339,15.0,-27.443389892578125
2023-01-05 00:00:00,37.628525,11.0,-26.628524780273438
2023-01-05 03:00:00,59.35726,15.0,-44.357261657714844
2023-01-05 06:00:00,39.518227,17.0,-22.518226623535156
2023-01-05 09:00:00,14.740863,19.0,4.259137153625488
2023-01-05 12:00:00,21.357437,10.0,-11.357437133789062
2023-01-05 15:00:00,43.019554,12.0,-31.019554138183594
2023-01-05 18:00:00,51.560165,17.0,-34.56016540527344
2023-01-05 21:00:00,47.04816,15.0,-32.048160552978516
2023-01-06 00:00:00,38.231518,4.0,-34.23151779174805
2023-01-06 03:00:00,36.95641,7.0,-29.956409454345703
2023-01-06 06:00:00,36.112396,12.0,-24.112396240234375
2023-01-06 09:00:00,37.1615,13.0,-24.1614990234375
2023-01-06 12:00:00,40.538906,13.0,-27.53890609741211
2023-01-06 15:00:00,43.13074,27.0,-16.130741119384766
2023-01-06 18:00:00,45.030903,27.0,-18.030902862548828
2023-01-06 21:00:00,44.440186,28.0,-16.440185546875
2023-01-07 00:00:00,47.285313,26.0,-21.28531265258789
2023-01-07 03:00:00,45.009983,27.0,-18.00998306274414
2023-01-07 06:00:00,39.015503,42.0,2.9844970703125
2023-01-07 09:00:00,31.02764,27.0,-4.027639389038086
2023-01-07 12:00:00,26.483576,29.0,2.5164241790771484
2023-01-07 15:00:00,35.306927,36.0,0.6930732727050781
2023-01-07 18:00:00,41.129852,37.0,-4.129852294921875
2023-01-07 21:00:00,38.98799,32.0,-6.9879913330078125
2023-01-08 00:00:00,30.58949,50.0,19.41050910949707
2023-01-08 03:00:00,30.87598,76.0,45.124019622802734
2023-01-08 06:00:00,29.604734,52.0,22.395265579223633
2023-01-08 09:00:00,22.444738,31.0,8.555261611938477
2023-01-08 12:00:00,9.514167,21.0,11.485833168029785
2023-01-08 15:00:00,28.593603,31.0,2.4063968658447266
2023-01-08 18:00:00,40.759914,34.0,-6.759914398193359
2023-01-08 21:00:00,37.32612,49.0,11.673881530761719
2023-01-09 00:00:00,46.51065,51.0,4.489349365234375
2023-01-09 03:00:00,49.773006,59.0,9.226993560791016
2023-01-09 06:00:00,40.99843,34.0,-6.9984283447265625
2023-01-09 09:00:00,21.10619,13.0,-8.106189727783203
2023-01-09 12:00:00,9.081759,26.0,16.918240547180176
2023-01-09 15:00:00,24.479733,19.0,-5.479732513427734
2023-01-09 18:00:00,13.560566,17.0,3.439434051513672
2023-01-16 00:00:00,30.534124,10.0,-20.53412437438965
2023-01-16 03:00:00,35.38605,18.0,-17.386051177978516
2023-01-16 06:00:00,26.828161,26.0,-0.8281612396240234
2023-01-16 09:00:00,21.784218,13.0,-8.784217834472656
2023-01-16 12:00:00,21.066797,8.0,-13.066797256469727
2023-01-16 15:00:00,37.59823,11.0,-26.598228454589844
2023-01-16 18:00:00,42.329247,7.0,-35.329246520996094
2023-01-16 21:00:00,37.6981,6.0,-31.698101043701172
2023-01-17 00:00:00,15.583339,14.0,-1.583338737487793
2023-01-17 03:00:00,19.633263,11.0,-8.633262634277344
2023-01-17 06:00:00,14.744217,13.0,-1.7442169189453125
2023-01-17 09:00:00,15.735395,22.0,6.264604568481445
2023-01-17 12:00:00,19.058348,17.0,-2.058347702026367
2023-01-17 15:00:00,37.78797,67.0,29.21202850341797
2023-01-17 18:00:00,63.45181,36.0,-27.45180892944336
2023-01-17 21:00:00,53.59692,21.0,-32.596920013427734
2023-01-18 00:00:00,54.525856,29.0,-25.525856018066406
2023-01-18 03:00:00,69.70277,43.0,-26.70276641845703
2023-01-18 06:00:00,83.48644,50.0,-33.48644256591797
2023-01-18 09:00:00,72.48241,41.0,-31.482406616210938
2023-01-18 12:00:00,66.68455,41.0,-25.684547424316406
2023-01-18 15:00:00,75.666664,53.0,-22.666664123535156
2023-01-18 18:00:00,82.95086,40.0,-42.95085906982422
2023-01-18 21:00:00,87.15961,27.0,-60.15960693359375
2023-01-19 00:00:00,124.67899,33.0,-91.67899322509766
2023-01-19 03:00:00,120.0533,34.0,-86.05329895019531
2023-01-19 06:00:00,114.07042,32.0,-82.07041931152344
2023-01-19 09:00:00,91.344986,33.0,-58.34498596191406
2023-01-19 12:00:00,69.2084,35.0,-34.208396911621094
2023-01-19 15:00:00,64.05543,38.0,-26.05542755126953
2023-01-19 18:00:00,57.03987,39.0,-18.039871215820312
2023-01-19 21:00:00,52.46409,42.0,-10.464088439941406
2023-01-20 00:00:00,68.09711,30.0,-38.09710693359375
2023-01-20 03:00:00,63.86574,41.0,-22.865741729736328
2023-01-20 06:00:00,56.936413,26.0,-30.936412811279297
2023-01-20 09:00:00,32.051643,25.0,-7.051643371582031
2023-01-20 12:00:00,22.995436,26.0,3.0045642852783203
2023-01-20 15:00:00,34.745483,25.0,-9.7454833984375
2023-01-20 18:00:00,42.99625,33.0,-9.99625015258789
2023-01-20 21:00:00,43.74334,34.0,-9.743339538574219
2023-01-21 00:00:00,54.250904,32.0,-22.250904083251953
2023-01-21 03:00:00,55.45428,32.0,-23.454280853271484
2023-01-21 06:00:00,48.349308,27.0,-21.349308013916016
2023-01-21 09:00:00,34.91465,28.0,-6.914649963378906
2023-01-21 12:00:00,26.808891,29.0,2.1911087036132812
2023-01-21 15:00:00,41.93629,29.0,-12.936290740966797
2023-01-21 18:00:00,54.668022,47.0,-7.668022155761719
2023-01-21 21:00:00,57.43732,42.0,-15.437320709228516
2023-01-22 00:00:00,86.584236,47.0,-39.58423614501953
2023-01-22 03:00:00,81.01233,46.0,-35.0123291015625
2023-01-22 06:00:00,66.74998,49.0,-17.749977111816406
2023-01-22 09:00:00,37.7878,17.0,-20.787799835205078
2023-01-22 12:00:00,28.107365,26.0,-2.1073646545410156
2023-01-22 15:00:00,49.565132,28.0,-21.56513214111328
2023-01-22 18:00:00,66.957344,29.0,-37.95734405517578
2023-01-22 21:00:00,69.363525,30.0,-39.363525390625
2023-01-23 00:00:00,53.479992,38.0,-15.479991912841797
2023-01-23 03:00:00,67.721146,38.0,-29.721145629882812
2023-01-23 06:00:00,47.595165,30.0,-17.595165252685547
2023-01-23 09:00:00,18.1833,22.0,3.816699981689453
2023-01-23 12:00:00,35.17181,26.0,-9.171810150146484
2023-01-23 15:00:00,41.415546,15.0,-26.415546417236328
2023-01-23 18:00:00,51.815163,11.0,-40.815162658691406
2023-01-23 21:00:00,55.547844,18.0,-37.54784393310547
2023-01-24 00:00:00,84.112114,22.0,-62.11211395263672
2023-01-24 03:00:00,79.042366,38.0,-41.04236602783203
2023-01-24 06:00:00,72.06256,24.0,-48.06256103515625
2023-01-24 09:00:00,44.2742,22.0,-22.274200439453125
2023-01-24 12:00:00,22.346684,13.0,-9.346683502197266
2023-01-24 15:00:00,26.066572,15.0,-11.066572189331055
2023-01-24 18:00:00,24.847282,8.0,-16.84728240966797
2023-01-24 21:00:00,28.228897,15.0,-13.228897094726562
2023-01-25 00:00:00,45.343086,12.0,-33.34308624267578
2023-01-25 03:00:00,46.110474,27.0,-19.1104736328125
2023-01-25 06:00:00,35.771904,17.0,-18.77190399169922
2023-01-25 09:00:00,26.36702,15.0,-11.367019653320312
2023-01-25 12:00:00,18.960691,23.0,4.039308547973633
2023-01-25 15:00:00,22.103222,15.0,-7.103221893310547
2023-01-25 18:00:00,26.65348,6.0,-20.653480529785156
2023-01-25 21:00:00,34.157837,9.0,-25.1578369140625
2023-01-26 00:00:00,12.300063,6.0,-6.300063133239746
2023-01-26 03:00:00,14.615125,4.0,-10.615124702453613
2023-01-26 06:00:00,15.4454365,8.0,-7.445436477661133
2023-01-26 09:00:00,37.112843,11.0,-26.112842559814453
2023-01-26 12:00:00,20.893026,8.0,-12.893026351928711
2023-01-26 15:00:00,24.113434,9.0,-15.113433837890625
2023-01-26 18:00:00,30.233366,6.0,-24.233366012573242
2023-01-26 21:00:00,32.721573,7.0,-25.721572875976562
2023-01-27 00:00:00,32.602657,4.0,-28.602657318115234
2023-01-27 03:00:00,27.353281,4.0,-23.353281021118164
2023-01-27 06:00:00,23.228949,14.0,-9.228948593139648
2023-01-27 09:00:00,21.142342,13.0,-8.142341613769531
2023-01-27 12:00:00,18.827677,9.0,-9.827676773071289
2023-01-27 15:00:00,20.174297,10.0,-10.174297332763672
2023-01-27 18:00:00,23.46445,24.0,0.5355491638183594
2023-01-27 21:00:00,29.269472,28.0,-1.2694721221923828
2023-01-28 00:00:00,43.03422,28.0,-15.034221649169922
2023-01-28 03:00:00,48.28462,35.0,-13.284618377685547
2023-01-28 06:00:00,48.390575,25.0,-23.390575408935547
2023-01-28 09:00:00,35.443405,19.0,-16.443405151367188
2023-01-28 12:00:00,31.362503,22.0,-9.362503051757812
2023-01-28 15:00:00,35.821472,38.0,2.17852783203125
2023-01-28 18:00:00,39.184956,39.0,-0.18495559692382812
2023-01-28 21:00:00,39.63305,37.0,-2.6330490112304688
2023-01-29 00:00:00,69.21073,47.0,-22.210731506347656
2023-01-29 03:00:00,65.796936,55.0,-10.79693603515625
2023-01-29 06:00:00,61.83666,28.0,-33.8366584777832
2023-01-29 09:00:00,36.993214,25.0,-11.993213653564453
2023-01-29 12:00:00,21.294254,29.0,7.705745697021484
2023-01-29 15:00:00,45.198647,28.0,-17.198646545410156
2023-01-29 18:00:00,71.77607,34.0,-37.77606964111328
2023-01-29 21:00:00,71.88828,40.0,-31.888282775878906
2023-01-30 00:00:00,39.30552,68.0,28.694480895996094
2023-01-30 03:00:00,38.965935,48.0,9.034065246582031
2023-01-30 06:00:00,49.43837,27.0,-22.438369750976562
2023-01-30 09:00:00,56.111107,27.0,-29.111106872558594
2023-01-30 12:00:00,39.89203,25.0,-14.89202880859375
2023-01-30 15:00:00,49.483845,31.0,-18.483844757080078
2023-01-30 18:00:00,49.384426,29.0,-20.38442611694336
2023-01-30 21:00:00,51.578125,34.0,-17.578125
2023-01-31 00:00:00,32.89699,45.0,12.103008270263672
2023-01-31 03:00:00,40.82119,42.0,1.1788101196289062
2023-01-31 06:00:00,45.710636,47.0,1.2893638610839844
2023-01-31 09:00:00,50.890263,36.0,-14.890262603759766
2023-01-31 12:00:00,45.750084,37.0,-8.750083923339844
2023-01-31 15:00:00,63.15696,42.0,-21.156959533691406
2023-01-31 18:00:00,80.1669,43.0,-37.166900634765625
2023-01-31 21:00:00,103.87652,40.0,-63.87651824951172
2023-02-01 00:00:00,143.14487,39.0,-104.14486694335938
2023-02-01 03:00:00,114.63158,25.0,-89.63157653808594
2023-02-01 06:00:00,121.43675,25.0,-96.43675231933594
2023-02-01 09:00:00,148.90031,103.0,-45.90031433105469
2023-02-01 12:00:00,171.40086,226.0,54.59913635253906
2023-02-01 15:00:00,168.28722,127.0,-41.28721618652344
2023-02-01 18:00:00,160.201,97.0,-63.20100402832031
2023-02-01 21:00:00,154.31113,67.0,-87.31112670898438
2023-02-02 00:00:00,54.569115,45.0,-9.569114685058594
2023-02-02 03:00:00,75.79348,52.0,-23.793479919433594
2023-02-02 06:00:00,83.15004,56.0,-27.150039672851562
2023-02-02 09:00:00,95.674835,40.0,-55.674835205078125
2023-02-02 12:00:00,99.84666,24.0,-75.8466567993164
2023-02-02 15:00:00,106.95959,19.0,-87.95958709716797
2023-02-02 18:00:00,92.7754,48.0,-44.77539825439453
2023-02-02 21:00:00,67.328186,39.0,-28.32818603515625
2023-02-03 00:00:00,115.654076,42.0,-73.6540756225586
2023-02-03 03:00:00,110.47951,43.0,-67.47950744628906
2023-02-03 06:00:00,79.35273,16.0,-63.35272979736328
2023-02-03 09:00:00,49.650227,25.0,-24.650226593017578
2023-02-03 12:00:00,57.660145,24.0,-33.6601448059082
2023-02-03 15:00:00,61.674656,19.0,-42.67465591430664
2023-02-03 18:00:00,61.605534,23.0,-38.605533599853516
2023-02-03 21:00:00,58.63126,27.0,-31.63125991821289
2023-02-04 00:00:00,22.267385,22.0,-0.26738548278808594
2023-02-04 03:00:00,28.775616,22.0,-6.775615692138672
2023-02-04 06:00:00,36.026905,20.0,-16.026905059814453
2023-02-04 09:00:00,36.27383,23.0,-13.27383041381836
2023-02-04 12:00:00,47.191406,22.0,-25.19140625
2023-02-04 15:00:00,56.302498,14.0,-42.30249786376953
2023-02-04 18:00:00,62.00992,20.0,-42.009918212890625
2023-02-04 21:00:00,64.28991,17.0,-47.28990936279297
2023-02-05 00:00:00,88.47735,15.0,-73.47734832763672
2023-02-05 03:00:00,76.50033,22.0,-54.500328063964844
2023-02-05 06:00:00,62.98751,17.0,-45.987510681152344
2023-02-05 09:00:00,50.384644,15.0,-35.3846435546875
2023-02-05 12:00:00,38.42797,17.0,-21.42797088623047
2023-02-05 15:00:00,50.891457,19.0,-31.891456604003906
2023-02-05 18:00:00,56.84444,25.0,-31.844440460205078
2023-02-05 21:00:00,64.33811,23.0,-41.338111877441406
2023-02-06 00:00:00,41.729435,17.0,-24.729434967041016
2023-02-06 03:00:00,54.173595,28.0,-26.173595428466797
2023-02-06 06:00:00,21.33629,14.0,-7.33629035949707
2023-02-06 09:00:00,15.602382,19.0,3.397618293762207
2023-02-06 12:00:00,24.325289,26.0,1.6747112274169922
2023-02-06 15:00:00,39.634075,22.0,-17.634075164794922
2023-02-06 18:00:00,42.84584,19.0,-23.845840454101562
2023-02-06 21:00:00,45.583305,24.0,-21.58330535888672
2023-02-07 00:00:00,31.074137,19.0,-12.074136734008789
2023-02-07 03:00:00,34.043297,27.0,-7.043296813964844
2023-02-07 06:00:00,44.83593,39.0,-5.835929870605469
2023-02-07 09:00:00,72.23105,19.0,-53.231048583984375
2023-02-07 12:00:00,76.65778,18.0,-58.65778350830078
2023-02-07 15:00:00,109.76055,83.0,-26.76055145263672
2023-02-07 18:00:00,136.68568,63.0,-73.68568420410156
2023-02-07 21:00:00,96.116425,42.0,-54.116424560546875
2023-02-08 00:00:00,75.77569,42.0,-33.77568817138672
2023-02-08 03:00:00,74.1818,34.0,-40.181800842285156
2023-02-08 06:00:00,72.49753,50.0,-22.497528076171875
2023-02-08 09:00:00,62.016396,48.0,-14.016395568847656
2023-02-08 12:00:00,64.28024,30.0,-34.280242919921875
2023-02-08 15:00:00,62.479954,13.0,-49.47995376586914
2023-02-08 18:00:00,61.098946,11.0,-50.09894561767578
2023-02-08 21:00:00,60.9416,17.0,-43.94160079956055
2023-02-09 00:00:00,32.860043,17.0,-15.860042572021484
2023-02-09 03:00:00,53.79661,21.0,-32.79661178588867
2023-02-09 06:00:00,67.484055,26.0,-41.48405456542969
2023-02-09 09:00:00,65.84787,33.0,-32.847869873046875
2023-02-09 12:00:00,64.98567,15.0,-49.98567199707031
2023-02-09 15:00:00,59.74607,12.0,-47.746070861816406
2023-02-09 18:00:00,47.14866,6.0,-41.148658752441406
2023-02-09 21:00:00,35.15197,9.0,-26.15196990966797
2023-02-10 00:00:00,46.054993,6.0,-40.05499267578125
2023-02-10 03:00:00,40.628036,8.0,-32.62803649902344
2023-02-10 06:00:00,29.00515,13.0,-16.005149841308594
2023-02-10 09:00:00,22.102085,8.0,-14.10208511352539
2023-02-10 12:00:00,28.88055,11.0,-17.880550384521484
2023-02-10 15:00:00,27.818829,11.0,-16.818828582763672
2023-02-10 18:00:00,28.651926,15.0,-13.651926040649414
2023-02-10 21:00:00,30.088585,18.0,-12.088584899902344
2023-02-11 00:00:00,12.868668,13.0,0.1313323974609375
2023-02-11 03:00:00,17.9391,14.0,-3.9391002655029297
2023-02-11 06:00:00,19.009235,11.0,-8.009235382080078
2023-02-11 09:00:00,24.791801,19.0,-5.791801452636719
2023-02-11 12:00:00,35.48132,22.0,-13.481319427490234
2023-02-11 15:00:00,48.855896,22.0,-26.85589599609375
2023-02-11 18:00:00,63.746483,15.0,-48.746482849121094
2023-02-11 21:00:00,69.243355,21.0,-48.24335479736328
2023-02-12 00:00:00,54.771305,23.0,-31.771305084228516
2023-02-12 03:00:00,48.92058,28.0,-20.920581817626953
2023-02-12 06:00:00,36.945095,24.0,-12.94509506225586
2023-02-12 09:00:00,34.07922,26.0,-8.079219818115234
2023-02-12 12:00:00,18.376852,18.0,-0.37685203552246094
2023-02-12 15:00:00,24.255201,16.0,-8.25520133972168
2023-02-12 18:00:00,24.071085,54.0,29.92891502380371
2023-02-12 21:00:00,29.110992,52.0,22.889007568359375
2023-02-13 00:00:00,40.043686,24.0,-16.043685913085938
2023-02-13 03:00:00,48.22823,25.0,-23.228229522705078
2023-02-13 06:00:00,57.49962,27.0,-30.499618530273438
2023-02-13 09:00:00,65.3107,27.0,-38.310699462890625
2023-02-13 12:00:00,56.253044,26.0,-30.25304412841797
2023-02-13 15:00:00,77.28505,30.0,-47.28504943847656
2023-02-13 18:00:00,85.063675,30.0,-55.06367492675781
2023-02-13 21:00:00,68.170265,40.0,-28.170265197753906
2023-02-14 00:00:00,34.562164,44.0,9.437835693359375
2023-02-14 03:00:00,56.386852,26.0,-30.386852264404297
2023-02-14 06:00:00,48.282913,33.0,-15.282913208007812
2023-02-14 09:00:00,41.31425,18.0,-23.314250946044922
2023-02-14 12:00:00,40.225758,17.0,-23.225757598876953
2023-02-14 15:00:00,78.482574,20.0,-58.482574462890625
2023-02-14 18:00:00,109.92358,25.0,-84.92357635498047
2023-02-14 21:00:00,132.65048,23.0,-109.65048217773438
2023-02-15 00:00:00,113.60549,22.0,-91.6054916381836
2023-02-15 03:00:00,104.73241,20.0,-84.73240661621094
2023-02-15 06:00:00,118.03803,24.0,-94.03803253173828
2023-02-15 09:00:00,134.98943,163.0,28.010574340820312
2023-02-15 12:00:00,136.31308,67.0,-69.31307983398438
2023-02-15 15:00:00,140.02916,43.0,-97.02915954589844
2023-02-15 18:00:00,136.90703,66.0,-70.90702819824219
2023-02-15 21:00:00,76.36549,38.0,-38.36549377441406
2023-02-16 00:00:00,25.286682,37.0,11.71331787109375
2023-02-16 03:00:00,29.976946,35.0,5.023054122924805
2023-02-16 06:00:00,33.110382,29.0,-4.110382080078125
2023-02-16 09:00:00,35.10138,23.0,-12.10137939453125
2023-02-16 12:00:00,51.07478,20.0,-31.074779510498047
2023-02-16 15:00:00,51.760937,22.0,-29.760936737060547
2023-02-16 18:00:00,47.454704,15.0,-32.45470428466797
2023-02-16 21:00:00,46.19767,16.0,-30.197669982910156
2023-02-17 00:00:00,48.993458,16.0,-32.99345779418945
2023-02-17 03:00:00,49.64727,15.0,-34.64727020263672
2023-02-17 06:00:00,43.54092,18.0,-25.54092025756836
2023-02-17 09:00:00,34.12208,15.0,-19.122081756591797
2023-02-17 12:00:00,21.918936,16.0,-5.918935775756836
2023-02-17 15:00:00,23.325243,11.0,-12.32524299621582
2023-02-17 18:00:00,25.107965,11.0,-14.107965469360352
2023-02-17 21:00:00,24.530664,10.0,-14.530664443969727
2023-02-18 00:00:00,14.549073,24.0,9.450926780700684
2023-02-18 03:00:00,28.133854,12.0,-16.133853912353516
2023-02-18 06:00:00,37.34476,27.0,-10.34476089477539
2023-02-18 09:00:00,37.231873,17.0,-20.23187255859375
2023-02-18 12:00:00,47.031334,11.0,-36.031333923339844
2023-02-18 15:00:00,50.065125,12.0,-38.06512451171875
2023-02-18 18:00:00,44.80921,14.0,-30.80921173095703
2023-02-18 21:00:00,39.61668,8.0,-31.616680145263672
2023-02-19 00:00:00,58.3791,17.0,-41.37910079956055
2023-02-19 03:00:00,51.133156,21.0,-30.133155822753906
2023-02-19 06:00:00,45.49736,26.0,-19.497360229492188
2023-02-19 09:00:00,38.0831,28.0,-10.083099365234375
2023-02-19 12:00:00,47.25166,31.0,-16.251659393310547
2023-02-19 15:00:00,50.47025,24.0,-26.47024917602539
2023-02-19 18:00:00,44.440014,16.0,-28.440013885498047
2023-02-19 21:00:00,37.593224,27.0,-10.593223571777344
2023-02-20 00:00:00,47.303955,29.0,-18.303955078125
2023-02-20 03:00:00,43.346176,27.0,-16.346176147460938
2023-02-20 06:00:00,33.775677,27.0,-6.775676727294922
2023-02-20 09:00:00,19.798336,26.0,6.201663970947266
2023-02-20 12:00:00,13.298632,25.0,11.70136833190918
2023-02-20 15:00:00,21.811161,22.0,0.18883895874023438
2023-02-20 18:00:00,27.412512,27.0,-0.41251182556152344
2023-02-20 21:00:00,30.06926,22.0,-8.069259643554688
2023-02-21 00:00:00,48.70435,27.0,-21.704349517822266
2023-02-21 03:00:00,42.155308,27.0,-15.15530776977539
2023-02-21 06:00:00,33.65835,22.0,-11.65835189819336
2023-02-21 09:00:00,19.147478,22.0,2.8525218963623047
2023-02-21 12:00:00,7.044946,13.0,5.955053806304932
2023-03-19 03:00:00,32.612206,24.0,-8.612205505371094
2023-03-19 09:00:00,15.307762,3.0,-12.307762145996094
2023-03-21 06:00:00,137.44875,36.0,-101.44874572753906
2023-03-21 09:00:00,118.7268,49.0,-69.72679901123047
2023-03-21 12:00:00,54.677685,20.0,-34.67768478393555
2023-03-21 15:00:00,28.219858,11.0,-17.219858169555664
2023-03-21 18:00:00,20.077663,10.0,-10.07766342163086
2023-03-21 21:00:00,22.38835,12.0,-10.388349533081055
2023-03-22 00:00:00,52.63962,15.0,-37.63962173461914
2023-03-22 03:00:00,60.544094,15.0,-45.54409408569336
2023-03-22 06:00:00,46.007584,9.0,-37.00758361816406
2023-03-22 09:00:00,39.48753,15.0,-24.487529754638672
2023-03-22 12:00:00,38.379086,10.0,-28.379085540771484
2023-03-22 15:00:00,44.43217,8.0,-36.43217086791992
2023-03-22 18:00:00,45.591038,12.0,-33.59103775024414
2023-03-22 21:00:00,43.211685,13.0,-30.211685180664062
2023-03-23 00:00:00,41.605064,15.0,-26.605064392089844
2023-03-25 00:00:00,69.5386,36.0,-33.538597106933594
2023-03-25 03:00:00,80.52632,38.0,-42.52632141113281
2023-03-25 06:00:00,59.050423,23.0,-36.05042266845703
2023-03-25 09:00:00,44.14784,28.0,-16.147838592529297
2023-03-25 12:00:00,28.457521,23.0,-5.457521438598633
2023-03-25 15:00:00,34.14425,20.0,-14.144248962402344
2023-03-25 18:00:00,41.839485,27.0,-14.839485168457031
2023-03-25 21:00:00,45.266914,30.0,-15.266914367675781
2023-03-26 00:00:00,29.416924,31.0,1.5830764770507812
2023-03-26 03:00:00,30.357342,25.0,-5.357341766357422
2023-03-26 06:00:00,21.736639,0.0,-21.73663902282715
2023-03-26 09:00:00,18.325863,20.0,1.6741371154785156
2023-03-26 12:00:00,34.513165,26.0,-8.513164520263672
2023-03-26 15:00:00,36.486427,39.0,2.5135726928710938
2023-03-26 18:00:00,32.643356,28.0,-4.6433563232421875
2023-03-26 21:00:00,25.033842,29.0,3.966157913208008
2023-03-27 00:00:00,0.07639755,24.0,23.92360244691372
2023-03-27 03:00:00,0.116187945,24.0,23.883812054991722
2023-03-27 06:00:00,6.2511845,22.0,15.748815536499023
2023-03-27 09:00:00,34.254528,26.0,-8.254528045654297
2023-03-27 12:00:00,39.033012,33.0,-6.033012390136719
2023-03-27 15:00:00,29.40351,27.0,-2.4035091400146484
2023-03-27 18:00:00,25.719147,22.0,-3.719146728515625
2023-03-29 00:00:00,57.430496,16.0,-41.43049621582031
2023-03-29 03:00:00,48.074753,18.0,-30.074752807617188
2023-03-29 06:00:00,31.83436,24.0,-7.834360122680664
2023-03-29 09:00:00,23.834162,14.0,-9.834161758422852
2023-03-29 12:00:00,28.221848,14.0,-14.221847534179688
2023-03-29 15:00:00,37.67343,14.0,-23.673431396484375
2023-03-29 18:00:00,43.658474,22.0,-21.65847396850586
2023-03-29 21:00:00,44.951775,22.0,-22.95177459716797
2023-03-30 00:00:00,63.098015,20.0,-43.09801483154297
2023-03-30 03:00:00,55.555573,22.0,-33.555572509765625
2023-03-30 06:00:00,26.464705,26.0,-0.4647045135498047
2023-03-30 09:00:00,14.221286,17.0,2.778714179992676
2023-03-30 15:00:00,13.521231,8.0,-5.521230697631836
2023-03-30 18:00:00,25.08159,19.0,-6.08159065246582
2023-03-30 21:00:00,43.914043,27.0,-16.914043426513672
2023-03-31 00:00:00,58.359547,36.0,-22.359546661376953
2023-03-31 03:00:00,71.78687,29.0,-42.78687286376953
2023-03-31 06:00:00,25.534178,24.0,-1.5341777801513672
2023-03-31 09:00:00,17.669037,15.0,-2.669036865234375
2023-03-31 18:00:00,17.656021,24.0,6.3439788818359375
2023-03-31 21:00:00,25.963686,24.0,-1.9636859893798828
2023-04-01 00:00:00,43.53956,25.0,-18.53955841064453
2023-04-01 03:00:00,48.80599,34.0,-14.805988311767578
2023-04-01 06:00:00,59.52427,28.0,-31.524269104003906
2023-04-01 09:00:00,48.160587,20.0,-28.160587310791016
2023-04-01 12:00:00,37.43071,20.0,-17.430709838867188
2023-04-01 15:00:00,35.934135,12.0,-23.93413543701172
2023-04-01 18:00:00,38.354755,12.0,-26.354755401611328
2023-04-01 21:00:00,42.144165,15.0,-27.1441650390625
2023-04-02 00:00:00,36.609436,15.0,-21.60943603515625
2023-04-02 03:00:00,35.551693,12.0,-23.551692962646484
2023-04-02 06:00:00,33.745777,25.0,-8.745777130126953
2023-04-02 09:00:00,29.075977,17.0,-12.075977325439453
2023-04-02 12:00:00,19.062498,16.0,-3.062498092651367
2023-04-02 15:00:00,15.098181,16.0,0.9018192291259766
2023-04-02 18:00:00,16.782452,9.0,-7.782451629638672
2023-04-02 21:00:00,23.183702,9.0,-14.18370246887207
2023-04-03 00:00:00,84.2864,11.0,-73.2863998413086
2023-04-03 03:00:00,77.42619,17.0,-60.42619323730469
2023-04-03 06:00:00,56.91305,19.0,-37.91305160522461
2023-04-03 09:00:00,37.894325,12.0,-25.894325256347656
2023-04-03 12:00:00,14.536113,17.0,2.4638872146606445
2023-04-03 15:00:00,16.656487,17.0,0.34351348876953125
2023-04-03 18:00:00,19.587788,18.0,-1.5877876281738281
2023-04-03 21:00:00,25.571354,15.0,-10.571353912353516
2023-04-09 15:00:00,62.99365,45.0,-17.993648529052734
2023-04-09 18:00:00,70.34328,41.0,-29.343276977539062
2023-04-09 21:00:00,80.65945,43.0,-37.659446716308594
2023-04-10 00:00:00,63.40906,53.0,-10.409061431884766
2023-04-10 03:00:00,74.85551,44.0,-30.855506896972656
2023-04-10 06:00:00,53.44964,44.0,-9.449638366699219
2023-04-10 09:00:00,50.60133,0.0,-50.6013298034668
2023-04-10 12:00:00,50.198765,59.0,8.80123519897461
2023-04-10 15:00:00,55.849567,44.0,-11.849567413330078
2023-04-10 18:00:00,63.315384,60.0,-3.3153839111328125
2023-04-10 21:00:00,66.36947,56.0,-10.369468688964844
2023-04-11 00:00:00,92.39193,50.0,-42.391929626464844
2023-04-11 03:00:00,91.22687,56.0,-35.22686767578125
2023-04-11 06:00:00,81.42899,58.0,-23.428993225097656
2023-04-11 09:00:00,66.36094,0.0,-66.3609390258789
2023-04-11 15:00:00,39.325413,52.0,12.67458724975586
2023-04-11 18:00:00,51.0845,42.0,-9.08449935913086
2023-04-11 21:00:00,60.589172,41.0,-19.58917236328125
2023-04-12 00:00:00,59.35044,36.0,-23.350440979003906
2023-04-12 03:00:00,62.561184,39.0,-23.56118392944336
2023-04-12 06:00:00,43.631985,32.0,-11.63198471069336
2023-04-12 09:00:00,31.298498,43.0,11.701501846313477
2023-04-12 12:00:00,33.08719,10.0,-23.087188720703125
2023-04-12 18:00:00,44.684837,40.0,-4.684837341308594
2023-04-14 00:00:00,43.569344,25.0,-18.56934356689453
2023-04-14 03:00:00,69.142746,36.0,-33.14274597167969
2023-04-14 06:00:00,81.31997,31.0,-50.319969177246094
2023-04-14 09:00:00,75.82366,45.0,-30.82366180419922
2023-04-14 12:00:00,55.02477,33.0,-22.024768829345703
2023-04-14 15:00:00,44.01977,25.0,-19.019771575927734
2023-04-14 18:00:00,35.5667,15.0,-20.566699981689453
2023-04-14 21:00:00,33.403923,14.0,-19.40392303466797
2023-04-16 00:00:00,37.181053,9.0,-28.181053161621094
2023-04-16 03:00:00,56.007137,27.0,-29.007137298583984
2023-04-16 06:00:00,60.409946,27.0,-33.40994644165039
2023-04-16 09:00:00,47.02906,26.0,-21.02906036376953
2023-04-16 12:00:00,43.60919,19.0,-24.60919189453125
2023-04-16 15:00:00,37.11898,15.0,-22.118980407714844
2023-04-16 18:00:00,38.156143,15.0,-23.156143188476562
2023-04-16 21:00:00,36.698338,19.0,-17.69833755493164
2023-04-17 00:00:00,38.34839,21.0,-17.348388671875
2023-04-17 03:00:00,41.38951,25.0,-16.389511108398438
2023-04-17 06:00:00,44.92108,23.0,-21.92108154296875
2023-04-17 09:00:00,53.350674,23.0,-30.35067367553711
2023-04-17 12:00:00,49.67063,0.0,-49.670631408691406
2023-04-17 15:00:00,51.37741,25.0,-26.377410888671875
2023-04-17 18:00:00,55.547844,30.0,-25.54784393310547
2023-04-17 21:00:00,59.12625,38.0,-21.126251220703125
2023-04-18 00:00:00,53.034454,49.0,-4.034454345703125
2023-04-18 03:00:00,62.328583,40.0,-22.328582763671875
2023-04-18 06:00:00,41.240128,34.0,-7.2401275634765625
2023-04-18 09:00:00,48.11443,18.0,-30.114429473876953
2023-04-18 12:00:00,27.822124,27.0,-0.8221244812011719
2023-04-18 15:00:00,27.948545,36.0,8.051454544067383
2023-04-18 18:00:00,36.609776,36.0,-0.6097755432128906
2023-04-18 21:00:00,48.02291,40.0,-8.022911071777344
2023-04-19 00:00:00,55.71792,41.0,-14.717918395996094
2023-04-19 03:00:00,62.485695,38.0,-24.485694885253906
2023-04-19 06:00:00,25.748022,32.0,6.251977920532227
2023-04-19 09:00:00,26.678549,35.0,8.321451187133789
2023-04-19 15:00:00,36.169693,40.0,3.8303070068359375
2023-04-19 18:00:00,55.792725,39.0,-16.792724609375
2023-04-19 21:00:00,65.17598,39.0,-26.175979614257812
2023-04-20 00:00:00,98.54284,42.0,-56.54283905029297
2023-04-20 03:00:00,99.521,50.0,-49.52100372314453
2023-04-20 06:00:00,91.00973,39.0,-52.009727478027344
2023-04-20 09:00:00,56.730186,46.0,-10.730186462402344
2023-04-20 12:00:00,30.467505,0.0,-30.467504501342773
2023-04-20 15:00:00,32.396202,30.0,-2.3962020874023438
2023-04-20 18:00:00,53.02513,35.0,-18.025131225585938
2023-04-20 21:00:00,51.202732,37.0,-14.20273208618164
2023-04-21 00:00:00,80.942986,35.0,-45.94298553466797
2023-04-21 03:00:00,76.47463,50.0,-26.474632263183594
2023-04-21 06:00:00,60.853497,41.0,-19.853496551513672
2023-04-21 15:00:00,44.820637,42.0,-2.820636749267578
2023-04-21 18:00:00,52.505356,46.0,-6.5053558349609375
2023-04-21 21:00:00,57.559532,44.0,-13.559532165527344
2023-04-22 00:00:00,61.321087,54.0,-7.321086883544922
2023-04-23 03:00:00,69.24233,16.0,-53.242332458496094
2023-04-23 06:00:00,47.858437,45.0,-2.8584365844726562
2023-04-23 09:00:00,38.208897,31.0,-7.208896636962891
2023-04-23 12:00:00,40.252815,25.0,-15.252815246582031
2023-04-23 15:00:00,47.46397,52.0,4.536029815673828
2023-04-23 18:00:00,60.699223,12.0,-48.699222564697266
2023-04-23 21:00:00,69.22164,45.0,-24.221641540527344
2023-04-24 00:00:00,82.33929,32.0,-50.33928680419922
2023-04-24 06:00:00,76.899254,8.0,-68.89925384521484
2023-04-24 09:00:00,45.96427,9.0,-36.964271545410156
2023-04-24 12:00:00,42.913826,11.0,-31.91382598876953
2023-04-24 15:00:00,62.545723,13.0,-49.54572296142578
2023-05-08 00:00:00,42.531837,51.0,8.468162536621094
2023-05-08 03:00:00,50.114807,0.0,-50.11480712890625
2023-05-15 12:00:00,59.7106,27.0,-32.710601806640625
2023-05-15 15:00:00,77.3648,24.0,-53.36479949951172
2023-05-17 21:00:00,50.94944,22.0,-28.949440002441406
2023-05-18 03:00:00,61.066658,25.0,-36.06665802001953
2023-05-18 06:00:00,47.972664,59.0,11.027336120605469
2023-05-18 09:00:00,42.539795,99.0,56.460205078125
2023-05-18 18:00:00,61.603714,40.0,-21.603713989257812
2023-05-18 21:00:00,61.675793,35.0,-26.675792694091797
2023-05-19 00:00:00,45.41482,29.0,-16.41482162475586
2023-05-19 03:00:00,57.123543,25.0,-32.12354278564453
2023-05-19 06:00:00,47.712772,47.0,-0.7127723693847656
2023-05-19 09:00:00,65.89584,28.0,-37.895843505859375
2023-05-19 12:00:00,66.101166,13.0,-53.101165771484375
2023-05-19 15:00:00,76.10811,0.0,-76.10810852050781
2023-05-19 18:00:00,76.47771,55.0,-21.477706909179688
2023-05-19 21:00:00,74.92781,42.0,-32.92781066894531
2023-05-20 00:00:00,92.95968,48.0,-44.959678649902344
2023-05-20 03:00:00,90.12274,11.0,-79.12274169921875
2023-05-20 06:00:00,86.898125,47.0,-39.89812469482422
2023-05-20 09:00:00,79.66014,61.0,-18.660140991210938
2023-05-20 12:00:00,88.63981,50.0,-38.639808654785156
2023-05-20 15:00:00,91.497665,4.0,-87.49766540527344
2023-05-20 18:00:00,95.295265,32.0,-63.295265197753906
2023-05-20 21:00:00,93.78164,29.0,-64.7816390991211
2023-05-21 00:00:00,43.828777,24.0,-19.828777313232422
2023-05-21 03:00:00,47.347157,20.0,-27.347156524658203
2023-05-21 09:00:00,43.221916,82.0,38.77808380126953
2023-05-21 12:00:00,41.19147,29.0,-12.191471099853516
2023-05-21 15:00:00,45.462914,19.0,-26.462913513183594
2023-05-21 18:00:00,51.823177,16.0,-35.823177337646484
2023-05-21 21:00:00,59.526657,21.0,-38.52665710449219
2023-05-22 00:00:00,65.73191,25.0,-40.731910705566406
2023-05-22 03:00:00,71.88544,23.0,-48.88543701171875
2023-05-22 06:00:00,68.2769,19.0,-49.27690124511719
2023-05-22 09:00:00,63.513313,16.0,-47.51331329345703
2023-05-22 12:00:00,50.199333,33.0,-17.19933319091797
2023-05-22 15:00:00,51.959206,44.0,-7.959205627441406
2023-05-22 18:00:00,53.211124,33.0,-20.211124420166016
2023-05-22 21:00:00,55.76089,28.0,-27.76089096069336
2023-05-23 00:00:00,8.55789,30.0,21.442110061645508
2023-05-23 03:00:00,28.321323,34.0,5.678676605224609
2023-05-23 06:00:00,14.3858185,45.0,30.614181518554688
2023-05-23 09:00:00,37.19242,36.0,-1.1924209594726562
2023-05-23 12:00:00,57.326134,33.0,-24.326133728027344
2023-05-23 15:00:00,60.422848,18.0,-42.422847747802734
2023-05-23 18:00:00,67.44983,31.0,-36.4498291015625
2023-05-23 21:00:00,74.430885,35.0,-39.430885314941406
2023-05-24 00:00:00,112.934006,41.0,-71.93400573730469
2023-05-24 03:00:00,103.58553,38.0,-65.58553314208984
2023-05-24 06:00:00,93.68614,26.0,-67.68614196777344
2023-05-24 09:00:00,64.452705,47.0,-17.45270538330078
2023-05-24 12:00:00,52.004906,82.0,29.995094299316406
2023-05-24 15:00:00,63.051857,23.0,-40.051856994628906
2023-05-24 18:00:00,78.15254,18.0,-60.15254211425781
2023-05-24 21:00:00,84.10905,46.0,-38.109046936035156
2023-05-25 00:00:00,39.998554,232.0,192.00144577026367
2023-05-25 03:00:00,49.93018,50.0,0.06982040405273438
2023-05-25 06:00:00,16.162403,60.0,43.83759689331055
2023-05-25 09:00:00,23.429493,54.0,30.570507049560547
2023-05-25 12:00:00,55.947113,27.0,-28.947113037109375
2023-05-25 15:00:00,73.37428,52.0,-21.374282836914062
2023-05-25 18:00:00,83.24776,0.0,-83.24775695800781
2023-05-25 21:00:00,89.06613,58.0,-31.066131591796875
2023-05-26 00:00:00,99.98991,64.0,-35.989906311035156
2023-05-26 03:00:00,94.69892,71.0,-23.69892120361328
2023-05-26 06:00:00,86.11153,56.0,-30.111526489257812
2023-05-26 09:00:00,75.99783,18.0,-57.997833251953125
2023-05-26 12:00:00,56.594444,37.0,-19.594444274902344
2023-05-26 15:00:00,53.283203,27.0,-26.283203125
2023-05-26 18:00:00,52.8172,37.0,-15.81719970703125
2023-05-26 21:00:00,54.752605,45.0,-9.752605438232422
2023-05-27 00:00:00,40.748318,50.0,9.25168228149414
2023-05-27 03:00:00,50.437393,49.0,-1.4373931884765625
2023-05-27 06:00:00,58.440266,42.0,-16.440265655517578
2023-05-27 09:00:00,61.266975,25.0,-36.26697540283203
2023-05-27 12:00:00,44.24237,46.0,1.75762939453125
2023-05-27 15:00:00,49.714798,40.0,-9.714797973632812
2023-05-27 18:00:00,58.55668,48.0,-10.556678771972656
2023-05-27 21:00:00,67.87366,43.0,-24.8736572265625
2023-05-28 00:00:00,95.48137,43.0,-52.48136901855469
2023-05-28 03:00:00,90.38001,48.0,-42.38001251220703
2023-05-28 09:00:00,88.45814,9.0,-79.45813751220703
2023-05-28 12:00:00,89.96312,51.0,-38.96311950683594
2023-05-28 15:00:00,100.07284,63.0,-37.072837829589844
2023-05-28 18:00:00,107.60573,17.0,-90.60572814941406
2023-05-28 21:00:00,104.61258,78.0,-26.612579345703125
2023-05-29 00:00:00,94.64202,71.0,-23.64202117919922
2023-05-29 03:00:00,94.73592,67.0,-27.735923767089844
2023-05-29 06:00:00,88.80875,73.0,-15.808746337890625
2023-05-29 09:00:00,81.1824,62.0,-19.182403564453125
2023-05-29 12:00:00,74.575386,47.0,-27.57538604736328
2023-05-29 15:00:00,92.74641,19.0,-73.74640655517578
2023-05-29 18:00:00,97.85049,25.0,-72.8504867553711
2023-05-29 21:00:00,95.44897,60.0,-35.44896697998047
2023-05-30 00:00:00,66.37015,50.0,-16.370147705078125
2023-05-30 03:00:00,53.099937,47.0,-6.099937438964844
2023-05-30 06:00:00,49.95718,45.0,-4.957180023193359
2023-05-30 09:00:00,46.038166,9.0,-37.03816604614258
2023-05-30 12:00:00,65.16575,9.0,-56.165748596191406
2023-05-30 15:00:00,78.50576,69.0,-9.505760192871094
2023-05-30 18:00:00,88.10218,32.0,-56.10218048095703
2023-05-30 21:00:00,93.78732,34.0,-59.787322998046875
2023-05-31 00:00:00,96.68361,69.0,-27.683609008789062
2023-05-31 03:00:00,82.46707,37.0,-45.467071533203125
2023-05-31 06:00:00,79.22745,111.0,31.772552490234375
2023-05-31 09:00:00,70.82872,128.0,57.17127990722656
2023-05-31 12:00:00,88.03636,69.0,-19.036361694335938
2023-05-31 15:00:00,93.79642,70.0,-23.796417236328125
2023-05-31 18:00:00,95.7192,48.0,-47.719200134277344
2023-05-31 21:00:00,95.485916,50.0,-45.48591613769531
2023-06-01 00:00:00,44.93609,47.0,2.0639114379882812
2023-06-01 03:00:00,53.0199,31.0,-22.019901275634766
2023-06-01 06:00:00,51.104053,65.0,13.895946502685547
2023-06-01 12:00:00,32.91143,18.0,-14.911430358886719
2023-06-01 15:00:00,29.213425,48.0,18.786575317382812
2023-06-01 18:00:00,30.196133,49.0,18.80386734008789
2023-06-01 21:00:00,33.939613,40.0,6.060386657714844
2023-06-02 00:00:00,61.214565,42.0,-19.21456527709961
2023-06-02 03:00:00,49.378513,32.0,-17.37851333618164
2023-06-02 06:00:00,36.465054,33.0,-3.4650535583496094
2023-06-02 09:00:00,27.788246,39.0,11.211753845214844
2023-06-02 12:00:00,40.96637,33.0,-7.96636962890625
2023-06-02 15:00:00,38.17695,31.0,-7.176948547363281
2023-06-02 18:00:00,36.580788,33.0,-3.5807876586914062
2023-06-02 21:00:00,49.088158,12.0,-37.088157653808594
2023-06-03 00:00:00,76.30831,38.0,-38.308311462402344
2023-06-05 15:00:00,72.68966,45.0,-27.689659118652344
2023-06-07 09:00:00,65.61231,42.0,-23.61231231689453
2023-06-07 12:00:00,52.949245,35.0,-17.94924545288086
2023-06-07 15:00:00,61.81017,33.0,-28.810169219970703
2023-06-07 18:00:00,67.80727,44.0,-23.807266235351562
2023-06-07 21:00:00,72.84848,39.0,-33.848480224609375
2023-06-08 00:00:00,45.217575,33.0,-12.217575073242188
2023-06-08 03:00:00,36.549862,47.0,10.450138092041016
2023-06-08 06:00:00,28.990826,32.0,3.009174346923828
2023-06-08 09:00:00,42.649162,50.0,7.350837707519531
2023-06-08 12:00:00,54.03763,12.0,-42.037628173828125
2023-06-08 15:00:00,64.14211,51.0,-13.142112731933594
2023-06-08 18:00:00,68.42481,49.0,-19.42481231689453
2023-06-09 00:00:00,57.200394,32.0,-25.200393676757812
2023-06-09 03:00:00,61.04574,44.0,-17.045738220214844
2023-06-09 06:00:00,63.19283,43.0,-20.192829132080078
2023-06-09 09:00:00,54.110844,54.0,-0.11084365844726562
2023-06-09 12:00:00,60.978436,54.0,-6.978435516357422
2023-06-09 15:00:00,65.114815,61.0,-4.114814758300781
2023-06-09 18:00:00,55.48429,66.0,10.515708923339844
2023-06-09 21:00:00,46.200283,54.0,7.799716949462891
2023-06-10 00:00:00,56.971886,51.0,-5.971885681152344
2023-06-10 03:00:00,54.230442,50.0,-4.230442047119141
2023-06-10 06:00:00,43.520687,36.0,-7.520687103271484
2023-06-10 09:00:00,35.31386,27.0,-8.313861846923828
2023-06-10 12:00:00,22.698942,21.0,-1.6989421844482422
2023-06-10 15:00:00,25.583405,28.0,2.416595458984375
2023-06-13 15:00:00,89.13662,31.0,-58.136619567871094
2023-06-13 18:00:00,93.4906,42.0,-51.4906005859375
2023-06-13 21:00:00,88.28851,68.0,-20.28851318359375
2023-06-14 00:00:00,111.100235,56.0,-55.10023498535156
2023-06-14 03:00:00,107.90438,58.0,-49.904380798339844
2023-06-14 06:00:00,104.312,0.0,-104.31199645996094
2023-06-14 09:00:00,67.79373,66.0,-1.793731689453125
2023-06-14 12:00:00,84.52219,37.0,-47.522186279296875
2023-06-14 15:00:00,81.334465,16.0,-65.33446502685547
2023-06-14 18:00:00,77.911064,27.0,-50.91106414794922
2023-06-14 21:00:00,77.712006,34.0,-43.712005615234375
2023-06-15 00:00:00,111.513824,43.0,-68.51382446289062
2023-06-15 03:00:00,103.34702,43.0,-60.347023010253906
2023-06-15 15:00:00,30.808224,48.0,17.191776275634766
2023-06-15 21:00:00,38.716393,59.0,20.283607482910156
2023-06-16 00:00:00,45.755543,57.0,11.244457244873047
2023-06-16 06:00:00,41.004795,46.0,4.995204925537109
2023-06-16 09:00:00,52.108135,50.0,-2.108135223388672
2023-06-16 12:00:00,73.50013,44.0,-29.50012969970703
2023-06-16 15:00:00,70.41547,46.0,-24.41546630859375
2023-06-16 18:00:00,56.570797,0.0,-56.570796966552734
2023-06-16 21:00:00,53.288204,50.0,-3.2882041931152344
2023-06-17 00:00:00,55.492138,49.0,-6.492137908935547
2023-06-17 03:00:00,73.94272,51.0,-22.942718505859375
2023-06-17 06:00:00,72.22911,61.0,-11.229110717773438
2023-06-17 09:00:00,55.920624,33.0,-22.920623779296875
2023-06-17 12:00:00,50.688698,25.0,-25.688697814941406
2023-06-17 15:00:00,55.0333,33.0,-22.03329849243164
2023-06-17 18:00:00,55.257713,33.0,-22.257713317871094
2023-06-17 21:00:00,57.64764,25.0,-32.647640228271484
2023-06-18 00:00:00,28.575415,29.0,0.42458534240722656
2023-06-18 03:00:00,55.38709,20.0,-35.387088775634766
2023-06-18 06:00:00,80.39137,45.0,-35.39137268066406
2023-06-18 09:00:00,53.161102,42.0,-11.161102294921875
2023-06-18 12:00:00,49.027336,34.0,-15.027336120605469
2023-06-18 15:00:00,58.147747,40.0,-18.147747039794922
2023-06-18 18:00:00,65.84344,36.0,-29.84343719482422
2023-06-18 21:00:00,73.39895,47.0,-26.398948669433594
2023-06-19 00:00:00,105.27628,51.0,-54.276283264160156
2023-06-19 03:00:00,99.10309,59.0,-40.10308837890625
2023-06-19 06:00:00,94.92942,68.0,-26.929420471191406
2023-06-19 09:00:00,61.55426,55.0,-6.55426025390625
2023-06-19 12:00:00,52.155373,51.0,-1.1553726196289062
2023-06-19 15:00:00,42.202316,48.0,5.7976837158203125
2023-06-20 12:00:00,49.418304,39.0,-10.418304443359375
2023-06-20 15:00:00,42.157806,33.0,-9.157806396484375
2023-06-20 18:00:00,36.819073,28.0,-8.819072723388672
2023-06-20 21:00:00,36.265648,25.0,-11.265647888183594
2023-06-21 00:00:00,31.631998,18.0,-13.631998062133789
2023-06-21 06:00:00,21.43065,31.0,9.56934928894043
2023-06-21 09:00:00,18.903166,20.0,1.0968341827392578
2023-06-21 15:00:00,41.213184,25.0,-16.213184356689453
2023-06-21 18:00:00,33.92188,28.0,-5.921878814697266
2023-06-22 00:00:00,52.23592,22.0,-30.235919952392578
2023-06-22 03:00:00,64.68258,26.0,-38.682579040527344
2023-06-22 06:00:00,68.615005,38.0,-30.615005493164062
2023-06-22 09:00:00,58.210163,27.0,-31.210163116455078
2023-06-22 12:00:00,30.31937,26.0,-4.319370269775391
2023-06-22 15:00:00,29.24503,37.0,7.754970550537109
2023-06-22 18:00:00,29.355307,42.0,12.644693374633789
2023-06-22 21:00:00,34.770435,31.0,-3.770435333251953
2023-06-23 00:00:00,34.88185,29.0,-5.8818511962890625
2023-06-23 03:00:00,39.764244,29.0,-10.764244079589844
2023-06-23 06:00:00,44.13096,31.0,-13.130958557128906
2023-06-23 15:00:00,66.263054,24.0,-42.26305389404297
2023-06-23 18:00:00,52.364384,28.0,-24.364383697509766
2023-06-24 00:00:00,58.517117,29.0,-29.51711654663086
2023-06-24 03:00:00,57.46233,19.0,-38.46232986450195
2023-06-24 06:00:00,54.99146,36.0,-18.991458892822266
2023-06-24 09:00:00,37.47323,29.0,-8.473228454589844
2023-06-24 12:00:00,8.890083,34.0,25.10991668701172
2023-06-24 15:00:00,12.16199,0.0,-12.16199016571045
2023-06-24 18:00:00,15.872956,0.0,-15.872956275939941
2023-06-24 21:00:00,23.542725,30.0,6.457275390625
2023-06-25 00:00:00,14.488819,28.0,13.511180877685547
2023-06-25 03:00:00,27.188435,29.0,1.8115653991699219
2023-06-25 06:00:00,43.248745,42.0,-1.2487449645996094
2023-06-25 09:00:00,44.606167,30.0,-14.60616683959961
2023-06-25 15:00:00,25.882174,24.0,-1.8821735382080078
2023-06-25 18:00:00,35.57716,29.0,-6.577159881591797
2023-06-25 21:00:00,47.27053,38.0,-9.270530700683594
2023-06-26 00:00:00,95.822205,31.0,-64.82220458984375
2023-06-26 03:00:00,115.32984,50.0,-65.32984161376953
2023-06-26 06:00:00,124.199684,110.0,-14.199684143066406
2023-06-26 09:00:00,65.864586,14.0,-51.864585876464844
2023-06-26 12:00:00,44.978493,40.0,-4.978492736816406
2023-06-26 15:00:00,56.977116,44.0,-12.977115631103516
2023-06-26 21:00:00,73.03447,60.0,-13.034469604492188
2023-06-27 00:00:00,57.347507,56.0,-1.3475074768066406
2023-06-27 03:00:00,61.0205,64.0,2.9794998168945312
2023-06-27 06:00:00,74.46897,65.0,-9.468971252441406
2023-06-27 09:00:00,73.44693,65.0,-8.446929931640625
2023-06-27 12:00:00,65.9802,58.0,-7.980201721191406
2023-06-27 15:00:00,67.946754,43.0,-24.946754455566406
2023-06-27 18:00:00,72.22206,39.0,-33.22206115722656
2023-06-27 21:00:00,69.53042,38.0,-31.530418395996094
2023-06-28 00:00:00,32.08902,37.0,4.910980224609375
2023-06-28 03:00:00,35.32716,31.0,-4.327159881591797
2023-06-28 09:00:00,28.735712,48.0,19.2642879486084
2023-06-28 15:00:00,51.226833,37.0,-14.22683334350586
2023-06-28 18:00:00,50.780273,38.0,-12.7802734375
2023-06-28 21:00:00,50.446033,8.0,-42.4460334777832
2023-06-29 03:00:00,50.69285,34.0,-16.692848205566406
2023-06-29 06:00:00,46.851482,35.0,-11.851482391357422
2023-06-29 12:00:00,35.861378,37.0,1.1386222839355469
2023-06-29 15:00:00,31.4335,9.0,-22.433500289916992
2023-06-29 18:00:00,28.524027,28.0,-0.5240268707275391
2023-06-29 21:00:00,30.457727,37.0,6.542272567749023
2023-06-30 00:00:00,33.414837,29.0,-4.414836883544922
2023-06-30 03:00:00,30.300043,34.0,3.6999568939208984
2023-06-30 06:00:00,36.20346,8.0,-28.203460693359375
2023-06-30 09:00:00,47.8517,40.0,-7.8516998291015625
2023-06-30 12:00:00,44.15301,28.0,-16.153011322021484
2023-06-30 15:00:00,46.61365,8.0,-38.613651275634766
2023-06-30 18:00:00,47.077263,36.0,-11.077262878417969
2023-06-30 21:00:00,46.648212,27.0,-19.648212432861328
2023-07-01 00:00:00,42.461693,29.0,-13.461692810058594
2023-07-01 03:00:00,46.823517,31.0,-15.823516845703125
2023-07-01 06:00:00,51.11292,37.0,-14.112918853759766
2023-07-01 09:00:00,42.159172,8.0,-34.15917205810547
2023-07-01 12:00:00,25.149803,31.0,5.850196838378906
2023-07-01 15:00:00,29.785725,29.0,-0.7857246398925781
2023-07-01 18:00:00,36.095116,31.0,-5.095115661621094
2023-07-01 21:00:00,44.006584,27.0,-17.00658416748047
2023-07-02 00:00:00,55.659256,27.0,-28.659255981445312
2023-07-02 06:00:00,57.314083,0.0,-57.314083099365234
2023-07-02 09:00:00,54.38187,40.0,-14.38187026977539
2023-07-02 12:00:00,45.57501,8.0,-37.575008392333984
2023-07-02 15:00:00,44.441776,28.0,-16.441776275634766
2023-07-02 18:00:00,45.501793,26.0,-19.501792907714844
2023-07-02 21:00:00,50.633842,28.0,-22.63384246826172
2023-07-03 00:00:00,53.98124,0.0,-53.981239318847656
2023-07-03 03:00:00,51.47831,35.0,-16.478309631347656
2023-07-03 06:00:00,35.784977,30.0,-5.784976959228516
2023-07-03 09:00:00,19.087793,17.0,-2.0877933502197266
2023-07-03 12:00:00,11.878001,23.0,11.12199878692627
2023-07-03 15:00:00,18.671244,27.0,8.328756332397461
2023-07-03 18:00:00,23.692791,39.0,15.307209014892578
2023-07-03 21:00:00,30.833235,12.0,-18.833234786987305
2023-07-04 00:00:00,68.75053,32.0,-36.750526428222656
2023-07-04 03:00:00,73.2025,45.0,-28.202499389648438
2023-07-04 06:00:00,51.96853,0.0,-51.968528747558594
2023-07-04 09:00:00,32.91507,29.0,-3.915069580078125
2023-07-04 15:00:00,30.873707,27.0,-3.873706817626953
2023-07-04 18:00:00,34.774075,39.0,4.225925445556641
2023-07-04 21:00:00,42.45112,33.0,-9.451118469238281
2023-07-05 09:00:00,61.655327,48.0,-13.655326843261719
2023-07-05 12:00:00,79.868645,27.0,-52.86864471435547
2023-07-05 15:00:00,80.64353,35.0,-45.643531799316406
2023-07-05 18:00:00,77.61218,39.0,-38.6121826171875
2023-07-05 21:00:00,72.75298,44.0,-28.75298309326172
2023-07-06 00:00:00,78.89776,10.0,-68.89775848388672
2023-07-06 06:00:00,98.99008,38.0,-60.990081787109375
2023-07-06 09:00:00,94.374176,44.0,-50.374176025390625
2023-07-06 12:00:00,64.42906,45.0,-19.429061889648438
2023-07-06 15:00:00,63.271275,35.0,-28.27127456665039
2023-07-06 18:00:00,61.112133,58.0,-3.112133026123047
2023-07-06 21:00:00,61.00686,60.0,-1.0068588256835938
2023-07-07 00:00:00,56.456997,82.0,25.54300308227539
2023-07-07 03:00:00,59.526543,53.0,-6.526542663574219
2023-07-07 06:00:00,53.19339,56.0,2.806610107421875
2023-07-07 09:00:00,52.24547,47.0,-5.2454681396484375
2023-07-07 12:00:00,89.501785,46.0,-43.50178527832031
2023-07-07 15:00:00,98.63334,61.0,-37.633338928222656
2023-07-07 18:00:00,100.22655,53.0,-47.22654724121094
2023-07-07 21:00:00,98.70019,57.0,-41.70018768310547
2023-07-08 00:00:00,126.89031,66.0,-60.89031219482422
2023-07-08 03:00:00,122.606476,16.0,-106.60647583007812
2023-07-08 06:00:00,129.99817,57.0,-72.9981689453125
2023-07-08 09:00:00,95.25138,0.0,-95.25138092041016
2023-07-08 12:00:00,45.80761,47.0,1.1923904418945312
2023-07-08 18:00:00,60.443653,67.0,6.556346893310547
2023-07-08 21:00:00,61.767536,78.0,16.232463836669922
2023-07-09 00:00:00,74.28725,35.0,-39.28724670410156
2023-07-09 03:00:00,71.36441,60.0,-11.364410400390625
2023-07-09 06:00:00,70.03814,65.0,-5.038139343261719
2023-07-09 09:00:00,68.54362,78.0,9.456382751464844
2023-07-09 12:00:00,61.711945,63.0,1.288055419921875
2023-07-09 15:00:00,59.184914,72.0,12.815086364746094
2023-07-09 18:00:00,55.17586,56.0,0.8241386413574219
2023-07-09 21:00:00,50.202515,60.0,9.7974853515625
2023-07-10 03:00:00,43.965427,68.0,24.03457260131836
2023-07-10 12:00:00,43.013187,55.0,11.986812591552734
2023-07-10 18:00:00,52.32232,74.0,21.67768096923828
2023-07-10 21:00:00,51.232292,62.0,10.767707824707031
2023-07-11 00:00:00,89.00554,68.0,-21.005538940429688
2023-07-11 03:00:00,83.94431,76.0,-7.944313049316406
2023-07-11 06:00:00,75.52046,61.0,-14.520462036132812
2023-07-11 09:00:00,53.231133,60.0,6.768867492675781
2023-07-11 12:00:00,57.846592,15.0,-42.84659194946289
2023-07-11 15:00:00,56.948692,53.0,-3.9486923217773438
2023-07-11 18:00:00,66.2244,52.0,-14.224403381347656
2023-07-11 21:00:00,61.482525,12.0,-49.48252487182617
2023-07-12 00:00:00,25.77167,38.0,12.228330612182617
2023-07-12 03:00:00,19.989784,41.0,21.010215759277344
2023-07-12 09:00:00,33.071045,30.0,-3.071044921875
2023-07-12 12:00:00,52.524227,31.0,-21.524227142333984
2023-07-12 15:00:00,42.836292,29.0,-13.836292266845703
2023-07-13 00:00:00,106.237625,39.0,-67.23762512207031
2023-07-13 03:00:00,91.63614,110.0,18.363861083984375
2023-07-13 06:00:00,69.930595,89.0,19.06940460205078
2023-07-13 09:00:00,51.11542,45.0,-6.115421295166016
2023-07-13 12:00:00,47.667072,37.0,-10.667072296142578
2023-07-13 18:00:00,46.636387,34.0,-12.63638687133789
2023-07-13 21:00:00,51.19,45.0,-6.189998626708984
2023-07-14 06:00:00,79.89547,32.0,-47.895469665527344
2023-07-15 00:00:00,113.76233,102.0,-11.7623291015625
2023-07-15 03:00:00,110.24053,84.0,-26.24053192138672
2023-07-15 06:00:00,109.78533,72.0,-37.78533172607422
2023-07-15 09:00:00,99.79135,80.0,-19.791351318359375
2023-07-15 12:00:00,70.38716,66.0,-4.3871612548828125
2023-07-15 15:00:00,74.50217,77.0,2.497833251953125
2023-07-15 18:00:00,80.31156,81.0,0.6884384155273438
2023-07-15 21:00:00,83.13373,72.0,-11.13372802734375
2023-07-16 00:00:00,86.64847,75.0,-11.648468017578125
2023-07-16 03:00:00,86.34606,84.0,-2.3460617065429688
2023-07-16 06:00:00,91.35487,77.0,-14.354873657226562
2023-07-16 09:00:00,78.28976,94.0,15.710243225097656
2023-07-16 12:00:00,68.80919,88.0,19.190811157226562
2023-07-16 15:00:00,69.181625,97.0,27.818374633789062
2023-07-16 18:00:00,69.14297,65.0,-4.142967224121094
2023-07-16 21:00:00,66.03932,75.0,8.960678100585938
2023-07-17 00:00:00,34.826145,80.0,45.17385482788086
2023-07-17 03:00:00,30.27128,78.0,47.72871971130371
2023-07-17 06:00:00,24.955626,60.0,35.04437446594238
2023-07-17 09:00:00,30.362343,45.0,14.637657165527344
2023-07-17 12:00:00,32.89392,50.0,17.1060791015625
2023-07-17 15:00:00,37.10943,34.0,-3.1094284057617188
2023-07-17 18:00:00,34.160847,38.0,3.839153289794922
2023-07-17 21:00:00,33.025116,19.0,-14.025115966796875
2023-07-18 00:00:00,66.9246,27.0,-39.924598693847656
2023-07-18 06:00:00,61.96751,31.0,-30.967510223388672
2023-07-18 09:00:00,48.87488,0.0,-48.874881744384766
2023-07-18 12:00:00,33.504646,32.0,-1.5046463012695312
2023-07-18 18:00:00,60.550518,27.0,-33.55051803588867
2023-07-19 00:00:00,56.251564,40.0,-16.251564025878906
2023-07-19 03:00:00,49.386925,32.0,-17.386924743652344
2023-07-19 06:00:00,31.100626,36.0,4.899374008178711
2023-07-19 12:00:00,44.13914,27.0,-17.139141082763672
2023-07-19 15:00:00,43.984756,26.0,-17.984756469726562
2023-07-19 18:00:00,43.31491,31.0,-12.314910888671875
2023-07-19 21:00:00,38.052578,23.0,-15.05257797241211
2023-07-20 00:00:00,74.39166,30.0,-44.39166259765625
2023-07-20 03:00:00,66.83785,25.0,-41.837852478027344
2023-07-20 06:00:00,58.21289,33.0,-25.212890625
2023-07-20 09:00:00,39.49981,31.0,-8.499809265136719
2023-07-20 12:00:00,21.413597,34.0,12.586402893066406
2023-07-20 15:00:00,22.846735,23.0,0.15326499938964844
2023-07-20 18:00:00,23.28443,17.0,-6.284429550170898
2023-07-20 21:00:00,27.516762,0.0,-27.516761779785156
2023-07-21 00:00:00,37.932068,20.0,-17.93206787109375
2023-07-21 03:00:00,39.9084,22.0,-17.908401489257812
2023-07-21 06:00:00,29.752983,30.0,0.24701690673828125
2023-07-21 09:00:00,13.3045435,28.0,14.695456504821777
2023-07-21 12:00:00,42.56617,30.0,-12.566169738769531
2023-07-21 15:00:00,42.215107,33.0,-9.215106964111328
2023-07-21 18:00:00,36.765415,33.0,-3.7654151916503906
2023-07-21 21:00:00,33.132664,38.0,4.867336273193359
2023-07-22 00:00:00,0.5279617,32.0,31.472038328647614
2023-07-22 06:00:00,20.070047,81.0,60.92995262145996
2023-07-22 09:00:00,34.820004,15.0,-19.820003509521484
2023-07-22 12:00:00,38.184227,111.0,72.8157730102539
2023-07-22 15:00:00,45.737125,46.0,0.2628746032714844
2023-07-22 18:00:00,42.40337,85.0,42.59663009643555
2023-07-22 21:00:00,40.33791,46.0,5.662090301513672
2023-07-23 00:00:00,75.132675,33.0,-42.13267517089844
2023-07-23 03:00:00,79.29293,38.0,-41.292930603027344
2023-07-23 06:00:00,76.081276,97.0,20.918724060058594
2023-07-23 09:00:00,55.48145,63.0,7.518550872802734
2023-07-23 15:00:00,30.158163,44.0,13.841836929321289
2023-07-23 18:00:00,36.57101,54.0,17.42898941040039
2023-07-23 21:00:00,45.008392,51.0,5.991607666015625
2023-07-24 00:00:00,30.39895,52.0,21.601049423217773
2023-07-24 03:00:00,40.961823,47.0,6.038177490234375
2023-07-24 06:00:00,27.596798,46.0,18.403202056884766
2023-07-24 09:00:00,42.98613,42.0,-0.9861297607421875
2023-07-24 12:00:00,48.90899,41.0,-7.908988952636719
2023-07-24 15:00:00,53.372334,49.0,-4.372333526611328
2023-07-24 21:00:00,62.03436,53.0,-9.034358978271484
2023-07-25 00:00:00,96.82344,52.0,-44.82344055175781
2023-07-25 06:00:00,72.01129,50.0,-22.01129150390625
2023-07-25 12:00:00,57.860462,54.0,-3.860462188720703
2023-07-25 15:00:00,68.0468,57.0,-11.046798706054688
2023-07-25 18:00:00,77.04284,55.0,-22.04283905029297
2023-07-25 21:00:00,77.56239,51.0,-26.562393188476562
2023-07-26 00:00:00,86.02046,41.0,-45.02046203613281
2023-07-26 03:00:00,83.57802,60.0,-23.578018188476562
2023-07-26 09:00:00,60.872707,61.0,0.12729263305664062
2023-07-26 12:00:00,66.76976,44.0,-22.769760131835938
2023-07-26 15:00:00,72.89487,36.0,-36.894866943359375
2023-07-26 18:00:00,82.90783,44.0,-38.90782928466797
2023-07-26 21:00:00,83.062904,39.0,-44.062904357910156
2023-07-27 00:00:00,68.5136,36.0,-32.51360321044922
2023-07-27 06:00:00,65.66597,37.0,-28.665969848632812
2023-07-27 12:00:00,41.892464,12.0,-29.89246368408203
2023-07-27 15:00:00,41.67032,45.0,3.329681396484375
2023-07-27 18:00:00,49.329628,33.0,-16.329627990722656
2023-07-27 21:00:00,51.031746,36.0,-15.031745910644531
2023-07-28 00:00:00,88.47064,9.0,-79.47064208984375
2023-07-28 03:00:00,85.522285,38.0,-47.52228546142578
2023-07-28 06:00:00,79.38661,32.0,-47.38661193847656
2023-07-28 09:00:00,50.139988,38.0,-12.13998794555664
2023-07-28 18:00:00,45.785328,43.0,-2.785327911376953
2023-07-28 21:00:00,51.1277,0.0,-51.12770080566406
2023-07-29 00:00:00,52.479435,52.0,-0.4794349670410156
2023-07-29 03:00:00,47.930824,48.0,0.06917572021484375
2023-07-29 06:00:00,38.368397,36.0,-2.368396759033203
2023-07-29 09:00:00,43.13142,31.0,-12.131420135498047
2023-07-29 12:00:00,39.8461,52.0,12.153900146484375
2023-07-29 15:00:00,45.93153,53.0,7.068470001220703
2023-07-29 18:00:00,50.119297,54.0,3.8807029724121094
2023-07-29 21:00:00,53.18611,50.0,-3.1861114501953125
2023-07-30 00:00:00,65.23442,59.0,-6.2344207763671875
2023-07-30 03:00:00,66.02022,63.0,-3.0202178955078125
2023-07-30 06:00:00,45.12458,45.0,-0.12458038330078125
2023-07-30 09:00:00,39.655334,47.0,7.34466552734375
2023-07-30 12:00:00,39.44183,51.0,11.558170318603516
2023-07-30 15:00:00,50.469227,46.0,-4.469226837158203
2023-07-30 18:00:00,58.95845,48.0,-10.958450317382812
2023-07-31 00:00:00,68.2835,53.0,-15.283500671386719
2023-07-31 03:00:00,63.115067,46.0,-17.115066528320312
2023-07-31 09:00:00,49.35623,35.0,-14.356231689453125
2023-07-31 12:00:00,46.199146,129.0,82.80085372924805
2023-07-31 15:00:00,56.312275,43.0,-13.312274932861328
2023-07-31 18:00:00,63.123936,44.0,-19.12393569946289
2023-07-31 21:00:00,67.221664,38.0,-29.221664428710938
2023-08-01 00:00:00,70.77029,60.0,-10.770286560058594
2023-08-01 03:00:00,68.79532,37.0,-31.795318603515625
2023-08-01 06:00:00,64.22124,44.0,-20.221237182617188
2023-08-01 21:00:00,53.65541,13.0,-40.65541076660156
2023-08-02 00:00:00,47.205048,0.0,-47.205047607421875
2023-08-02 03:00:00,52.503082,44.0,-8.503082275390625
2023-08-02 06:00:00,34.104916,0.0,-34.104915618896484
2023-08-02 09:00:00,23.085022,38.0,14.91497802734375
2023-08-02 12:00:00,28.296654,37.0,8.703346252441406
2023-08-02 15:00:00,27.882153,32.0,4.117847442626953
2023-08-02 18:00:00,37.20902,34.0,-3.2090187072753906
2023-08-02 21:00:00,46.14918,41.0,-5.149181365966797
2023-08-03 00:00:00,1.2144028,51.0,49.78559720516205
2023-08-03 09:00:00,14.172428,45.0,30.827571868896484
2023-08-03 12:00:00,27.079977,54.0,26.92002296447754
2023-08-03 15:00:00,35.257244,48.0,12.742755889892578
2023-08-03 18:00:00,40.941586,46.0,5.058414459228516
2023-08-03 21:00:00,40.024815,12.0,-28.02481460571289
2023-08-04 06:00:00,46.55499,58.0,11.445011138916016
2023-08-04 09:00:00,37.6167,27.0,-10.61669921875
2023-08-04 12:00:00,47.65252,21.0,-26.65251922607422
2023-08-04 15:00:00,54.31866,27.0,-27.318660736083984
2023-08-04 18:00:00,56.226555,52.0,-4.226554870605469
2023-08-04 21:00:00,61.11645,47.0,-14.116451263427734
2023-08-05 00:00:00,55.544773,43.0,-12.54477310180664
2023-08-05 03:00:00,56.213367,40.0,-16.213367462158203
2023-08-05 06:00:00,50.908283,46.0,-4.908283233642578
2023-08-05 12:00:00,57.626495,55.0,-2.626495361328125
2023-08-05 15:00:00,59.71697,36.0,-23.716968536376953
2023-08-05 18:00:00,64.13825,40.0,-24.13825225830078
2023-08-05 21:00:00,68.67503,61.0,-7.6750335693359375
2023-08-06 00:00:00,104.39453,64.0,-40.39453125
2023-08-06 03:00:00,104.33996,72.0,-32.33995819091797
2023-08-06 06:00:00,115.272995,73.0,-42.27299499511719
2023-08-06 09:00:00,113.385796,0.0,-113.38579559326172
2023-08-06 12:00:00,96.177925,58.0,-38.17792510986328
2023-08-06 15:00:00,103.81018,13.0,-90.8101806640625
2023-08-06 18:00:00,91.50517,53.0,-38.50517272949219
2023-08-06 21:00:00,78.73359,63.0,-15.733589172363281
2023-08-07 00:00:00,35.90003,62.0,26.099971771240234
2023-08-07 03:00:00,34.3382,65.0,30.661800384521484
2023-08-07 06:00:00,23.913343,66.0,42.08665657043457
2023-08-07 09:00:00,27.45719,32.0,4.542810440063477
2023-08-07 12:00:00,16.856575,21.0,4.143424987792969
2023-08-07 18:00:00,27.279839,35.0,7.720161437988281
2023-08-07 21:00:00,39.14829,55.0,15.85171127319336
2023-08-08 00:00:00,47.860794,32.0,-15.860794067382812
2023-08-08 03:00:00,44.467583,38.0,-6.467582702636719
2023-08-08 06:00:00,51.328926,37.0,-14.328926086425781
2023-08-08 09:00:00,67.571815,10.0,-57.571815490722656
2023-08-08 12:00:00,57.043507,32.0,-25.043506622314453
2023-08-08 15:00:00,64.267395,26.0,-38.26739501953125
2023-08-08 18:00:00,67.13344,23.0,-44.13343811035156
2023-08-08 21:00:00,71.83621,30.0,-41.836212158203125
2023-08-09 00:00:00,44.905846,43.0,-1.9058456420898438
2023-08-09 03:00:00,52.283894,41.0,-11.283893585205078
2023-08-09 06:00:00,39.689213,39.0,-0.6892127990722656
2023-08-09 09:00:00,46.992683,34.0,-12.992683410644531
2023-08-09 12:00:00,53.061287,33.0,-20.06128692626953
2023-08-09 15:00:00,60.55643,29.0,-31.55643081665039
2023-08-09 18:00:00,68.44698,42.0,-26.446983337402344
2023-08-10 03:00:00,74.92315,47.0,-27.92314910888672
2023-08-10 06:00:00,61.531525,47.0,-14.531524658203125
2023-08-10 12:00:00,58.57305,55.0,-3.5730514526367188
2023-08-10 15:00:00,69.097725,54.0,-15.097724914550781
2023-08-10 18:00:00,80.241875,56.0,-24.24187469482422
2023-08-10 21:00:00,86.532394,56.0,-30.532394409179688
2023-08-11 03:00:00,129.98816,64.0,-65.9881591796875
2023-08-11 06:00:00,120.77067,60.0,-60.770668029785156
2023-08-11 09:00:00,96.98488,84.0,-12.984878540039062
2023-08-11 12:00:00,83.66919,89.0,5.330810546875
2023-08-11 15:00:00,94.24684,90.0,-4.2468414306640625
2023-08-11 18:00:00,106.34108,446.0,339.65892028808594
2023-08-11 21:00:00,116.87894,411.0,294.1210632324219
2023-08-12 00:00:00,102.06884,14.0,-88.06884002685547
2023-08-12 03:00:00,102.86544,81.0,-21.865440368652344
2023-08-12 06:00:00,107.24329,96.0,-11.243293762207031
2023-08-12 09:00:00,104.63168,112.0,7.368316650390625
2023-08-12 12:00:00,97.40359,131.0,33.596412658691406
2023-08-12 15:00:00,97.67268,99.0,1.3273162841796875
2023-08-12 18:00:00,99.41164,95.0,-4.4116363525390625
2023-08-13 00:00:00,100.367744,146.0,45.63225555419922
2023-08-13 03:00:00,101.08488,150.0,48.915122985839844
2023-08-13 09:00:00,100.980286,95.0,-5.98028564453125
2023-08-13 12:00:00,74.6403,67.0,-7.640296936035156
2023-08-13 15:00:00,78.52396,59.0,-19.523956298828125
2023-08-13 18:00:00,79.11194,70.0,-9.1119384765625
2023-08-13 21:00:00,80.406494,74.0,-6.406494140625
2023-08-14 00:00:00,113.070656,63.0,-50.070655822753906
2023-08-14 03:00:00,108.3672,73.0,-35.36720275878906
2023-08-14 06:00:00,111.6805,80.0,-31.680496215820312
2023-08-14 09:00:00,102.0303,17.0,-85.0302963256836
2023-08-14 12:00:00,91.78393,79.0,-12.783927917480469
2023-08-14 15:00:00,89.7187,64.0,-25.71869659423828
2023-08-14 18:00:00,93.58132,72.0,-21.581321716308594
2023-08-14 21:00:00,98.624245,69.0,-29.624244689941406
2023-08-15 00:00:00,117.75126,0.0,-117.75125885009766
2023-08-15 03:00:00,112.63637,60.0,-52.63636779785156
2023-08-15 06:00:00,118.93621,62.0,-56.93621063232422
2023-08-15 09:00:00,77.72678,62.0,-15.726783752441406
2023-08-15 12:00:00,65.42677,132.0,66.57322692871094
2023-08-15 15:00:00,80.84021,20.0,-60.8402099609375
2023-08-15 18:00:00,98.64175,83.0,-15.641746520996094
2023-08-15 21:00:00,105.482285,72.0,-33.48228454589844
2023-08-16 00:00:00,129.45612,57.0,-72.45611572265625
2023-08-16 03:00:00,113.88943,58.0,-55.889427185058594
2023-08-16 06:00:00,88.532036,70.0,-18.53203582763672
2023-08-16 09:00:00,61.684204,67.0,5.3157958984375
2023-08-16 12:00:00,64.25967,18.0,-46.259666442871094
2023-08-16 15:00:00,84.16259,39.0,-45.16259002685547
2023-08-16 21:00:00,140.4835,45.0,-95.48350524902344
2023-08-17 00:00:00,145.557,0.0,-145.5570068359375
2023-08-17 03:00:00,137.96954,78.0,-59.96954345703125
2023-08-17 06:00:00,139.28001,11.0,-128.28001403808594
2023-08-17 09:00:00,127.10734,31.0,-96.10733795166016
2023-08-17 12:00:00,121.97324,43.0,-78.9732437133789
2023-08-17 15:00:00,130.11868,156.0,25.881317138671875
2023-08-17 18:00:00,129.93167,118.0,-11.931671142578125
2023-08-17 21:00:00,118.02171,94.0,-24.021713256835938
2023-08-18 00:00:00,156.88414,52.0,-104.88414001464844
2023-08-18 03:00:00,142.6472,60.0,-82.64720153808594
2023-08-18 06:00:00,120.614235,66.0,-54.614234924316406
2023-08-18 09:00:00,104.121,72.0,-32.121002197265625
2023-08-18 12:00:00,78.00259,55.0,-23.002586364746094
2023-08-18 15:00:00,77.71769,52.0,-25.717689514160156
2023-08-18 21:00:00,75.92825,49.0,-26.928253173828125
2023-08-19 00:00:00,95.900536,46.0,-49.900535583496094
2023-08-19 03:00:00,92.10783,0.0,-92.10782623291016
2023-08-19 06:00:00,80.49074,74.0,-6.4907379150390625
2023-08-19 09:00:00,82.31109,59.0,-23.31108856201172
2023-08-19 12:00:00,76.93416,73.0,-3.9341583251953125
2023-08-19 15:00:00,80.421616,57.0,-23.421615600585938
2023-08-19 18:00:00,78.204094,72.0,-6.204093933105469
2023-08-19 21:00:00,74.910416,62.0,-12.910415649414062
2023-08-20 00:00:00,77.97269,0.0,-77.97268676757812
2023-08-20 03:00:00,81.43331,59.0,-22.433311462402344
2023-08-20 06:00:00,81.794044,52.0,-29.794044494628906
2023-08-20 09:00:00,87.12732,67.0,-20.1273193359375
2023-08-20 12:00:00,92.634766,54.0,-38.634765625
2023-08-20 15:00:00,107.8879,64.0,-43.887901306152344
2023-08-20 18:00:00,122.78099,83.0,-39.78099060058594
2023-08-20 21:00:00,130.92676,0.0,-130.9267578125
2023-08-21 00:00:00,133.34148,104.0,-29.341476440429688
2023-08-21 03:00:00,127.78344,70.0,-57.78343963623047
2023-08-21 06:00:00,121.44233,0.0,-121.44232940673828
2023-08-21 09:00:00,98.13516,71.0,-27.135162353515625
2023-08-21 12:00:00,98.96871,0.0,-98.96871185302734
2023-08-21 15:00:00,106.66304,36.0,-70.66304016113281
2023-08-21 18:00:00,112.31327,0.0,-112.31327056884766
2023-08-21 21:00:00,111.99063,59.0,-52.990631103515625
2023-08-22 00:00:00,82.826775,55.0,-27.82677459716797
2023-08-22 03:00:00,87.376976,59.0,-28.376976013183594
2023-08-22 06:00:00,81.9291,58.0,-23.929100036621094
2023-08-22 09:00:00,64.172585,12.0,-52.172584533691406
2023-08-22 12:00:00,60.242428,59.0,-1.2424278259277344
2023-08-22 15:00:00,64.90904,70.0,5.0909576416015625
2023-08-22 18:00:00,67.062386,73.0,5.937614440917969
2023-08-22 21:00:00,68.650024,80.0,11.3499755859375
2023-08-23 00:00:00,99.39481,69.0,-30.394813537597656
2023-08-23 03:00:00,98.41324,37.0,-61.413238525390625
2023-08-23 06:00:00,97.063095,85.0,-12.063095092773438
2023-08-23 09:00:00,86.24784,69.0,-17.247840881347656
2023-08-23 12:00:00,79.1772,73.0,-6.1772003173828125
2023-08-23 15:00:00,85.7583,70.0,-15.75830078125
2023-08-23 18:00:00,85.427475,95.0,9.572525024414062
2023-08-23 21:00:00,78.86331,64.0,-14.863311767578125
2023-08-24 00:00:00,73.12724,0.0,-73.12724304199219
2023-08-24 06:00:00,71.551765,77.0,5.448234558105469
2023-08-24 09:00:00,65.76761,69.0,3.232391357421875
2023-08-24 12:00:00,74.53172,61.0,-13.531723022460938
2023-08-24 18:00:00,74.086075,69.0,-5.0860748291015625
2023-08-30 06:00:00,51.142708,56.0,4.857292175292969
2023-08-30 09:00:00,42.068676,47.0,4.931324005126953
2023-08-30 12:00:00,33.51488,42.0,8.485118865966797
2023-08-30 15:00:00,40.985016,59.0,18.014984130859375
2023-08-30 21:00:00,49.069057,42.0,-7.069057464599609
2023-08-31 00:00:00,29.040848,38.0,8.959152221679688
2023-08-31 03:00:00,33.051037,38.0,4.948963165283203
2023-08-31 09:00:00,39.709904,37.0,-2.7099037170410156
2023-08-31 12:00:00,35.428913,24.0,-11.428913116455078
2023-08-31 15:00:00,39.686825,18.0,-21.686824798583984
2023-08-31 18:00:00,39.76379,0.0,-39.763790130615234
2023-08-31 21:00:00,38.222424,40.0,1.7775764465332031
2023-09-01 00:00:00,47.133198,38.0,-9.133197784423828
2023-09-05 06:00:00,58.785645,59.0,0.21435546875
2023-09-05 09:00:00,54.670864,69.0,14.32913589477539
2023-09-05 12:00:00,79.067604,68.0,-11.067604064941406
2023-09-05 15:00:00,87.4843,65.0,-22.484298706054688
2023-09-05 18:00:00,91.28667,73.0,-18.286666870117188
2023-09-05 21:00:00,90.70232,55.0,-35.70231628417969
2023-09-06 00:00:00,111.10751,53.0,-58.107513427734375
2023-09-06 03:00:00,104.12896,17.0,-87.12895965576172
2023-09-06 06:00:00,103.64841,75.0,-28.648406982421875
2023-09-06 09:00:00,90.47289,21.0,-69.47289276123047
2023-09-06 12:00:00,61.667835,75.0,13.332164764404297
2023-09-06 15:00:00,69.824295,75.0,5.1757049560546875
2023-09-06 21:00:00,93.89328,117.0,23.106719970703125
2023-09-07 00:00:00,146.3594,113.0,-33.359405517578125
2023-09-07 03:00:00,139.1636,115.0,-24.163604736328125
2023-09-07 06:00:00,133.55156,110.0,-23.551559448242188
2023-09-07 09:00:00,101.87796,69.0,-32.877960205078125
2023-09-07 12:00:00,88.51248,60.0,-28.512481689453125
2023-09-07 15:00:00,96.36921,45.0,-51.36920928955078
2023-09-07 18:00:00,104.42801,62.0,-42.428009033203125
2023-09-07 21:00:00,92.10976,53.0,-39.10975646972656
2023-09-08 00:00:00,85.22295,53.0,-32.22295379638672
2023-09-08 03:00:00,82.79966,51.0,-31.799659729003906
2023-09-08 06:00:00,69.94241,40.0,-29.942413330078125
2023-09-08 09:00:00,55.530563,30.0,-25.530563354492188
2023-09-08 12:00:00,44.631634,30.0,-14.631633758544922
2023-09-08 15:00:00,50.142944,26.0,-24.1429443359375
2023-09-08 18:00:00,62.26031,33.0,-29.260311126708984
2023-09-08 21:00:00,69.25472,34.0,-35.254722595214844
2023-09-09 00:00:00,53.442135,10.0,-43.442134857177734
2023-09-09 03:00:00,59.89182,0.0,-59.89181900024414
2023-09-09 06:00:00,61.13669,39.0,-22.136688232421875
2023-09-09 09:00:00,62.256275,20.0,-42.25627517700195
2023-09-09 12:00:00,52.187714,0.0,-52.187713623046875
2023-09-09 15:00:00,60.187176,49.0,-11.187175750732422
2023-09-09 18:00:00,62.189884,46.0,-16.189884185791016
2023-09-09 21:00:00,56.755768,70.0,13.244232177734375
2023-09-10 00:00:00,48.928543,57.0,8.071456909179688
2023-09-10 03:00:00,41.28492,56.0,14.715080261230469
2023-09-10 06:00:00,28.464457,58.0,29.53554344177246
2023-09-10 09:00:00,28.516523,42.0,13.483476638793945
2023-09-10 12:00:00,15.750856,29.0,13.249143600463867
2023-09-10 15:00:00,29.15749,26.0,-3.157489776611328
2023-09-10 18:00:00,36.606934,30.0,-6.60693359375
2023-09-10 21:00:00,44.45667,32.0,-12.456668853759766
2023-09-11 00:00:00,102.173546,42.0,-60.173545837402344
2023-09-11 03:00:00,100.81692,36.0,-64.8169174194336
2023-09-11 06:00:00,77.41369,36.0,-41.41368865966797
2023-09-11 12:00:00,54.335033,39.0,-15.335033416748047
2023-09-11 15:00:00,56.014187,30.0,-26.01418685913086
2023-09-11 18:00:00,60.634533,70.0,9.365467071533203
2023-09-11 21:00:00,66.18347,43.0,-23.1834716796875
2023-09-12 00:00:00,95.589714,44.0,-51.58971405029297
2023-09-12 03:00:00,97.524666,54.0,-43.52466583251953
2023-09-12 09:00:00,81.461845,65.0,-16.46184539794922
2023-09-12 12:00:00,73.113594,68.0,-5.113594055175781
2023-09-12 15:00:00,77.474396,60.0,-17.474395751953125
2023-09-12 18:00:00,82.71968,76.0,-6.7196807861328125
2023-09-12 21:00:00,84.47614,71.0,-13.476142883300781
2023-09-13 00:00:00,79.116486,81.0,1.883514404296875
2023-09-13 03:00:00,70.73845,76.0,5.2615509033203125
2023-09-13 06:00:00,46.08228,76.0,29.917720794677734
2023-09-13 09:00:00,32.87187,0.0,-32.87186813354492
2023-09-13 12:00:00,38.318375,78.0,39.68162536621094
2023-09-13 18:00:00,52.821518,60.0,7.1784820556640625
2023-09-13 21:00:00,62.77537,53.0,-9.775371551513672
2023-09-14 03:00:00,76.89124,71.0,-5.891242980957031
2023-09-14 06:00:00,67.72069,64.0,-3.7206878662109375
2023-09-14 09:00:00,46.309994,44.0,-2.3099937438964844
2023-09-14 12:00:00,39.10384,43.0,3.896160125732422
2023-09-14 15:00:00,45.810566,38.0,-7.810565948486328
2023-09-14 18:00:00,51.262474,47.0,-4.262474060058594
2023-09-14 21:00:00,56.79516,55.0,-1.7951583862304688
2023-09-15 00:00:00,59.392506,54.0,-5.392505645751953
2023-09-15 03:00:00,58.45277,0.0,-58.4527702331543
2023-09-15 06:00:00,55.329563,38.0,-17.32956314086914
2023-09-15 12:00:00,47.98494,35.0,-12.984939575195312
2023-09-15 15:00:00,37.36227,29.0,-8.36227035522461
2023-09-15 18:00:00,40.026863,27.0,-13.026863098144531
2023-09-15 21:00:00,44.172226,35.0,-9.172225952148438
2023-09-16 00:00:00,103.19695,44.0,-59.19695281982422
2023-09-16 06:00:00,76.11323,43.0,-33.11322784423828
2023-09-16 12:00:00,44.301487,32.0,-12.30148696899414
2023-09-16 15:00:00,44.51681,0.0,-44.51681137084961
2023-09-16 18:00:00,49.38329,29.0,-20.383289337158203
2023-09-16 21:00:00,55.50737,32.0,-23.507369995117188
2023-09-17 00:00:00,63.584595,0.0,-63.5845947265625
2023-09-17 03:00:00,65.978615,38.0,-27.978614807128906
2023-09-17 12:00:00,50.365997,31.0,-19.365997314453125
2023-09-17 15:00:00,55.073086,36.0,-19.07308578491211
2023-09-17 21:00:00,56.131626,28.0,-28.13162612915039
2023-09-18 00:00:00,86.30445,31.0,-55.30445098876953
2023-09-18 03:00:00,80.87181,32.0,-48.87181091308594
2023-09-18 06:00:00,67.81033,48.0,-19.810333251953125
2023-09-18 09:00:00,55.187,8.0,-47.1870002746582
2023-09-18 15:00:00,56.74292,31.0,-25.742919921875
2023-09-18 21:00:00,60.83883,34.0,-26.838829040527344
2023-09-19 00:00:00,100.97585,0.0,-100.9758529663086
2023-09-19 06:00:00,77.59706,50.0,-27.597061157226562
2023-09-19 09:00:00,50.724567,11.0,-39.72456741333008
2023-09-19 15:00:00,44.58093,35.0,-9.580928802490234
2023-09-19 18:00:00,42.115402,35.0,-7.1154022216796875
2023-09-19 21:00:00,39.425457,33.0,-6.425457000732422
2023-09-20 00:00:00,39.41568,45.0,5.584320068359375
2023-09-20 03:00:00,40.53504,33.0,-7.535041809082031
2023-09-20 06:00:00,32.116417,38.0,5.883583068847656
2023-09-20 09:00:00,24.81562,47.0,22.18437957763672
2023-09-20 12:00:00,29.272997,40.0,10.72700309753418
2023-09-20 15:00:00,32.345158,53.0,20.654842376708984
2023-09-20 21:00:00,28.924433,36.0,7.075567245483398
2023-09-21 00:00:00,58.963337,25.0,-33.96333694458008
2023-09-21 03:00:00,53.280247,35.0,-18.28024673461914
2023-09-21 06:00:00,37.263588,37.0,-0.26358795166015625
2023-09-21 09:00:00,24.032034,34.0,9.967966079711914
2023-09-21 18:00:00,22.067524,36.0,13.932476043701172
2023-09-21 21:00:00,23.231905,40.0,16.768095016479492
2023-09-22 00:00:00,34.39948,8.0,-26.399478912353516
2023-09-22 03:00:00,34.868435,25.0,-9.86843490600586
2023-09-22 06:00:00,27.42513,28.0,0.5748691558837891
2023-09-22 09:00:00,16.65535,37.0,20.344650268554688
2023-09-22 12:00:00,17.455477,35.0,17.544523239135742
2023-09-22 15:00:00,31.635864,40.0,8.3641357421875
2023-09-22 18:00:00,46.0459,40.0,-6.0458984375
2023-09-22 21:00:00,52.562656,50.0,-2.5626564025878906
2023-09-23 00:00:00,82.570526,37.0,-45.570526123046875
2023-09-23 03:00:00,77.52101,39.0,-38.52101135253906
2023-09-23 12:00:00,30.575165,0.0,-30.575164794921875
2023-09-23 21:00:00,44.464287,32.0,-12.464286804199219
2023-09-24 00:00:00,45.057278,45.0,-0.057277679443359375
2023-09-24 03:00:00,50.414654,46.0,-4.414653778076172
2023-09-24 09:00:00,32.43622,67.0,34.56378173828125
2023-09-24 12:00:00,26.773705,34.0,7.226295471191406
2023-09-24 15:00:00,33.471226,9.0,-24.47122573852539
2023-09-24 18:00:00,45.95495,42.0,-3.9549484252929688
2023-09-24 21:00:00,59.529156,40.0,-19.529155731201172
2023-09-25 00:00:00,73.1311,41.0,-32.131103515625
2023-09-25 03:00:00,76.69837,41.0,-35.69837188720703
2023-09-25 06:00:00,53.401436,35.0,-18.40143585205078
2023-09-25 09:00:00,38.241753,10.0,-28.24175262451172
2023-09-25 15:00:00,44.814327,40.0,-4.814327239990234
2023-09-25 18:00:00,49.174446,0.0,-49.17444610595703
2023-09-25 21:00:00,55.157444,0.0,-55.15744400024414
2023-09-26 00:00:00,82.425575,38.0,-44.425575256347656
2023-09-26 03:00:00,84.24649,39.0,-45.246490478515625
2023-09-26 06:00:00,62.43249,30.0,-32.432491302490234
2023-09-26 09:00:00,37.94213,33.0,-4.942131042480469
2023-09-26 12:00:00,28.873615,34.0,5.126384735107422
2023-09-26 15:00:00,34.81978,11.0,-23.819778442382812
2023-09-26 18:00:00,44.486797,43.0,-1.4867973327636719
2023-09-26 21:00:00,49.155914,42.0,-7.155914306640625
2023-09-27 00:00:00,50.62907,0.0,-50.62907028198242
2023-09-27 09:00:00,30.209946,49.0,18.790054321289062
2023-09-27 12:00:00,41.031284,59.0,17.96871566772461
2023-09-27 15:00:00,39.458313,32.0,-7.45831298828125
2023-09-27 18:00:00,34.201206,29.0,-5.201206207275391
2023-09-27 21:00:00,35.467564,17.0,-18.46756362915039
2023-09-28 00:00:00,65.17484,24.0,-41.174842834472656
2023-09-28 03:00:00,71.24799,33.0,-38.24799346923828
2023-09-28 12:00:00,24.216774,39.0,14.783226013183594
2023-09-28 15:00:00,28.226963,33.0,4.773036956787109
2023-09-28 18:00:00,36.821804,41.0,4.178195953369141
2023-09-28 21:00:00,56.780777,35.0,-21.780776977539062
2023-09-29 00:00:00,56.066597,47.0,-9.066596984863281
2023-09-29 03:00:00,52.34267,12.0,-40.34267044067383
2023-09-29 06:00:00,29.134241,31.0,1.8657588958740234
2023-09-29 09:00:00,23.717575,44.0,20.282424926757812
2023-09-29 12:00:00,19.763775,44.0,24.236225128173828
2023-09-29 15:00:00,30.869843,60.0,29.130157470703125
2023-09-29 18:00:00,48.144783,58.0,9.855216979980469
2023-09-30 00:00:00,90.85909,61.0,-29.859092712402344
2023-09-30 06:00:00,66.51857,61.0,-5.5185699462890625
2023-09-30 09:00:00,44.26505,52.0,7.734951019287109
2023-09-30 15:00:00,46.39412,65.0,18.605880737304688
2023-09-30 18:00:00,53.61869,48.0,-5.618690490722656
2023-09-30 21:00:00,65.68075,48.0,-17.680747985839844
2023-10-01 00:00:00,42.108013,41.0,-1.1080131530761719
2023-10-01 03:00:00,38.88999,43.0,4.110008239746094
2023-10-01 06:00:00,43.309227,46.0,2.6907730102539062
2023-10-01 09:00:00,46.18596,38.0,-8.185958862304688
2023-10-01 12:00:00,31.793661,23.0,-8.793661117553711
2023-10-01 15:00:00,30.036062,27.0,-3.036062240600586
2023-10-01 18:00:00,33.581047,23.0,-10.581047058105469
2023-10-01 21:00:00,41.57323,26.0,-15.573230743408203
2023-10-02 00:00:00,35.573864,28.0,-7.573863983154297
2023-10-02 03:00:00,40.996952,23.0,-17.996952056884766
2023-10-02 06:00:00,42.402122,9.0,-33.402122497558594
2023-10-02 09:00:00,48.780804,38.0,-10.780803680419922
2023-10-02 12:00:00,60.090427,36.0,-24.09042739868164
2023-10-02 15:00:00,65.17359,41.0,-24.17359161376953
2023-10-02 18:00:00,67.52885,44.0,-23.528846740722656
2023-10-02 21:00:00,66.47133,52.0,-14.471328735351562
2023-10-03 00:00:00,126.36622,38.0,-88.36621856689453
2023-10-03 03:00:00,122.05925,35.0,-87.05924987792969
2023-10-03 09:00:00,59.794727,27.0,-32.79472732543945
2023-10-03 12:00:00,48.3991,29.0,-19.39910125732422
2023-10-03 15:00:00,60.28586,27.0,-33.285858154296875
2023-10-03 18:00:00,68.804184,26.0,-42.80418395996094
2023-10-03 21:00:00,73.68249,16.0,-57.68248748779297
2023-10-04 00:00:00,79.79964,29.0,-50.79963684082031
2023-10-04 03:00:00,88.733376,26.0,-62.733375549316406
2023-10-04 06:00:00,67.728134,31.0,-36.72813415527344
2023-10-04 09:00:00,61.26845,36.0,-25.268451690673828
2023-10-04 12:00:00,57.85296,37.0,-20.85295867919922
2023-10-04 15:00:00,57.28623,0.0,-57.28622817993164
2023-10-04 21:00:00,48.566223,34.0,-14.56622314453125
2023-10-05 00:00:00,86.22078,37.0,-49.22077941894531
2023-10-05 03:00:00,80.61681,44.0,-36.61681365966797
2023-10-05 06:00:00,71.06973,45.0,-26.069732666015625
2023-10-05 09:00:00,61.91715,40.0,-21.91714859008789
2023-10-05 12:00:00,34.560684,30.0,-4.5606842041015625
2023-10-05 15:00:00,43.72896,39.0,-4.7289581298828125
2023-10-05 18:00:00,53.459644,42.0,-11.459644317626953
2023-10-05 21:00:00,57.243595,41.0,-16.243595123291016
2023-10-06 03:00:00,59.37136,45.0,-14.371360778808594
2023-10-06 06:00:00,44.628677,39.0,-5.6286773681640625
2023-10-06 09:00:00,37.404335,38.0,0.5956649780273438
2023-10-06 15:00:00,24.36866,24.0,-0.36865997314453125
2023-10-06 18:00:00,27.471743,22.0,-5.471742630004883
2023-10-06 21:00:00,32.730667,30.0,-2.7306671142578125
2023-10-07 00:00:00,44.991566,32.0,-12.991565704345703
2023-10-07 06:00:00,37.840324,29.0,-8.840324401855469
2023-10-07 09:00:00,30.563229,21.0,-9.563228607177734
2023-10-07 12:00:00,35.48314,26.0,-9.483139038085938
2023-10-07 15:00:00,34.364803,28.0,-6.364803314208984
2023-10-07 21:00:00,31.40815,32.0,0.5918502807617188
2023-10-08 03:00:00,64.95907,29.0,-35.959068298339844
2023-10-08 09:00:00,40.2614,21.0,-19.261398315429688
2023-10-08 12:00:00,34.750088,25.0,-9.75008773803711
2023-10-08 15:00:00,44.44553,36.0,-8.44552993774414
2023-10-08 18:00:00,49.071445,47.0,-2.0714454650878906
2023-10-08 21:00:00,49.015057,34.0,-15.015056610107422
2023-10-09 00:00:00,29.819376,33.0,3.180624008178711
2023-10-09 03:00:00,34.333767,35.0,0.6662330627441406
2023-10-09 06:00:00,21.467485,42.0,20.532514572143555
2023-10-09 12:00:00,35.703808,37.0,1.2961921691894531
2023-10-09 15:00:00,40.002987,43.0,2.9970130920410156
2023-10-09 18:00:00,43.41837,42.0,-1.4183692932128906
2023-10-09 21:00:00,45.222805,35.0,-10.22280502319336
2023-10-10 00:00:00,87.72014,31.0,-56.72013854980469
2023-10-10 09:00:00,54.993393,32.0,-22.993392944335938
2023-10-10 12:00:00,32.387447,24.0,-8.387447357177734
2023-10-10 15:00:00,43.582474,25.0,-18.582473754882812
2023-10-10 18:00:00,56.787144,31.0,-25.78714370727539
2023-10-10 21:00:00,71.89374,35.0,-36.89373779296875
2023-10-11 00:00:00,77.5666,35.0,-42.56659698486328
2023-10-11 03:00:00,80.66735,39.0,-41.66735076904297
2023-10-11 06:00:00,51.723988,30.0,-21.723987579345703
2023-10-11 09:00:00,42.3081,44.0,1.6918983459472656
2023-10-11 12:00:00,35.47143,48.0,12.528568267822266
2023-10-11 15:00:00,36.817028,38.0,1.1829719543457031
2023-10-11 18:00:00,37.491646,36.0,-1.4916458129882812
2023-10-11 21:00:00,40.10644,31.0,-9.106441497802734
2023-10-12 00:00:00,48.3642,25.0,-23.364200592041016
2023-10-12 03:00:00,53.53445,29.0,-24.53445053100586
2023-10-12 06:00:00,40.179516,41.0,0.8204841613769531
2023-10-12 09:00:00,44.175606,41.0,-3.1756057739257812
2023-10-12 12:00:00,25.294525,58.0,32.705474853515625
2023-10-12 18:00:00,31.292301,52.0,20.707698822021484
2023-10-12 21:00:00,34.723145,63.0,28.27685546875
2023-10-13 00:00:00,37.59942,71.0,33.40058135986328
2023-10-13 03:00:00,49.24959,78.0,28.750408172607422
2023-10-13 06:00:00,27.077988,0.0,-27.077987670898438
2023-10-13 09:00:00,24.828865,33.0,8.171134948730469
2023-10-13 12:00:00,20.9713,31.0,10.02869987487793
2023-10-13 15:00:00,34.75816,52.0,17.241840362548828
2023-10-13 18:00:00,46.706417,60.0,13.293582916259766
2023-10-13 21:00:00,62.456364,12.0,-50.456363677978516
2023-10-14 00:00:00,81.04053,64.0,-17.04052734375
2023-10-14 03:00:00,76.014656,0.0,-76.01465606689453
2023-10-14 06:00:00,54.225437,52.0,-2.2254371643066406
2023-10-14 09:00:00,40.996895,37.0,-3.9968948364257812
2023-10-14 12:00:00,43.014553,64.0,20.98544692993164
2023-10-14 15:00:00,51.338703,41.0,-10.338703155517578
2023-10-14 18:00:00,57.895023,45.0,-12.895023345947266
2023-10-14 21:00:00,70.98697,11.0,-59.986968994140625
2023-10-15 00:00:00,110.10457,55.0,-55.10456848144531
2023-10-15 03:00:00,102.80837,48.0,-54.808372497558594
2023-10-15 06:00:00,95.2599,56.0,-39.25990295410156
2023-10-15 09:00:00,69.96879,60.0,-9.968788146972656
2023-10-15 18:00:00,68.9879,64.0,-4.9878997802734375
2023-10-15 21:00:00,77.86025,59.0,-18.860252380371094
2023-10-16 00:00:00,95.939186,55.0,-40.939186096191406
2023-10-16 03:00:00,96.8239,71.0,-25.823898315429688
2023-10-16 06:00:00,67.896904,70.0,2.1030960083007812
2023-10-16 15:00:00,61.060974,59.0,-2.06097412109375
2023-10-16 18:00:00,64.550705,56.0,-8.550704956054688
2023-10-16 21:00:00,65.66893,51.0,-14.668930053710938
2023-10-17 00:00:00,82.32087,59.0,-23.32086944580078
2023-10-17 03:00:00,89.39117,70.0,-19.39116668701172
2023-10-17 06:00:00,87.36345,69.0,-18.363449096679688
2023-10-17 09:00:00,80.24153,66.0,-14.241531372070312
2023-10-17 12:00:00,39.07303,76.0,36.926971435546875
2023-10-17 15:00:00,41.464546,65.0,23.53545379638672
2023-10-17 18:00:00,43.299564,55.0,11.700435638427734
2023-10-18 00:00:00,48.198673,79.0,30.801326751708984
2023-10-18 03:00:00,52.306404,72.0,19.69359588623047
2023-10-18 06:00:00,38.351574,72.0,33.6484260559082
2023-10-18 09:00:00,42.292187,0.0,-42.29218673706055
2023-10-18 12:00:00,43.058323,77.0,33.94167709350586
2023-10-18 15:00:00,45.636852,74.0,28.363147735595703
2023-10-18 18:00:00,50.536755,16.0,-34.5367546081543
2023-10-18 21:00:00,57.94391,59.0,1.05609130859375
2023-10-19 00:00:00,94.20182,49.0,-45.201820373535156
2023-10-19 03:00:00,98.57172,50.0,-48.57171630859375
2023-10-19 09:00:00,70.981514,52.0,-18.98151397705078
2023-10-19 12:00:00,46.625587,48.0,1.3744125366210938
2023-10-19 15:00:00,52.51991,12.0,-40.5199089050293
2023-10-19 18:00:00,54.631527,59.0,4.368473052978516
2023-10-19 21:00:00,56.785667,49.0,-7.785667419433594
2023-10-20 00:00:00,25.961754,50.0,24.038246154785156
2023-10-20 03:00:00,37.940025,59.0,21.059974670410156
2023-10-20 09:00:00,37.234257,46.0,8.765743255615234
2023-10-20 15:00:00,42.0589,54.0,11.94110107421875
2023-10-20 18:00:00,43.798992,47.0,3.201007843017578
2023-10-20 21:00:00,47.276897,64.0,16.723102569580078
2023-10-21 00:00:00,61.790844,48.0,-13.790843963623047
2023-10-21 03:00:00,71.876915,67.0,-4.876914978027344
2023-10-21 06:00:00,44.481113,60.0,15.51888656616211
2023-10-21 09:00:00,43.62937,36.0,-7.629371643066406
2023-10-21 12:00:00,37.358517,31.0,-6.358516693115234
2023-10-21 15:00:00,33.78341,29.0,-4.783409118652344
2023-10-21 18:00:00,34.393906,32.0,-2.3939056396484375
2023-10-22 00:00:00,88.668915,35.0,-53.668914794921875
2023-10-22 03:00:00,85.3006,36.0,-49.30059814453125
2023-10-22 06:00:00,76.76544,40.0,-36.76544189453125
2023-10-22 09:00:00,62.402252,0.0,-62.402252197265625
2023-10-22 12:00:00,35.13992,34.0,-1.1399192810058594
2023-10-22 15:00:00,37.72925,36.0,-1.7292518615722656
2023-10-22 18:00:00,39.330643,52.0,12.669357299804688
2023-10-22 21:00:00,41.153725,45.0,3.8462753295898438
2023-10-23 00:00:00,43.801266,46.0,2.1987342834472656
2023-10-23 03:00:00,45.848537,37.0,-8.84853744506836
2023-10-23 06:00:00,41.48126,29.0,-12.481258392333984
2023-10-23 09:00:00,39.2497,27.0,-12.249698638916016
2023-10-23 12:00:00,32.776257,32.0,-0.7762565612792969
2023-10-23 15:00:00,14.574198,31.0,16.42580223083496
2023-10-23 18:00:00,11.752036,37.0,25.247963905334473
2023-10-23 21:00:00,18.229458,27.0,8.77054214477539
2023-10-24 00:00:00,70.315765,36.0,-34.315765380859375
2023-10-24 03:00:00,71.52539,32.0,-39.525390625
2023-10-24 09:00:00,54.136765,35.0,-19.136764526367188
2023-10-24 12:00:00,35.9812,36.0,0.018798828125
2023-10-24 15:00:00,42.337204,30.0,-12.337203979492188
2023-10-24 18:00:00,47.267803,29.0,-18.267803192138672
2023-10-24 21:00:00,53.020813,42.0,-11.02081298828125
2023-10-25 00:00:00,71.05018,36.0,-35.05017852783203
2023-10-25 03:00:00,79.64934,43.0,-36.64933776855469
2023-10-25 06:00:00,63.17839,54.0,-9.178390502929688
2023-10-25 09:00:00,59.06827,43.0,-16.06827163696289
2023-10-25 12:00:00,39.806652,43.0,3.193347930908203
2023-10-25 15:00:00,39.44052,46.0,6.559478759765625
2023-10-25 18:00:00,39.40727,48.0,8.592731475830078
2023-10-25 21:00:00,41.095745,42.0,0.9042549133300781
2023-10-26 00:00:00,88.46837,58.0,-30.468368530273438
2023-10-26 03:00:00,87.26397,27.0,-60.26396942138672
2023-10-26 06:00:00,53.2375,46.0,-7.237499237060547
2023-10-26 09:00:00,42.750797,28.0,-14.750797271728516
2023-10-26 12:00:00,33.51363,22.0,-11.513629913330078
2023-10-26 15:00:00,26.540533,23.0,-3.5405330657958984
2023-10-26 18:00:00,32.487377,38.0,5.512622833251953
2023-10-26 21:00:00,33.423477,21.0,-12.423477172851562
2023-10-27 00:00:00,51.934875,22.0,-29.93487548828125
2023-10-27 03:00:00,51.438293,26.0,-25.43829345703125
2023-10-27 06:00:00,42.424404,23.0,-19.42440414428711
2023-10-27 09:00:00,37.186623,27.0,-10.186622619628906
2023-10-27 12:00:00,26.52314,24.0,-2.5231399536132812
2023-10-27 15:00:00,30.39895,24.0,-6.398950576782227
2023-10-27 18:00:00,33.86026,9.0,-24.860260009765625
2023-10-27 21:00:00,37.27655,21.0,-16.27655029296875
2023-10-28 00:00:00,39.58735,9.0,-30.58734893798828
2023-10-28 03:00:00,43.291492,30.0,-13.291492462158203
2023-10-28 06:00:00,29.065063,33.0,3.9349365234375
2023-10-28 09:00:00,22.481913,23.0,0.5180873870849609
2023-10-28 12:00:00,30.356773,28.0,-2.3567733764648438
2023-10-28 15:00:00,36.956863,29.0,-7.9568634033203125
2023-10-28 18:00:00,48.096012,29.0,-19.096012115478516
2023-10-28 21:00:00,60.511185,35.0,-25.511184692382812
2023-10-29 00:00:00,98.26908,40.0,-58.269081115722656
2023-10-29 03:00:00,100.07943,39.0,-61.079429626464844
2023-10-29 06:00:00,71.33372,38.0,-33.333717346191406
2023-10-29 09:00:00,50.10213,41.0,-9.102130889892578
2023-10-29 12:00:00,34.39618,38.0,3.60382080078125
2023-10-29 15:00:00,38.202415,28.0,-10.202415466308594
2023-10-29 18:00:00,44.879925,27.0,-17.879924774169922
2023-10-29 21:00:00,55.772034,41.0,-14.77203369140625
2023-10-30 00:00:00,82.41659,9.0,-73.41658782958984
2023-10-30 03:00:00,85.4352,38.0,-47.435203552246094
2023-10-30 06:00:00,59.409843,35.0,-24.40984344482422
2023-10-30 09:00:00,47.9385,40.0,-7.938499450683594
2023-10-30 12:00:00,41.741486,56.0,14.258514404296875
2023-10-30 15:00:00,44.665283,42.0,-2.665283203125
2023-10-30 18:00:00,53.9967,60.0,6.003299713134766
2023-10-30 21:00:00,56.241787,52.0,-4.241786956787109
2023-10-31 00:00:00,64.72646,0.0,-64.7264633178711
2023-10-31 03:00:00,66.93335,40.0,-26.933349609375
2023-10-31 06:00:00,44.074795,43.0,-1.0747947692871094
2023-10-31 09:00:00,43.95349,32.0,-11.9534912109375
2023-10-31 12:00:00,38.649433,72.0,33.35056686401367
2023-10-31 15:00:00,39.99139,36.0,-3.9913902282714844
2023-10-31 18:00:00,41.202156,46.0,4.797843933105469
2023-10-31 21:00:00,42.33425,39.0,-3.3342514038085938
2023-11-01 00:00:00,44.042736,53.0,8.957263946533203
2023-11-01 03:00:00,50.90624,0.0,-50.9062385559082
2023-11-01 06:00:00,33.305126,43.0,9.694873809814453
2023-11-01 09:00:00,35.44801,33.0,-2.448009490966797
2023-11-01 12:00:00,45.498722,0.0,-45.498722076416016
2023-11-01 18:00:00,55.38982,41.0,-14.389820098876953
2023-11-01 21:00:00,75.91461,39.0,-36.91461181640625
2023-11-02 00:00:00,59.446167,46.0,-13.4461669921875
2023-11-02 03:00:00,60.48833,55.0,-5.488330841064453
2023-11-02 06:00:00,37.31543,30.0,-7.3154296875
2023-11-02 09:00:00,31.091871,45.0,13.90812873840332
2023-11-02 12:00:00,44.729176,29.0,-15.729175567626953
2023-11-02 15:00:00,54.64244,43.0,-11.642440795898438
2023-11-02 18:00:00,57.20722,55.0,-2.2072181701660156
2023-11-02 21:00:00,58.6233,72.0,13.376701354980469
2023-11-03 00:00:00,72.9774,63.0,-9.977401733398438
2023-11-03 03:00:00,60.78244,66.0,5.217559814453125
2023-11-03 06:00:00,39.643852,47.0,7.356147766113281
2023-11-03 09:00:00,33.626522,48.0,14.373477935791016
2023-11-03 12:00:00,18.532774,43.0,24.467226028442383
2023-11-03 15:00:00,27.981514,12.0,-15.981513977050781
2023-11-03 18:00:00,39.791756,57.0,17.20824432373047
2023-11-03 21:00:00,43.99817,34.0,-9.9981689453125
2023-11-04 00:00:00,63.203514,47.0,-16.203514099121094
2023-11-04 03:00:00,71.08065,38.0,-33.080650329589844
2023-11-04 06:00:00,68.370926,34.0,-34.37092590332031
2023-11-04 09:00:00,54.635735,8.0,-46.63573455810547
2023-11-04 12:00:00,33.341736,0.0,-33.34173583984375
2023-11-04 15:00:00,32.822983,26.0,-6.8229827880859375
2023-11-04 18:00:00,38.586678,49.0,10.413322448730469
2023-11-04 21:00:00,42.916325,39.0,-3.9163246154785156
2023-11-05 00:00:00,64.15939,27.0,-37.159393310546875
2023-11-05 03:00:00,68.26758,34.0,-34.267578125
2023-11-05 06:00:00,61.00004,32.0,-29.000038146972656
2023-11-05 09:00:00,41.392242,31.0,-10.392242431640625
2023-11-05 12:00:00,34.208027,43.0,8.791973114013672
2023-11-05 15:00:00,47.942875,49.0,1.0571250915527344
2023-11-05 18:00:00,64.596176,57.0,-7.5961761474609375
2023-11-05 21:00:00,79.31476,61.0,-18.31475830078125
2023-11-06 00:00:00,55.551025,57.0,1.448974609375
2023-11-06 03:00:00,49.27142,46.0,-3.2714195251464844
2023-11-06 06:00:00,50.91033,24.0,-26.91033172607422
2023-11-06 09:00:00,39.094288,24.0,-15.094287872314453
2023-11-06 12:00:00,33.94223,48.0,14.057769775390625
2023-11-06 15:00:00,41.484783,40.0,-1.4847831726074219
2023-11-06 18:00:00,45.30807,47.0,1.6919288635253906
2023-11-06 21:00:00,47.944695,46.0,-1.9446945190429688
2023-11-07 00:00:00,35.83864,30.0,-5.8386383056640625
2023-11-07 03:00:00,44.004993,32.0,-12.004993438720703
2023-11-07 06:00:00,51.692837,30.0,-21.69283676147461
2023-11-07 09:00:00,37.30338,39.0,1.6966209411621094
2023-11-07 12:00:00,28.495378,0.0,-28.495378494262695
2023-11-07 15:00:00,33.367313,48.0,14.632686614990234
2023-11-07 18:00:00,36.29134,53.0,16.708660125732422
2023-11-07 21:00:00,38.310192,42.0,3.689807891845703
2023-11-08 00:00:00,78.433914,23.0,-55.43391418457031
2023-11-08 03:00:00,79.858635,30.0,-49.85863494873047
2023-11-08 06:00:00,76.27762,44.0,-32.277618408203125
2023-11-08 09:00:00,49.736458,41.0,-8.736457824707031
2023-11-08 12:00:00,28.493788,28.0,-0.4937877655029297
2023-11-08 15:00:00,38.74811,36.0,-2.7481117248535156
2023-11-08 18:00:00,46.32875,43.0,-3.3287506103515625
2023-11-08 21:00:00,52.955784,30.0,-22.95578384399414
2023-11-09 00:00:00,70.48493,29.0,-41.48493194580078
2023-11-09 06:00:00,55.87458,42.0,-13.874580383300781
2023-11-09 12:00:00,43.05298,37.0,-6.052978515625
2023-11-09 15:00:00,42.80628,44.0,1.1937217712402344
2023-11-09 21:00:00,49.88351,27.0,-22.88351058959961
2023-11-10 00:00:00,85.80719,31.0,-54.80718994140625
2023-11-10 03:00:00,77.12606,42.0,-35.126060485839844
2023-11-10 06:00:00,52.023098,39.0,-13.02309799194336
2023-11-10 09:00:00,38.176666,36.0,-2.176666259765625
2023-11-10 12:00:00,19.366552,29.0,9.633447647094727
2023-11-10 15:00:00,26.00666,31.0,4.993339538574219
2023-11-10 18:00:00,34.91073,35.0,0.08927154541015625
2023-11-10 21:00:00,39.74168,36.0,-3.741680145263672
2023-11-11 00:00:00,63.991364,40.0,-23.991363525390625
2023-11-11 03:00:00,70.34231,45.0,-25.342308044433594
2023-11-11 06:00:00,49.92853,36.0,-13.928531646728516
2023-11-11 09:00:00,38.38852,34.0,-4.388519287109375
2023-11-11 12:00:00,37.034454,38.0,0.965545654296875
2023-11-11 15:00:00,42.2948,35.0,-7.2947998046875
2023-11-11 18:00:00,51.856205,35.0,-16.856204986572266
2023-11-11 21:00:00,61.95296,32.0,-29.952960968017578
2023-11-12 00:00:00,50.44512,35.0,-15.445121765136719
2023-11-12 03:00:00,53.785244,43.0,-10.78524398803711
2023-11-12 06:00:00,40.894974,50.0,9.105026245117188
2023-11-12 09:00:00,32.79035,40.0,7.209648132324219
2023-11-12 12:00:00,29.897194,31.0,1.1028060913085938
2023-11-12 18:00:00,48.77904,48.0,-0.7790412902832031
2023-11-12 21:00:00,58.759724,47.0,-11.759723663330078
2023-11-13 00:00:00,105.98842,51.0,-54.98841857910156
2023-11-13 03:00:00,102.60328,48.0,-54.60327911376953
2023-11-13 09:00:00,61.91334,41.0,-20.913341522216797
2023-11-13 12:00:00,52.450672,26.0,-26.450672149658203
2023-11-13 15:00:00,59.141827,42.0,-17.141826629638672
2023-11-13 18:00:00,65.53716,49.0,-16.53716278076172
2023-11-13 21:00:00,70.49118,59.0,-11.491180419921875
2023-11-14 00:00:00,58.80497,59.0,0.19503021240234375
2023-11-14 03:00:00,64.53751,68.0,3.4624862670898438
2023-11-14 06:00:00,31.588116,71.0,39.41188430786133
2023-11-14 09:00:00,26.21573,48.0,21.784269332885742
2023-11-14 15:00:00,30.182264,31.0,0.8177356719970703
2023-11-14 18:00:00,42.81287,38.0,-4.812870025634766
2023-11-14 21:00:00,57.62331,39.0,-18.623310089111328
2023-11-15 00:00:00,74.38575,49.0,-25.38574981689453
2023-11-15 03:00:00,78.797714,16.0,-62.79771423339844
2023-11-15 06:00:00,32.54513,31.0,-1.5451316833496094
2023-11-15 09:00:00,24.832787,22.0,-2.8327865600585938
2023-11-15 12:00:00,27.585884,14.0,-13.585884094238281
2023-11-15 18:00:00,30.058346,30.0,-0.058345794677734375
2023-11-15 21:00:00,28.209797,31.0,2.790203094482422
2023-11-16 00:00:00,21.414963,22.0,0.5850372314453125
2023-11-16 03:00:00,21.811047,19.0,-2.811046600341797
2023-11-16 06:00:00,8.155211,22.0,13.844788551330566
2023-11-16 09:00:00,14.208354,18.0,3.7916460037231445
2023-11-16 12:00:00,20.092443,23.0,2.9075565338134766
2023-11-16 15:00:00,21.618631,20.0,-1.618631362915039
2023-11-16 18:00:00,19.163507,16.0,-3.1635074615478516
2023-11-16 21:00:00,31.58766,14.0,-17.58765983581543
2023-11-17 00:00:00,11.902557,6.0,-5.902557373046875
2023-11-17 03:00:00,13.49963,8.0,-5.499629974365234
2023-11-17 06:00:00,17.111574,7.0,-10.111574172973633
2023-11-17 09:00:00,21.425535,13.0,-8.425535202026367
2023-11-17 12:00:00,16.409672,15.0,-1.4096717834472656
2023-11-17 15:00:00,29.949774,32.0,2.0502262115478516
2023-11-17 18:00:00,42.605736,46.0,3.3942642211914062
2023-11-17 21:00:00,50.64885,61.0,10.351150512695312
2023-11-18 00:00:00,52.927135,44.0,-8.927135467529297
2023-11-18 03:00:00,48.190487,44.0,-4.190486907958984
2023-11-18 06:00:00,39.92136,42.0,2.0786399841308594
2023-11-18 09:00:00,36.70516,27.0,-9.705158233642578
2023-11-18 12:00:00,26.613861,39.0,12.386138916015625
2023-11-18 15:00:00,39.552334,37.0,-2.5523338317871094
2023-11-18 18:00:00,50.786182,44.0,-6.786182403564453
2023-11-18 21:00:00,58.499607,44.0,-14.49960708618164
2023-11-19 00:00:00,74.74227,43.0,-31.742271423339844
2023-11-19 03:00:00,80.37114,48.0,-32.37113952636719
2023-11-19 06:00:00,60.662388,52.0,-8.66238784790039
2023-11-19 09:00:00,43.194633,31.0,-12.194633483886719
2023-11-19 12:00:00,36.677532,0.0,-36.67753219604492
2023-11-19 15:00:00,44.556713,34.0,-10.556713104248047
2023-11-19 18:00:00,52.488873,29.0,-23.488872528076172
2023-11-19 21:00:00,42.719875,31.0,-11.71987533569336
2023-11-20 00:00:00,55.48918,27.0,-28.489181518554688
2023-11-20 03:00:00,53.930763,30.0,-23.930763244628906
2023-11-20 06:00:00,43.70429,29.0,-14.704288482666016
2023-11-20 09:00:00,36.113308,31.0,-5.113307952880859
2023-11-20 15:00:00,41.968292,33.0,-8.968292236328125
2023-11-20 18:00:00,53.524445,47.0,-6.524444580078125
2023-11-20 21:00:00,70.40853,23.0,-47.408531188964844
2023-11-21 00:00:00,51.8603,34.0,-17.86029815673828
2023-11-21 03:00:00,57.663784,71.0,13.33621597290039
2023-11-21 09:00:00,49.50175,23.0,-26.501750946044922
2023-11-21 12:00:00,38.305645,27.0,-11.305644989013672
2023-11-21 15:00:00,47.817936,20.0,-27.817935943603516
2023-11-21 18:00:00,43.452927,20.0,-23.452926635742188
2023-11-21 21:00:00,39.120094,21.0,-18.120094299316406
2023-11-22 00:00:00,34.986443,28.0,-6.986442565917969
2023-11-22 03:00:00,35.30113,26.0,-9.301128387451172
2023-11-22 06:00:00,43.471573,30.0,-13.471572875976562
2023-11-22 09:00:00,52.43385,25.0,-27.433849334716797
2023-11-22 12:00:00,65.40938,28.0,-37.40937805175781
2023-11-22 15:00:00,65.082985,29.0,-36.082984924316406
2023-11-22 18:00:00,53.514668,74.0,20.485332489013672
2023-11-22 21:00:00,43.25193,45.0,1.7480697631835938
2023-11-23 00:00:00,43.28558,16.0,-27.285579681396484
2023-11-23 03:00:00,50.10588,28.0,-22.105880737304688
2023-11-23 06:00:00,52.195446,24.0,-28.195446014404297
2023-11-23 09:00:00,40.72149,33.0,-7.721488952636719
2023-11-23 12:00:00,30.262299,32.0,1.737701416015625
2023-11-23 15:00:00,26.59567,23.0,-3.595670700073242
2023-11-23 18:00:00,24.811584,25.0,0.18841552734375
2023-11-24 00:00:00,25.527016,12.0,-13.527015686035156
2023-11-24 03:00:00,27.258352,17.0,-10.258352279663086
2023-11-24 06:00:00,23.459166,22.0,-1.4591655731201172
2023-11-24 09:00:00,23.349571,14.0,-9.349571228027344
2023-11-24 12:00:00,39.267376,19.0,-20.267375946044922
2023-11-24 15:00:00,52.97784,16.0,-36.977840423583984
2023-11-24 18:00:00,59.654667,27.0,-32.654666900634766
2023-11-24 21:00:00,60.878845,12.0,-48.87884521484375
2023-11-25 00:00:00,48.89989,23.0,-25.899890899658203
2023-11-25 03:00:00,38.675354,24.0,-14.67535400390625
2023-11-25 06:00:00,33.63698,26.0,-7.6369781494140625
2023-11-25 09:00:00,35.804077,59.0,23.1959228515625
2023-11-25 12:00:00,38.467304,32.0,-6.467304229736328
2023-11-25 15:00:00,44.620605,32.0,-12.62060546875
2023-11-25 18:00:00,48.79689,48.0,-0.7968902587890625
2023-11-25 21:00:00,50.31552,46.0,-4.315521240234375
2023-11-26 00:00:00,68.59591,44.0,-24.595909118652344
2023-11-26 03:00:00,74.443054,37.0,-37.44305419921875
2023-11-26 06:00:00,63.489098,32.0,-31.489097595214844
2023-11-26 09:00:00,51.467396,25.0,-26.467395782470703
2023-11-26 12:00:00,43.428146,19.0,-24.428146362304688
2023-11-26 15:00:00,59.266712,21.0,-38.2667121887207
2023-11-26 18:00:00,56.87298,19.0,-37.87297821044922
2023-11-26 21:00:00,51.272537,21.0,-30.272537231445312
2023-11-27 00:00:00,32.70452,20.0,-12.704521179199219
2023-11-27 03:00:00,41.654858,24.0,-17.654857635498047
2023-11-27 06:00:00,52.220913,27.0,-25.22091293334961
2023-11-27 09:00:00,76.233505,27.0,-49.23350524902344
2023-11-27 12:00:00,54.272278,27.0,-27.27227783203125
2023-11-27 15:00:00,68.98767,30.0,-38.9876708984375
2023-11-27 18:00:00,60.391357,28.0,-32.391357421875
2023-11-27 21:00:00,59.50585,26.0,-33.50585174560547
2023-11-28 00:00:00,41.360863,30.0,-11.360862731933594
2023-11-28 03:00:00,55.472584,33.0,-22.472583770751953
2023-11-28 06:00:00,54.540577,29.0,-25.540576934814453
2023-11-28 09:00:00,52.272755,25.0,-27.272754669189453
2023-11-28 12:00:00,64.86494,24.0,-40.86493682861328
2023-11-28 15:00:00,64.340614,32.0,-32.340614318847656
2023-11-28 18:00:00,62.820847,37.0,-25.820846557617188
2023-11-28 21:00:00,63.303333,37.0,-26.303333282470703
2023-11-29 00:00:00,38.24482,50.0,11.755180358886719
2023-11-29 03:00:00,39.319958,31.0,-8.319957733154297
2023-11-29 06:00:00,46.093647,32.0,-14.093647003173828
2023-11-29 09:00:00,39.63373,24.0,-15.633731842041016
2023-11-29 12:00:00,37.428833,27.0,-10.4288330078125
2023-11-29 15:00:00,38.69286,24.0,-14.692859649658203
2023-11-29 18:00:00,35.39128,21.0,-14.391281127929688
2023-11-29 21:00:00,34.316486,24.0,-10.316486358642578
2023-11-30 00:00:00,33.06195,18.0,-15.06195068359375
2023-11-30 03:00:00,46.838978,27.0,-19.838977813720703
2023-11-30 06:00:00,49.255505,38.0,-11.255504608154297
