,cams,obs,resid
2019-10-28 18:00:00,29.939316,32.0,2.0606842041015625
2019-10-28 21:00:00,29.051762,28.0,-1.0517616271972656
2019-10-29 00:00:00,16.5021,26.0,9.497900009155273
2019-10-29 03:00:00,19.962273,50.0,30.03772735595703
2019-10-29 06:00:00,23.652775,26.0,2.3472251892089844
2019-10-29 09:00:00,24.80948,21.0,-3.809480667114258
2019-10-29 12:00:00,43.330147,30.0,-13.330146789550781
2019-10-29 18:00:00,36.181065,38.0,1.8189353942871094
2019-10-29 21:00:00,33.03353,24.0,-9.033531188964844
2019-10-30 00:00:00,17.242882,40.0,22.757118225097656
2019-10-30 03:00:00,21.776031,40.0,18.223968505859375
2019-10-30 06:00:00,26.414284,39.0,12.585716247558594
2019-10-30 09:00:00,24.54135,40.0,15.458650588989258
2019-10-30 12:00:00,38.228848,28.0,-10.22884750366211
2019-10-30 15:00:00,43.785576,29.0,-14.785575866699219
2019-10-30 18:00:00,41.255474,21.0,-20.255474090576172
2019-10-30 21:00:00,41.497517,27.0,-14.497516632080078
2019-10-31 00:00:00,64.64961,29.0,-35.64961242675781
2019-10-31 03:00:00,49.131813,34.0,-15.131813049316406
2019-10-31 06:00:00,44.31587,25.0,-19.315868377685547
2019-10-31 09:00:00,43.135117,26.0,-17.135116577148438
2019-10-31 12:00:00,24.349333,23.0,-1.3493328094482422
2019-10-31 15:00:00,15.378248,24.0,8.62175178527832
2019-10-31 18:00:00,14.210173,26.0,11.789827346801758
2019-10-31 21:00:00,23.692791,31.0,7.307209014892578
2019-11-01 00:00:00,28.38442,24.0,-4.384420394897461
2019-11-01 03:00:00,33.565357,23.0,-10.565357208251953
2019-11-01 09:00:00,21.31685,21.0,-0.3168506622314453
2019-11-01 12:00:00,19.842161,20.0,0.1578388214111328
2019-11-01 15:00:00,18.416471,9.0,-9.416471481323242
2019-11-01 18:00:00,17.69331,12.0,-5.693309783935547
2019-11-01 21:00:00,19.418621,16.0,-3.418621063232422
2019-11-02 00:00:00,34.55989,21.0,-13.559890747070312
2019-11-02 03:00:00,36.871826,30.0,-6.871826171875
2019-11-02 06:00:00,37.78075,31.0,-6.780750274658203
2019-11-02 09:00:00,36.109215,25.0,-11.109214782714844
2019-11-02 12:00:00,7.479571,22.0,14.520429134368896
2019-11-02 15:00:00,8.145662,17.0,8.854337692260742
2019-11-02 18:00:00,9.181577,23.0,13.8184232711792
2019-11-02 21:00:00,10.825033,29.0,18.17496681213379
2019-11-03 03:00:00,31.29162,28.0,-3.2916202545166016
2019-11-03 06:00:00,27.371641,23.0,-4.371641159057617
2019-11-03 09:00:00,26.916267,33.0,6.083732604980469
2019-11-03 12:00:00,30.071419,31.0,0.9285812377929688
2019-11-03 15:00:00,24.170391,24.0,-0.17039108276367188
2019-11-03 18:00:00,20.245693,33.0,12.75430679321289
2019-11-03 21:00:00,18.736273,27.0,8.263727188110352
2019-11-04 00:00:00,12.7975,69.0,56.202500343322754
2019-11-04 03:00:00,12.075816,37.0,24.92418384552002
2019-11-04 06:00:00,18.07075,38.0,19.929250717163086
2019-11-04 09:00:00,26.151155,29.0,2.848844528198242
2019-11-04 12:00:00,18.192394,16.0,-2.192394256591797
2019-11-04 15:00:00,23.078655,22.0,-1.0786552429199219
2019-11-04 18:00:00,27.021315,27.0,-0.021314620971679688
2019-11-04 21:00:00,30.865976,22.0,-8.865976333618164
2019-11-05 00:00:00,35.42732,32.0,-3.427318572998047
2019-11-05 03:00:00,31.139734,38.0,6.860265731811523
2019-11-05 06:00:00,26.583166,18.0,-8.583166122436523
2019-11-05 09:00:00,22.900906,21.0,-1.9009056091308594
2019-11-05 12:00:00,18.089396,18.0,-0.08939552307128906
2019-11-05 15:00:00,14.707837,25.0,10.292162895202637
2019-11-05 18:00:00,20.529398,22.0,1.470602035522461
2019-11-05 21:00:00,29.502075,21.0,-8.5020751953125
2019-11-06 00:00:00,30.767069,16.0,-14.767068862915039
2019-11-06 03:00:00,33.809555,21.0,-12.809555053710938
2019-11-06 06:00:00,35.40282,26.0,-9.402820587158203
2019-11-06 09:00:00,32.312187,27.0,-5.312187194824219
2019-11-06 12:00:00,55.048588,26.0,-29.048587799072266
2019-11-06 15:00:00,57.281456,18.0,-39.281455993652344
2019-11-06 18:00:00,57.343754,20.0,-37.343753814697266
2019-11-06 21:00:00,55.4478,26.0,-29.447799682617188
2019-11-07 00:00:00,47.233696,31.0,-16.23369598388672
2019-11-07 03:00:00,48.46447,34.0,-14.464469909667969
2019-11-07 06:00:00,54.178825,33.0,-21.17882537841797
2019-11-07 09:00:00,48.174683,30.0,-18.1746826171875
2019-11-07 12:00:00,37.92843,35.0,-2.9284286499023438
2019-11-07 15:00:00,36.77792,35.0,-1.7779197692871094
2019-11-07 18:00:00,33.67313,42.0,8.32686996459961
2019-11-07 21:00:00,32.47601,33.0,0.5239906311035156
2019-11-09 00:00:00,47.395134,41.0,-6.395133972167969
2019-11-09 03:00:00,46.870808,44.0,-2.870807647705078
2019-11-09 06:00:00,48.279163,4.0,-44.2791633605957
2019-11-09 09:00:00,43.73351,30.0,-13.733509063720703
2019-11-09 12:00:00,28.46309,21.0,-7.463090896606445
2019-11-09 15:00:00,32.590607,24.0,-8.590606689453125
2019-11-09 18:00:00,34.148117,20.0,-14.148117065429688
2019-11-09 21:00:00,33.108337,23.0,-10.10833740234375
2019-11-10 00:00:00,39.341557,22.0,-17.341556549072266
2019-11-10 03:00:00,39.68307,36.0,-3.6830711364746094
2019-11-10 06:00:00,38.996403,37.0,-1.9964027404785156
2019-11-10 09:00:00,38.369762,26.0,-12.369762420654297
2019-11-10 12:00:00,29.505827,25.0,-4.505826950073242
2019-11-10 15:00:00,34.716324,21.0,-13.716323852539062
2019-11-10 18:00:00,36.876827,19.0,-17.876827239990234
2019-11-10 21:00:00,38.791313,37.0,-1.7913131713867188
2019-11-11 00:00:00,43.779438,39.0,-4.779438018798828
2019-11-11 03:00:00,40.048462,30.0,-10.0484619140625
2019-11-11 06:00:00,32.869705,15.0,-17.869705200195312
2019-11-11 09:00:00,21.45987,11.0,-10.459869384765625
2019-11-11 12:00:00,11.779662,14.0,2.2203378677368164
2019-11-11 15:00:00,9.759674,21.0,11.240325927734375
2019-11-12 00:00:00,4.9635673,23.0,18.03643274307251
2019-11-12 03:00:00,9.144514,22.0,12.855485916137695
2019-11-12 06:00:00,11.9385395,19.0,7.061460494995117
2019-11-12 12:00:00,15.882051,14.0,-1.8820514678955078
2019-11-12 15:00:00,13.947556,17.0,3.0524444580078125
2019-11-12 18:00:00,12.934379,21.0,8.065621376037598
2019-11-12 21:00:00,12.281362,38.0,25.71863842010498
2019-11-13 00:00:00,8.204097,22.0,13.795903205871582
2019-11-13 03:00:00,11.775228,25.0,13.224772453308105
2019-11-13 06:00:00,14.83761,26.0,11.162389755249023
2019-11-13 15:00:00,20.062544,30.0,9.937456130981445
2019-11-13 18:00:00,20.40224,43.0,22.597759246826172
2019-11-13 21:00:00,19.20489,54.0,34.79511070251465
2019-11-14 00:00:00,19.552317,32.0,12.447683334350586
2019-11-14 03:00:00,20.912466,38.0,17.087533950805664
2019-11-14 06:00:00,22.226345,37.0,14.77365493774414
2019-11-14 09:00:00,15.518935,23.0,7.481064796447754
2019-11-14 12:00:00,17.571665,25.0,7.428335189819336
2019-11-14 15:00:00,18.18603,32.0,13.813970565795898
2019-11-14 18:00:00,19.14782,34.0,14.852180480957031
2019-11-14 21:00:00,20.621428,31.0,10.378572463989258
2019-11-15 00:00:00,22.902895,35.0,12.097105026245117
2019-11-15 03:00:00,26.557844,39.0,12.442155838012695
2019-11-15 06:00:00,31.292877,31.0,-0.292877197265625
2019-11-15 09:00:00,29.432844,34.0,4.567155838012695
2019-11-15 12:00:00,29.426344,26.0,-3.4263439178466797
2019-11-15 15:00:00,30.564024,38.0,7.435976028442383
2019-11-15 18:00:00,30.07619,35.0,4.923809051513672
2019-11-15 21:00:00,29.677519,39.0,9.322481155395508
2019-11-16 00:00:00,31.00331,34.0,2.9966907501220703
2019-11-16 03:00:00,32.89779,38.0,5.102210998535156
2019-11-16 06:00:00,36.03634,40.0,3.9636611938476562
2019-11-16 09:00:00,34.70075,21.0,-13.700748443603516
2019-11-16 15:00:00,48.68991,27.0,-21.689910888671875
2019-11-16 18:00:00,48.68616,30.0,-18.686161041259766
2019-11-16 21:00:00,48.664787,35.0,-13.664787292480469
2019-11-17 00:00:00,43.86226,26.0,-17.862258911132812
2019-11-17 03:00:00,36.850395,34.0,-2.8503952026367188
2019-11-17 06:00:00,31.030539,30.0,-1.030538558959961
2019-11-17 09:00:00,27.721626,30.0,2.2783737182617188
2019-11-17 12:00:00,30.633942,27.0,-3.633941650390625
2019-11-17 15:00:00,26.899897,28.0,1.1001033782958984
2019-11-17 18:00:00,26.496424,72.0,45.50357627868652
2019-11-17 21:00:00,29.084618,125.0,95.9153823852539
2019-11-18 00:00:00,34.932556,89.0,54.06744384765625
2019-11-18 03:00:00,40.977283,63.0,22.022716522216797
2019-11-18 06:00:00,58.550484,48.0,-10.550483703613281
2019-11-18 09:00:00,58.87506,28.0,-30.87506103515625
2019-11-18 12:00:00,52.87609,21.0,-31.87609100341797
2019-11-18 15:00:00,60.3585,15.0,-45.35850143432617
2019-11-18 18:00:00,41.550606,12.0,-29.55060577392578
2019-11-18 21:00:00,30.402817,13.0,-17.402816772460938
2019-11-19 00:00:00,48.338734,22.0,-26.338733673095703
2019-11-19 03:00:00,69.430824,28.0,-41.430824279785156
2019-11-19 06:00:00,78.344215,46.0,-32.344215393066406
2019-11-19 09:00:00,63.424294,31.0,-32.424293518066406
2019-11-19 12:00:00,55.184273,39.0,-16.18427276611328
2019-11-19 15:00:00,54.78637,37.0,-17.78636932373047
2019-11-19 18:00:00,47.427876,37.0,-10.427875518798828
2019-11-19 21:00:00,42.89723,35.0,-7.897228240966797
2019-11-20 00:00:00,39.72991,15.0,-24.72991180419922
2019-11-20 03:00:00,37.97686,13.0,-24.97686004638672
2019-11-20 06:00:00,37.094536,24.0,-13.094535827636719
2019-11-20 09:00:00,32.239883,24.0,-8.239883422851562
2019-11-20 12:00:00,33.997707,22.0,-11.99770736694336
2019-11-20 15:00:00,29.783451,23.0,-6.783451080322266
2019-11-20 18:00:00,35.115135,24.0,-11.115135192871094
2019-11-20 21:00:00,54.92484,39.0,-15.92483901977539
2019-11-21 06:00:00,84.625755,32.0,-52.625755310058594
2019-11-21 09:00:00,48.88102,27.0,-21.881019592285156
2019-11-21 12:00:00,35.925835,19.0,-16.92583465576172
2019-11-21 15:00:00,24.306131,21.0,-3.306131362915039
2019-11-21 18:00:00,17.269258,20.0,2.730741500854492
2019-11-21 21:00:00,19.64861,19.0,-0.6486091613769531
2019-11-22 00:00:00,14.994157,20.0,5.005843162536621
2019-11-22 03:00:00,27.548025,14.0,-13.548025131225586
2019-11-22 06:00:00,36.687027,16.0,-20.687026977539062
2019-11-22 09:00:00,25.125132,12.0,-13.125131607055664
2019-11-22 12:00:00,23.419489,18.0,-5.419488906860352
2019-11-22 15:00:00,19.357458,23.0,3.6425418853759766
2019-11-22 18:00:00,17.387264,31.0,13.612735748291016
2019-11-22 21:00:00,19.385426,18.0,-1.3854255676269531
2019-11-23 00:00:00,24.893154,14.0,-10.89315414428711
2019-11-23 03:00:00,29.728596,17.0,-12.728595733642578
2019-11-23 06:00:00,34.115658,20.0,-14.115657806396484
2019-11-23 09:00:00,27.971111,23.0,-4.971111297607422
2019-11-23 12:00:00,18.555796,28.0,9.444204330444336
2019-11-23 15:00:00,14.011903,41.0,26.988097190856934
2019-11-23 18:00:00,12.138799,32.0,19.861201286315918
2019-11-23 21:00:00,9.859377,35.0,25.140623092651367
2019-11-24 00:00:00,10.177018,27.0,16.82298183441162
2019-11-24 03:00:00,10.091298,21.0,10.90870189666748
2019-11-24 09:00:00,11.121131,22.0,10.87886905670166
2019-11-24 12:00:00,12.0109005,18.0,5.989099502563477
2019-11-24 15:00:00,15.491878,25.0,9.508122444152832
2019-11-24 18:00:00,19.33813,25.0,5.661869049072266
2019-11-24 21:00:00,20.862103,27.0,6.137897491455078
2019-11-26 00:00:00,14.119621,16.0,1.8803787231445312
2019-11-26 03:00:00,23.410053,20.0,-3.410053253173828
2019-11-26 06:00:00,36.736763,24.0,-12.736763000488281
2019-11-26 09:00:00,37.28428,28.0,-9.284278869628906
2019-11-26 12:00:00,34.380264,24.0,-10.380264282226562
2019-11-26 15:00:00,31.116087,29.0,-2.116086959838867
2019-11-26 18:00:00,26.523594,39.0,12.47640609741211
2019-11-26 21:00:00,27.201395,43.0,15.798604965209961
2019-11-27 00:00:00,41.597103,38.0,-3.5971031188964844
2019-11-27 03:00:00,45.673004,71.0,25.326995849609375
2019-11-27 06:00:00,55.49896,46.0,-9.498958587646484
2019-11-27 09:00:00,59.762783,32.0,-27.76278305053711
2019-11-27 12:00:00,30.339947,27.0,-3.339946746826172
2019-11-27 15:00:00,29.179205,40.0,10.820795059204102
2019-11-27 18:00:00,26.786324,44.0,17.21367645263672
2019-11-27 21:00:00,26.53826,35.0,8.461740493774414
2019-11-28 00:00:00,34.615597,29.0,-5.615596771240234
2019-11-28 03:00:00,38.342934,33.0,-5.342933654785156
2019-11-28 06:00:00,42.97908,35.0,-7.9790802001953125
2019-11-28 09:00:00,41.8986,23.0,-18.898601531982422
2019-11-28 12:00:00,25.37223,22.0,-3.3722305297851562
2019-11-28 15:00:00,23.986048,29.0,5.013952255249023
2019-11-28 18:00:00,22.97918,25.0,2.0208206176757812
2019-11-28 21:00:00,25.819134,25.0,-0.8191337585449219
2019-11-29 00:00:00,0.33469406,24.0,23.665305942296982
2019-11-29 03:00:00,4.6102285,30.0,25.389771461486816
2019-11-29 06:00:00,12.066607,37.0,24.93339252471924
2019-11-29 09:00:00,19.069376,28.0,8.930624008178711
2019-11-29 12:00:00,28.677391,38.0,9.322608947753906
2019-11-29 15:00:00,36.638084,32.0,-4.638084411621094
2019-11-29 18:00:00,31.117338,40.0,8.882661819458008
2019-11-29 21:00:00,28.965189,47.0,18.03481101989746
2019-11-30 00:00:00,0.1856506,44.0,43.81434939801693
2019-11-30 03:00:00,4.2792864,38.0,33.72071361541748
2019-11-30 06:00:00,28.882027,32.0,3.1179733276367188
2019-11-30 09:00:00,53.07774,20.0,-33.07773971557617
2019-11-30 12:00:00,58.169975,26.0,-32.16997528076172
2019-11-30 15:00:00,59.59805,37.0,-22.59804916381836
2019-11-30 18:00:00,53.480732,35.0,-18.480731964111328
2019-11-30 21:00:00,48.500965,47.0,-1.5009651184082031
2019-12-01 00:00:00,28.39306,44.0,15.606939315795898
2019-12-01 03:00:00,32.78092,49.0,16.21908187866211
2019-12-01 06:00:00,37.118412,48.0,10.881587982177734
2019-12-01 09:00:00,34.467007,31.0,-3.4670066833496094
2019-12-01 12:00:00,40.840233,32.0,-8.840232849121094
2019-12-01 15:00:00,41.031284,50.0,8.96871566772461
2019-12-01 18:00:00,38.10919,24.0,-14.10919189453125
2019-12-01 21:00:00,38.149666,21.0,-17.14966583251953
2019-12-02 00:00:00,33.962807,30.0,-3.9628067016601562
2019-12-02 03:00:00,38.671715,38.0,-0.6717147827148438
2019-12-02 06:00:00,44.495663,42.0,-2.4956626892089844
2019-12-02 09:00:00,47.837204,34.0,-13.837203979492188
2019-12-02 12:00:00,26.986414,33.0,6.013586044311523
2019-12-02 15:00:00,35.72694,18.0,-17.726940155029297
2019-12-02 18:00:00,35.50713,28.0,-7.507129669189453
2019-12-02 21:00:00,34.593994,20.0,-14.593994140625
2019-12-03 00:00:00,28.75504,17.0,-11.75503921508789
2019-12-03 03:00:00,30.833235,13.0,-17.833234786987305
2019-12-03 06:00:00,41.11155,29.0,-12.111549377441406
2019-12-03 09:00:00,91.310425,22.0,-69.3104248046875
2019-12-03 12:00:00,72.204895,22.0,-50.20489501953125
2019-12-03 15:00:00,64.69042,26.0,-38.69042205810547
2019-12-03 18:00:00,57.644913,18.0,-39.64491271972656
2019-12-03 21:00:00,52.77889,24.0,-28.778888702392578
2019-12-04 00:00:00,66.33855,25.0,-41.33854675292969
2019-12-04 03:00:00,62.724213,22.0,-40.724212646484375
2019-12-04 06:00:00,59.753803,18.0,-41.75380325317383
2019-12-04 09:00:00,46.939476,11.0,-35.939476013183594
2019-12-04 12:00:00,37.307926,10.0,-27.307926177978516
2019-12-04 15:00:00,41.530483,17.0,-24.53048324584961
2019-12-04 18:00:00,39.529823,30.0,-9.529823303222656
2019-12-04 21:00:00,36.08693,35.0,-1.0869293212890625
2019-12-05 00:00:00,29.820513,24.0,-5.820512771606445
2019-12-05 06:00:00,23.843767,33.0,9.156232833862305
2019-12-05 09:00:00,19.127583,12.0,-7.127582550048828
2019-12-05 12:00:00,28.981958,15.0,-13.981958389282227
2019-12-05 15:00:00,24.844439,18.0,-6.844438552856445
2019-12-05 18:00:00,22.282166,27.0,4.71783447265625
2019-12-05 21:00:00,21.535471,35.0,13.464529037475586
2019-12-06 00:00:00,18.994797,30.0,11.005203247070312
2019-12-06 03:00:00,21.605501,31.0,9.394498825073242
2019-12-06 06:00:00,22.382437,30.0,7.617563247680664
2019-12-06 09:00:00,27.256647,26.0,-1.2566471099853516
2019-12-06 12:00:00,21.411324,26.0,4.588676452636719
2019-12-06 15:00:00,19.058916,27.0,7.941083908081055
2019-12-06 18:00:00,21.09482,37.0,15.905179977416992
2019-12-06 21:00:00,23.310349,28.0,4.6896514892578125
2019-12-07 00:00:00,24.253494,24.0,-0.2534942626953125
2019-12-07 03:00:00,25.821918,32.0,6.178081512451172
2019-12-07 06:00:00,27.581905,31.0,3.4180946350097656
2019-12-07 09:00:00,24.33967,20.0,-4.339670181274414
2019-12-07 12:00:00,33.103333,20.0,-13.10333251953125
2019-12-07 15:00:00,38.13284,17.0,-21.13283920288086
2019-12-07 18:00:00,35.520317,18.0,-17.52031707763672
2019-12-07 21:00:00,36.39798,17.0,-19.397979736328125
2019-12-08 00:00:00,9.279574,12.0,2.720425605773926
2019-12-08 03:00:00,18.892933,18.0,-0.8929328918457031
2019-12-08 06:00:00,55.541023,21.0,-34.54102325439453
2019-12-08 09:00:00,66.81034,62.0,-4.810340881347656
2019-12-08 12:00:00,57.180386,30.0,-27.18038558959961
2019-12-08 15:00:00,44.392437,18.0,-26.392436981201172
2019-12-08 18:00:00,38.709686,26.0,-12.709686279296875
2019-12-08 21:00:00,31.948275,29.0,-2.948274612426758
2019-12-09 00:00:00,27.580427,20.0,-7.580427169799805
2019-12-09 03:00:00,22.035238,17.0,-5.035238265991211
2019-12-09 06:00:00,20.888819,15.0,-5.888818740844727
2019-12-09 09:00:00,25.476084,14.0,-11.476083755493164
2019-12-09 12:00:00,17.836102,13.0,-4.836101531982422
2019-12-09 15:00:00,17.075308,14.0,-3.075307846069336
2019-12-09 18:00:00,16.369085,12.0,-4.369085311889648
2019-12-09 21:00:00,24.955626,10.0,-14.955625534057617
2019-12-10 00:00:00,28.929207,9.0,-19.92920684814453
2019-12-10 03:00:00,30.32983,10.0,-20.329830169677734
2019-12-10 06:00:00,33.62402,13.0,-20.624019622802734
2019-12-10 09:00:00,34.646065,19.0,-15.646064758300781
2019-12-10 12:00:00,32.009323,11.0,-21.009323120117188
2019-12-10 15:00:00,28.156023,18.0,-10.156023025512695
2019-12-10 21:00:00,24.221663,23.0,-1.2216625213623047
2019-12-11 00:00:00,26.851011,15.0,-11.851011276245117
2019-12-11 03:00:00,24.751898,18.0,-6.751897811889648
2019-12-11 09:00:00,21.713732,17.0,-4.71373176574707
2019-12-11 12:00:00,11.155635,18.0,6.844365119934082
2019-12-11 15:00:00,15.094201,23.0,7.90579891204834
2019-12-11 18:00:00,17.293133,31.0,13.706867218017578
2019-12-11 21:00:00,19.23854,29.0,9.761459350585938
2019-12-12 00:00:00,16.038029,31.0,14.961971282958984
2019-12-12 03:00:00,22.590029,36.0,13.409971237182617
2019-12-12 06:00:00,28.876457,43.0,14.123542785644531
2019-12-12 12:00:00,20.854486,25.0,4.145513534545898
2019-12-12 15:00:00,23.510778,32.0,8.489221572875977
2019-12-12 21:00:00,28.661816,35.0,6.338184356689453
2019-12-13 00:00:00,21.443157,31.0,9.556842803955078
2019-12-13 03:00:00,27.461283,35.0,7.538717269897461
2019-12-13 06:00:00,33.732704,20.0,-13.732704162597656
2019-12-13 09:00:00,29.498096,18.0,-11.498096466064453
2019-12-13 12:00:00,22.326277,28.0,5.673723220825195
2019-12-13 15:00:00,28.147497,28.0,-0.14749717712402344
2019-12-13 18:00:00,30.154297,23.0,-7.154296875
2019-12-13 21:00:00,51.19,34.0,-17.189998626708984
2019-12-14 00:00:00,109.55091,22.0,-87.55091094970703
2019-12-14 03:00:00,113.60453,17.0,-96.60453033447266
2019-12-14 06:00:00,86.46066,22.0,-64.46066284179688
2019-12-14 09:00:00,66.013626,16.0,-50.01362609863281
2019-12-14 12:00:00,56.761566,15.0,-41.761566162109375
2019-12-14 15:00:00,47.37376,20.0,-27.373760223388672
2019-12-14 18:00:00,41.646786,18.0,-23.646785736083984
2019-12-14 21:00:00,37.653763,18.0,-19.653762817382812
2019-12-15 00:00:00,15.538831,21.0,5.461169242858887
2019-12-15 03:00:00,19.830963,25.0,5.169036865234375
2019-12-15 06:00:00,25.325108,20.0,-5.325107574462891
2019-12-15 09:00:00,52.75638,23.0,-29.756378173828125
2019-12-15 12:00:00,55.644024,29.0,-26.644023895263672
2019-12-15 15:00:00,57.451187,25.0,-32.45118713378906
2019-12-15 18:00:00,51.71978,19.0,-32.71977996826172
2019-12-16 00:00:00,14.227396,11.0,-3.227396011352539
2019-12-16 03:00:00,17.633112,8.0,-9.633111953735352
2019-12-16 06:00:00,22.45065,13.0,-9.45064926147461
2019-12-16 09:00:00,16.95986,8.0,-8.959859848022461
2019-12-16 12:00:00,7.459107,4.0,-3.459106922149658
2019-12-16 15:00:00,7.186998,4.0,-3.186997890472412
2019-12-16 18:00:00,9.28344,6.0,-3.2834396362304688
2019-12-16 21:00:00,17.156935,9.0,-8.15693473815918
2019-12-17 00:00:00,26.942417,8.0,-18.94241714477539
2019-12-17 03:00:00,34.538517,35.0,0.4614830017089844
2019-12-17 06:00:00,33.318542,25.0,-8.31854248046875
2019-12-17 09:00:00,40.695026,52.0,11.304973602294922
2019-12-17 12:00:00,40.25537,52.0,11.74462890625
2019-12-17 15:00:00,38.62101,59.0,20.378990173339844
2019-12-17 18:00:00,38.222084,41.0,2.7779159545898438
2019-12-17 21:00:00,39.319614,25.0,-14.31961441040039
2019-12-18 00:00:00,47.22722,25.0,-22.227218627929688
2019-12-18 03:00:00,43.615047,24.0,-19.615047454833984
2019-12-18 06:00:00,42.440147,19.0,-23.440147399902344
2019-12-18 09:00:00,40.58768,16.0,-24.58768081665039
2019-12-18 12:00:00,45.222122,23.0,-22.222122192382812
2019-12-18 15:00:00,42.06072,18.0,-24.060718536376953
2019-12-18 21:00:00,39.702625,34.0,-5.702625274658203
2019-12-19 06:00:00,58.098522,45.0,-13.098522186279297
2019-12-19 09:00:00,57.434364,49.0,-8.434364318847656
2019-12-19 12:00:00,50.103836,41.0,-9.103836059570312
2019-12-19 15:00:00,51.314373,53.0,1.6856269836425781
2019-12-19 21:00:00,52.242287,46.0,-6.242286682128906
2019-12-20 00:00:00,72.15272,34.0,-38.15271759033203
2019-12-20 03:00:00,83.31245,45.0,-38.31244659423828
2019-12-20 06:00:00,85.754326,45.0,-40.75432586669922
2019-12-20 12:00:00,46.718468,27.0,-19.718467712402344
2019-12-20 15:00:00,42.197144,68.0,25.8028564453125
2019-12-20 18:00:00,42.221016,45.0,2.7789840698242188
2019-12-20 21:00:00,42.124157,47.0,4.875843048095703
2019-12-21 00:00:00,43.53751,45.0,1.4624900817871094
2019-12-21 03:00:00,51.540154,47.0,-4.540153503417969
2019-12-21 06:00:00,62.833805,31.0,-31.833805084228516
2019-12-21 09:00:00,60.456158,32.0,-28.456157684326172
2019-12-21 12:00:00,57.16788,27.0,-30.16788101196289
2019-12-21 15:00:00,49.17433,40.0,-9.174331665039062
2019-12-22 03:00:00,32.679962,35.0,2.320037841796875
2019-12-22 06:00:00,34.603546,25.0,-9.603546142578125
2019-12-22 09:00:00,31.27343,33.0,1.7265701293945312
2019-12-22 12:00:00,39.95251,25.0,-14.952510833740234
2019-12-22 15:00:00,38.659893,40.0,1.3401069641113281
2019-12-22 18:00:00,35.631275,57.0,21.368724822998047
2019-12-22 21:00:00,32.435764,185.0,152.56423568725586
2019-12-23 00:00:00,44.498165,56.0,11.501834869384766
2019-12-23 03:00:00,47.427193,52.0,4.572807312011719
2019-12-23 06:00:00,54.157795,49.0,-5.157794952392578
2019-12-23 09:00:00,54.97486,30.0,-24.97486114501953
2019-12-23 12:00:00,62.164814,29.0,-33.16481399536133
2019-12-23 18:00:00,47.68208,55.0,7.317920684814453
2019-12-23 21:00:00,45.27328,40.0,-5.273281097412109
2019-12-24 00:00:00,29.530384,39.0,9.469615936279297
2019-12-24 03:00:00,30.609953,35.0,4.390047073364258
2019-12-24 09:00:00,23.382313,32.0,8.617687225341797
2019-12-24 12:00:00,27.767555,30.0,2.2324447631835938
2019-12-24 15:00:00,25.357054,46.0,20.642946243286133
2019-12-24 18:00:00,25.050781,32.0,6.94921875
2019-12-24 21:00:00,25.52406,32.0,6.475940704345703
2019-12-25 00:00:00,28.909653,47.0,18.090347290039062
2019-12-25 03:00:00,31.3687,58.0,26.63129997253418
2019-12-25 06:00:00,38.42126,62.0,23.578739166259766
2019-12-25 09:00:00,42.716805,36.0,-6.716804504394531
2019-12-25 15:00:00,39.520786,48.0,8.47921371459961
2019-12-25 21:00:00,38.278587,38.0,-0.27858734130859375
2019-12-26 00:00:00,29.202738,41.0,11.797262191772461
2019-12-26 03:00:00,30.441698,41.0,10.55830192565918
2019-12-26 06:00:00,30.654348,43.0,12.345651626586914
2019-12-26 09:00:00,28.998102,31.0,2.0018978118896484
2019-12-26 12:00:00,29.698526,33.0,3.301473617553711
2019-12-26 15:00:00,37.75244,38.0,0.24755859375
2019-12-26 18:00:00,35.682205,41.0,5.3177947998046875
2019-12-26 21:00:00,32.550133,38.0,5.449867248535156
2019-12-27 00:00:00,10.006261,36.0,25.993739128112793
2019-12-27 03:00:00,14.697889,12.0,-2.6978893280029297
2019-12-27 06:00:00,31.499895,22.0,-9.499895095825195
2019-12-27 15:00:00,56.845806,19.0,-37.84580612182617
2019-12-27 18:00:00,55.69609,14.0,-41.69609069824219
2019-12-27 21:00:00,51.436928,19.0,-32.436927795410156
2019-12-28 00:00:00,0.0,21.0,21.0
2019-12-28 03:00:00,9.293445,25.0,15.706555366516113
2019-12-28 06:00:00,42.375633,39.0,-3.3756332397460938
2019-12-28 09:00:00,59.21731,30.0,-29.21731185913086
2019-12-28 12:00:00,54.689507,42.0,-12.689506530761719
2019-12-28 15:00:00,60.10532,42.0,-18.10531997680664
2019-12-28 18:00:00,53.93872,32.0,-21.938720703125
2019-12-28 21:00:00,43.88653,44.0,0.11346817016601562
2019-12-29 00:00:00,51.598476,26.0,-25.59847640991211
2019-12-29 03:00:00,49.1857,32.0,-17.185699462890625
2019-12-29 09:00:00,48.863285,32.0,-16.863285064697266
2019-12-29 12:00:00,35.84012,34.0,-1.840118408203125
2019-12-29 15:00:00,37.548374,40.0,2.4516258239746094
2019-12-29 18:00:00,34.18086,43.0,8.819141387939453
2019-12-29 21:00:00,33.61697,38.0,4.383029937744141
2019-12-30 00:00:00,44.584454,41.0,-3.584453582763672
2019-12-30 03:00:00,46.828747,91.0,44.1712532043457
2019-12-30 06:00:00,40.43409,45.0,4.565910339355469
2019-12-30 09:00:00,46.64912,32.0,-14.649120330810547
2019-12-30 12:00:00,78.59898,38.0,-40.59898376464844
2019-12-30 15:00:00,72.27027,24.0,-48.27027130126953
2019-12-30 18:00:00,63.875175,24.0,-39.87517547607422
2019-12-30 21:00:00,57.663555,16.0,-41.66355514526367
2019-12-31 00:00:00,6.3419065,32.0,25.658093452453613
2019-12-31 03:00:00,10.355052,26.0,15.64494800567627
2019-12-31 06:00:00,15.011892,31.0,15.988107681274414
2019-12-31 09:00:00,15.981812,20.0,4.0181884765625
2019-12-31 12:00:00,36.752,21.0,-15.751998901367188
2019-12-31 15:00:00,49.269146,19.0,-30.269145965576172
2020-01-01 00:00:00,52.937706,52.0,-0.9377059936523438
2020-01-01 03:00:00,47.90911,36.0,-11.909111022949219
2020-01-01 06:00:00,47.18413,69.0,21.815868377685547
2020-01-01 09:00:00,37.957024,23.0,-14.957023620605469
2020-01-01 12:00:00,28.015392,15.0,-13.015392303466797
2020-01-01 15:00:00,24.054316,18.0,-6.054315567016602
2020-01-01 18:00:00,23.566826,16.0,-7.566825866699219
2020-01-01 21:00:00,25.597956,12.0,-13.597955703735352
2020-01-02 00:00:00,0.0,17.0,17.0
2020-01-02 03:00:00,0.0,24.0,24.0
2020-01-02 06:00:00,0.0,19.0,19.0
2020-01-02 09:00:00,0.0,17.0,17.0
2020-01-02 12:00:00,0.46088645,23.0,22.53911355137825
2020-01-02 15:00:00,7.2593594,20.0,12.740640640258789
2020-01-02 18:00:00,10.67292,19.0,8.327079772949219
2020-01-02 21:00:00,12.327973,14.0,1.6720266342163086
2020-01-03 00:00:00,37.18924,23.0,-14.189239501953125
2020-01-03 03:00:00,37.81247,23.0,-14.812469482421875
2020-01-03 06:00:00,39.963085,18.0,-21.963085174560547
2020-01-03 09:00:00,42.67463,19.0,-23.67462921142578
2020-01-03 12:00:00,39.165344,20.0,-19.16534423828125
2020-01-03 15:00:00,39.896805,25.0,-14.896804809570312
2020-01-03 18:00:00,39.57325,46.0,6.426750183105469
2020-01-03 21:00:00,48.839638,22.0,-26.839637756347656
2020-01-04 00:00:00,46.919693,23.0,-23.919692993164062
2020-01-04 03:00:00,79.43208,27.0,-52.43208312988281
2020-01-04 06:00:00,107.8929,55.0,-52.89289855957031
2020-01-04 09:00:00,124.99891,183.0,58.00109100341797
2020-01-04 12:00:00,120.677666,266.0,145.32233428955078
2020-01-04 15:00:00,113.05383,52.0,-61.0538330078125
2020-01-04 18:00:00,112.55679,52.0,-60.556793212890625
2020-01-04 21:00:00,98.0881,31.0,-67.08809661865234
2020-01-05 00:00:00,59.527794,18.0,-41.527793884277344
2020-01-05 03:00:00,37.444805,10.0,-27.444805145263672
2020-01-05 06:00:00,38.756866,16.0,-22.756866455078125
2020-01-05 09:00:00,40.70148,9.0,-31.701480865478516
2020-01-05 12:00:00,39.64101,18.0,-21.641010284423828
2020-01-05 15:00:00,34.425964,25.0,-9.42596435546875
2020-01-05 18:00:00,30.452044,31.0,0.5479564666748047
2020-01-05 21:00:00,27.294392,38.0,10.705608367919922
2020-01-06 00:00:00,16.581793,36.0,19.4182071685791
2020-01-06 03:00:00,15.214254,25.0,9.785745620727539
2020-01-06 06:00:00,13.026806,22.0,8.973194122314453
2020-01-06 09:00:00,12.435635,9.0,-3.4356346130371094
2020-01-06 12:00:00,14.102398,12.0,-2.102397918701172
2020-01-06 15:00:00,14.085458,20.0,5.914542198181152
2020-01-06 18:00:00,15.356477,25.0,9.643523216247559
2020-01-07 03:00:00,33.87754,20.0,-13.877540588378906
2020-01-07 06:00:00,33.62345,13.0,-20.623451232910156
2020-01-07 09:00:00,22.073606,11.0,-11.073606491088867
2020-01-07 12:00:00,6.5230665,11.0,4.476933479309082
2020-01-07 15:00:00,5.3051395,23.0,17.694860458374023
2020-01-07 18:00:00,6.6486335,28.0,21.35136651992798
2020-01-07 21:00:00,8.835855,18.0,9.164145469665527
2020-01-08 03:00:00,6.6596613,18.0,11.340338706970215
2020-01-08 06:00:00,9.422592,17.0,7.5774078369140625
2020-01-08 09:00:00,4.198114,13.0,8.801886081695557
2020-01-08 12:00:00,10.3982525,14.0,3.601747512817383
2020-01-08 15:00:00,13.982742,17.0,3.0172576904296875
2020-01-08 18:00:00,19.9625,15.0,-4.962499618530273
2020-01-08 21:00:00,21.688038,11.0,-10.688037872314453
2020-01-09 00:00:00,18.84348,13.0,-5.843479156494141
2020-01-09 03:00:00,20.787184,12.0,-8.78718376159668
2020-01-09 06:00:00,22.155746,20.0,-2.1557464599609375
2020-01-14 09:00:00,74.925964,11.0,-63.92596435546875
2020-01-14 15:00:00,68.1656,254.0,185.8343963623047
2020-01-14 18:00:00,58.402973,96.0,37.59702682495117
2020-01-14 21:00:00,55.462463,39.0,-16.46246337890625
2020-01-15 00:00:00,52.393715,32.0,-20.393714904785156
2020-01-15 03:00:00,54.164845,31.0,-23.164844512939453
2020-01-15 06:00:00,58.822365,35.0,-23.822364807128906
2020-01-15 09:00:00,46.67686,28.0,-18.676860809326172
2020-01-15 12:00:00,39.242424,21.0,-18.24242401123047
2020-01-15 15:00:00,34.93699,37.0,2.0630111694335938
2020-01-15 18:00:00,36.326126,53.0,16.673873901367188
2020-01-15 21:00:00,32.99374,64.0,31.00625991821289
2020-01-16 00:00:00,21.02911,71.0,49.970890045166016
2020-01-16 03:00:00,20.910023,60.0,39.0899772644043
2020-01-16 06:00:00,21.497784,42.0,20.502216339111328
2020-01-16 09:00:00,17.954193,22.0,4.045806884765625
2020-01-16 12:00:00,20.698734,21.0,0.3012657165527344
2020-01-16 15:00:00,27.167858,32.0,4.832141876220703
2020-01-16 18:00:00,29.287663,41.0,11.712337493896484
2020-01-16 21:00:00,27.598446,41.0,13.401554107666016
2020-01-17 00:00:00,23.53181,45.0,21.468189239501953
2020-01-17 03:00:00,28.611113,39.0,10.388887405395508
2020-01-17 06:00:00,31.057766,32.0,0.9422340393066406
2020-01-17 09:00:00,16.94758,27.0,10.052419662475586
2020-01-17 12:00:00,17.502542,23.0,5.497457504272461
2020-01-17 15:00:00,23.088205,30.0,6.911794662475586
2020-01-17 18:00:00,23.584562,63.0,39.41543769836426
2020-01-17 21:00:00,23.948132,45.0,21.051868438720703
2020-01-18 00:00:00,20.013033,33.0,12.986967086791992
2020-01-18 03:00:00,19.326307,24.0,4.67369270324707
2020-01-18 06:00:00,14.738361,25.0,10.261638641357422
2020-01-18 09:00:00,14.918214,24.0,9.081786155700684
2020-01-18 12:00:00,18.712057,25.0,6.287942886352539
2020-01-18 15:00:00,23.845644,19.0,-4.845643997192383
2020-01-18 18:00:00,24.294764,19.0,-5.294763565063477
2020-01-18 21:00:00,25.390818,22.0,-3.390817642211914
2020-01-19 00:00:00,17.209913,19.0,1.7900867462158203
2020-01-19 03:00:00,27.157513,16.0,-11.157512664794922
2020-01-19 06:00:00,47.457546,12.0,-35.45754623413086
2020-01-19 09:00:00,62.597168,11.0,-51.59716796875
2020-01-19 12:00:00,55.561172,17.0,-38.56117248535156
2020-01-19 15:00:00,67.15368,14.0,-53.15367889404297
2020-01-19 18:00:00,76.12419,39.0,-37.12419128417969
2020-01-19 21:00:00,76.473495,37.0,-39.47349548339844
2020-01-20 00:00:00,6.2714205,20.0,13.7285795211792
2020-01-20 03:00:00,15.64024,26.0,10.359760284423828
2020-01-20 06:00:00,31.245918,24.0,-7.245918273925781
2020-01-20 09:00:00,35.579887,19.0,-16.57988739013672
2020-01-20 12:00:00,35.213078,30.0,-5.213077545166016
2020-01-20 15:00:00,34.16153,40.0,5.838470458984375
2020-01-20 18:00:00,32.41655,27.0,-5.4165496826171875
2020-01-20 21:00:00,32.45998,32.0,-0.4599800109863281
2020-01-21 00:00:00,58.331806,27.0,-31.331806182861328
2020-01-21 03:00:00,51.478935,42.0,-9.478935241699219
2020-01-21 06:00:00,45.337288,29.0,-16.33728790283203
2020-01-21 09:00:00,36.65508,16.0,-20.655078887939453
2020-01-21 12:00:00,21.831966,15.0,-6.831966400146484
2020-01-21 15:00:00,24.482119,18.0,-6.482118606567383
2020-01-21 18:00:00,25.822145,23.0,-2.822145462036133
2020-01-21 21:00:00,26.49881,29.0,2.501190185546875
2020-01-22 00:00:00,18.614286,14.0,-4.614286422729492
2020-01-22 03:00:00,25.394514,12.0,-13.394514083862305
2020-01-22 06:00:00,32.57378,14.0,-18.573780059814453
2020-01-22 09:00:00,30.841192,18.0,-12.841192245483398
2020-01-22 12:00:00,34.066032,12.0,-22.06603240966797
2020-01-22 15:00:00,34.68051,45.0,10.319488525390625
2020-01-22 18:00:00,27.092142,28.0,0.9078578948974609
2020-01-22 21:00:00,51.63537,12.0,-39.63536834716797
2020-01-23 03:00:00,116.93703,13.0,-103.93702697753906
2020-01-23 06:00:00,107.83293,22.0,-85.83293151855469
2020-01-23 09:00:00,70.783646,30.0,-40.78364562988281
2020-01-23 12:00:00,26.576857,20.0,-6.57685661315918
2020-01-23 15:00:00,21.282915,10.0,-11.282915115356445
2020-01-23 18:00:00,21.653648,13.0,-8.653648376464844
2020-01-24 00:00:00,42.132797,23.0,-19.132797241210938
2020-01-24 03:00:00,41.695786,20.0,-21.695785522460938
2020-01-24 06:00:00,43.028534,10.0,-33.028533935546875
2020-01-24 12:00:00,17.84747,10.0,-7.847469329833984
2020-01-24 15:00:00,16.356466,20.0,3.643533706665039
2020-01-24 18:00:00,17.06121,21.0,3.9387893676757812
2020-01-24 21:00:00,19.40498,8.0,-11.404979705810547
2020-01-25 03:00:00,4.257913,14.0,9.74208688735962
2020-01-25 06:00:00,2.6720955,11.0,8.327904462814331
2020-01-25 09:00:00,3.5479956,14.0,10.452004432678223
2020-01-25 12:00:00,59.191395,146.0,86.8086051940918
2020-01-25 15:00:00,115.693016,157.0,41.306983947753906
2020-01-25 18:00:00,123.132164,37.0,-86.13216400146484
2020-01-25 21:00:00,111.67447,90.0,-21.674468994140625
2020-01-26 00:00:00,149.71698,106.0,-43.71697998046875
2020-01-26 03:00:00,177.23732,38.0,-139.23731994628906
2020-01-26 06:00:00,144.42674,24.0,-120.42674255371094
2020-01-26 09:00:00,120.18558,70.0,-50.185577392578125
2020-01-26 12:00:00,73.00804,24.0,-49.00804138183594
2020-01-26 15:00:00,60.046944,24.0,-36.04694366455078
2020-01-26 18:00:00,54.304222,34.0,-20.304222106933594
2020-01-26 21:00:00,66.55193,58.0,-8.551933288574219
2020-01-27 00:00:00,49.419327,28.0,-21.419326782226562
2020-01-27 03:00:00,56.95483,17.0,-39.954830169677734
2020-01-27 06:00:00,60.448654,11.0,-49.44865417480469
2020-01-27 09:00:00,39.433872,11.0,-28.43387222290039
2020-01-27 12:00:00,33.934044,20.0,-13.934043884277344
2020-01-27 15:00:00,28.544605,17.0,-11.544605255126953
2020-01-27 18:00:00,25.598183,23.0,-2.5981826782226562
2020-01-27 21:00:00,26.682415,20.0,-6.682415008544922
2020-01-28 00:00:00,44.280228,25.0,-19.280227661132812
2020-01-28 03:00:00,52.58289,24.0,-28.582889556884766
2020-01-28 06:00:00,55.470535,22.0,-33.47053527832031
2020-01-28 09:00:00,38.056385,25.0,-13.056385040283203
2020-01-28 12:00:00,19.051016,18.0,-1.051015853881836
2020-01-28 15:00:00,15.592491,26.0,10.407508850097656
2020-01-28 18:00:00,16.45617,34.0,17.54383087158203
2020-01-28 21:00:00,15.073055,39.0,23.926944732666016
2020-01-29 00:00:00,8.454208,83.0,74.54579162597656
2020-01-29 03:00:00,17.535513,111.0,93.46448707580566
2020-01-29 06:00:00,22.794325,40.0,17.20567512512207
2020-01-29 09:00:00,21.13444,27.0,5.865560531616211
2020-01-29 12:00:00,25.835674,26.0,0.16432571411132812
2020-01-29 15:00:00,26.38842,29.0,2.6115798950195312
2020-01-29 18:00:00,22.261929,26.0,3.7380714416503906
2020-01-29 21:00:00,20.800598,40.0,19.19940185546875
2020-01-30 00:00:00,17.875664,13.0,-4.875663757324219
2020-01-30 03:00:00,65.19303,51.0,-14.193031311035156
2020-01-30 06:00:00,162.74532,21.0,-141.7453155517578
2020-01-30 09:00:00,169.94261,24.0,-145.94261169433594
2020-02-02 09:00:00,32.51944,9.0,-23.519439697265625
2020-02-02 12:00:00,18.300852,7.0,-11.300851821899414
2020-02-02 15:00:00,15.075784,6.0,-9.075783729553223
2020-02-02 18:00:00,14.748821,10.0,-4.748821258544922
2020-02-02 21:00:00,15.757905,10.0,-5.757905006408691
2020-02-03 00:00:00,0.0,14.0,14.0
2020-02-03 03:00:00,0.0,10.0,10.0
2020-02-03 06:00:00,11.220323,11.0,-0.2203226089477539
2020-02-03 09:00:00,11.621637,19.0,7.378362655639648
2020-02-03 12:00:00,17.311493,24.0,6.688507080078125
2020-02-03 15:00:00,20.888365,19.0,-1.8883647918701172
2020-02-03 18:00:00,19.935215,18.0,-1.9352149963378906
2020-02-03 21:00:00,17.46048,18.0,0.539520263671875
2020-02-04 00:00:00,34.553524,26.0,-8.553524017333984
2020-02-04 03:00:00,29.146576,31.0,1.853424072265625
2020-02-04 06:00:00,26.59408,28.0,1.4059200286865234
2020-02-04 09:00:00,23.01158,27.0,3.9884204864501953
2020-02-04 12:00:00,18.491846,25.0,6.508153915405273
2020-02-04 15:00:00,17.786077,22.0,4.213922500610352
2020-02-04 18:00:00,15.375122,21.0,5.6248779296875
2020-02-04 21:00:00,16.158993,14.0,-2.1589927673339844
2020-02-05 00:00:00,0.32423487,31.0,30.67576512694359
2020-02-05 03:00:00,0.6434675,27.0,26.356532514095306
2020-02-05 06:00:00,0.0,14.0,14.0
2020-02-05 09:00:00,0.0,21.0,21.0
2020-02-05 12:00:00,27.997147,21.0,-6.9971466064453125
2020-02-05 15:00:00,37.47914,35.0,-2.4791412353515625
2020-02-05 18:00:00,32.794106,33.0,0.20589447021484375
2020-02-05 21:00:00,36.89547,32.0,-4.895469665527344
2020-02-06 00:00:00,25.894224,46.0,20.105775833129883
2020-02-06 03:00:00,29.91419,60.0,30.0858097076416
2020-02-06 06:00:00,29.401009,17.0,-12.401008605957031
2020-02-06 09:00:00,33.84298,27.0,-6.842979431152344
2020-02-06 12:00:00,16.787737,27.0,10.212263107299805
2020-02-06 15:00:00,31.764614,19.0,-12.76461410522461
2020-02-06 18:00:00,34.918457,30.0,-4.91845703125
2020-02-06 21:00:00,29.150784,30.0,0.8492164611816406
2020-02-07 00:00:00,23.48861,27.0,3.5113906860351562
2020-02-07 03:00:00,25.189365,22.0,-3.1893653869628906
2020-02-07 06:00:00,25.082159,27.0,1.9178409576416016
2020-02-07 09:00:00,33.503624,18.0,-15.503623962402344
2020-02-07 12:00:00,31.354034,24.0,-7.354034423828125
2020-02-07 15:00:00,31.912008,36.0,4.087991714477539
2020-02-07 18:00:00,24.617407,26.0,1.3825931549072266
2020-02-07 21:00:00,20.892912,29.0,8.107088088989258
2020-02-08 00:00:00,24.854671,28.0,3.1453285217285156
2020-02-08 03:00:00,30.897354,29.0,-1.8973541259765625
2020-02-08 06:00:00,36.449818,28.0,-8.449817657470703
2020-02-08 09:00:00,37.760685,30.0,-7.760684967041016
2020-02-08 12:00:00,51.811867,29.0,-22.811866760253906
2020-02-08 15:00:00,47.11137,26.0,-21.111370086669922
2020-02-08 18:00:00,42.22079,46.0,3.7792091369628906
2020-02-08 21:00:00,49.3219,39.0,-10.3218994140625
2020-02-09 00:00:00,87.70803,32.0,-55.708030700683594
2020-02-09 03:00:00,60.5869,25.0,-35.58689880371094
2020-02-09 06:00:00,48.934452,23.0,-25.934452056884766
2020-02-09 09:00:00,47.76234,18.0,-29.762340545654297
2020-02-09 12:00:00,61.673744,21.0,-40.673744201660156
2020-02-09 15:00:00,67.26782,20.0,-47.267822265625
2020-02-09 18:00:00,83.35428,36.0,-47.354278564453125
2020-02-09 21:00:00,110.39447,63.0,-47.39447021484375
2020-02-10 00:00:00,101.256775,74.0,-27.25677490234375
2020-02-10 03:00:00,95.88985,82.0,-13.889846801757812
2020-02-10 06:00:00,72.49969,58.0,-14.499687194824219
2020-02-10 09:00:00,49.953316,25.0,-24.95331573486328
2020-02-10 12:00:00,53.60346,9.0,-44.603458404541016
2020-02-10 15:00:00,54.294445,14.0,-40.2944450378418
2020-02-10 18:00:00,47.836693,8.0,-39.836692810058594
2020-02-10 21:00:00,38.68445,15.0,-23.6844482421875
2020-02-11 00:00:00,50.28414,14.0,-36.284141540527344
2020-02-11 03:00:00,34.442566,9.0,-25.44256591796875
2020-02-11 06:00:00,31.967375,9.0,-22.967374801635742
2020-02-11 09:00:00,32.96418,11.0,-21.96417999267578
2020-02-11 12:00:00,32.62335,11.0,-21.623348236083984
2020-02-11 15:00:00,33.940067,11.0,-22.940067291259766
2020-02-11 18:00:00,37.604877,59.0,21.395122528076172
2020-02-11 21:00:00,45.71939,22.0,-23.719390869140625
2020-02-12 00:00:00,35.565792,56.0,20.434207916259766
2020-02-12 03:00:00,38.25153,25.0,-13.251529693603516
2020-02-12 06:00:00,26.594307,13.0,-13.594306945800781
2020-02-12 09:00:00,18.357014,18.0,-0.3570137023925781
2020-02-12 12:00:00,19.730692,16.0,-3.730691909790039
2020-02-12 15:00:00,18.483889,15.0,-3.483888626098633
2020-02-12 18:00:00,15.604655,17.0,1.3953447341918945
2020-02-12 21:00:00,14.199486,17.0,2.8005142211914062
2020-02-13 00:00:00,26.037014,15.0,-11.03701400756836
2020-02-13 03:00:00,34.694496,22.0,-12.694496154785156
2020-02-13 06:00:00,37.24483,13.0,-24.244831085205078
2020-02-13 09:00:00,26.702082,14.0,-12.702081680297852
2020-02-13 12:00:00,11.19804,15.0,3.801959991455078
2020-02-13 15:00:00,10.392114,18.0,7.60788631439209
2020-02-13 18:00:00,10.453391,18.0,7.546608924865723
2020-02-13 21:00:00,11.785914,19.0,7.214085578918457
2020-02-14 00:00:00,2.201432,21.0,18.7985680103302
2020-02-14 03:00:00,12.379701,27.0,14.620299339294434
2020-02-14 06:00:00,23.200073,26.0,2.7999267578125
2020-02-14 09:00:00,24.527878,9.0,-15.527877807617188
2020-02-14 12:00:00,15.164687,12.0,-3.164687156677246
2020-02-14 15:00:00,21.386597,16.0,-5.3865966796875
2020-02-14 18:00:00,25.040321,20.0,-5.040321350097656
2020-02-14 21:00:00,26.785755,18.0,-8.785755157470703
2020-02-15 00:00:00,27.439909,10.0,-17.439908981323242
2020-02-15 03:00:00,31.416676,20.0,-11.416675567626953
2020-02-15 06:00:00,36.184475,21.0,-15.18447494506836
2020-02-15 09:00:00,35.2303,20.0,-15.230300903320312
2020-02-15 12:00:00,21.978224,31.0,9.02177619934082
2020-02-15 15:00:00,24.91123,28.0,3.0887699127197266
2020-02-15 18:00:00,25.548388,34.0,8.45161247253418
2020-02-15 21:00:00,27.298824,32.0,4.701175689697266
2020-02-16 00:00:00,14.010311,25.0,10.989688873291016
2020-02-16 03:00:00,18.522541,30.0,11.477458953857422
2020-02-16 06:00:00,27.102146,41.0,13.89785385131836
2020-02-16 09:00:00,35.76122,37.0,1.2387809753417969
2020-02-16 12:00:00,58.009617,26.0,-32.00961685180664
2020-02-16 15:00:00,54.086628,33.0,-21.086627960205078
2020-02-16 18:00:00,43.912224,43.0,-0.9122238159179688
2020-02-16 21:00:00,35.81647,43.0,7.183528900146484
2020-02-17 00:00:00,40.644066,56.0,15.355934143066406
2020-02-17 03:00:00,42.06072,66.0,23.939281463623047
2020-02-17 06:00:00,41.732903,32.0,-9.732902526855469
2020-02-17 09:00:00,39.256973,37.0,-2.2569732666015625
2020-02-17 12:00:00,50.766117,44.0,-6.766117095947266
2020-02-17 15:00:00,51.101837,43.0,-8.101837158203125
2020-02-17 18:00:00,46.982224,60.0,13.017776489257812
2020-02-17 21:00:00,46.142757,51.0,4.857242584228516
2020-02-18 00:00:00,74.19021,55.0,-19.190208435058594
2020-02-18 03:00:00,69.175255,49.0,-20.175254821777344
2020-02-18 06:00:00,68.31113,50.0,-18.311126708984375
2020-02-18 09:00:00,68.78952,40.0,-28.789520263671875
2020-02-18 12:00:00,79.43345,31.0,-48.433448791503906
2020-02-18 15:00:00,79.96693,39.0,-40.96692657470703
2020-02-18 18:00:00,73.73552,34.0,-39.73551940917969
2020-02-18 21:00:00,72.57836,39.0,-33.57836151123047
2020-02-19 00:00:00,32.899834,38.0,5.100166320800781
2020-02-19 03:00:00,37.288033,30.0,-7.288032531738281
2020-02-19 06:00:00,39.095768,37.0,-2.0957679748535156
2020-02-19 09:00:00,40.38992,46.0,5.610080718994141
2020-02-19 12:00:00,56.238945,36.0,-20.23894500732422
2020-02-19 15:00:00,54.68337,33.0,-21.683368682861328
2020-02-19 18:00:00,56.959835,37.0,-19.959835052490234
2020-02-23 06:00:00,39.883842,10.0,-29.88384246826172
2020-02-23 09:00:00,42.629948,28.0,-14.629947662353516
2020-02-23 12:00:00,56.813747,44.0,-12.81374740600586
2020-02-23 15:00:00,50.95302,30.0,-20.953018188476562
2020-02-23 18:00:00,38.18559,36.0,-2.185588836669922
2020-02-23 21:00:00,29.951479,46.0,16.048521041870117
2020-02-24 00:00:00,17.433195,46.0,28.566804885864258
2020-02-24 03:00:00,20.321749,46.0,25.678251266479492
2020-02-24 06:00:00,22.107769,36.0,13.892230987548828
2020-02-24 09:00:00,24.710062,36.0,11.289937973022461
2020-02-24 12:00:00,49.56763,38.0,-11.567630767822266
2020-02-24 15:00:00,41.904285,47.0,5.095714569091797
2020-02-24 18:00:00,30.442778,54.0,23.557222366333008
2020-02-24 21:00:00,23.830921,26.0,2.169078826904297
2020-02-25 00:00:00,18.104174,27.0,8.89582633972168
2020-02-25 03:00:00,16.558489,23.0,6.441511154174805
2020-02-25 06:00:00,19.517586,26.0,6.482414245605469
2020-02-25 09:00:00,26.183102,24.0,-2.1831016540527344
2020-02-25 12:00:00,32.022713,19.0,-13.022712707519531
2020-02-25 15:00:00,31.939238,29.0,-2.939237594604492
2020-02-25 18:00:00,26.883186,30.0,3.1168136596679688
2020-02-26 00:00:00,195.60764,86.0,-109.60763549804688
2020-02-26 03:00:00,138.03197,72.0,-66.03196716308594
2020-02-26 06:00:00,164.18164,296.0,131.818359375
2020-02-26 09:00:00,163.14499,195.0,31.855010986328125
2020-02-26 12:00:00,149.06203,59.0,-90.06202697753906
2020-02-26 15:00:00,126.06324,33.0,-93.06324005126953
2020-02-26 18:00:00,116.66862,25.0,-91.66861724853516
2020-02-26 21:00:00,107.7633,48.0,-59.76329803466797
2020-02-27 03:00:00,124.91728,52.0,-72.91728210449219
2020-02-27 06:00:00,136.6102,19.0,-117.61019897460938
2020-02-27 09:00:00,102.79791,33.0,-69.79791259765625
2020-02-27 12:00:00,87.80557,42.0,-45.805572509765625
2020-02-27 15:00:00,82.63305,52.0,-30.63304901123047
2020-02-27 18:00:00,73.92191,20.0,-53.921913146972656
2020-02-27 21:00:00,68.45221,17.0,-51.45220947265625
2020-02-28 00:00:00,23.152098,23.0,-0.1520977020263672
2020-02-28 03:00:00,33.950527,21.0,-12.95052719116211
2020-02-28 06:00:00,46.31693,36.0,-10.31692886352539
2020-02-28 09:00:00,49.21469,46.0,-3.214691162109375
2020-02-28 12:00:00,66.41909,60.0,-6.419090270996094
2020-02-28 15:00:00,70.120964,59.0,-11.120964050292969
2020-02-28 18:00:00,70.017624,54.0,-16.017623901367188
2020-02-28 21:00:00,65.84151,51.0,-14.841506958007812
2020-02-29 00:00:00,73.232346,46.0,-27.232345581054688
2020-02-29 03:00:00,67.11093,47.0,-20.110931396484375
2020-02-29 06:00:00,65.97747,50.0,-15.977470397949219
2020-02-29 09:00:00,58.565887,41.0,-17.565887451171875
2020-02-29 12:00:00,32.849754,53.0,20.150245666503906
2020-02-29 15:00:00,39.834846,45.0,5.165153503417969
2020-02-29 18:00:00,39.133965,46.0,6.866035461425781
2020-02-29 21:00:00,38.998222,57.0,18.00177764892578
2020-03-01 00:00:00,27.058376,38.0,10.94162368774414
2020-03-01 03:00:00,17.509138,53.0,35.490861892700195
2020-03-01 06:00:00,9.918267,47.0,37.081732749938965
2020-03-01 09:00:00,6.159553,38.0,31.840446949005127
2020-03-01 12:00:00,34.195637,36.0,1.8043632507324219
2020-03-01 15:00:00,30.997114,46.0,15.002885818481445
2020-03-01 18:00:00,31.46073,41.0,9.539270401000977
2020-03-01 21:00:00,31.54139,40.0,8.458610534667969
2020-03-02 00:00:00,67.17528,55.0,-12.175277709960938
2020-03-02 03:00:00,97.49624,125.0,27.503761291503906
2020-03-02 06:00:00,114.92898,202.0,87.0710220336914
2020-03-02 09:00:00,110.461655,191.0,80.53834533691406
2020-03-02 12:00:00,88.02602,85.0,-3.0260162353515625
2020-03-02 15:00:00,55.144257,22.0,-33.144256591796875
2020-03-02 18:00:00,29.42511,12.0,-17.42510986328125
2020-03-02 21:00:00,19.685102,14.0,-5.685102462768555
2020-03-03 00:00:00,16.90796,20.0,3.092039108276367
2020-03-03 03:00:00,31.400305,22.0,-9.400304794311523
2020-03-03 06:00:00,30.901789,11.0,-19.90178871154785
2020-03-03 09:00:00,28.715164,13.0,-15.715164184570312
2020-03-03 12:00:00,30.617401,11.0,-19.617401123046875
2020-03-03 15:00:00,33.191837,13.0,-20.191837310791016
2020-03-03 18:00:00,32.6379,17.0,-15.637901306152344
2020-03-03 21:00:00,33.258404,18.0,-15.258403778076172
2020-03-04 00:00:00,23.139364,23.0,-0.13936424255371094
2020-03-04 03:00:00,24.16573,18.0,-6.165729522705078
2020-03-04 06:00:00,21.424398,17.0,-4.424398422241211
2020-03-04 09:00:00,17.07781,16.0,-1.077810287475586
2020-03-04 12:00:00,29.711487,43.0,13.28851318359375
2020-03-04 15:00:00,33.424385,41.0,7.575614929199219
2020-03-04 18:00:00,35.53464,28.0,-7.534641265869141
2020-03-04 21:00:00,36.28247,32.0,-4.282470703125
2020-03-05 00:00:00,57.126728,32.0,-25.126728057861328
2020-03-05 03:00:00,68.52679,35.0,-33.52678680419922
2020-03-05 06:00:00,61.19359,33.0,-28.193588256835938
2020-03-05 09:00:00,40.961426,28.0,-12.96142578125
2020-03-05 12:00:00,25.967665,31.0,5.03233528137207
2020-03-05 15:00:00,23.376514,30.0,6.623485565185547
2020-03-05 18:00:00,20.547646,28.0,7.452354431152344
2020-03-05 21:00:00,20.919743,39.0,18.080257415771484
2020-03-06 00:00:00,0.0,38.0,38.0
2020-03-06 06:00:00,6.8135934,50.0,43.18640661239624
2020-03-06 09:00:00,7.736105,41.0,33.26389503479004
2020-03-06 12:00:00,28.514364,31.0,2.485635757446289
2020-03-06 15:00:00,36.94146,34.0,-2.9414596557617188
2020-03-06 18:00:00,32.298317,37.0,4.701683044433594
2020-03-06 21:00:00,27.312126,65.0,37.68787384033203
2020-03-07 00:00:00,11.039674,38.0,26.960326194763184
2020-03-07 03:00:00,27.326677,33.0,5.673322677612305
2020-03-07 06:00:00,43.24886,26.0,-17.248859405517578
2020-03-07 09:00:00,53.334873,18.0,-35.33487319946289
2020-03-07 12:00:00,42.91013,20.0,-22.91012954711914
2020-03-07 15:00:00,40.18193,32.0,-8.181930541992188
2020-03-07 18:00:00,34.424488,52.0,17.575511932373047
2020-03-07 21:00:00,33.20088,35.0,1.7991218566894531
2020-03-08 00:00:00,18.320974,26.0,7.679025650024414
2020-03-08 03:00:00,50.94819,118.0,67.05181121826172
2020-03-08 06:00:00,81.78489,103.0,21.215110778808594
2020-03-08 09:00:00,99.351265,150.0,50.64873504638672
2020-03-08 12:00:00,124.79774,143.0,18.20226287841797
2020-03-08 15:00:00,114.405396,108.0,-6.4053955078125
2020-03-08 18:00:00,105.12099,105.0,-0.1209869384765625
2020-03-08 21:00:00,136.26947,39.0,-97.26947021484375
2020-03-09 00:00:00,242.48834,43.0,-199.48834228515625
2020-03-09 03:00:00,234.10576,66.0,-168.1057586669922
2020-03-09 06:00:00,193.2384,105.0,-88.2384033203125
2020-03-09 09:00:00,143.93709,50.0,-93.93708801269531
2020-03-09 12:00:00,88.200066,48.0,-40.20006561279297
2020-03-09 15:00:00,67.00929,43.0,-24.009292602539062
2020-03-09 18:00:00,53.579243,41.0,-12.579242706298828
2020-03-09 21:00:00,45.891285,36.0,-9.891284942626953
2020-03-10 00:00:00,8.59427,25.0,16.40573024749756
2020-03-10 03:00:00,23.308815,34.0,10.691184997558594
2020-03-10 06:00:00,33.742596,37.0,3.257404327392578
2020-03-10 09:00:00,29.603626,37.0,7.396373748779297
2020-03-10 12:00:00,76.58764,34.0,-42.58763885498047
2020-03-10 15:00:00,60.962234,39.0,-21.962234497070312
2020-03-10 18:00:00,52.310158,42.0,-10.310157775878906
2020-03-10 21:00:00,49.35521,47.0,-2.3552093505859375
2020-03-11 00:00:00,49.24482,44.0,-5.244819641113281
2020-03-11 03:00:00,49.393974,52.0,2.6060256958007812
2020-03-11 06:00:00,49.3327,59.0,9.667301177978516
2020-03-11 09:00:00,47.993465,54.0,6.006534576416016
2020-03-11 12:00:00,44.673923,48.0,3.3260765075683594
2020-03-11 15:00:00,45.833645,57.0,11.16635513305664
2020-03-11 18:00:00,40.949318,58.0,17.050682067871094
2020-03-11 21:00:00,40.447617,41.0,0.5523834228515625
2020-03-12 00:00:00,47.87671,72.0,24.123291015625
2020-03-12 03:00:00,49.125446,63.0,13.874553680419922
2020-03-12 06:00:00,55.416878,50.0,-5.416877746582031
2020-03-12 09:00:00,57.35751,65.0,7.642490386962891
2020-03-12 12:00:00,66.34127,47.0,-19.341270446777344
2020-03-12 15:00:00,61.81199,57.0,-4.811988830566406
2020-03-12 18:00:00,49.461277,39.0,-10.46127700805664
2020-03-12 21:00:00,45.3997,40.0,-5.399700164794922
2020-03-13 00:00:00,15.379556,25.0,9.620444297790527
2020-03-13 03:00:00,22.028929,57.0,34.97107124328613
2020-03-13 06:00:00,26.579529,43.0,16.42047119140625
2020-03-13 09:00:00,25.613417,56.0,30.38658332824707
2020-03-13 12:00:00,49.617256,48.0,-1.6172561645507812
2020-03-13 15:00:00,44.601395,45.0,0.3986053466796875
2020-03-13 18:00:00,41.776047,19.0,-22.776046752929688
2020-03-13 21:00:00,42.407463,27.0,-15.407463073730469
2020-03-14 00:00:00,28.451267,29.0,0.5487327575683594
2020-03-14 03:00:00,33.758625,25.0,-8.758625030517578
2020-03-14 06:00:00,39.81785,27.0,-12.817848205566406
2020-03-14 09:00:00,58.360912,31.0,-27.360912322998047
2020-03-14 12:00:00,90.60364,91.0,0.3963623046875
2020-03-14 15:00:00,89.25485,32.0,-57.254852294921875
2020-03-14 18:00:00,72.328476,28.0,-44.32847595214844
2020-03-14 21:00:00,67.36263,27.0,-40.362632751464844
2020-03-15 00:00:00,61.113953,23.0,-38.11395263671875
2020-03-15 03:00:00,68.51633,22.0,-46.516326904296875
2020-03-15 06:00:00,65.23459,24.0,-41.234588623046875
2020-03-15 09:00:00,55.871113,28.0,-27.871112823486328
2020-03-15 12:00:00,58.430546,33.0,-25.430545806884766
2020-03-15 15:00:00,57.932312,26.0,-31.93231201171875
2020-03-15 18:00:00,62.993877,32.0,-30.993877410888672
2020-03-15 21:00:00,65.695305,23.0,-42.69530487060547
2020-03-16 00:00:00,75.370735,48.0,-27.37073516845703
2020-03-16 03:00:00,55.649708,31.0,-24.649707794189453
2020-03-16 06:00:00,43.79484,35.0,-8.794841766357422
2020-03-16 09:00:00,41.518944,39.0,-2.5189437866210938
2020-03-16 12:00:00,14.30999,41.0,26.69001007080078
2020-03-16 15:00:00,21.500795,33.0,11.499204635620117
2020-03-16 18:00:00,25.52497,28.0,2.4750308990478516
2020-03-16 21:00:00,30.5281,26.0,-4.528099060058594
2020-03-17 00:00:00,19.040955,27.0,7.95904541015625
2020-03-17 03:00:00,29.81392,18.0,-11.813919067382812
2020-03-17 06:00:00,32.927402,23.0,-9.92740249633789
2020-03-17 09:00:00,51.30596,17.0,-34.30596160888672
2020-03-17 12:00:00,41.626892,30.0,-11.62689208984375
2020-03-17 15:00:00,32.071968,35.0,2.9280319213867188
2020-03-17 18:00:00,19.872345,18.0,-1.872344970703125
2020-03-17 21:00:00,18.028913,25.0,6.971086502075195
2020-03-18 00:00:00,22.709627,21.0,-1.7096271514892578
2020-03-18 03:00:00,27.9515,20.0,-7.951499938964844
2020-03-18 06:00:00,27.27728,25.0,-2.277280807495117
2020-03-18 09:00:00,32.44054,27.0,-5.440540313720703
2020-03-18 12:00:00,26.10301,36.0,9.896989822387695
2020-03-18 15:00:00,35.356834,34.0,-1.3568344116210938
2020-03-18 18:00:00,43.219643,32.0,-11.219642639160156
2020-03-18 21:00:00,43.814793,22.0,-21.81479263305664
2020-03-19 00:00:00,26.012003,22.0,-4.012002944946289
2020-03-19 03:00:00,41.448174,33.0,-8.448173522949219
2020-03-19 06:00:00,51.09814,26.0,-25.098140716552734
2020-03-19 09:00:00,39.681595,26.0,-13.681594848632812
2020-03-19 12:00:00,21.699976,25.0,3.3000240325927734
2020-03-19 15:00:00,16.594414,30.0,13.405586242675781
2020-03-19 18:00:00,36.342953,38.0,1.6570472717285156
2020-03-19 21:00:00,53.12313,37.0,-16.123130798339844
2020-03-20 00:00:00,9.426912,39.0,29.573087692260742
2020-03-20 03:00:00,21.784672,27.0,5.215328216552734
2020-03-20 06:00:00,33.021706,20.0,-13.021705627441406
2020-03-20 09:00:00,38.768177,16.0,-22.768177032470703
2020-03-20 12:00:00,31.13405,17.0,-14.134050369262695
2020-03-20 15:00:00,37.708103,24.0,-13.70810317993164
2020-03-20 18:00:00,33.696323,16.0,-17.69632339477539
2020-03-20 21:00:00,33.631294,18.0,-15.631294250488281
2020-03-21 00:00:00,49.10089,25.0,-24.10089111328125
2020-03-21 03:00:00,54.254086,26.0,-28.254085540771484
2020-03-21 06:00:00,55.72815,24.0,-31.7281494140625
2020-03-21 12:00:00,94.15567,17.0,-77.15567016601562
2020-03-21 15:00:00,75.14734,20.0,-55.1473388671875
2020-03-21 18:00:00,52.328575,15.0,-37.328575134277344
2020-03-21 21:00:00,34.517258,20.0,-14.517257690429688
2020-03-22 00:00:00,65.20622,13.0,-52.20622253417969
2020-03-22 03:00:00,64.018875,16.0,-48.01887512207031
2020-03-22 06:00:00,74.64234,22.0,-52.64234161376953
2020-03-22 09:00:00,92.125786,30.0,-62.12578582763672
2020-03-22 12:00:00,80.10113,23.0,-57.10112762451172
2020-03-22 15:00:00,78.27094,22.0,-56.27094268798828
2020-03-22 18:00:00,73.56664,39.0,-34.56664276123047
2020-03-22 21:00:00,100.644684,143.0,42.355316162109375
2020-03-23 00:00:00,181.7259,134.0,-47.72590637207031
2020-03-23 03:00:00,188.59373,126.0,-62.59373474121094
2020-03-23 15:00:00,56.06148,9.0,-47.06148147583008
2020-03-23 18:00:00,35.952324,13.0,-22.95232391357422
2020-03-23 21:00:00,29.89691,16.0,-13.896909713745117
2020-03-24 00:00:00,5.647053,38.0,32.35294723510742
2020-03-24 03:00:00,10.460553,26.0,15.539446830749512
2020-03-24 06:00:00,24.60456,15.0,-9.604560852050781
2020-03-24 09:00:00,37.73562,9.0,-28.735618591308594
2020-03-24 12:00:00,34.54659,17.0,-17.546588897705078
2020-03-24 15:00:00,33.033756,24.0,-9.033756256103516
2020-03-24 18:00:00,25.5352,32.0,6.464799880981445
2020-03-24 21:00:00,22.157791,28.0,5.8422088623046875
2020-03-25 00:00:00,17.017782,23.0,5.982217788696289
2020-03-25 03:00:00,25.208351,22.0,-3.2083511352539062
2020-03-25 06:00:00,29.69557,19.0,-10.69556999206543
2020-03-25 09:00:00,27.134207,19.0,-8.134206771850586
2020-03-25 12:00:00,2.91152,17.0,14.088479995727539
2020-03-25 15:00:00,4.2280135,19.0,14.771986484527588
2020-03-25 18:00:00,1.7612365,42.0,40.23876345157623
2020-03-25 21:00:00,3.6468463,30.0,26.353153705596924
2020-03-26 00:00:00,0.0,24.0,24.0
2020-03-26 03:00:00,0.0,27.0,27.0
2020-03-26 06:00:00,0.0,27.0,27.0
2020-03-26 09:00:00,1.5185151,26.0,24.48148488998413
2020-03-26 12:00:00,13.019075,25.0,11.980924606323242
2020-03-26 15:00:00,13.285444,22.0,8.714555740356445
2020-03-26 18:00:00,15.346018,19.0,3.653982162475586
2020-03-26 21:00:00,18.203537,23.0,4.7964630126953125
2020-03-27 00:00:00,10.306849,18.0,7.693151473999023
2020-03-27 03:00:00,15.289345,22.0,6.710655212402344
2020-03-27 06:00:00,10.8258295,21.0,10.17417049407959
2020-03-27 09:00:00,19.118546,22.0,2.8814544677734375
2020-03-27 12:00:00,32.06276,24.0,-8.062759399414062
2020-03-27 15:00:00,22.952805,24.0,1.0471954345703125
2020-03-27 18:00:00,16.362265,23.0,6.637735366821289
2020-03-27 21:00:00,17.927277,23.0,5.072723388671875
2020-03-28 00:00:00,44.3722,21.0,-23.37220001220703
2020-03-28 03:00:00,52.00252,25.0,-27.002521514892578
2020-03-28 06:00:00,96.12484,30.0,-66.12483978271484
2020-03-28 09:00:00,136.42734,30.0,-106.42733764648438
2020-03-28 12:00:00,156.23528,45.0,-111.23527526855469
2020-03-28 15:00:00,174.55363,72.0,-102.55363464355469
2020-03-28 18:00:00,170.24695,84.0,-86.2469482421875
2020-03-28 21:00:00,146.72878,45.0,-101.72877502441406
2020-03-29 00:00:00,131.4761,31.0,-100.47610473632812
2020-03-29 03:00:00,150.07208,33.0,-117.07208251953125
2020-03-29 06:00:00,147.23196,55.0,-92.23196411132812
2020-03-29 09:00:00,159.34433,69.0,-90.34432983398438
2020-03-29 12:00:00,130.40971,59.0,-71.40971374511719
2020-03-29 15:00:00,94.28913,44.0,-50.28913116455078
2020-03-29 18:00:00,50.451263,39.0,-11.451263427734375
2020-03-29 21:00:00,29.671354,23.0,-6.671354293823242
2020-03-30 00:00:00,98.50964,23.0,-75.5096435546875
2020-03-30 03:00:00,99.1713,23.0,-76.17130279541016
2020-03-30 06:00:00,78.34353,35.0,-43.343528747558594
2020-03-30 09:00:00,62.036633,35.0,-27.036632537841797
2020-03-30 12:00:00,44.70621,25.0,-19.70621109008789
2020-03-30 15:00:00,32.8173,18.0,-14.817298889160156
2020-03-30 18:00:00,23.929714,23.0,-0.9297142028808594
2020-03-30 21:00:00,24.087286,21.0,-3.0872859954833984
2020-03-31 00:00:00,0.0,16.0,16.0
2020-03-31 03:00:00,0.0,18.0,18.0
2020-03-31 06:00:00,0.0,26.0,26.0
2020-03-31 09:00:00,2.4513724,26.0,23.548627614974976
2020-03-31 12:00:00,33.655624,16.0,-17.655624389648438
2020-03-31 15:00:00,29.849617,15.0,-14.849617004394531
2020-03-31 18:00:00,30.6361,17.0,-13.636100769042969
2020-03-31 21:00:00,38.75266,16.0,-22.75265884399414
2020-04-01 00:00:00,56.48553,26.0,-30.485530853271484
2020-04-01 03:00:00,55.797955,15.0,-40.79795455932617
2020-04-01 06:00:00,59.08214,19.0,-40.0821418762207
2020-04-01 09:00:00,67.727516,23.0,-44.727516174316406
2020-04-01 12:00:00,41.864384,16.0,-25.864383697509766
2020-04-01 15:00:00,49.330765,20.0,-29.330764770507812
2020-04-01 18:00:00,40.16283,25.0,-15.162830352783203
2020-04-01 21:00:00,35.752464,23.0,-12.752464294433594
2020-04-02 00:00:00,29.856438,22.0,-7.856437683105469
2020-04-02 03:00:00,25.828058,20.0,-5.828058242797852
2020-04-02 06:00:00,19.45216,27.0,7.547840118408203
2020-04-02 09:00:00,22.143183,27.0,4.856817245483398
2020-04-02 12:00:00,62.833237,25.0,-37.83323669433594
2020-04-02 15:00:00,65.46441,18.0,-47.46440887451172
2020-04-02 18:00:00,67.285324,33.0,-34.28532409667969
2020-04-02 21:00:00,55.1172,44.0,-11.117198944091797
2020-04-03 00:00:00,43.80854,34.0,-9.808540344238281
2020-04-03 03:00:00,51.085407,36.0,-15.085407257080078
2020-04-03 06:00:00,52.26434,27.0,-25.264339447021484
2020-04-03 09:00:00,55.187824,40.0,-15.187824249267578
2020-04-03 12:00:00,51.164078,43.0,-8.164077758789062
2020-04-03 15:00:00,54.173595,35.0,-19.173595428466797
2020-04-05 06:00:00,5.4075146,15.0,9.592485427856445
2020-04-05 09:00:00,11.532279,26.0,14.467720985412598
2020-04-05 12:00:00,26.058046,23.0,-3.058046340942383
2020-04-05 15:00:00,30.17533,30.0,-0.17532920837402344
2020-04-05 18:00:00,29.143621,18.0,-11.143621444702148
2020-04-05 21:00:00,28.095201,22.0,-6.09520149230957
2020-04-06 00:00:00,90.489265,17.0,-73.48926544189453
2020-04-06 03:00:00,92.992195,21.0,-71.99219512939453
2020-04-06 06:00:00,86.811554,12.0,-74.81155395507812
2020-04-06 09:00:00,73.23251,12.0,-61.232513427734375
2020-04-06 12:00:00,49.105667,9.0,-40.10566711425781
2020-04-06 15:00:00,34.84763,10.0,-24.84762954711914
2020-04-06 18:00:00,40.573353,17.0,-23.573352813720703
2020-04-06 21:00:00,40.75764,17.0,-23.757640838623047
2020-04-07 00:00:00,41.784004,18.0,-23.78400421142578
2020-04-07 03:00:00,53.65041,13.0,-40.65040969848633
2020-04-07 06:00:00,67.49928,27.0,-40.49928283691406
2020-04-07 09:00:00,80.271095,30.0,-50.271095275878906
2020-04-07 12:00:00,55.889473,27.0,-28.88947296142578
2020-04-07 15:00:00,42.237785,35.0,-7.237785339355469
2020-04-07 18:00:00,31.070158,33.0,1.9298419952392578
2020-04-07 21:00:00,30.583578,37.0,6.416421890258789
2020-04-08 00:00:00,13.42687,25.0,11.573129653930664
2020-04-08 03:00:00,29.85928,21.0,-8.85927963256836
2020-04-08 06:00:00,57.811745,34.0,-23.811744689941406
2020-04-08 09:00:00,78.703575,32.0,-46.703575134277344
2020-04-08 12:00:00,73.01913,36.0,-37.019126892089844
2020-04-08 15:00:00,70.12057,34.0,-36.120567321777344
2020-04-08 18:00:00,82.056885,28.0,-54.056884765625
2020-04-08 21:00:00,92.34623,28.0,-64.34622955322266
2020-04-09 00:00:00,83.28243,27.0,-56.282432556152344
2020-04-09 03:00:00,85.462715,75.0,-10.462715148925781
2020-04-09 06:00:00,74.79639,107.0,32.20361328125
2020-04-09 09:00:00,59.51631,114.0,54.48368835449219
2020-04-09 12:00:00,97.19019,47.0,-50.19019317626953
2020-04-09 15:00:00,78.22598,39.0,-39.225982666015625
2020-04-09 18:00:00,62.93385,50.0,-12.933849334716797
2020-04-09 21:00:00,60.666935,44.0,-16.666934967041016
2020-04-10 00:00:00,74.38894,42.0,-32.388938903808594
2020-04-10 03:00:00,93.926704,41.0,-52.92670440673828
2020-04-10 06:00:00,113.35908,26.0,-87.35907745361328
2020-04-10 09:00:00,121.99848,104.0,-17.99848175048828
2020-04-10 12:00:00,120.17813,96.0,-24.178131103515625
2020-04-10 15:00:00,114.11976,112.0,-2.1197586059570312
2020-04-10 18:00:00,127.051865,99.0,-28.051864624023438
2020-04-10 21:00:00,129.113,103.0,-26.113006591796875
2020-04-11 00:00:00,90.125465,91.0,0.8745346069335938
2020-04-11 03:00:00,87.92267,33.0,-54.92266845703125
2020-04-11 06:00:00,108.76647,30.0,-78.76647186279297
2020-04-11 09:00:00,124.86225,40.0,-84.86225128173828
2020-04-11 12:00:00,112.03201,58.0,-54.032012939453125
2020-04-11 15:00:00,89.12571,49.0,-40.125709533691406
2020-04-11 18:00:00,79.42981,45.0,-34.4298095703125
2020-04-11 21:00:00,65.66188,14.0,-51.66188049316406
2020-04-12 00:00:00,22.801033,10.0,-12.801033020019531
2020-04-12 03:00:00,14.040324,15.0,0.9596757888793945
2020-04-12 06:00:00,16.932291,26.0,9.067708969116211
2020-04-12 09:00:00,20.812195,33.0,12.18780517578125
2020-04-12 12:00:00,13.310682,33.0,19.68931770324707
2020-04-12 15:00:00,19.111212,17.0,-2.1112117767333984
2020-04-12 18:00:00,26.007002,15.0,-11.007001876831055
2020-04-12 21:00:00,28.041996,12.0,-16.041996002197266
2020-04-13 00:00:00,58.89524,14.0,-44.895240783691406
2020-04-13 03:00:00,51.7075,14.0,-37.70750045776367
2020-04-13 06:00:00,45.73445,14.0,-31.734451293945312
2020-04-13 09:00:00,48.399498,15.0,-33.399497985839844
2020-04-13 12:00:00,123.23608,14.0,-109.23607635498047
2020-04-13 15:00:00,114.80233,11.0,-103.80233001708984
2020-04-13 18:00:00,107.6412,15.0,-92.64119720458984
2020-04-13 21:00:00,94.18068,22.0,-72.18067932128906
2020-04-14 00:00:00,13.894805,17.0,3.1051950454711914
2020-04-14 03:00:00,2.2422454,18.0,15.757754564285278
2020-04-14 06:00:00,0.0634941,17.0,16.936505898833275
2020-04-14 09:00:00,3.2275693,9.0,5.772430658340454
2020-04-14 12:00:00,8.951872,15.0,6.048128128051758
2020-04-14 15:00:00,10.351243,16.0,5.648756980895996
2020-04-14 18:00:00,9.857445,19.0,9.142555236816406
2020-04-14 21:00:00,10.420535,18.0,7.579464912414551
2020-04-15 00:00:00,43.595036,18.0,-25.595035552978516
2020-04-15 03:00:00,55.199394,16.0,-39.19939422607422
2020-04-15 06:00:00,45.69955,17.0,-28.69955062866211
2020-04-15 09:00:00,69.84004,20.0,-49.84004211425781
2020-04-15 12:00:00,54.721,7.0,-47.72100067138672
2020-04-15 15:00:00,67.4147,5.0,-62.414703369140625
2020-04-15 18:00:00,61.89248,11.0,-50.892478942871094
2020-04-15 21:00:00,62.03959,14.0,-48.039588928222656
2020-04-16 00:00:00,28.534033,16.0,-12.534032821655273
2020-04-16 03:00:00,21.80343,16.0,-5.803430557250977
2020-04-16 06:00:00,20.508879,18.0,-2.508878707885742
2020-04-16 09:00:00,24.603651,34.0,9.39634895324707
2020-04-16 12:00:00,28.866907,44.0,15.133092880249023
2020-04-16 15:00:00,37.25347,32.0,-5.253471374511719
2020-04-16 18:00:00,43.789898,34.0,-9.789897918701172
2020-04-16 21:00:00,46.397873,19.0,-27.397872924804688
2020-04-17 00:00:00,56.49986,23.0,-33.49985885620117
2020-04-17 03:00:00,61.49537,34.0,-27.49536895751953
2020-04-17 06:00:00,69.723114,26.0,-43.723114013671875
2020-04-17 09:00:00,69.454475,25.0,-44.45447540283203
2020-04-17 12:00:00,50.765038,29.0,-21.765037536621094
2020-04-17 15:00:00,57.911167,32.0,-25.91116714477539
2020-04-17 18:00:00,50.9051,35.0,-15.905101776123047
2020-04-17 21:00:00,42.507053,39.0,-3.5070533752441406
2020-04-18 00:00:00,51.147026,37.0,-14.147026062011719
2020-04-18 03:00:00,45.58342,39.0,-6.5834197998046875
2020-04-18 06:00:00,44.39272,31.0,-13.392719268798828
2020-04-18 09:00:00,48.58805,36.0,-12.588050842285156
2020-04-18 12:00:00,71.81325,29.0,-42.81324768066406
2020-04-18 15:00:00,57.05783,21.0,-36.057830810546875
2020-04-18 18:00:00,40.306988,34.0,-6.306987762451172
2020-04-18 21:00:00,34.727463,43.0,8.272537231445312
2020-04-19 00:00:00,3.5632865,38.0,34.436713457107544
2020-04-19 03:00:00,4.6111383,39.0,34.388861656188965
2020-04-19 06:00:00,13.129125,50.0,36.87087535858154
2020-04-19 09:00:00,27.2276,49.0,21.77239990234375
2020-04-19 12:00:00,67.53157,45.0,-22.531570434570312
2020-04-19 15:00:00,62.708183,45.0,-17.70818328857422
2020-04-19 18:00:00,45.092632,39.0,-6.092632293701172
2020-04-19 21:00:00,39.990253,37.0,-2.990253448486328
2020-04-20 00:00:00,40.631447,57.0,16.368553161621094
2020-04-20 03:00:00,61.001858,58.0,-3.0018577575683594
2020-04-20 06:00:00,71.55791,60.0,-11.557907104492188
2020-04-20 09:00:00,67.26282,40.0,-27.2628173828125
2020-04-20 12:00:00,72.378494,43.0,-29.378494262695312
2020-04-20 15:00:00,67.30488,42.0,-25.30487823486328
2020-04-20 18:00:00,69.33897,55.0,-14.338966369628906
2020-04-20 21:00:00,70.02359,55.0,-15.023590087890625
2020-04-21 00:00:00,53.09289,57.0,3.9071083068847656
2020-04-21 06:00:00,112.072716,40.0,-72.07271575927734
2020-04-21 09:00:00,122.046455,54.0,-68.04645538330078
2020-04-21 12:00:00,104.72081,37.0,-67.72080993652344
2020-04-21 15:00:00,90.93708,38.0,-52.93708038330078
2020-04-21 18:00:00,86.8265,32.0,-54.826499938964844
2020-04-21 21:00:00,83.69989,50.0,-33.69989013671875
2020-04-22 00:00:00,57.127865,106.0,48.872135162353516
2020-04-22 03:00:00,64.77717,66.0,1.2228317260742188
2020-04-22 06:00:00,81.93689,29.0,-52.9368896484375
2020-04-22 09:00:00,85.19788,17.0,-68.19788360595703
2020-04-22 12:00:00,42.766487,27.0,-15.766487121582031
2020-04-22 15:00:00,29.37719,21.0,-8.377189636230469
2020-04-22 18:00:00,22.405005,24.0,1.5949954986572266
2020-04-22 21:00:00,23.745657,30.0,6.254343032836914
2020-04-23 00:00:00,20.079597,38.0,17.92040252685547
2020-04-23 03:00:00,32.547062,37.0,4.452938079833984
2020-04-23 06:00:00,43.1948,43.0,-0.19480133056640625
2020-04-23 09:00:00,59.138474,48.0,-11.138473510742188
2020-04-23 12:00:00,43.044,41.0,-2.0439987182617188
2020-04-23 15:00:00,26.388592,37.0,10.611408233642578
2020-04-23 18:00:00,22.985489,36.0,13.014511108398438
2020-04-23 21:00:00,26.859312,35.0,8.140687942504883
2020-04-24 00:00:00,43.739876,41.0,-2.7398757934570312
2020-04-24 03:00:00,50.21076,51.0,0.7892417907714844
2020-04-24 06:00:00,53.943836,40.0,-13.943836212158203
2020-04-24 09:00:00,59.68525,26.0,-33.68524932861328
2020-04-25 18:00:00,42.6337,17.0,-25.63370132446289
2020-04-25 21:00:00,49.6525,27.0,-22.65250015258789
2020-04-26 00:00:00,49.978554,37.0,-12.978553771972656
2020-04-26 03:00:00,41.29663,49.0,7.703369140625
2020-04-26 06:00:00,48.169,49.0,0.8310012817382812
2020-04-26 09:00:00,60.893227,217.0,156.10677337646484
2020-04-26 12:00:00,89.379684,98.0,8.620315551757812
2020-04-26 15:00:00,116.09791,154.0,37.90209197998047
2020-04-26 21:00:00,135.47514,125.0,-10.475143432617188
2020-04-27 00:00:00,137.73297,53.0,-84.73297119140625
2020-04-27 06:00:00,99.9039,26.0,-73.90390014648438
2020-04-27 09:00:00,90.79969,21.0,-69.79969024658203
2020-04-27 12:00:00,105.11667,20.0,-85.11666870117188
2020-04-27 15:00:00,64.41905,14.0,-50.41905212402344
2020-04-27 18:00:00,32.355045,15.0,-17.355045318603516
2020-04-27 21:00:00,22.228277,7.0,-15.228277206420898
2020-04-28 00:00:00,25.70141,9.0,-16.7014102935791
2020-04-28 03:00:00,25.070677,13.0,-12.070676803588867
2020-04-28 06:00:00,20.274002,11.0,-9.274002075195312
2020-04-28 09:00:00,19.081085,15.0,-4.081085205078125
2020-04-28 12:00:00,21.021492,8.0,-13.021492004394531
2020-04-28 15:00:00,21.9718,5.0,-16.971799850463867
2020-04-28 18:00:00,19.046865,10.0,-9.046865463256836
2020-04-28 21:00:00,19.140316,13.0,-6.140316009521484
2020-04-29 00:00:00,20.651896,10.0,-10.651895523071289
2020-04-29 03:00:00,27.16297,9.0,-18.1629695892334
2020-04-29 06:00:00,30.04402,13.0,-17.04401969909668
2020-04-29 09:00:00,39.81728,29.0,-10.817279815673828
2020-04-29 18:00:00,24.841711,25.0,0.15828895568847656
2020-04-29 21:00:00,28.074282,21.0,-7.074281692504883
2020-04-30 00:00:00,82.774475,16.0,-66.77447509765625
2020-04-30 03:00:00,74.48716,16.0,-58.487159729003906
2020-04-30 06:00:00,78.57989,37.0,-41.57988739013672
2020-04-30 09:00:00,82.69092,53.0,-29.69091796875
2020-04-30 12:00:00,70.860435,31.0,-39.860435485839844
2020-04-30 15:00:00,67.1223,41.0,-26.122299194335938
2020-04-30 18:00:00,60.180355,46.0,-14.180355072021484
2020-04-30 21:00:00,54.781593,55.0,0.21840667724609375
2020-05-01 00:00:00,93.38919,38.0,-55.389190673828125
2020-05-01 03:00:00,74.59567,26.0,-48.595672607421875
2020-05-01 06:00:00,61.200695,38.0,-23.200695037841797
2020-05-01 09:00:00,58.54031,37.0,-21.54030990600586
2020-05-01 12:00:00,63.190556,48.0,-15.190555572509766
2020-05-01 15:00:00,50.93682,30.0,-20.93682098388672
2020-05-01 18:00:00,49.794666,29.0,-20.794666290283203
2020-05-01 21:00:00,52.555607,24.0,-28.555606842041016
2020-05-02 00:00:00,32.914158,22.0,-10.91415786743164
2020-05-02 03:00:00,38.59941,26.0,-12.599411010742188
2020-05-02 06:00:00,42.632565,37.0,-5.632564544677734
2020-05-02 09:00:00,58.05964,43.0,-15.059638977050781
2020-05-02 12:00:00,86.293144,34.0,-52.29314422607422
2020-05-02 15:00:00,77.29295,36.0,-41.29295349121094
2020-05-02 18:00:00,71.12567,39.0,-32.12567138671875
2020-05-02 21:00:00,68.26326,39.0,-29.263259887695312
2020-05-03 00:00:00,51.011967,44.0,-7.011966705322266
2020-05-03 03:00:00,48.790867,37.0,-11.79086685180664
2020-05-03 06:00:00,55.207977,38.0,-17.207977294921875
2020-05-03 09:00:00,62.731148,41.0,-21.73114776611328
2020-05-03 21:00:00,33.331615,20.0,-13.331615447998047
2020-05-04 00:00:00,14.978582,52.0,37.02141761779785
2020-05-04 03:00:00,20.019968,15.0,-5.019968032836914
2020-05-04 06:00:00,23.333315,22.0,-1.3333148956298828
2020-05-04 12:00:00,47.521156,26.0,-21.521156311035156
2020-05-04 15:00:00,47.65093,26.0,-21.650928497314453
2020-05-04 18:00:00,44.820522,29.0,-15.82052230834961
2020-05-04 21:00:00,44.00323,32.0,-12.003231048583984
2020-05-05 00:00:00,66.40858,22.0,-44.40857696533203
2020-05-05 03:00:00,71.05041,30.0,-41.05040740966797
2020-05-05 06:00:00,81.8809,19.0,-62.880897521972656
2020-05-05 09:00:00,84.17868,15.0,-69.17868041992188
2020-05-05 12:00:00,65.76579,17.0,-48.76579284667969
2020-05-05 15:00:00,52.221138,22.0,-30.22113800048828
2020-05-05 18:00:00,42.978855,20.0,-22.97885513305664
2020-05-05 21:00:00,37.21243,23.0,-14.21242904663086
2020-05-06 00:00:00,75.39665,27.0,-48.39665222167969
2020-05-06 03:00:00,76.3672,26.0,-50.36720275878906
2020-05-06 06:00:00,84.05692,26.0,-58.056922912597656
2020-05-06 09:00:00,77.3814,29.0,-48.38140106201172
2020-05-06 12:00:00,60.61464,37.0,-23.614639282226562
2020-05-06 15:00:00,52.95351,31.0,-21.953510284423828
2020-05-06 21:00:00,46.775314,58.0,11.224685668945312
2020-05-07 00:00:00,65.41211,39.0,-26.412109375
2020-05-07 03:00:00,98.76556,72.0,-26.76555633544922
2020-05-07 18:00:00,43.80428,32.0,-11.804279327392578
2020-05-07 21:00:00,37.156723,27.0,-10.156723022460938
2020-05-08 00:00:00,67.261566,30.0,-37.261566162109375
2020-05-08 03:00:00,51.57477,26.0,-25.574771881103516
2020-05-08 06:00:00,36.73847,19.0,-17.738468170166016
2020-05-08 09:00:00,29.327055,20.0,-9.327054977416992
2020-05-08 12:00:00,52.883022,21.0,-31.88302230834961
2020-05-08 15:00:00,51.0006,25.0,-26.000598907470703
2020-05-08 18:00:00,48.5727,20.0,-28.57270050048828
2020-05-11 09:00:00,29.495596,27.0,-2.495595932006836
2020-05-11 12:00:00,54.286316,15.0,-39.28631591796875
2020-05-11 15:00:00,55.05862,7.0,-48.05862045288086
2020-05-11 18:00:00,53.863403,8.0,-45.8634033203125
2020-05-11 21:00:00,48.154335,12.0,-36.154335021972656
2020-05-12 00:00:00,58.79201,9.0,-49.79201126098633
2020-05-12 03:00:00,49.260735,15.0,-34.26073455810547
2020-05-12 06:00:00,42.953106,16.0,-26.953105926513672
2020-05-13 18:00:00,39.910107,43.0,3.089893341064453
2020-05-13 21:00:00,44.12004,48.0,3.8799591064453125
2020-05-14 03:00:00,92.28245,44.0,-48.282447814941406
2020-05-14 06:00:00,85.938835,28.0,-57.93883514404297
2020-05-14 09:00:00,62.84864,26.0,-36.84864044189453
2020-05-14 12:00:00,47.608807,22.0,-25.608806610107422
2020-05-14 15:00:00,43.99459,34.0,-9.994590759277344
2020-05-15 06:00:00,57.5871,21.0,-36.587100982666016
2020-05-15 09:00:00,59.95395,28.0,-31.953948974609375
2020-05-15 12:00:00,65.47964,18.0,-47.479637145996094
2020-05-15 15:00:00,52.7167,29.0,-23.71670150756836
2020-05-15 18:00:00,47.06226,32.0,-15.062259674072266
2020-05-15 21:00:00,44.49339,28.0,-16.493389129638672
2020-05-16 00:00:00,16.371815,29.0,12.628185272216797
2020-05-16 03:00:00,27.284159,36.0,8.715841293334961
2020-05-16 06:00:00,23.682503,26.0,2.3174972534179688
2020-05-16 09:00:00,31.161846,22.0,-9.161846160888672
2020-05-16 12:00:00,23.566145,22.0,-1.5661449432373047
2020-05-16 15:00:00,24.917881,29.0,4.082118988037109
2020-05-16 18:00:00,25.611143,31.0,5.388856887817383
2020-05-16 21:00:00,28.07792,29.0,0.9220790863037109
2020-05-17 00:00:00,58.41139,26.0,-32.4113883972168
2020-05-17 03:00:00,64.043945,43.0,-21.0439453125
2020-05-17 06:00:00,74.386154,218.0,143.6138458251953
2020-05-17 09:00:00,72.13669,41.0,-31.136688232421875
2020-05-17 12:00:00,60.64971,105.0,44.35028839111328
2020-05-17 15:00:00,54.429165,35.0,-19.42916488647461
2020-05-17 18:00:00,43.76966,32.0,-11.769660949707031
2020-05-17 21:00:00,42.933037,31.0,-11.933036804199219
2020-05-18 00:00:00,28.923409,35.0,6.076591491699219
2020-05-18 03:00:00,30.162142,38.0,7.837858200073242
2020-05-18 06:00:00,31.939295,100.0,68.06070518493652
2020-05-18 09:00:00,41.020313,136.0,94.97968673706055
2020-05-18 12:00:00,72.11514,152.0,79.88485717773438
2020-05-18 15:00:00,67.43482,36.0,-31.43482208251953
2020-05-18 18:00:00,49.980427,36.0,-13.980426788330078
2020-05-18 21:00:00,43.466457,45.0,1.5335426330566406
2020-05-19 00:00:00,61.853485,39.0,-22.853485107421875
2020-05-19 06:00:00,68.363075,59.0,-9.363075256347656
2020-05-19 09:00:00,69.24887,86.0,16.751129150390625
2020-05-19 12:00:00,78.71802,65.0,-13.718017578125
2020-05-19 15:00:00,79.16569,52.0,-27.165687561035156
2020-05-19 18:00:00,72.20354,50.0,-22.203536987304688
2020-05-19 21:00:00,61.99906,37.0,-24.999061584472656
2020-05-20 00:00:00,23.379301,47.0,23.620698928833008
2020-05-20 03:00:00,24.447615,45.0,20.552385330200195
2020-05-20 06:00:00,33.06428,74.0,40.93571853637695
2020-05-20 09:00:00,44.769253,47.0,2.2307472229003906
2020-05-20 12:00:00,72.007996,39.0,-33.00799560546875
2020-05-20 15:00:00,68.94266,50.0,-18.942657470703125
2020-05-20 18:00:00,56.923965,66.0,9.076034545898438
2020-05-20 21:00:00,49.245842,56.0,6.754158020019531
2020-05-21 00:00:00,35.032486,45.0,9.967514038085938
2020-05-21 03:00:00,58.183502,48.0,-10.183502197265625
2020-05-21 06:00:00,68.11717,41.0,-27.117172241210938
2020-05-21 09:00:00,67.23036,48.0,-19.230361938476562
2020-05-21 12:00:00,50.869743,52.0,1.1302566528320312
2020-05-21 15:00:00,52.63928,59.0,6.360721588134766
2020-05-21 18:00:00,49.956272,52.0,2.0437278747558594
2020-05-21 21:00:00,49.807568,45.0,-4.807567596435547
2020-05-22 00:00:00,50.764584,51.0,0.23541641235351562
2020-05-22 03:00:00,51.55721,48.0,-3.557209014892578
2020-05-22 06:00:00,49.591507,43.0,-6.5915069580078125
2020-05-22 09:00:00,47.419804,46.0,-1.4198036193847656
2020-05-22 12:00:00,74.15241,51.0,-23.15241241455078
2020-05-22 15:00:00,55.96087,64.0,8.039131164550781
2020-05-22 21:00:00,43.15757,58.0,14.842430114746094
2020-05-23 00:00:00,25.346025,48.0,22.653974533081055
2020-05-23 03:00:00,35.61064,55.0,19.389358520507812
2020-05-23 06:00:00,42.622105,46.0,3.3778953552246094
2020-05-23 09:00:00,43.597595,62.0,18.40240478515625
2020-05-23 12:00:00,34.36702,29.0,-5.3670196533203125
2020-05-23 15:00:00,32.098568,21.0,-11.098567962646484
2020-05-23 18:00:00,35.667767,51.0,15.332233428955078
2020-05-23 21:00:00,38.56087,43.0,4.439128875732422
2020-05-24 00:00:00,51.839153,40.0,-11.839153289794922
2020-05-24 03:00:00,62.205856,49.0,-13.205856323242188
2020-05-24 06:00:00,71.72042,186.0,114.27957916259766
2020-05-24 09:00:00,79.21176,144.0,64.78823852539062
2020-05-24 12:00:00,83.46524,61.0,-22.465240478515625
2020-05-24 15:00:00,59.233,74.0,14.766998291015625
2020-05-24 18:00:00,46.511276,71.0,24.488723754882812
2020-05-24 21:00:00,43.463615,59.0,15.536384582519531
2020-05-25 00:00:00,34.037727,59.0,24.96227264404297
2020-05-25 03:00:00,17.958342,42.0,24.041658401489258
2020-05-25 06:00:00,10.432643,60.0,49.56735706329346
2020-05-25 09:00:00,24.155155,75.0,50.844844818115234
2020-05-25 12:00:00,73.20159,68.0,-5.201591491699219
2020-05-25 15:00:00,73.20352,79.0,5.796478271484375
2020-05-25 18:00:00,68.58647,54.0,-14.586471557617188
2020-05-25 21:00:00,67.65566,58.0,-9.655662536621094
2020-05-26 00:00:00,73.48802,71.0,-2.4880218505859375
2020-05-26 03:00:00,83.94312,46.0,-37.94312286376953
2020-05-26 06:00:00,82.723434,36.0,-46.72343444824219
2020-05-26 09:00:00,74.88336,36.0,-38.88336181640625
2020-05-26 12:00:00,53.876534,23.0,-30.87653350830078
2020-05-26 15:00:00,54.21674,24.0,-30.216739654541016
2020-05-26 18:00:00,58.162014,27.0,-31.16201400756836
2020-05-26 21:00:00,64.05048,33.0,-31.05048370361328
2020-05-27 00:00:00,38.55814,45.0,6.441860198974609
2020-05-27 03:00:00,70.264946,35.0,-35.26494598388672
2020-05-27 06:00:00,69.02417,51.0,-18.024169921875
2020-05-27 09:00:00,58.223007,50.0,-8.223007202148438
2020-05-27 12:00:00,67.724556,47.0,-20.72455596923828
2020-05-27 15:00:00,67.426414,38.0,-29.426414489746094
2020-05-27 18:00:00,69.16332,31.0,-38.16332244873047
2020-05-27 21:00:00,72.850525,32.0,-40.85052490234375
2020-05-28 00:00:00,106.79378,47.0,-59.79377746582031
2020-05-28 15:00:00,68.545715,65.0,-3.54571533203125
2020-05-28 18:00:00,67.64219,55.0,-12.642189025878906
2020-05-28 21:00:00,68.404915,50.0,-18.40491485595703
2020-05-29 00:00:00,55.589455,51.0,-4.589454650878906
2020-05-29 03:00:00,51.78748,120.0,68.21252059936523
2020-05-29 06:00:00,56.248722,76.0,19.751277923583984
2020-05-29 09:00:00,53.466522,130.0,76.53347778320312
2020-05-29 12:00:00,100.80595,86.0,-14.805946350097656
2020-05-29 15:00:00,88.354,60.0,-28.35399627685547
2020-05-29 18:00:00,77.62918,58.0,-19.629180908203125
2020-05-29 21:00:00,69.34852,80.0,10.651481628417969
2020-05-30 00:00:00,66.51567,80.0,13.484329223632812
2020-05-31 03:00:00,53.584076,23.0,-30.584075927734375
2020-05-31 06:00:00,49.28029,30.0,-19.280288696289062
2020-05-31 09:00:00,50.162327,31.0,-19.16232681274414
2020-05-31 12:00:00,72.16363,30.0,-42.16362762451172
2020-05-31 15:00:00,64.48522,29.0,-35.48522186279297
2020-05-31 18:00:00,60.63533,33.0,-27.635330200195312
2020-05-31 21:00:00,58.12035,28.0,-30.120349884033203
2020-06-01 00:00:00,36.156395,23.0,-13.156394958496094
2020-06-01 03:00:00,46.41868,25.0,-21.418678283691406
2020-06-01 06:00:00,52.82891,27.0,-25.82891082763672
2020-06-01 09:00:00,59.22851,36.0,-23.228511810302734
2020-06-01 12:00:00,28.398914,43.0,14.601085662841797
2020-06-01 15:00:00,32.1819,35.0,2.8180999755859375
2020-06-01 18:00:00,35.20256,33.0,-2.2025604248046875
2020-06-01 21:00:00,38.68331,26.0,-12.683311462402344
2020-06-02 00:00:00,74.0647,31.0,-43.064697265625
2020-06-02 03:00:00,73.41936,36.0,-37.41935729980469
2020-06-02 06:00:00,81.148415,40.0,-41.148414611816406
2020-06-02 15:00:00,62.74729,56.0,-6.747291564941406
2020-06-02 18:00:00,59.218338,67.0,7.7816619873046875
2020-06-02 21:00:00,59.10988,66.0,6.8901214599609375
2020-06-03 00:00:00,49.637493,69.0,19.362506866455078
2020-06-03 03:00:00,41.060276,54.0,12.93972396850586
2020-06-03 06:00:00,43.55451,25.0,-18.554508209228516
2020-06-03 09:00:00,50.372536,23.0,-27.372535705566406
2020-06-03 12:00:00,60.450817,54.0,-6.450817108154297
2020-06-03 15:00:00,63.387573,69.0,5.6124267578125
2020-06-03 18:00:00,62.05187,71.0,8.948131561279297
2020-06-03 21:00:00,61.411243,56.0,-5.411243438720703
2020-06-04 00:00:00,71.67387,62.0,-9.673866271972656
2020-06-04 03:00:00,67.65691,68.0,0.34308624267578125
2020-06-04 15:00:00,48.58205,35.0,-13.582050323486328
2020-06-04 18:00:00,49.410545,31.0,-18.410545349121094
2020-06-04 21:00:00,50.662495,24.0,-26.662494659423828
2020-06-05 00:00:00,35.47575,19.0,-16.475749969482422
2020-06-05 03:00:00,45.3947,24.0,-21.394699096679688
2020-06-05 06:00:00,67.55715,36.0,-31.557151794433594
2020-06-05 09:00:00,81.08364,32.0,-49.083641052246094
2020-06-05 12:00:00,71.34207,100.0,28.657928466796875
2020-06-05 15:00:00,75.77381,64.0,-11.773811340332031
2020-06-05 18:00:00,70.351006,26.0,-44.35100555419922
2020-06-05 21:00:00,69.45254,27.0,-42.452537536621094
2020-06-06 00:00:00,77.298294,22.0,-55.29829406738281
2020-06-06 03:00:00,66.90925,25.0,-41.90924835205078
2020-06-06 15:00:00,28.048134,21.0,-7.048133850097656
2020-06-06 18:00:00,31.390413,21.0,-10.390413284301758
2020-06-06 21:00:00,42.95805,19.0,-23.958049774169922
2020-06-07 18:00:00,49.798985,27.0,-22.79898452758789
2020-06-07 21:00:00,47.02355,27.0,-20.023548126220703
2020-06-08 00:00:00,57.97983,27.0,-30.97983169555664
2020-06-08 03:00:00,64.15246,34.0,-30.15245819091797
2020-06-08 06:00:00,59.97464,20.0,-39.974639892578125
2020-06-08 09:00:00,50.940174,25.0,-25.940174102783203
2020-06-08 12:00:00,29.579666,20.0,-9.579666137695312
2020-06-08 15:00:00,23.958818,11.0,-12.958818435668945
2020-06-08 18:00:00,23.569386,17.0,-6.569385528564453
2020-06-08 21:00:00,23.541475,27.0,3.458524703979492
2020-06-09 00:00:00,68.13366,20.0,-48.13365936279297
2020-06-09 03:00:00,66.3,33.0,-33.30000305175781
2020-06-09 06:00:00,72.84757,33.0,-39.847572326660156
2020-06-09 09:00:00,66.4966,26.0,-40.49659729003906
2020-06-09 12:00:00,60.380558,25.0,-35.380558013916016
2020-06-09 15:00:00,53.57748,21.0,-32.57748031616211
2020-06-09 18:00:00,46.483025,24.0,-22.48302459716797
2020-06-09 21:00:00,40.849274,27.0,-13.849273681640625
2020-06-10 00:00:00,6.3698735,34.0,27.630126476287842
2020-06-10 03:00:00,13.993883,36.0,22.00611686706543
2020-06-10 06:00:00,15.224146,28.0,12.775854110717773
2020-06-10 09:00:00,26.682415,22.0,-4.682415008544922
2020-06-10 12:00:00,29.125885,27.0,-2.125885009765625
2020-06-10 15:00:00,28.705244,29.0,0.2947559356689453
2020-06-10 18:00:00,29.826424,34.0,4.173576354980469
2020-06-10 21:00:00,30.958973,30.0,-0.9589729309082031
2020-06-11 00:00:00,37.4323,27.0,-10.432300567626953
2020-06-11 06:00:00,65.43587,29.0,-36.43586730957031
2020-06-11 09:00:00,61.79016,42.0,-19.7901611328125
2020-06-11 12:00:00,34.220875,35.0,0.7791252136230469
2020-06-11 15:00:00,31.874605,36.0,4.125394821166992
2020-06-11 18:00:00,35.49667,33.0,-2.4966697692871094
2020-06-11 21:00:00,39.65829,30.0,-9.65829086303711
2020-06-12 00:00:00,23.367193,64.0,40.6328067779541
2020-06-12 03:00:00,30.342846,35.0,4.657154083251953
2020-06-12 06:00:00,38.7584,32.0,-6.758399963378906
2020-06-12 09:00:00,35.21387,36.0,0.7861289978027344
2020-06-12 15:00:00,69.62034,22.0,-47.620338439941406
2020-06-12 18:00:00,69.92775,13.0,-56.92774963378906
2020-06-12 21:00:00,57.173565,23.0,-34.17356491088867
2020-06-13 00:00:00,92.49567,25.0,-67.49566650390625
2020-06-13 03:00:00,89.67532,31.0,-58.675323486328125
2020-06-13 06:00:00,66.50549,48.0,-18.5054931640625
2020-06-13 09:00:00,49.56837,53.0,3.431629180908203
2020-06-13 12:00:00,37.287235,28.0,-9.287235260009766
2020-06-13 15:00:00,26.588964,11.0,-15.588964462280273
2020-06-13 18:00:00,22.274036,14.0,-8.274036407470703
2020-06-13 21:00:00,24.210636,8.0,-16.210636138916016
2020-06-14 03:00:00,66.38413,24.0,-42.384132385253906
2020-06-14 06:00:00,57.341934,28.0,-29.341934204101562
2020-06-14 09:00:00,51.84745,27.0,-24.847450256347656
2020-06-14 12:00:00,67.46131,23.0,-44.46131134033203
2020-06-14 15:00:00,60.421597,9.0,-51.42159652709961
2020-06-14 18:00:00,54.969406,14.0,-40.96940612792969
2020-06-14 21:00:00,49.083836,14.0,-35.08383560180664
2020-06-15 00:00:00,71.922386,15.0,-56.922386169433594
2020-06-15 03:00:00,60.955246,15.0,-45.95524597167969
2020-06-15 12:00:00,19.88309,25.0,5.116910934448242
2020-06-15 15:00:00,22.54751,18.0,-4.547510147094727
2020-06-15 18:00:00,26.904104,16.0,-10.904104232788086
2020-06-15 21:00:00,27.736519,21.0,-6.736518859863281
2020-06-16 00:00:00,61.608036,19.0,-42.608036041259766
2020-06-16 03:00:00,59.454124,21.0,-38.454124450683594
2020-06-16 06:00:00,59.262333,22.0,-37.262332916259766
2020-06-16 18:00:00,60.71673,23.0,-37.71672821044922
2020-06-16 21:00:00,52.499443,27.0,-25.49944305419922
2020-06-17 00:00:00,25.1041,26.0,0.8959007263183594
2020-06-17 03:00:00,29.446823,34.0,4.5531768798828125
2020-06-17 06:00:00,63.707375,41.0,-22.707374572753906
2020-06-17 09:00:00,73.92419,43.0,-30.92418670654297
2020-06-17 12:00:00,30.693172,25.0,-5.693172454833984
2020-06-17 15:00:00,33.433254,15.0,-18.43325424194336
2020-06-17 18:00:00,39.407383,8.0,-31.40738296508789
2020-06-17 21:00:00,64.20805,16.0,-48.20805358886719
2020-06-18 00:00:00,118.11926,35.0,-83.1192626953125
2020-06-18 03:00:00,96.14519,53.0,-43.14518737792969
2020-06-24 12:00:00,60.63328,58.0,-2.633281707763672
2020-06-24 15:00:00,52.98398,56.0,3.016021728515625
2020-06-24 18:00:00,47.342384,64.0,16.657615661621094
2020-06-24 21:00:00,41.944984,73.0,31.055015563964844
2020-06-25 00:00:00,82.63464,72.0,-10.6346435546875
2020-06-25 03:00:00,73.80481,56.0,-17.8048095703125
2020-06-25 15:00:00,56.195858,34.0,-22.195858001708984
2020-06-25 18:00:00,60.993217,37.0,-23.99321746826172
2020-06-25 21:00:00,72.06813,41.0,-31.068130493164062
2020-06-26 00:00:00,61.928062,48.0,-13.928062438964844
2020-06-26 06:00:00,85.16395,27.0,-58.16394805908203
2020-06-26 09:00:00,70.73004,28.0,-42.73004150390625
2020-06-26 12:00:00,40.75923,23.0,-17.759231567382812
2020-06-26 15:00:00,43.411774,26.0,-17.411773681640625
2020-06-26 18:00:00,48.084984,27.0,-21.084983825683594
2020-06-26 21:00:00,48.255062,28.0,-20.255062103271484
2020-06-27 00:00:00,88.125946,23.0,-65.12594604492188
2020-06-27 03:00:00,95.911674,25.0,-70.91167449951172
2020-06-27 06:00:00,88.39106,33.0,-55.39105987548828
2020-06-27 09:00:00,66.96348,33.0,-33.963478088378906
2020-06-27 12:00:00,45.06933,40.0,-5.069328308105469
2020-06-27 15:00:00,38.679672,40.0,1.3203277587890625
2020-06-27 18:00:00,38.310192,38.0,-0.3101921081542969
2020-06-27 21:00:00,41.607563,26.0,-15.607563018798828
2020-06-28 00:00:00,29.632587,29.0,-0.6325874328613281
2020-06-28 03:00:00,58.07112,20.0,-38.07112121582031
2020-06-28 06:00:00,61.281525,27.0,-34.281524658203125
2020-06-28 09:00:00,44.51408,30.0,-14.514080047607422
2020-06-28 12:00:00,45.24975,30.0,-15.249748229980469
2020-06-28 15:00:00,42.707825,19.0,-23.70782470703125
2020-06-28 18:00:00,44.78534,28.0,-16.78533935546875
2020-06-28 21:00:00,45.549313,22.0,-23.549312591552734
2020-06-29 00:00:00,59.27842,51.0,-8.278419494628906
2020-06-29 03:00:00,78.08495,19.0,-59.08495330810547
2020-06-29 06:00:00,102.66257,31.0,-71.66256713867188
2020-06-29 09:00:00,96.10125,23.0,-73.10124969482422
2020-06-29 15:00:00,69.41537,31.0,-38.415367126464844
2020-06-29 18:00:00,47.355797,40.0,-7.355796813964844
2020-06-29 21:00:00,43.665977,38.0,-5.665977478027344
2020-06-30 00:00:00,25.643658,48.0,22.356342315673828
2020-06-30 03:00:00,31.623245,65.0,33.37675476074219
2020-06-30 06:00:00,36.979374,61.0,24.020626068115234
2020-06-30 09:00:00,45.01544,32.0,-13.01544189453125
2020-06-30 12:00:00,61.806644,35.0,-26.806644439697266
2020-06-30 15:00:00,45.67255,38.0,-7.672550201416016
2020-06-30 18:00:00,37.07828,42.0,4.921718597412109
2020-06-30 21:00:00,36.94777,37.0,0.0522308349609375
2020-07-01 00:00:00,18.321316,46.0,27.67868423461914
2020-07-01 03:00:00,21.768755,37.0,15.231245040893555
2020-07-01 06:00:00,27.203669,53.0,25.79633140563965
2020-07-01 09:00:00,36.971073,49.0,12.028926849365234
2020-07-01 12:00:00,14.188345,37.0,22.811655044555664
2020-07-01 15:00:00,16.162403,23.0,6.837596893310547
2020-07-01 18:00:00,20.994549,26.0,5.005451202392578
2020-07-01 21:00:00,27.460146,35.0,7.539854049682617
2020-07-02 00:00:00,33.624813,45.0,11.375186920166016
2020-07-02 03:00:00,38.518692,55.0,16.481307983398438
2020-07-02 06:00:00,42.965893,62.0,19.034107208251953
2020-07-02 12:00:00,56.95995,41.0,-15.959949493408203
2020-07-02 15:00:00,44.504986,49.0,4.495014190673828
2020-07-02 18:00:00,35.252926,62.0,26.747074127197266
2020-07-02 21:00:00,32.654724,65.0,32.34527587890625
2020-07-03 00:00:00,1.8994796,71.0,69.10052037239075
2020-07-03 15:00:00,29.7847,31.0,1.2152996063232422
2020-07-03 18:00:00,32.967365,21.0,-11.967365264892578
2020-07-03 21:00:00,31.876198,27.0,-4.876197814941406
2020-07-04 00:00:00,79.02782,32.0,-47.02781677246094
2020-07-04 03:00:00,66.517715,28.0,-38.51771545410156
2020-07-04 06:00:00,56.46325,27.0,-29.46324920654297
2020-07-04 09:00:00,49.711388,39.0,-10.711387634277344
2020-07-04 15:00:00,35.678795,26.0,-9.678794860839844
2020-07-04 18:00:00,32.66166,34.0,1.3383407592773438
2020-07-04 21:00:00,37.757446,38.0,0.2425537109375
2020-07-05 00:00:00,28.464115,29.0,0.5358848571777344
2020-07-05 03:00:00,60.898968,39.0,-21.898967742919922
2020-07-05 06:00:00,91.910355,69.0,-22.910354614257812
2020-07-05 09:00:00,68.588066,26.0,-42.58806610107422
2020-07-05 12:00:00,69.42241,31.0,-38.42240905761719
2020-07-05 15:00:00,57.62979,45.0,-12.629791259765625
2020-07-05 18:00:00,52.074028,47.0,-5.074028015136719
2020-07-05 21:00:00,53.733402,38.0,-15.733402252197266
2020-07-06 00:00:00,44.174156,45.0,0.8258438110351562
2020-07-06 03:00:00,64.13847,47.0,-17.138473510742188
2020-07-06 06:00:00,83.159424,33.0,-50.159423828125
2020-07-06 09:00:00,79.54122,28.0,-51.541221618652344
2020-07-06 12:00:00,57.340458,48.0,-9.340457916259766
2020-07-06 15:00:00,55.79227,68.0,12.20772933959961
2020-07-06 18:00:00,47.628647,55.0,7.3713531494140625
2020-07-06 21:00:00,43.609135,55.0,11.390865325927734
2020-07-07 00:00:00,22.075027,44.0,21.924972534179688
2020-07-07 06:00:00,22.478617,30.0,7.521383285522461
2020-07-07 09:00:00,29.571993,19.0,-10.571992874145508
2020-07-07 12:00:00,58.791103,44.0,-14.79110336303711
2020-07-07 15:00:00,58.405247,47.0,-11.40524673461914
2020-07-07 18:00:00,46.817833,51.0,4.182167053222656
2020-07-07 21:00:00,41.489555,53.0,11.510444641113281
2020-07-08 00:00:00,35.123775,48.0,12.876224517822266
2020-07-08 03:00:00,39.107704,62.0,22.892295837402344
2020-07-08 06:00:00,44.580532,50.0,5.419467926025391
2020-07-08 09:00:00,51.672886,56.0,4.327114105224609
2020-07-08 12:00:00,55.361115,60.0,4.638885498046875
2020-07-08 15:00:00,58.76194,56.0,-2.7619400024414062
2020-07-08 18:00:00,55.71792,53.0,-2.7179183959960938
2020-07-08 21:00:00,56.109627,54.0,-2.1096267700195312
2020-07-09 00:00:00,46.98802,77.0,30.011978149414062
2020-07-09 03:00:00,63.886433,68.0,4.113567352294922
2020-07-09 06:00:00,79.25587,61.0,-18.25586700439453
2020-07-09 09:00:00,76.20252,55.0,-21.20252227783203
2020-07-09 12:00:00,75.727486,65.0,-10.727485656738281
2020-07-09 15:00:00,68.37473,83.0,14.625267028808594
2020-07-09 18:00:00,51.331425,83.0,31.668575286865234
2020-07-09 21:00:00,41.507065,72.0,30.492935180664062
2020-07-10 00:00:00,19.11974,57.0,37.8802604675293
2020-07-10 03:00:00,45.823696,70.0,24.17630386352539
2020-07-10 06:00:00,76.72992,53.0,-23.72991943359375
2020-07-10 09:00:00,62.42152,43.0,-19.421520233154297
2020-07-10 12:00:00,30.835623,51.0,20.164377212524414
2020-07-10 15:00:00,28.169437,59.0,30.830562591552734
2020-07-10 18:00:00,26.80224,64.0,37.1977596282959
2020-07-10 21:00:00,31.063564,59.0,27.93643569946289
2020-07-11 00:00:00,49.908295,60.0,10.091705322265625
2020-07-11 03:00:00,42.468628,48.0,5.5313720703125
2020-07-11 15:00:00,38.408756,44.0,5.591243743896484
2020-07-11 18:00:00,39.393852,49.0,9.606147766113281
2020-07-11 21:00:00,39.58212,56.0,16.41788101196289
2020-07-12 00:00:00,4.037929,47.0,42.96207094192505
2020-07-12 03:00:00,12.616908,61.0,48.38309192657471
2020-07-12 09:00:00,30.721481,47.0,16.278518676757812
2020-07-12 12:00:00,49.394886,56.0,6.605113983154297
2020-07-12 15:00:00,46.48655,68.0,21.513450622558594
2020-07-12 18:00:00,41.649857,60.0,18.350143432617188
2020-07-12 21:00:00,37.796326,56.0,18.20367431640625
2020-07-13 00:00:00,82.61577,38.0,-44.61576843261719
2020-07-13 03:00:00,62.749905,25.0,-37.74990463256836
2020-07-13 06:00:00,47.505238,22.0,-25.505237579345703
2020-07-13 09:00:00,43.72441,22.0,-21.724411010742188
2020-07-13 12:00:00,32.817978,16.0,-16.817977905273438
2020-07-13 15:00:00,31.541277,24.0,-7.541276931762695
2020-07-13 18:00:00,29.08655,24.0,-5.086549758911133
2020-07-13 21:00:00,28.202976,21.0,-7.202976226806641
2020-07-14 00:00:00,17.924776,26.0,8.075223922729492
2020-07-14 03:00:00,21.26484,31.0,9.735160827636719
2020-07-14 06:00:00,25.406507,25.0,-0.4065074920654297
2020-07-14 09:00:00,27.892157,22.0,-5.892156600952148
2020-07-14 12:00:00,34.85957,26.0,-8.859569549560547
2020-07-14 15:00:00,31.09767,30.0,-1.0976696014404297
2020-07-14 18:00:00,28.641125,34.0,5.358875274658203
2020-07-15 00:00:00,49.46014,41.0,-8.460140228271484
2020-07-15 03:00:00,48.846233,35.0,-13.846233367919922
2020-07-15 06:00:00,49.398636,26.0,-23.398635864257812
2020-07-15 09:00:00,46.701756,34.0,-12.70175552368164
2020-07-15 12:00:00,39.57325,38.0,-1.5732498168945312
2020-07-15 15:00:00,38.161716,38.0,-0.16171646118164062
2020-07-15 18:00:00,37.277916,28.0,-9.277915954589844
2020-07-15 21:00:00,35.38844,18.0,-17.388439178466797
2020-07-16 00:00:00,66.3897,18.0,-48.38970184326172
2020-07-16 03:00:00,55.40767,22.0,-33.40766906738281
2020-07-16 06:00:00,45.66914,25.0,-20.669139862060547
2020-07-16 09:00:00,40.789474,27.0,-13.789474487304688
2020-07-16 12:00:00,66.85195,29.0,-37.851951599121094
2020-07-16 15:00:00,60.293133,26.0,-34.29313278198242
2020-07-16 18:00:00,52.05834,37.0,-15.058338165283203
2020-07-16 21:00:00,48.835773,36.0,-12.835773468017578
2020-07-17 00:00:00,75.83572,33.0,-42.835716247558594
2020-07-17 03:00:00,88.70086,28.0,-60.70085906982422
2020-07-17 12:00:00,79.552704,53.0,-26.552703857421875
2020-07-17 15:00:00,80.59442,40.0,-40.59442138671875
2020-07-17 18:00:00,78.28135,46.0,-32.281349182128906
2020-07-17 21:00:00,73.922134,48.0,-25.922134399414062
2020-07-18 00:00:00,81.54803,78.0,-3.5480270385742188
2020-07-18 03:00:00,78.38003,79.0,0.6199722290039062
2020-07-18 06:00:00,83.90145,56.0,-27.901451110839844
2020-07-18 09:00:00,81.0557,28.0,-53.055702209472656
2020-07-18 12:00:00,82.65784,32.0,-50.6578369140625
2020-07-18 15:00:00,67.94835,51.0,-16.948348999023438
2020-07-18 18:00:00,54.508064,60.0,5.491935729980469
2020-07-18 21:00:00,45.129128,44.0,-1.1291275024414062
2020-07-19 00:00:00,7.524818,50.0,42.475182056427
2020-07-19 03:00:00,17.11743,51.0,33.88257026672363
2020-07-19 06:00:00,24.18028,50.0,25.819719314575195
2020-07-19 09:00:00,29.502758,42.0,12.497241973876953
2020-07-19 12:00:00,55.275562,32.0,-23.275562286376953
2020-07-19 15:00:00,45.43881,35.0,-10.43880844116211
2020-07-19 18:00:00,40.91271,29.0,-11.912708282470703
2020-07-19 21:00:00,42.283318,38.0,-4.283317565917969
2020-07-20 15:00:00,157.82632,60.0,-97.82632446289062
2020-07-20 18:00:00,187.81247,69.0,-118.81246948242188
2020-07-21 03:00:00,117.26468,35.0,-82.26467895507812
2020-07-21 06:00:00,100.47438,29.0,-71.47438049316406
2020-07-21 09:00:00,96.19214,59.0,-37.192138671875
2020-07-21 12:00:00,91.35136,57.0,-34.351356506347656
2020-07-21 15:00:00,110.95733,56.0,-54.95732879638672
2020-07-21 18:00:00,118.59515,50.0,-68.59515380859375
2020-07-21 21:00:00,94.50992,69.0,-25.509918212890625
2020-07-22 03:00:00,118.04957,52.0,-66.04956817626953
2020-07-22 06:00:00,95.44954,46.0,-49.44953918457031
2020-07-22 09:00:00,113.809616,43.0,-70.80961608886719
2020-07-22 12:00:00,131.64935,59.0,-72.64935302734375
2020-07-22 18:00:00,132.96085,67.0,-65.96084594726562
2020-07-22 21:00:00,131.3092,59.0,-72.3092041015625
2020-07-23 00:00:00,136.71251,43.0,-93.71250915527344
2020-07-23 03:00:00,119.75954,53.0,-66.75953674316406
2020-07-23 06:00:00,89.45517,50.0,-39.455169677734375
2020-07-23 09:00:00,85.92224,44.0,-41.9222412109375
2020-07-23 12:00:00,98.87526,76.0,-22.875259399414062
2020-07-23 18:00:00,94.96762,46.0,-48.967620849609375
2020-07-23 21:00:00,83.91953,43.0,-40.919532775878906
2020-07-24 00:00:00,85.326065,46.0,-39.32606506347656
2020-07-24 03:00:00,84.892235,42.0,-42.892234802246094
2020-07-24 06:00:00,85.88995,45.0,-40.88995361328125
2020-07-24 09:00:00,83.897705,38.0,-45.897705078125
2020-07-24 12:00:00,81.93228,49.0,-32.932281494140625
2020-07-24 15:00:00,80.019165,51.0,-29.0191650390625
2020-07-24 18:00:00,74.83686,48.0,-26.83686065673828
2020-07-24 21:00:00,72.40396,34.0,-38.403961181640625
2020-07-25 00:00:00,108.166885,40.0,-68.16688537597656
2020-07-25 03:00:00,101.71448,37.0,-64.7144775390625
2020-07-25 06:00:00,89.155945,42.0,-47.15594482421875
2020-07-25 09:00:00,82.525955,38.0,-44.52595520019531
2020-07-25 12:00:00,63.638027,54.0,-9.63802719116211
2020-07-25 15:00:00,60.193996,51.0,-9.19399642944336
2020-07-25 18:00:00,59.957527,41.0,-18.95752716064453
2020-07-25 21:00:00,62.463867,44.0,-18.4638671875
2020-07-26 00:00:00,43.872887,43.0,-0.8728866577148438
2020-07-26 09:00:00,47.593174,34.0,-13.59317398071289
2020-07-26 12:00:00,65.702576,37.0,-28.70257568359375
2020-07-26 15:00:00,71.433304,42.0,-29.433303833007812
2020-07-26 18:00:00,65.71145,37.0,-28.711448669433594
2020-07-26 21:00:00,60.193542,27.0,-33.19354248046875
2020-07-27 00:00:00,54.50579,42.0,-12.505790710449219
2020-07-27 03:00:00,61.825405,43.0,-18.82540512084961
2020-07-27 06:00:00,71.674324,57.0,-14.674324035644531
2020-07-27 09:00:00,70.35476,55.0,-15.354759216308594
2020-07-27 12:00:00,78.92686,53.0,-25.926856994628906
2020-07-27 15:00:00,65.12005,44.0,-21.12004852294922
2020-07-27 18:00:00,51.297775,49.0,-2.2977752685546875
2020-07-27 21:00:00,44.13732,51.0,6.862678527832031
2020-07-28 00:00:00,10.048325,52.0,41.95167541503906
2020-07-28 03:00:00,28.980366,49.0,20.019634246826172
2020-07-28 06:00:00,49.99549,50.0,0.00450897216796875
2020-07-28 09:00:00,63.081417,54.0,-9.081417083740234
2020-07-28 15:00:00,114.5861,104.0,-10.586097717285156
2020-07-29 15:00:00,131.79892,58.0,-73.79891967773438
2020-07-29 18:00:00,150.24625,57.0,-93.24624633789062
2020-07-29 21:00:00,191.3981,58.0,-133.39810180664062
2020-07-30 00:00:00,199.07043,58.0,-141.0704345703125
2020-07-30 12:00:00,198.9564,69.0,-129.95640563964844
2020-07-30 21:00:00,140.71997,70.0,-70.719970703125
2020-07-31 00:00:00,135.23004,71.0,-64.23004150390625
2020-07-31 03:00:00,135.82632,59.0,-76.82632446289062
2020-08-03 18:00:00,167.483,47.0,-120.48300170898438
2020-08-03 21:00:00,216.7069,63.0,-153.70689392089844
2020-08-04 00:00:00,180.43921,74.0,-106.439208984375
2020-08-04 03:00:00,126.57529,83.0,-43.575286865234375
2020-08-05 18:00:00,25.580448,42.0,16.419551849365234
2020-08-05 21:00:00,25.258488,42.0,16.741512298583984
2020-08-06 00:00:00,10.744316,31.0,20.25568389892578
2020-08-06 03:00:00,24.630253,30.0,5.369747161865234
2020-08-06 06:00:00,26.635008,31.0,4.364992141723633
2020-08-06 09:00:00,24.709152,48.0,23.290847778320312
2020-08-06 15:00:00,24.974724,23.0,-1.9747238159179688
2020-08-06 18:00:00,26.538145,26.0,-0.5381450653076172
2020-08-06 21:00:00,28.921932,26.0,-2.9219322204589844
2020-08-07 00:00:00,76.69155,29.0,-47.691551208496094
2020-08-07 03:00:00,104.32075,52.0,-52.32074737548828
2020-08-07 06:00:00,121.39094,66.0,-55.39093780517578
2020-08-07 15:00:00,56.202225,54.0,-2.2022247314453125
2020-08-07 18:00:00,47.54884,47.0,-0.5488395690917969
2020-08-07 21:00:00,46.79487,39.0,-7.794868469238281
2020-08-08 03:00:00,87.79137,63.0,-24.791366577148438
2020-08-08 06:00:00,113.267334,90.0,-23.267333984375
2020-08-08 09:00:00,122.760635,107.0,-15.760635375976562
2020-08-08 12:00:00,84.76331,71.0,-13.763313293457031
2020-08-08 15:00:00,74.7068,30.0,-44.70680236816406
2020-08-08 18:00:00,65.78807,37.0,-28.788070678710938
2020-08-08 21:00:00,62.563004,47.0,-15.563003540039062
2020-08-09 00:00:00,24.43062,62.0,37.569379806518555
2020-08-09 03:00:00,51.347115,27.0,-24.34711456298828
2020-08-09 06:00:00,102.88318,87.0,-15.8831787109375
2020-08-09 09:00:00,107.07083,81.0,-26.070831298828125
2020-08-09 12:00:00,74.603806,54.0,-20.603805541992188
2020-08-09 15:00:00,65.089806,26.0,-39.089805603027344
2020-08-09 18:00:00,52.798897,22.0,-30.79889678955078
2020-08-09 21:00:00,46.497234,35.0,-11.497234344482422
2020-08-10 00:00:00,26.72391,32.0,5.276090621948242
2020-08-10 06:00:00,86.23533,37.0,-49.235328674316406
2020-08-10 09:00:00,77.20655,51.0,-26.20655059814453
2020-08-10 12:00:00,65.39494,53.0,-12.394943237304688
2020-08-10 15:00:00,66.45723,32.0,-34.45722961425781
2020-08-10 18:00:00,67.46814,28.0,-39.4681396484375
2020-08-10 21:00:00,71.35395,42.0,-29.35395050048828
2020-08-11 00:00:00,96.1702,53.0,-43.170196533203125
2020-08-11 06:00:00,88.04386,35.0,-53.043861389160156
2020-08-11 09:00:00,73.1809,35.0,-38.18090057373047
2020-08-11 12:00:00,61.500942,37.0,-24.50094223022461
2020-08-11 15:00:00,56.72564,27.0,-29.72563934326172
2020-08-11 18:00:00,57.236206,44.0,-13.2362060546875
2020-08-11 21:00:00,59.731518,45.0,-14.731517791748047
2020-08-12 00:00:00,153.08524,32.0,-121.08523559570312
2020-08-12 18:00:00,97.47805,32.0,-65.4780502319336
2020-08-12 21:00:00,128.48988,25.0,-103.48988342285156
2020-08-13 00:00:00,89.71733,39.0,-50.71733093261719
2020-08-13 03:00:00,93.41693,28.0,-65.41693115234375
2020-08-13 06:00:00,86.261024,21.0,-65.26102447509766
2020-08-13 09:00:00,112.941734,47.0,-65.94173431396484
2020-08-13 12:00:00,129.7933,26.0,-103.79330444335938
2020-08-13 15:00:00,137.7839,32.0,-105.78390502929688
2020-08-13 18:00:00,151.03865,33.0,-118.03865051269531
2020-08-13 21:00:00,165.22108,32.0,-133.22108459472656
2020-08-14 00:00:00,102.69741,29.0,-73.6974105834961
2020-08-14 03:00:00,105.31812,28.0,-77.31812286376953
2020-08-14 06:00:00,96.91689,33.0,-63.916893005371094
2020-08-14 09:00:00,74.37484,35.0,-39.374839782714844
2020-08-14 12:00:00,57.52133,40.0,-17.521331787109375
2020-08-14 15:00:00,55.893566,23.0,-32.8935661315918
2020-08-14 18:00:00,56.16016,30.0,-26.160160064697266
2020-08-14 21:00:00,60.7331,32.0,-28.73310089111328
2020-08-15 00:00:00,52.854603,33.0,-19.854602813720703
2020-08-15 03:00:00,79.45709,29.0,-50.45709228515625
2020-08-15 06:00:00,87.40426,48.0,-39.404258728027344
2020-08-15 09:00:00,71.78323,75.0,3.216766357421875
2020-08-15 15:00:00,57.541,30.0,-27.541000366210938
2020-08-15 18:00:00,47.289974,24.0,-23.289974212646484
2020-08-16 06:00:00,90.99586,66.0,-24.99585723876953
2020-08-16 09:00:00,78.514175,74.0,-4.5141754150390625
2020-08-16 12:00:00,69.6291,98.0,28.37090301513672
2020-08-16 15:00:00,62.09643,33.0,-29.096431732177734
2020-08-16 18:00:00,52.904057,47.0,-5.904056549072266
2020-08-16 21:00:00,49.214237,29.0,-20.214237213134766
2020-08-17 00:00:00,19.197842,36.0,16.80215835571289
2020-08-17 03:00:00,44.93694,46.0,1.0630607604980469
2020-08-17 06:00:00,64.243065,39.0,-25.243064880371094
2020-08-17 09:00:00,56.596493,43.0,-13.596492767333984
2020-08-17 12:00:00,47.218693,42.0,-5.218692779541016
2020-08-17 15:00:00,43.22578,27.0,-16.225780487060547
2020-08-17 18:00:00,41.091427,27.0,-14.091426849365234
2020-08-17 21:00:00,42.285137,28.0,-14.285137176513672
2020-08-18 00:00:00,82.263794,47.0,-35.2637939453125
2020-08-18 03:00:00,100.44494,34.0,-66.44493865966797
2020-08-18 06:00:00,76.247604,34.0,-42.24760437011719
2020-08-18 09:00:00,49.883965,32.0,-17.88396453857422
2020-08-18 12:00:00,38.752888,31.0,-7.752887725830078
2020-08-18 15:00:00,33.598328,39.0,5.40167236328125
2020-08-18 18:00:00,30.54197,36.0,5.458030700683594
2020-08-18 21:00:00,33.019207,42.0,8.980792999267578
2020-08-19 00:00:00,201.00015,34.0,-167.00015258789062
2020-08-19 03:00:00,239.53146,39.0,-200.53146362304688
2020-08-19 06:00:00,165.1515,40.0,-125.15150451660156
2020-08-19 09:00:00,121.5717,29.0,-92.57170104980469
2020-08-19 12:00:00,103.51391,23.0,-80.51390838623047
2020-08-19 15:00:00,111.35467,26.0,-85.35466766357422
2020-08-19 18:00:00,139.51717,26.0,-113.51716613769531
2020-08-19 21:00:00,182.2034,26.0,-156.20339965820312
2020-08-20 00:00:00,181.36154,23.0,-158.36154174804688
2020-08-20 03:00:00,160.52695,24.0,-136.52694702148438
2020-08-20 09:00:00,110.53839,30.0,-80.53839111328125
2020-08-20 12:00:00,109.847404,22.0,-87.84740447998047
2020-08-20 15:00:00,107.10801,27.0,-80.1080093383789
2020-08-20 18:00:00,118.79547,23.0,-95.79547119140625
2020-08-20 21:00:00,134.17912,20.0,-114.17912292480469
2020-08-21 00:00:00,182.74637,23.0,-159.74636840820312
2020-08-21 03:00:00,160.72989,27.0,-133.72988891601562
2020-08-21 06:00:00,133.63899,27.0,-106.63899230957031
2020-08-21 09:00:00,145.79575,36.0,-109.79574584960938
2020-08-21 12:00:00,170.20091,40.0,-130.20091247558594
2020-08-21 15:00:00,181.95782,30.0,-151.95782470703125
2020-08-21 18:00:00,236.11665,30.0,-206.1166534423828
2020-08-21 21:00:00,308.13443,27.0,-281.1344299316406
2020-08-22 00:00:00,111.26929,33.0,-78.269287109375
2020-08-22 03:00:00,74.21045,29.0,-45.21044921875
2020-08-22 06:00:00,64.991806,22.0,-42.99180603027344
2020-08-22 09:00:00,59.29496,27.0,-32.294960021972656
2020-08-22 12:00:00,53.891426,27.0,-26.89142608642578
2020-08-22 15:00:00,48.705032,32.0,-16.705032348632812
2020-08-22 18:00:00,42.89575,31.0,-11.895748138427734
2020-08-22 21:00:00,44.153694,31.0,-13.153694152832031
2020-08-23 03:00:00,99.27874,37.0,-62.27873992919922
2020-08-23 06:00:00,108.597984,49.0,-59.597984313964844
2020-08-23 09:00:00,99.26794,46.0,-53.26793670654297
2020-08-23 15:00:00,87.31149,49.0,-38.311492919921875
2020-08-23 18:00:00,74.99716,50.0,-24.997161865234375
2020-08-23 21:00:00,69.227325,43.0,-26.227325439453125
2020-08-24 03:00:00,59.72356,48.0,-11.723560333251953
2020-08-24 06:00:00,59.878857,41.0,-18.878856658935547
2020-08-24 09:00:00,51.480583,32.0,-19.48058319091797
2020-08-24 12:00:00,40.269924,27.0,-13.26992416381836
2020-08-24 15:00:00,32.691334,22.0,-10.691333770751953
2020-08-24 18:00:00,28.490604,18.0,-10.490604400634766
2020-08-24 21:00:00,28.813248,19.0,-9.813247680664062
2020-08-25 00:00:00,55.11265,19.0,-36.11265182495117
2020-08-25 03:00:00,46.820107,22.0,-24.820106506347656
2020-08-25 06:00:00,36.8899,21.0,-15.889900207519531
2020-08-25 09:00:00,32.667343,27.0,-5.6673431396484375
2020-08-25 12:00:00,26.607267,31.0,4.392732620239258
2020-08-25 15:00:00,21.40041,22.0,0.5995903015136719
2020-08-25 18:00:00,22.95019,21.0,-1.9501895904541016
2020-08-26 00:00:00,43.99817,55.0,11.0018310546875
2020-08-26 03:00:00,57.04601,59.0,1.9539909362792969
2020-08-26 06:00:00,58.4173,70.0,11.582698822021484
2020-08-26 09:00:00,52.376778,27.0,-25.37677764892578
2020-08-26 12:00:00,47.544518,42.0,-5.544517517089844
2020-08-26 15:00:00,46.001106,23.0,-23.00110626220703
2020-08-26 18:00:00,45.359,27.0,-18.35900115966797
2020-08-26 21:00:00,45.289654,28.0,-17.289653778076172
2020-08-27 03:00:00,26.535532,36.0,9.464468002319336
2020-08-27 06:00:00,27.150349,26.0,-1.1503486633300781
2020-08-27 09:00:00,29.47388,35.0,5.526119232177734
2020-08-27 12:00:00,31.822083,49.0,17.17791748046875
2020-08-27 15:00:00,28.86054,47.0,18.13945960998535
2020-08-27 18:00:00,23.801476,51.0,27.198524475097656
2020-08-27 21:00:00,23.163465,47.0,23.83653450012207
2020-08-28 00:00:00,175.35468,48.0,-127.35467529296875
2020-08-28 03:00:00,252.09828,30.0,-222.09828186035156
2020-08-28 06:00:00,198.33987,33.0,-165.33987426757812
2020-08-28 09:00:00,148.88792,25.0,-123.88792419433594
2020-08-28 12:00:00,171.73534,23.0,-148.73533630371094
2020-08-28 15:00:00,185.21541,26.0,-159.2154083251953
2020-08-28 18:00:00,206.91049,26.0,-180.91049194335938
2020-08-28 21:00:00,289.45853,36.0,-253.45852661132812
2020-08-30 00:00:00,85.042984,49.0,-36.04298400878906
2020-08-30 03:00:00,97.12767,31.0,-66.12767028808594
2020-08-30 06:00:00,121.428345,31.0,-90.4283447265625
2020-08-30 09:00:00,119.41233,33.0,-86.4123306274414
2020-08-30 12:00:00,123.555084,26.0,-97.55508422851562
2020-08-30 18:00:00,123.779724,28.0,-95.77972412109375
2020-08-30 21:00:00,124.94729,25.0,-99.9472885131836
2020-09-01 00:00:00,96.37313,48.0,-48.373130798339844
2020-09-01 06:00:00,79.567825,42.0,-37.56782531738281
2020-09-01 18:00:00,66.22895,36.0,-30.22895050048828
2020-09-02 00:00:00,45.03602,36.0,-9.036018371582031
2020-09-02 03:00:00,43.087086,44.0,0.9129142761230469
2020-09-02 06:00:00,46.62479,34.0,-12.62479019165039
2020-09-02 09:00:00,52.87211,31.0,-21.872108459472656
2020-09-02 12:00:00,54.570137,38.0,-16.57013702392578
2020-09-02 15:00:00,49.828712,35.0,-14.828712463378906
2020-09-02 18:00:00,44.114815,26.0,-18.11481475830078
2020-09-02 21:00:00,45.81807,30.0,-15.818069458007812
2020-09-03 00:00:00,35.717106,44.0,8.282894134521484
2020-09-03 03:00:00,36.893196,43.0,6.106803894042969
2020-09-03 06:00:00,39.705925,41.0,1.2940750122070312
2020-09-03 09:00:00,35.185623,46.0,10.814376831054688
2020-09-03 12:00:00,30.095861,59.0,28.904138565063477
2020-09-03 15:00:00,29.058355,52.0,22.9416446685791
2020-09-03 21:00:00,33.430298,55.0,21.5697021484375
2020-09-04 00:00:00,27.119085,56.0,28.88091468811035
2020-09-04 03:00:00,32.60402,41.0,8.395980834960938
2020-09-04 06:00:00,39.085308,44.0,4.914691925048828
2020-09-04 09:00:00,37.576454,48.0,10.423545837402344
2020-09-04 15:00:00,49.84031,59.0,9.159690856933594
2020-09-04 18:00:00,45.67812,52.0,6.321880340576172
2020-09-04 21:00:00,45.51805,46.0,0.4819488525390625
2020-09-05 00:00:00,31.86824,42.0,10.131759643554688
2020-09-05 03:00:00,30.952719,44.0,13.047281265258789
2020-09-05 06:00:00,29.514921,49.0,19.485078811645508
2020-09-05 12:00:00,73.20477,50.0,-23.20477294921875
2020-09-05 15:00:00,72.10587,85.0,12.894126892089844
2020-09-05 18:00:00,64.191795,67.0,2.8082046508789062
2020-09-05 21:00:00,56.629234,60.0,3.3707656860351562
2020-09-06 00:00:00,28.094746,63.0,34.90525436401367
2020-09-06 03:00:00,29.675903,84.0,54.3240966796875
2020-09-06 21:00:00,34.368782,28.0,-6.368782043457031
2020-09-07 00:00:00,0.0,24.0,24.0
2020-09-07 03:00:00,0.0,30.0,30.0
2020-09-07 09:00:00,0.2055458,32.0,31.79445420205593
2020-09-07 12:00:00,32.247044,34.0,1.7529563903808594
2020-09-07 15:00:00,29.745024,46.0,16.254976272583008
2020-09-07 18:00:00,25.998362,43.0,17.001638412475586
2020-09-07 21:00:00,26.45436,47.0,20.54564094543457
2020-09-08 00:00:00,44.67222,42.0,-2.6722183227539062
2020-09-08 03:00:00,56.79351,50.0,-6.793510437011719
2020-09-08 06:00:00,70.71571,48.0,-22.715713500976562
2020-09-08 09:00:00,70.4008,35.0,-35.40080261230469
2020-09-08 12:00:00,41.525936,39.0,-2.5259361267089844
2020-09-08 18:00:00,51.0762,41.0,-10.07619857788086
2020-09-08 21:00:00,43.68428,42.0,-1.6842803955078125
2020-09-09 00:00:00,61.63708,53.0,-8.637081146240234
2020-09-09 03:00:00,78.50826,65.0,-13.508262634277344
2020-09-09 06:00:00,96.25296,36.0,-60.252960205078125
2020-09-09 09:00:00,96.790245,35.0,-61.790245056152344
2020-09-09 12:00:00,102.58145,46.0,-56.581451416015625
2020-09-10 09:00:00,69.514046,56.0,-13.514045715332031
2020-09-10 12:00:00,70.37761,57.0,-13.377609252929688
2020-09-10 15:00:00,70.330315,59.0,-11.330314636230469
2020-09-10 18:00:00,65.57707,55.0,-10.577072143554688
2020-09-10 21:00:00,62.749905,53.0,-9.74990463256836
2020-09-11 00:00:00,75.44645,61.0,-14.446449279785156
2020-09-11 03:00:00,76.297966,66.0,-10.297966003417969
2020-09-11 06:00:00,83.0305,45.0,-38.03050231933594
2020-09-11 09:00:00,79.30112,61.0,-18.301116943359375
2020-09-11 18:00:00,61.12509,47.0,-14.125091552734375
2020-09-11 21:00:00,57.921738,54.0,-3.9217376708984375
2020-09-12 00:00:00,21.011147,58.0,36.988853454589844
2020-09-12 06:00:00,25.322607,48.0,22.677392959594727
2020-09-12 09:00:00,24.623205,33.0,8.376794815063477
2020-09-12 12:00:00,39.30495,36.0,-3.304950714111328
2020-09-12 15:00:00,36.006668,40.0,3.9933319091796875
2020-09-12 18:00:00,34.523735,40.0,5.476264953613281
2020-09-12 21:00:00,36.483696,41.0,4.516304016113281
2020-09-13 00:00:00,42.55503,40.0,-2.5550308227539062
2020-09-13 03:00:00,55.201782,47.0,-8.2017822265625
2020-09-13 06:00:00,65.6546,37.0,-28.65460205078125
2020-09-13 09:00:00,61.112133,33.0,-28.112133026123047
2020-09-13 12:00:00,57.29089,37.0,-20.290889739990234
2020-09-13 15:00:00,47.240974,58.0,10.759025573730469
2020-09-13 21:00:00,43.53501,48.0,4.464988708496094
2020-09-14 00:00:00,31.667923,55.0,23.332077026367188
2020-09-14 06:00:00,41.999557,51.0,9.000442504882812
2020-09-14 09:00:00,41.106434,34.0,-7.106433868408203
2020-09-14 15:00:00,50.64271,39.0,-11.642711639404297
2020-09-14 21:00:00,47.244953,44.0,-3.244953155517578
2020-09-15 00:00:00,33.878223,42.0,8.121776580810547
2020-09-15 03:00:00,38.827694,47.0,8.172306060791016
2020-09-15 06:00:00,46.838066,42.0,-4.838066101074219
2020-09-15 09:00:00,49.86782,50.0,0.13217926025390625
2020-09-15 12:00:00,33.101288,58.0,24.898712158203125
2020-09-15 15:00:00,31.711124,46.0,14.288875579833984
2020-09-15 18:00:00,27.53336,47.0,19.46664047241211
2020-09-15 21:00:00,26.721182,42.0,15.278818130493164
2020-09-16 00:00:00,1.6591457,35.0,33.34085428714752
2020-09-16 03:00:00,8.673283,39.0,30.326717376708984
2020-09-16 06:00:00,14.270199,27.0,12.729801177978516
2020-09-16 09:00:00,16.638523,31.0,14.36147689819336
2020-09-16 12:00:00,38.865437,38.0,-0.8654365539550781
2020-09-16 15:00:00,39.07371,34.0,-5.073711395263672
2020-09-16 21:00:00,28.730938,31.0,2.269062042236328
2020-09-17 00:00:00,22.324911,32.0,9.675088882446289
2020-09-17 06:00:00,38.580994,24.0,-14.58099365234375
2020-09-17 12:00:00,22.758286,44.0,21.241714477539062
2020-09-17 18:00:00,20.99182,42.0,21.008180618286133
2020-09-17 21:00:00,28.560408,48.0,19.439592361450195
2020-09-18 00:00:00,30.278442,54.0,23.7215576171875
2020-09-18 03:00:00,37.70333,44.0,6.296669006347656
2020-09-18 06:00:00,38.53006,48.0,9.469940185546875
2020-09-18 09:00:00,37.62807,53.0,15.371929168701172
2020-09-18 12:00:00,37.326344,43.0,5.673656463623047
2020-09-18 15:00:00,29.973763,44.0,14.026237487792969
2020-09-18 18:00:00,31.081186,53.0,21.918813705444336
2020-09-18 21:00:00,35.121387,48.0,12.878612518310547
2020-09-19 03:00:00,36.604435,54.0,17.395565032958984
2020-09-19 06:00:00,35.5235,60.0,24.47650146484375
2020-09-19 09:00:00,26.65729,70.0,43.34271049499512
2020-09-19 12:00:00,41.04595,53.0,11.954048156738281
2020-09-19 15:00:00,43.932915,60.0,16.06708526611328
2020-09-19 18:00:00,43.11585,57.0,13.884151458740234
2020-09-19 21:00:00,44.481,61.0,16.519001007080078
2020-09-20 00:00:00,39.96456,81.0,41.035438537597656
2020-09-20 03:00:00,48.78666,60.0,11.213340759277344
2020-09-20 06:00:00,44.726448,52.0,7.273551940917969
2020-09-20 09:00:00,51.26185,49.0,-2.2618484497070312
2020-09-20 15:00:00,51.998085,27.0,-24.998085021972656
2020-09-20 18:00:00,51.165672,24.0,-27.165672302246094
2020-09-20 21:00:00,52.704308,32.0,-20.704307556152344
2020-09-21 00:00:00,25.053396,32.0,6.946603775024414
2020-09-21 06:00:00,101.39661,60.0,-41.3966064453125
2020-09-21 09:00:00,86.39881,58.0,-28.39881134033203
2020-09-21 12:00:00,91.04861,51.0,-40.048606872558594
2020-09-21 15:00:00,82.77675,53.0,-29.776748657226562
2020-09-21 18:00:00,71.63726,40.0,-31.63726043701172
2020-09-21 21:00:00,67.403564,32.0,-35.403564453125
2020-09-22 00:00:00,54.632893,36.0,-18.632892608642578
2020-09-22 03:00:00,52.24615,45.0,-7.246150970458984
2020-09-22 06:00:00,60.78062,56.0,-4.780620574951172
2020-09-22 12:00:00,54.667,63.0,8.333000183105469
2020-09-22 15:00:00,52.931683,49.0,-3.931682586669922
2020-09-22 18:00:00,49.191383,41.0,-8.191383361816406
2020-09-22 21:00:00,50.170456,51.0,0.8295440673828125
2020-09-23 00:00:00,32.71316,37.0,4.286838531494141
2020-09-23 03:00:00,30.07085,57.0,26.929149627685547
2020-09-23 18:00:00,46.911736,44.0,-2.9117355346679688
2020-09-23 21:00:00,45.357864,37.0,-8.357864379882812
2020-09-24 00:00:00,65.39699,37.0,-28.396987915039062
2020-09-24 03:00:00,67.9155,41.0,-26.915496826171875
2020-09-24 06:00:00,81.60419,48.0,-33.60418701171875
2020-09-24 09:00:00,78.2635,38.0,-40.26349639892578
2020-09-24 12:00:00,60.048252,35.0,-25.04825210571289
2020-09-24 15:00:00,58.86659,38.0,-20.866588592529297
2020-09-24 18:00:00,51.63872,41.0,-10.638721466064453
2020-09-24 21:00:00,48.05588,42.0,-6.055881500244141
2020-09-25 00:00:00,53.24091,56.0,2.7590904235839844
2020-09-25 03:00:00,53.624603,51.0,-2.624603271484375
2020-09-25 06:00:00,49.90761,43.0,-6.907611846923828
2020-09-25 09:00:00,45.70563,28.0,-17.705631256103516
2020-09-25 12:00:00,31.52809,22.0,-9.52808952331543
2020-09-25 15:00:00,30.802084,34.0,3.197916030883789
2020-09-25 18:00:00,32.91484,32.0,-0.9148406982421875
2020-09-25 21:00:00,37.339645,35.0,-2.3396453857421875
2020-09-26 00:00:00,41.8338,56.0,14.16619873046875
2020-09-26 03:00:00,52.17953,29.0,-23.17953109741211
2020-09-26 06:00:00,60.546425,32.0,-28.546424865722656
2020-09-26 12:00:00,28.376463,35.0,6.623537063598633
2020-09-26 15:00:00,24.024075,42.0,17.97592544555664
2020-09-26 18:00:00,22.828318,38.0,15.171682357788086
2020-09-26 21:00:00,24.424025,31.0,6.57597541809082
2020-09-27 00:00:00,6.011987,32.0,25.98801279067993
2020-09-27 03:00:00,15.266437,41.0,25.73356342315674
2020-09-27 06:00:00,18.549145,47.0,28.450855255126953
2020-09-27 09:00:00,16.605839,43.0,26.394161224365234
2020-09-27 12:00:00,47.7836,44.0,-3.783599853515625
2020-09-27 15:00:00,49.746292,53.0,3.2537078857421875
2020-09-27 18:00:00,42.30435,52.0,9.695648193359375
2020-09-27 21:00:00,37.406265,51.0,13.593734741210938
2020-09-28 00:00:00,12.014197,39.0,26.98580265045166
2020-09-28 03:00:00,38.636017,35.0,-3.636016845703125
2020-09-28 06:00:00,60.05803,57.0,-3.0580291748046875
2020-09-28 09:00:00,43.57889,26.0,-17.57889175415039
2020-09-28 12:00:00,37.57623,24.0,-13.576229095458984
2020-09-28 15:00:00,33.160175,17.0,-16.160175323486328
2020-09-28 18:00:00,30.235014,16.0,-14.235013961791992
2020-09-28 21:00:00,31.222612,15.0,-16.222612380981445
2020-09-29 00:00:00,26.430258,30.0,3.569742202758789
2020-09-29 03:00:00,52.30754,68.0,15.692459106445312
2020-09-29 06:00:00,77.83797,42.0,-35.83796691894531
2020-09-29 12:00:00,71.60316,36.0,-35.60315704345703
2020-09-29 15:00:00,65.40313,32.0,-33.40312957763672
2020-09-29 18:00:00,55.807503,34.0,-21.80750274658203
2020-09-30 00:00:00,40.296528,31.0,-9.296527862548828
2020-09-30 03:00:00,36.306686,42.0,5.6933135986328125
2020-09-30 06:00:00,31.453964,29.0,-2.4539642333984375
2020-09-30 09:00:00,31.29071,24.0,-7.29071044921875
2020-09-30 12:00:00,45.6555,34.0,-11.655498504638672
2020-09-30 15:00:00,64.69054,50.0,-14.690536499023438
2020-09-30 18:00:00,50.904644,48.0,-2.904644012451172
2020-09-30 21:00:00,46.700848,37.0,-9.700847625732422
2020-10-01 00:00:00,31.2657,33.0,1.7343006134033203
2020-10-01 06:00:00,38.147846,48.0,9.852153778076172
2020-10-01 09:00:00,37.727432,28.0,-9.727432250976562
2020-10-01 12:00:00,38.212193,49.0,10.78780746459961
2020-10-01 15:00:00,44.856052,49.0,4.143947601318359
2020-10-01 18:00:00,31.603292,59.0,27.39670753479004
2020-10-01 21:00:00,26.6092,55.0,28.39080047607422
2020-10-02 00:00:00,12.052397,57.0,44.94760322570801
2020-10-02 03:00:00,15.453053,52.0,36.54694652557373
2020-10-02 06:00:00,17.939898,55.0,37.060102462768555
2020-10-02 09:00:00,21.31594,45.0,23.684059143066406
2020-10-02 12:00:00,21.43338,31.0,9.566619873046875
2020-10-02 15:00:00,21.07197,35.0,13.928030014038086
2020-10-02 18:00:00,22.411825,35.0,12.588174819946289
2020-10-02 21:00:00,24.583641,42.0,17.416358947753906
2020-10-03 00:00:00,35.544643,45.0,9.45535659790039
2020-10-03 03:00:00,41.58551,44.0,2.41448974609375
2020-10-03 06:00:00,49.950584,43.0,-6.950584411621094
2020-10-03 09:00:00,51.9874,40.0,-11.98740005493164
2020-10-03 12:00:00,39.558132,44.0,4.441867828369141
2020-10-03 15:00:00,41.83511,57.0,15.16489028930664
2020-10-03 18:00:00,39.879353,50.0,10.120647430419922
2020-10-03 21:00:00,38.833492,53.0,14.166507720947266
2020-10-04 00:00:00,68.225746,55.0,-13.225746154785156
2020-10-04 03:00:00,67.00873,54.0,-13.00872802734375
2020-10-04 06:00:00,67.54385,49.0,-18.543853759765625
2020-10-04 09:00:00,61.13305,54.0,-7.133049011230469
2020-10-04 12:00:00,70.47765,55.0,-15.477653503417969
2020-10-04 15:00:00,73.24263,60.0,-13.242630004882812
2020-10-04 21:00:00,65.78773,57.0,-8.787727355957031
2020-10-05 00:00:00,43.65279,55.0,11.347209930419922
2020-10-05 03:00:00,41.26048,49.0,7.739521026611328
2020-10-05 15:00:00,61.569607,57.0,-4.569606781005859
2020-10-05 18:00:00,57.87052,56.0,-1.8705215454101562
2020-10-06 00:00:00,92.52039,54.0,-38.52039337158203
2020-10-06 03:00:00,90.92878,55.0,-35.92877960205078
2020-10-06 06:00:00,89.48382,48.0,-41.48381805419922
2020-10-06 09:00:00,86.0764,53.0,-33.07640075683594
2020-10-06 12:00:00,94.91509,45.0,-49.91509246826172
2020-10-06 15:00:00,88.92357,56.0,-32.92356872558594
2020-10-06 18:00:00,77.546585,57.0,-20.546585083007812
2020-10-06 21:00:00,66.40994,59.0,-7.409942626953125
2020-10-07 00:00:00,55.91369,55.0,-0.9136886596679688
2020-10-07 03:00:00,54.122097,61.0,6.877902984619141
2020-10-07 06:00:00,52.950783,63.0,10.049217224121094
2020-10-07 09:00:00,56.832504,60.0,3.1674957275390625
2020-10-07 15:00:00,71.59906,66.0,-5.59906005859375
2020-10-07 18:00:00,70.05667,49.0,-21.056671142578125
2020-10-08 00:00:00,44.25749,32.0,-12.257488250732422
2020-10-08 03:00:00,28.850422,29.0,0.14957809448242188
2020-10-08 06:00:00,18.583364,27.0,8.416635513305664
2020-10-08 09:00:00,11.674728,28.0,16.325271606445312
2020-10-08 12:00:00,12.483212,28.0,15.5167875289917
2020-10-08 21:00:00,25.40213,22.0,-3.402130126953125
2020-10-09 00:00:00,13.445743,27.0,13.5542573928833
2020-10-09 15:00:00,22.57309,23.0,0.426910400390625
2020-10-09 18:00:00,20.320044,23.0,2.6799564361572266
2020-10-09 21:00:00,18.711262,25.0,6.288738250732422
2020-10-10 00:00:00,32.411434,37.0,4.588565826416016
2020-10-10 15:00:00,36.33352,36.0,-0.33351898193359375
2020-10-10 18:00:00,35.75889,35.0,-0.7588882446289062
2020-10-10 21:00:00,32.4452,35.0,2.554798126220703
2020-10-11 00:00:00,13.718022,42.0,28.281977653503418
2020-10-11 18:00:00,33.011646,31.0,-2.011646270751953
2020-10-11 21:00:00,33.4345,52.0,18.56549835205078
2020-10-12 00:00:00,46.255196,37.0,-9.255195617675781
2020-10-12 15:00:00,35.04283,31.0,-4.0428314208984375
2020-10-12 18:00:00,29.584158,29.0,-0.5841579437255859
2020-10-12 21:00:00,26.748125,27.0,0.2518749237060547
2020-10-13 00:00:00,74.60926,40.0,-34.60926055908203
2020-10-13 03:00:00,107.37608,30.0,-77.37608337402344
2020-10-13 06:00:00,139.14838,34.0,-105.14837646484375
2020-10-13 09:00:00,92.78392,31.0,-61.78392028808594
2020-10-13 12:00:00,98.778175,34.0,-64.7781753540039
2020-10-13 18:00:00,100.154236,47.0,-53.15423583984375
2020-10-13 21:00:00,114.85412,40.0,-74.85411834716797
2020-10-14 00:00:00,109.94359,38.0,-71.94358825683594
2020-10-14 03:00:00,163.2353,27.0,-136.2353057861328
2020-10-14 06:00:00,141.28227,30.0,-111.28227233886719
2020-10-14 09:00:00,91.28667,27.0,-64.28666687011719
2020-10-14 12:00:00,97.44531,28.0,-69.4453125
2020-10-14 15:00:00,108.15802,26.0,-82.15802001953125
2020-10-14 18:00:00,114.26846,27.0,-87.26846313476562
2020-10-14 21:00:00,128.77638,23.0,-105.77638244628906
2020-10-15 00:00:00,49.224922,21.0,-28.22492218017578
2020-10-15 03:00:00,51.127472,23.0,-28.127471923828125
2020-10-15 06:00:00,54.312748,43.0,-11.312747955322266
2020-10-15 09:00:00,36.676285,31.0,-5.6762847900390625
2020-10-15 12:00:00,33.4544,31.0,-2.4543991088867188
2020-10-15 15:00:00,26.652628,38.0,11.347372055053711
2020-10-16 15:00:00,30.502861,37.0,6.497138977050781
2020-10-16 18:00:00,30.49638,28.0,-2.496379852294922
2020-10-16 21:00:00,29.698868,31.0,1.3011322021484375
2020-10-17 00:00:00,23.737585,38.0,14.262414932250977
2020-10-17 15:00:00,23.885717,40.0,16.114282608032227
2020-10-17 18:00:00,24.13833,51.0,26.861669540405273
2020-10-17 21:00:00,23.85127,36.0,12.14872932434082
2020-10-18 00:00:00,14.905254,39.0,24.094745635986328
2020-10-18 03:00:00,23.751682,31.0,7.248317718505859
2020-10-18 06:00:00,32.572414,41.0,8.42758560180664
2020-10-18 09:00:00,30.026285,38.0,7.973714828491211
2020-10-18 12:00:00,33.95144,43.0,9.048561096191406
2020-10-18 15:00:00,31.153378,38.0,6.846622467041016
2020-10-18 18:00:00,26.791668,35.0,8.208332061767578
2020-10-18 21:00:00,24.700285,29.0,4.299715042114258
2020-10-19 00:00:00,38.05144,33.0,-5.051441192626953
2020-10-19 03:00:00,41.376778,31.0,-10.376777648925781
2020-10-19 06:00:00,50.398285,33.0,-17.398284912109375
2020-10-19 09:00:00,44.498394,41.0,-3.498394012451172
2020-10-19 12:00:00,24.930273,38.0,13.069726943969727
2020-10-19 15:00:00,25.883196,45.0,19.116804122924805
2020-10-19 21:00:00,24.852398,49.0,24.147602081298828
2020-10-20 00:00:00,26.160706,37.0,10.83929443359375
2020-10-20 03:00:00,59.618515,36.0,-23.618515014648438
2020-10-20 06:00:00,78.825676,47.0,-31.82567596435547
2020-10-20 09:00:00,55.19894,30.0,-25.19894027709961
2020-10-20 12:00:00,37.81406,31.0,-6.814060211181641
2020-10-20 15:00:00,31.093464,37.0,5.906536102294922
2020-10-20 18:00:00,26.65911,45.0,18.340890884399414
2020-10-20 21:00:00,24.943802,48.0,23.056198120117188
2020-10-21 00:00:00,27.768692,36.0,8.231307983398438
2020-10-21 03:00:00,29.488092,37.0,7.511907577514648
2020-10-21 06:00:00,42.85937,59.0,16.140628814697266
2020-10-21 09:00:00,35.231094,27.0,-8.231094360351562
2020-10-21 12:00:00,22.245785,37.0,14.754215240478516
2020-10-21 18:00:00,26.100906,36.0,9.899093627929688
2020-10-21 21:00:00,24.33171,43.0,18.668289184570312
2020-10-22 00:00:00,14.038051,33.0,18.961949348449707
2020-10-22 03:00:00,25.68413,39.0,13.31587028503418
2020-10-22 06:00:00,41.17851,45.0,3.821491241455078
2020-10-22 09:00:00,33.73043,27.0,-6.730430603027344
2020-11-02 15:00:00,28.231113,36.0,7.768886566162109
2020-11-02 18:00:00,30.01344,34.0,3.986560821533203
2020-11-02 21:00:00,29.030388,36.0,6.969612121582031
2020-11-03 00:00:00,6.496066,38.0,31.503933906555176
2020-11-03 03:00:00,12.051714,101.0,88.94828605651855
2020-11-03 06:00:00,16.272339,44.0,27.7276611328125
2020-11-03 09:00:00,16.388866,51.0,34.61113357543945
2020-11-03 12:00:00,23.321377,41.0,17.67862319946289
2020-11-03 15:00:00,26.685085,45.0,18.31491470336914
2020-11-03 18:00:00,26.894669,45.0,18.105331420898438
2020-11-03 21:00:00,26.163889,48.0,21.836111068725586
2020-11-04 00:00:00,25.633198,45.0,19.366802215576172
2020-11-04 06:00:00,45.4246,48.0,2.5754013061523438
2020-11-04 09:00:00,47.232334,40.0,-7.232334136962891
2020-11-04 12:00:00,26.36267,58.0,31.6373291015625
2020-11-04 15:00:00,24.080463,51.0,26.919536590576172
2020-11-04 18:00:00,20.84039,38.0,17.159610748291016
2020-11-04 21:00:00,20.263542,36.0,15.736457824707031
2020-11-05 00:00:00,23.072971,46.0,22.92702865600586
2020-11-05 03:00:00,28.573595,54.0,25.42640495300293
2020-11-05 06:00:00,35.315907,49.0,13.684093475341797
2020-11-05 09:00:00,33.68973,47.0,13.31026840209961
2020-11-05 12:00:00,37.722088,43.0,5.277912139892578
2020-11-05 15:00:00,36.051632,66.0,29.948368072509766
2020-11-05 18:00:00,34.767254,50.0,15.232746124267578
2020-11-05 21:00:00,34.30614,41.0,6.693859100341797
2020-11-06 00:00:00,15.468231,43.0,27.531768798828125
2020-11-06 03:00:00,15.385013,40.0,24.61498737335205
2020-11-06 09:00:00,31.067657,30.0,-1.067657470703125
2020-11-06 12:00:00,21.006542,24.0,2.993457794189453
2020-11-06 15:00:00,25.484325,29.0,3.515674591064453
2020-11-06 18:00:00,28.175692,28.0,-0.1756916046142578
2020-11-06 21:00:00,29.926014,28.0,-1.9260139465332031
2020-11-07 00:00:00,17.302227,33.0,15.697772979736328
2020-11-07 03:00:00,23.047504,39.0,15.952495574951172
2020-11-07 06:00:00,27.93854,34.0,6.061460494995117
2020-11-07 09:00:00,29.26845,21.0,-8.268449783325195
2020-11-07 12:00:00,34.92511,11.0,-23.92510986328125
2020-11-08 03:00:00,5.4151316,26.0,20.58486843109131
2020-11-08 06:00:00,6.9539967,20.0,13.046003341674805
2020-11-08 09:00:00,10.384838,27.0,16.615161895751953
2020-11-08 12:00:00,33.32184,28.0,-5.32183837890625
2020-11-08 15:00:00,34.42517,29.0,-5.4251708984375
2020-11-08 18:00:00,27.099304,28.0,0.90069580078125
2020-11-08 21:00:00,25.97335,27.0,1.0266494750976562
2020-11-09 00:00:00,6.031769,24.0,17.968231201171875
2020-11-09 12:00:00,26.023258,32.0,5.976741790771484
2020-11-09 15:00:00,20.721928,23.0,2.2780723571777344
2020-11-09 18:00:00,16.00074,21.0,4.999259948730469
2020-11-09 21:00:00,15.55486,21.0,5.4451398849487305
2020-11-10 00:00:00,11.0781,27.0,15.921899795532227
2020-11-10 03:00:00,15.52462,24.0,8.475379943847656
2020-11-10 06:00:00,18.54653,23.0,4.453470230102539
2020-11-10 09:00:00,22.814562,23.0,0.1854381561279297
2020-11-10 12:00:00,22.01199,24.0,1.9880104064941406
2020-11-10 15:00:00,26.12876,24.0,-2.1287593841552734
2020-11-10 18:00:00,36.271786,27.0,-9.271785736083984
2020-11-10 21:00:00,40.661915,28.0,-12.661914825439453
2020-11-11 00:00:00,23.499523,27.0,3.500476837158203
2020-11-11 03:00:00,29.205238,30.0,0.7947616577148438
2020-11-11 06:00:00,40.54027,38.0,-2.540271759033203
2020-11-11 09:00:00,44.159492,24.0,-20.15949249267578
2020-11-11 12:00:00,8.504515,25.0,16.495485305786133
2020-11-11 15:00:00,2.0095286,22.0,19.990471363067627
2020-11-11 18:00:00,1.905164,26.0,24.094835996627808
2020-11-11 21:00:00,7.0840545,26.0,18.915945529937744
2020-11-12 00:00:00,5.6193132,33.0,27.38068675994873
2020-11-12 03:00:00,18.513674,39.0,20.486326217651367
2020-11-12 06:00:00,33.28739,52.0,18.712608337402344
2020-11-12 09:00:00,43.70577,43.0,-0.7057685852050781
2020-11-12 12:00:00,34.96956,50.0,15.030441284179688
2020-11-12 15:00:00,38.139603,61.0,22.860397338867188
2020-11-12 18:00:00,32.169056,44.0,11.830944061279297
2020-11-12 21:00:00,25.123882,41.0,15.876117706298828
2020-11-13 00:00:00,12.984856,37.0,24.01514434814453
2020-11-13 03:00:00,35.60581,33.0,-2.6058082580566406
2020-11-13 06:00:00,77.36662,43.0,-34.36662292480469
2020-11-13 09:00:00,76.56081,27.0,-49.56080627441406
2020-11-13 12:00:00,45.931187,38.0,-7.931186676025391
2020-11-13 15:00:00,20.000244,34.0,13.999755859375
2020-11-13 21:00:00,25.827602,31.0,5.172397613525391
2020-11-14 00:00:00,37.3866,23.0,-14.386600494384766
2020-11-14 03:00:00,36.510754,23.0,-13.510753631591797
2020-11-14 09:00:00,34.398228,28.0,-6.398227691650391
2020-11-14 18:00:00,24.576708,26.0,1.4232921600341797
2020-11-14 21:00:00,20.37632,32.0,11.623680114746094
2020-11-15 00:00:00,19.63872,28.0,8.36128044128418
2020-11-15 03:00:00,20.282187,26.0,5.717813491821289
2020-11-15 06:00:00,20.800144,27.0,6.199855804443359
2020-11-15 09:00:00,22.739756,33.0,10.260244369506836
2020-11-15 12:00:00,27.445652,34.0,6.554347991943359
2020-11-15 15:00:00,29.75412,21.0,-8.754119873046875
2020-11-15 18:00:00,26.924738,33.0,6.075262069702148
2020-11-15 21:00:00,22.425184,34.0,11.57481575012207
2020-11-16 00:00:00,47.91798,28.0,-19.917980194091797
2020-11-16 03:00:00,45.86809,29.0,-16.868091583251953
2020-11-16 06:00:00,46.577156,22.0,-24.57715606689453
2020-11-16 09:00:00,37.70009,27.0,-10.700088500976562
2020-11-16 15:00:00,21.777964,45.0,23.222036361694336
2020-11-16 21:00:00,23.416079,29.0,5.583921432495117
2020-11-17 00:00:00,17.33531,27.0,9.664690017700195
2020-11-17 03:00:00,13.627755,28.0,14.372244834899902
2020-11-17 06:00:00,17.929153,29.0,11.070846557617188
2020-11-17 09:00:00,32.593674,34.0,1.4063262939453125
2020-11-17 15:00:00,43.223053,34.0,-9.223052978515625
2020-11-17 18:00:00,36.029064,35.0,-1.0290641784667969
2020-11-17 21:00:00,26.25393,43.0,16.746070861816406
2020-11-18 00:00:00,59.654213,38.0,-21.654212951660156
2020-11-18 03:00:00,65.09754,38.0,-27.09754180908203
2020-11-18 06:00:00,53.444523,48.0,-5.444522857666016
2020-11-18 09:00:00,38.44616,40.0,1.5538406372070312
2020-11-18 15:00:00,21.830658,24.0,2.169342041015625
2020-11-18 18:00:00,20.992844,26.0,5.0071563720703125
2020-11-18 21:00:00,22.536823,27.0,4.463176727294922
2020-11-19 00:00:00,32.613117,29.0,-3.613117218017578
2020-11-19 06:00:00,43.710598,42.0,-1.7105979919433594
2020-11-19 09:00:00,39.660393,32.0,-7.660392761230469
2020-11-19 12:00:00,36.63348,31.0,-5.633480072021484
2020-11-19 15:00:00,35.056133,36.0,0.9438667297363281
2020-11-19 18:00:00,33.397614,39.0,5.602386474609375
2020-11-19 21:00:00,32.002846,34.0,1.9971542358398438
2020-11-20 00:00:00,18.555283,38.0,19.444717407226562
2020-11-20 03:00:00,22.227255,45.0,22.77274513244629
2020-11-20 09:00:00,28.36859,37.0,8.631410598754883
2020-11-20 12:00:00,2.4558346,33.0,30.54416537284851
2020-11-20 15:00:00,9.605344,30.0,20.39465618133545
2020-11-20 18:00:00,14.3463125,34.0,19.653687477111816
2020-11-20 21:00:00,20.220114,26.0,5.779886245727539
2020-11-21 00:00:00,43.58253,29.0,-14.582530975341797
2020-11-21 03:00:00,44.81376,30.0,-14.813758850097656
2020-11-21 06:00:00,46.203583,32.0,-14.203582763671875
2020-11-21 09:00:00,39.59815,25.0,-14.598148345947266
2020-11-21 12:00:00,43.71725,27.0,-16.71725082397461
2020-11-21 15:00:00,47.971924,38.0,-9.971923828125
2020-11-21 18:00:00,46.288677,28.0,-18.288677215576172
2020-11-22 00:00:00,82.252884,29.0,-53.25288391113281
2020-11-22 03:00:00,80.27655,31.0,-49.27655029296875
2020-11-22 06:00:00,112.615166,81.0,-31.61516571044922
2020-11-22 09:00:00,176.7329,97.0,-79.73289489746094
2020-11-23 00:00:00,75.35527,51.0,-24.355270385742188
2020-11-23 03:00:00,85.21556,40.0,-45.21556091308594
2020-11-23 06:00:00,85.06129,26.0,-59.06128692626953
2020-11-23 09:00:00,62.97023,30.0,-32.97023010253906
2020-11-23 12:00:00,41.32704,31.0,-10.327041625976562
2020-11-23 15:00:00,43.105556,41.0,-2.1055564880371094
2020-11-23 18:00:00,40.916008,32.0,-8.916007995605469
2020-11-23 21:00:00,41.941803,24.0,-17.941802978515625
2020-11-24 00:00:00,52.242626,27.0,-25.242626190185547
2020-11-24 03:00:00,50.50333,27.0,-23.50333023071289
2020-11-24 06:00:00,46.77281,41.0,-5.7728118896484375
2020-11-24 09:00:00,39.555176,38.0,-1.55517578125
2020-11-24 12:00:00,46.43647,31.0,-15.436470031738281
2020-11-24 15:00:00,43.723106,34.0,-9.723106384277344
2020-11-24 18:00:00,36.982784,20.0,-16.982784271240234
2020-11-24 21:00:00,32.05514,24.0,-8.05514144897461
2020-11-25 00:00:00,45.048862,28.0,-17.04886245727539
2020-11-25 21:00:00,22.026257,28.0,5.973743438720703
2020-11-26 00:00:00,16.567072,36.0,19.43292808532715
2020-11-26 15:00:00,32.714695,29.0,-3.7146949768066406
2020-11-26 18:00:00,33.7908,37.0,3.2092018127441406
2020-11-26 21:00:00,33.671425,27.0,-6.671424865722656
2020-11-27 00:00:00,30.27469,26.0,-4.274690628051758
2020-11-27 03:00:00,37.841347,32.0,-5.841346740722656
2020-11-27 06:00:00,47.015305,34.0,-13.015304565429688
2020-11-27 09:00:00,59.24278,39.0,-20.242778778076172
2020-11-27 12:00:00,53.53081,42.0,-11.530811309814453
2020-11-27 15:00:00,61.79914,48.0,-13.799140930175781
2020-11-27 18:00:00,62.226036,55.0,-7.226036071777344
2020-11-27 21:00:00,57.907528,50.0,-7.907527923583984
2020-11-28 00:00:00,52.277756,37.0,-15.277755737304688
2020-11-28 03:00:00,46.122295,28.0,-18.122295379638672
2020-11-28 06:00:00,42.578903,34.0,-8.578903198242188
2020-11-28 09:00:00,37.309975,31.0,-6.309974670410156
2020-11-28 12:00:00,28.750265,33.0,4.249734878540039
2020-11-28 15:00:00,34.981213,27.0,-7.981212615966797
2020-11-28 18:00:00,39.26675,38.0,-1.2667503356933594
2020-11-28 21:00:00,41.20278,32.0,-9.202781677246094
2020-11-29 00:00:00,35.334324,33.0,-2.3343238830566406
2020-11-29 03:00:00,43.644947,38.0,-5.644947052001953
2020-11-29 06:00:00,50.4142,34.0,-16.414199829101562
2020-11-29 09:00:00,53.113014,38.0,-15.113014221191406
2020-11-29 12:00:00,29.230762,42.0,12.769237518310547
2020-11-29 15:00:00,40.832844,36.0,-4.832843780517578
2020-11-29 18:00:00,40.14464,42.0,1.8553581237792969
2020-11-29 21:00:00,38.334404,35.0,-3.3344039916992188
2020-11-30 00:00:00,33.96508,38.0,4.034919738769531
2020-11-30 03:00:00,55.22918,46.0,-9.229179382324219
2020-11-30 06:00:00,65.43394,40.0,-25.433937072753906
2020-11-30 09:00:00,56.53618,46.0,-10.536178588867188
2020-11-30 12:00:00,47.117737,34.0,-13.11773681640625
2020-11-30 15:00:00,43.850376,34.0,-9.85037612915039
2020-11-30 18:00:00,35.486324,34.0,-1.4863243103027344
2020-11-30 21:00:00,34.419712,38.0,3.5802879333496094
2020-12-01 00:00:00,37.361248,40.0,2.638751983642578
2020-12-01 03:00:00,40.79601,43.0,2.203990936279297
2020-12-01 06:00:00,46.443573,47.0,0.556427001953125
2020-12-01 09:00:00,44.025852,36.0,-8.02585220336914
2020-12-01 12:00:00,51.6157,40.0,-11.615699768066406
2020-12-01 15:00:00,47.05214,38.0,-9.052139282226562
2020-12-01 18:00:00,42.55304,38.0,-4.55303955078125
2020-12-01 21:00:00,39.963367,40.0,0.036632537841796875
2020-12-02 00:00:00,66.42472,39.0,-27.424720764160156
2020-12-02 03:00:00,57.604042,29.0,-28.604042053222656
2020-12-02 06:00:00,54.396652,28.0,-26.396652221679688
2020-12-02 15:00:00,61.150387,20.0,-41.150386810302734
2020-12-02 18:00:00,61.236164,23.0,-38.23616409301758
2020-12-02 21:00:00,54.50488,29.0,-25.504878997802734
2020-12-03 00:00:00,24.427208,22.0,-2.4272079467773438
2020-12-03 03:00:00,36.79605,27.0,-9.796051025390625
2020-12-03 15:00:00,20.072832,16.0,-4.072832107543945
2020-12-03 18:00:00,29.898046,21.0,-8.898046493530273
2020-12-04 00:00:00,20.105745,26.0,5.894254684448242
2020-12-04 03:00:00,16.731861,34.0,17.268138885498047
2020-12-04 06:00:00,21.796722,20.0,-1.796722412109375
2020-12-04 09:00:00,33.123627,19.0,-14.123626708984375
2020-12-04 12:00:00,25.282078,7.0,-18.28207778930664
2020-12-04 15:00:00,28.238674,8.0,-20.23867416381836
2020-12-04 18:00:00,28.817907,12.0,-16.817907333374023
2020-12-04 21:00:00,30.277988,16.0,-14.27798843383789
2020-12-05 00:00:00,15.303726,14.0,-1.3037261962890625
2020-12-05 03:00:00,14.924467,17.0,2.075532913208008
2020-12-05 06:00:00,16.36812,11.0,-5.368120193481445
2020-12-05 09:00:00,19.992342,17.0,-2.992341995239258
2020-12-05 12:00:00,19.771051,14.0,-5.771051406860352
2020-12-06 00:00:00,2.492982,21.0,18.507018089294434
2020-12-06 03:00:00,0.0,13.0,13.0
2020-12-06 06:00:00,4.673865,18.0,13.326135158538818
2020-12-06 09:00:00,96.02422,69.0,-27.02422332763672
2020-12-06 12:00:00,91.649666,237.0,145.35033416748047
2020-12-06 15:00:00,61.32615,119.0,57.673851013183594
2020-12-06 18:00:00,54.943142,33.0,-21.94314193725586
2020-12-06 21:00:00,53.033432,20.0,-33.03343200683594
2020-12-07 00:00:00,43.441105,11.0,-32.441104888916016
2020-12-07 03:00:00,47.837147,19.0,-28.837146759033203
2020-12-07 06:00:00,51.077507,20.0,-31.07750701904297
2020-12-07 09:00:00,42.525757,28.0,-14.5257568359375
2020-12-07 12:00:00,40.35786,28.0,-12.357860565185547
2020-12-07 15:00:00,37.83765,24.0,-13.837650299072266
2020-12-07 18:00:00,34.60633,29.0,-5.606330871582031
2020-12-07 21:00:00,33.34236,19.0,-14.342361450195312
2020-12-08 00:00:00,40.0658,21.0,-19.065799713134766
2020-12-08 03:00:00,46.147648,19.0,-27.147647857666016
2020-12-08 06:00:00,39.696487,24.0,-15.696487426757812
2020-12-08 09:00:00,24.814995,21.0,-3.8149948120117188
2020-12-08 15:00:00,30.578348,25.0,-5.578348159790039
2020-12-08 18:00:00,31.21761,22.0,-9.217609405517578
2020-12-08 21:00:00,29.851208,19.0,-10.851207733154297
2020-12-09 00:00:00,44.851105,15.0,-29.851104736328125
2020-12-09 03:00:00,46.80726,23.0,-23.80725860595703
2020-12-09 06:00:00,44.84514,21.0,-23.845138549804688
2020-12-09 09:00:00,34.71649,24.0,-10.71649169921875
2020-12-09 12:00:00,49.116863,22.0,-27.116863250732422
2020-12-09 15:00:00,47.851982,15.0,-32.85198211669922
2020-12-09 21:00:00,42.08954,31.0,-11.08953857421875
2020-12-10 00:00:00,32.3879,30.0,-2.3879013061523438
2020-12-10 03:00:00,31.81583,30.0,-1.8158302307128906
2020-12-10 06:00:00,33.932053,31.0,-2.9320526123046875
2020-12-10 09:00:00,29.435,27.0,-2.434999465942383
2020-12-10 12:00:00,35.10786,23.0,-12.107860565185547
2020-12-10 15:00:00,32.526997,20.0,-12.526996612548828
2020-12-10 18:00:00,30.671003,28.0,-2.6710033416748047
2020-12-10 21:00:00,29.840294,25.0,-4.840293884277344
2020-12-11 00:00:00,31.58209,24.0,-7.582090377807617
2020-12-11 03:00:00,40.767986,25.0,-15.767986297607422
2020-12-11 06:00:00,51.407368,43.0,-8.407367706298828
2020-12-11 09:00:00,45.251797,26.0,-19.25179672241211
2020-12-11 12:00:00,48.045593,32.0,-16.04559326171875
2020-12-14 00:00:00,43.80115,40.0,-3.8011512756347656
2020-12-14 03:00:00,50.296875,27.0,-23.296875
2020-12-14 06:00:00,59.996124,32.0,-27.996124267578125
2020-12-14 09:00:00,52.430862,31.0,-21.430862426757812
2020-12-14 12:00:00,36.621914,35.0,-1.6219139099121094
2020-12-14 15:00:00,33.83451,36.0,2.1654891967773438
2020-12-14 18:00:00,31.686567,38.0,6.313432693481445
2020-12-14 21:00:00,30.938736,34.0,3.0612640380859375
2020-12-15 00:00:00,37.54576,36.0,-1.5457611083984375
2020-12-15 03:00:00,40.40487,40.0,-0.40486907958984375
2020-12-15 06:00:00,50.190407,37.0,-13.190406799316406
2020-12-15 09:00:00,44.886604,30.0,-14.886604309082031
2020-12-15 12:00:00,23.272434,36.0,12.72756576538086
2020-12-15 15:00:00,26.15269,34.0,7.847309112548828
2020-12-15 18:00:00,29.85729,45.0,15.142709732055664
2020-12-15 21:00:00,30.80379,39.0,8.196210861206055
2020-12-16 00:00:00,31.309582,30.0,-1.3095817565917969
2020-12-16 06:00:00,38.493793,34.0,-4.493793487548828
2020-12-16 12:00:00,38.95974,29.0,-9.959739685058594
2020-12-16 15:00:00,45.974503,29.0,-16.974502563476562
2020-12-16 18:00:00,48.693268,27.0,-21.693267822265625
2020-12-16 21:00:00,46.544754,27.0,-19.544754028320312
2020-12-17 00:00:00,6.1893387,27.0,20.81066131591797
2020-12-17 03:00:00,7.158178,30.0,22.841822147369385
2020-12-17 06:00:00,9.490123,23.0,13.50987720489502
2020-12-17 09:00:00,18.735477,18.0,-0.7354774475097656
2020-12-17 12:00:00,27.558485,19.0,-8.55848503112793
2020-12-17 15:00:00,35.966194,16.0,-19.96619415283203
2020-12-17 18:00:00,38.217026,19.0,-19.217025756835938
2020-12-17 21:00:00,39.207577,20.0,-19.207576751708984
2020-12-18 00:00:00,20.866991,18.0,-2.8669910430908203
2020-12-18 03:00:00,33.32599,29.0,-4.32598876953125
2020-12-18 06:00:00,80.58652,48.0,-32.586517333984375
2020-12-18 09:00:00,106.454765,47.0,-59.45476531982422
2020-12-18 12:00:00,100.38557,38.0,-62.38556671142578
2020-12-18 15:00:00,100.19846,45.0,-55.198463439941406
2020-12-18 18:00:00,99.088196,56.0,-43.08819580078125
2020-12-18 21:00:00,75.75369,41.0,-34.753692626953125
2020-12-19 12:00:00,30.02441,37.0,6.975589752197266
2020-12-19 15:00:00,34.98343,26.0,-8.983428955078125
2020-12-19 18:00:00,44.285286,34.0,-10.285285949707031
2020-12-19 21:00:00,54.380394,37.0,-17.380393981933594
2020-12-20 00:00:00,66.47281,47.0,-19.472808837890625
2020-12-20 03:00:00,71.71479,52.0,-19.71479034423828
2020-12-20 06:00:00,74.60471,56.0,-18.604713439941406
2020-12-20 09:00:00,61.393562,32.0,-29.39356231689453
2020-12-20 12:00:00,48.261086,32.0,-16.261085510253906
2020-12-20 15:00:00,45.62611,29.0,-16.626110076904297
2020-12-20 18:00:00,42.672638,56.0,13.327362060546875
2020-12-20 21:00:00,39.93267,53.0,13.067329406738281
2020-12-21 00:00:00,41.8068,42.0,0.19319915771484375
2020-12-21 03:00:00,49.257153,54.0,4.742847442626953
2020-12-21 06:00:00,52.994553,46.0,-6.9945526123046875
2020-12-21 09:00:00,48.172695,29.0,-19.17269515991211
2020-12-22 06:00:00,61.668404,38.0,-23.66840362548828
2020-12-22 09:00:00,50.847744,41.0,-9.84774398803711
2020-12-22 12:00:00,33.45883,37.0,3.541168212890625
2020-12-22 15:00:00,28.501177,29.0,0.4988231658935547
2020-12-22 18:00:00,23.646805,29.0,5.3531951904296875
2020-12-23 00:00:00,25.472502,28.0,2.527498245239258
2020-12-23 03:00:00,28.848148,25.0,-3.8481483459472656
2020-12-23 06:00:00,39.666645,36.0,-3.666645050048828
2020-12-23 15:00:00,41.706757,24.0,-17.706756591796875
2020-12-23 18:00:00,34.2265,24.0,-10.22650146484375
2020-12-23 21:00:00,30.813454,27.0,-3.8134536743164062
2020-12-24 00:00:00,15.267404,22.0,6.732596397399902
2020-12-24 03:00:00,24.527708,25.0,0.4722919464111328
2020-12-24 06:00:00,46.372124,34.0,-12.372123718261719
2020-12-24 09:00:00,67.28379,36.0,-31.283790588378906
2020-12-24 12:00:00,66.605965,36.0,-30.60596466064453
2020-12-24 15:00:00,81.50726,29.0,-52.50726318359375
2020-12-24 18:00:00,78.38275,28.0,-50.38275146484375
2020-12-24 21:00:00,62.795208,33.0,-29.795207977294922
2020-12-25 00:00:00,47.523373,24.0,-23.523372650146484
2020-12-25 03:00:00,34.131405,31.0,-3.1314048767089844
2020-12-25 06:00:00,31.237051,26.0,-5.237051010131836
2020-12-25 09:00:00,32.020126,27.0,-5.0201263427734375
2020-12-25 12:00:00,39.480083,20.0,-19.480083465576172
2020-12-25 15:00:00,33.15796,25.0,-8.157958984375
2020-12-25 18:00:00,23.488155,15.0,-8.488155364990234
2020-12-25 21:00:00,24.856035,17.0,-7.856035232543945
2020-12-26 00:00:00,23.272833,26.0,2.7271671295166016
2020-12-26 03:00:00,30.919865,20.0,-10.919864654541016
2020-12-26 06:00:00,32.481865,36.0,3.5181350708007812
2020-12-26 09:00:00,27.212934,27.0,-0.2129344940185547
2020-12-26 12:00:00,23.006521,29.0,5.993478775024414
2020-12-26 15:00:00,16.542742,22.0,5.457258224487305
2020-12-26 18:00:00,13.0781355,21.0,7.9218645095825195
2020-12-26 21:00:00,13.626277,19.0,5.373723030090332
2020-12-27 00:00:00,26.241083,23.0,-3.2410831451416016
2020-12-27 03:00:00,25.373993,18.0,-7.373992919921875
2020-12-27 06:00:00,35.45813,31.0,-4.4581298828125
2020-12-27 09:00:00,36.564075,25.0,-11.564075469970703
2020-12-27 12:00:00,21.09681,23.0,1.9031906127929688
2020-12-27 15:00:00,21.2724,23.0,1.72760009765625
2020-12-27 18:00:00,22.088783,29.0,6.911216735839844
2020-12-27 21:00:00,25.528152,21.0,-4.5281524658203125
2020-12-28 00:00:00,27.755447,26.0,-1.7554473876953125
2020-12-28 03:00:00,30.864386,25.0,-5.864385604858398
2020-12-28 06:00:00,31.82447,29.0,-2.8244705200195312
2020-12-28 09:00:00,33.728157,26.0,-7.728157043457031
2020-12-28 12:00:00,23.990623,37.0,13.009376525878906
2020-12-28 15:00:00,21.47658,31.0,9.523420333862305
2020-12-28 18:00:00,16.977537,27.0,10.022462844848633
2020-12-28 21:00:00,16.591002,29.0,12.408998489379883
2020-12-29 00:00:00,40.333363,35.0,-5.333362579345703
2020-12-29 03:00:00,34.853428,33.0,-1.8534278869628906
2020-12-29 06:00:00,34.473713,33.0,-1.4737129211425781
2020-12-29 09:00:00,34.691936,28.0,-6.691936492919922
2020-12-29 12:00:00,23.437166,35.0,11.562833786010742
2020-12-29 15:00:00,28.978605,30.0,1.0213947296142578
2020-12-29 18:00:00,34.281242,39.0,4.718757629394531
2020-12-30 00:00:00,18.637365,29.0,10.362634658813477
2020-12-30 03:00:00,22.747599,28.0,5.252401351928711
2020-12-30 06:00:00,29.168745,35.0,5.831254959106445
2020-12-30 09:00:00,31.431114,20.0,-11.431114196777344
2020-12-30 12:00:00,31.142263,31.0,-0.14226341247558594
2020-12-31 00:00:00,59.440025,41.0,-18.440025329589844
2020-12-31 03:00:00,55.529766,46.0,-9.529766082763672
2020-12-31 06:00:00,54.825363,53.0,-1.8253631591796875
2020-12-31 09:00:00,52.203377,33.0,-19.20337677001953
2020-12-31 12:00:00,40.45802,22.0,-18.458019256591797
2020-12-31 15:00:00,45.009754,51.0,5.990245819091797
2021-01-01 00:00:00,64.90711,25.0,-39.90711212158203
2021-01-01 03:00:00,63.423615,34.0,-29.423614501953125
2021-01-01 06:00:00,64.24352,31.0,-33.24352264404297
2021-01-01 09:00:00,66.7095,31.0,-35.709503173828125
2021-01-01 12:00:00,43.55525,33.0,-10.555248260498047
2021-01-01 15:00:00,41.53088,27.0,-14.530879974365234
2021-01-01 18:00:00,33.210484,29.0,-4.210483551025391
2021-01-01 21:00:00,28.185526,31.0,2.814474105834961
2021-01-02 00:00:00,32.842308,31.0,-1.8423080444335938
2021-01-02 15:00:00,41.73154,36.0,-5.731540679931641
2021-01-02 18:00:00,35.28521,40.0,4.714790344238281
2021-01-02 21:00:00,31.007402,43.0,11.992597579956055
2021-01-03 00:00:00,43.87175,53.0,9.128250122070312
2021-01-03 03:00:00,42.47613,64.0,21.523868560791016
2021-01-03 06:00:00,43.264095,55.0,11.735904693603516
2021-01-03 09:00:00,38.853443,43.0,4.146556854248047
2021-01-03 12:00:00,39.52988,40.0,0.4701194763183594
2021-01-03 15:00:00,39.34957,51.0,11.650428771972656
2021-01-03 18:00:00,36.967323,58.0,21.032676696777344
2021-01-03 21:00:00,34.741104,48.0,13.258895874023438
2021-01-04 00:00:00,39.84633,49.0,9.153671264648438
2021-01-04 03:00:00,41.889053,56.0,14.110946655273438
2021-01-04 06:00:00,49.11152,51.0,1.8884811401367188
2021-01-04 09:00:00,47.98494,37.0,-10.984939575195312
2021-01-04 12:00:00,40.769295,37.0,-3.7692947387695312
2021-01-04 15:00:00,39.70365,43.0,3.2963485717773438
2021-01-04 18:00:00,37.618748,39.0,1.3812522888183594
2021-01-04 21:00:00,34.420452,52.0,17.579547882080078
2021-01-05 00:00:00,58.859596,51.0,-7.859596252441406
2021-01-05 03:00:00,49.983555,53.0,3.0164451599121094
2021-01-05 06:00:00,49.965424,47.0,-2.965423583984375
2021-01-05 15:00:00,38.827694,35.0,-3.8276939392089844
2021-01-05 18:00:00,32.78933,38.0,5.210670471191406
2021-01-05 21:00:00,27.631927,40.0,12.368072509765625
2021-01-06 00:00:00,37.84157,27.0,-10.841571807861328
2021-01-06 03:00:00,38.23402,32.0,-6.234020233154297
2021-01-06 06:00:00,39.892372,35.0,-4.892372131347656
2021-01-06 09:00:00,39.344086,32.0,-7.344085693359375
2021-01-06 12:00:00,27.886017,37.0,9.113983154296875
2021-01-06 15:00:00,29.977798,27.0,-2.9777984619140625
2021-01-06 18:00:00,27.981571,31.0,3.0184288024902344
2021-01-06 21:00:00,25.513828,35.0,9.48617172241211
2021-01-07 00:00:00,39.63635,26.0,-13.636348724365234
2021-01-07 03:00:00,33.766582,34.0,0.23341751098632812
2021-01-07 06:00:00,34.09065,40.0,5.909351348876953
2021-01-07 09:00:00,31.932188,26.0,-5.932188034057617
2021-01-07 12:00:00,16.81974,33.0,16.180259704589844
2021-01-07 15:00:00,20.060951,32.0,11.939048767089844
2021-01-07 18:00:00,22.908125,28.0,5.091875076293945
2021-01-07 21:00:00,23.558641,35.0,11.44135856628418
2021-01-08 00:00:00,39.72218,34.0,-5.722179412841797
2021-01-08 03:00:00,42.39655,33.0,-9.396549224853516
2021-01-08 06:00:00,44.30956,26.0,-18.309558868408203
2021-01-08 09:00:00,39.749638,20.0,-19.749637603759766
2021-01-08 12:00:00,46.773834,27.0,-19.773834228515625
2021-01-08 15:00:00,46.096035,17.0,-29.09603500366211
2021-01-08 18:00:00,40.394867,28.0,-12.394866943359375
2021-01-08 21:00:00,35.219273,34.0,-1.2192726135253906
2021-01-09 00:00:00,26.41383,38.0,11.586170196533203
2021-01-09 03:00:00,25.437828,28.0,2.5621719360351562
2021-01-09 06:00:00,26.279451,31.0,4.720548629760742
2021-01-09 09:00:00,21.888582,28.0,6.111417770385742
2021-01-09 12:00:00,30.048227,22.0,-8.048227310180664
2021-01-09 15:00:00,29.224907,27.0,-2.2249069213867188
2021-01-09 18:00:00,25.62774,36.0,10.372259140014648
2021-01-09 21:00:00,23.425116,42.0,18.57488441467285
2021-01-10 15:00:00,31.503077,32.0,0.49692344665527344
2021-01-10 18:00:00,30.621323,35.0,4.3786773681640625
2021-01-10 21:00:00,31.300488,26.0,-5.300487518310547
2021-01-11 00:00:00,27.501984,30.0,2.498016357421875
2021-01-11 03:00:00,30.521051,34.0,3.4789485931396484
2021-01-11 06:00:00,34.39243,47.0,12.60757064819336
2021-01-11 09:00:00,33.64295,43.0,9.357051849365234
2021-01-11 12:00:00,41.517014,57.0,15.482986450195312
2021-01-11 18:00:00,38.700138,45.0,6.299861907958984
2021-01-11 21:00:00,40.176018,40.0,-0.17601776123046875
2021-01-12 00:00:00,43.192585,39.0,-4.192584991455078
2021-01-12 03:00:00,65.20077,36.0,-29.200767517089844
2021-01-12 06:00:00,81.820755,37.0,-44.82075500488281
2021-01-12 09:00:00,69.9124,34.0,-35.91239929199219
2021-01-12 12:00:00,42.638363,40.0,-2.6383628845214844
2021-01-12 15:00:00,34.915386,36.0,1.0846138000488281
2021-01-12 18:00:00,34.68085,47.0,12.319149017333984
2021-01-12 21:00:00,42.71442,45.0,2.2855796813964844
2021-01-13 00:00:00,35.343872,30.0,-5.3438720703125
2021-01-13 03:00:00,52.50149,27.0,-25.50149154663086
2021-01-13 06:00:00,76.14381,36.0,-40.14380645751953
2021-01-13 09:00:00,65.685074,32.0,-33.68507385253906
2021-01-13 12:00:00,49.198887,39.0,-10.19888687133789
2021-01-13 15:00:00,45.281467,41.0,-4.281467437744141
2021-01-13 18:00:00,44.65528,54.0,9.344718933105469
2021-01-13 21:00:00,42.247734,54.0,11.752265930175781
2021-01-14 00:00:00,59.97049,42.0,-17.970489501953125
2021-01-14 03:00:00,71.980484,35.0,-36.98048400878906
2021-01-14 06:00:00,82.46116,38.0,-44.461158752441406
2021-01-14 15:00:00,48.382504,38.0,-10.382503509521484
2021-01-14 18:00:00,53.00154,49.0,-4.0015411376953125
2021-01-14 21:00:00,48.976803,57.0,8.023197174072266
2021-01-15 00:00:00,32.398132,32.0,-0.39813232421875
2021-01-15 03:00:00,33.984463,21.0,-12.98446273803711
2021-01-15 06:00:00,37.088737,24.0,-13.088737487792969
2021-01-15 09:00:00,41.81095,43.0,1.1890487670898438
2021-01-15 12:00:00,49.40506,42.0,-7.405059814453125
2021-01-15 15:00:00,54.626755,33.0,-21.626754760742188
2021-01-15 18:00:00,55.883163,26.0,-29.883163452148438
2021-01-15 21:00:00,57.95755,25.0,-32.957550048828125
2021-01-16 00:00:00,76.94433,97.0,20.05567169189453
2021-01-16 03:00:00,163.44563,52.0,-111.44563293457031
2021-01-16 06:00:00,175.80101,52.0,-123.80101013183594
2021-01-16 09:00:00,136.09863,54.0,-82.0986328125
2021-01-16 12:00:00,93.31603,52.0,-41.31603240966797
2021-01-16 15:00:00,74.30003,44.0,-30.300033569335938
2021-01-16 18:00:00,62.82369,47.0,-15.823688507080078
2021-01-16 21:00:00,58.09511,42.0,-16.095111846923828
2021-01-17 00:00:00,27.775969,45.0,17.224031448364258
2021-01-17 03:00:00,35.144695,51.0,15.855304718017578
2021-01-17 06:00:00,42.790703,43.0,0.20929718017578125
2021-01-17 09:00:00,54.386192,45.0,-9.386192321777344
2021-01-17 12:00:00,67.704094,44.0,-23.70409393310547
2021-01-17 15:00:00,74.473175,57.0,-17.473175048828125
2021-01-17 18:00:00,77.888275,66.0,-11.888275146484375
2021-01-17 21:00:00,94.43704,42.0,-52.437042236328125
2021-01-18 00:00:00,41.153725,33.0,-8.153724670410156
2021-01-18 03:00:00,26.589874,39.0,12.410125732421875
2021-01-18 15:00:00,34.462856,27.0,-7.462856292724609
2021-01-18 18:00:00,34.280903,29.0,-5.280902862548828
2021-01-18 21:00:00,36.89979,28.0,-8.899791717529297
2021-01-19 00:00:00,47.028606,35.0,-12.028606414794922
2021-01-19 03:00:00,56.674026,39.0,-17.674026489257812
2021-01-19 06:00:00,50.024254,47.0,-3.0242538452148438
2021-01-19 09:00:00,35.27421,36.0,0.7257881164550781
2021-01-19 12:00:00,30.331932,34.0,3.6680679321289062
2021-01-19 15:00:00,26.350107,23.0,-3.350107192993164
2021-01-19 18:00:00,25.463238,26.0,0.5367622375488281
2021-01-19 21:00:00,25.501436,31.0,5.498563766479492
2021-01-20 00:00:00,0.0,27.0,27.0
2021-01-20 03:00:00,0.4549747,29.0,28.545025289058685
2021-01-20 06:00:00,4.5167212,28.0,23.48327875137329
2021-01-20 09:00:00,6.273012,26.0,19.726987838745117
2021-01-20 12:00:00,29.717598,28.0,-1.7175979614257812
2021-01-20 15:00:00,34.11765,23.0,-11.11764907836914
2021-01-20 18:00:00,31.36961,23.0,-8.369609832763672
2021-02-15 18:00:00,26.313955,47.0,20.686044692993164
2021-02-15 21:00:00,23.199846,37.0,13.800153732299805
2021-02-17 03:00:00,37.898643,61.0,23.101356506347656
2021-02-17 06:00:00,35.811012,58.0,22.188987731933594
2021-02-17 09:00:00,31.684067,42.0,10.315933227539062
2021-02-17 12:00:00,39.69285,35.0,-4.692848205566406
2021-02-17 15:00:00,36.571236,67.0,30.42876434326172
2021-02-17 18:00:00,32.184063,44.0,11.815937042236328
2021-02-17 21:00:00,31.242962,49.0,17.757038116455078
2021-02-18 00:00:00,67.26987,49.0,-18.269866943359375
2021-02-18 03:00:00,56.91345,59.0,2.0865516662597656
2021-02-18 06:00:00,59.13682,66.0,6.863178253173828
2021-02-18 09:00:00,82.51317,52.0,-30.513168334960938
2021-02-18 12:00:00,147.62701,74.0,-73.62701416015625
2021-02-18 15:00:00,193.8646,61.0,-132.86459350585938
2021-02-18 18:00:00,127.69852,33.0,-94.69851684570312
2021-02-18 21:00:00,127.67123,48.0,-79.67122650146484
2021-02-19 00:00:00,116.5281,148.0,31.471900939941406
2021-02-19 06:00:00,65.691895,102.0,36.30810546875
2021-02-19 09:00:00,50.0969,113.0,62.903099060058594
2021-02-21 03:00:00,0.0,23.0,23.0
2021-02-21 09:00:00,8.775487,23.0,14.224513053894043
2021-02-21 12:00:00,15.010414,27.0,11.989585876464844
2021-02-21 15:00:00,15.3521,34.0,18.647899627685547
2021-02-21 18:00:00,13.574777,22.0,8.425223350524902
2021-02-21 21:00:00,11.539896,26.0,14.460103988647461
2021-02-22 00:00:00,23.431313,26.0,2.5686874389648438
2021-02-22 03:00:00,18.741503,30.0,11.25849723815918
2021-02-22 09:00:00,14.103193,33.0,18.896806716918945
2021-02-22 12:00:00,6.6456776,23.0,16.35432243347168
2021-02-22 15:00:00,13.177214,30.0,16.822786331176758
2021-02-22 18:00:00,21.133701,26.0,4.866298675537109
2021-02-22 21:00:00,28.196383,27.0,-1.1963825225830078
2021-02-23 00:00:00,15.316573,26.0,10.683426856994629
2021-02-23 03:00:00,19.904518,31.0,11.095481872558594
2021-02-23 06:00:00,27.312353,31.0,3.6876468658447266
2021-02-23 09:00:00,31.494097,41.0,9.505903244018555
2021-02-23 12:00:00,13.687441,36.0,22.312559127807617
2021-02-23 15:00:00,16.785067,29.0,12.214933395385742
2021-02-23 18:00:00,15.663318,20.0,4.336682319641113
2021-02-24 00:00:00,22.222252,31.0,8.777748107910156
2021-02-24 03:00:00,22.364134,31.0,8.635866165161133
2021-02-24 06:00:00,17.8469,27.0,9.153099060058594
2021-02-24 09:00:00,14.33375,23.0,8.666250228881836
2021-02-24 12:00:00,5.51114,18.0,12.488860130310059
2021-02-24 15:00:00,5.9738455,27.0,21.02615451812744
2021-02-24 18:00:00,7.131348,27.0,19.868651866912842
2021-02-24 21:00:00,14.284524,32.0,17.715476036071777
2021-02-25 00:00:00,26.252565,16.0,-10.252565383911133
2021-02-25 03:00:00,40.313354,24.0,-16.3133544921875
2021-02-25 06:00:00,74.75205,23.0,-51.752052307128906
2021-02-25 09:00:00,64.13461,32.0,-32.134613037109375
2021-02-25 12:00:00,34.98775,27.0,-7.987751007080078
2021-02-25 15:00:00,31.506374,15.0,-16.50637435913086
2021-02-25 18:00:00,31.859827,18.0,-13.859827041625977
2021-02-25 21:00:00,34.664707,25.0,-9.66470718383789
2021-02-26 00:00:00,42.304237,20.0,-22.304237365722656
2021-02-26 03:00:00,53.102894,21.0,-32.1028938293457
2021-02-26 21:00:00,30.853926,28.0,-2.8539257049560547
2021-02-27 00:00:00,15.490741,26.0,10.509259223937988
2021-03-01 03:00:00,29.91669,35.0,5.083309173583984
2021-03-01 06:00:00,34.1322,27.0,-7.132198333740234
2021-03-01 09:00:00,35.370304,41.0,5.629695892333984
2021-03-01 12:00:00,25.439846,34.0,8.56015396118164
2021-03-01 15:00:00,22.65631,34.0,11.343690872192383
2021-03-01 18:00:00,21.68963,38.0,16.31036949157715
2021-03-01 21:00:00,22.485437,45.0,22.514562606811523
2021-03-02 00:00:00,24.340351,49.0,24.659648895263672
2021-03-02 03:00:00,22.765106,41.0,18.234893798828125
2021-03-02 06:00:00,19.944763,42.0,22.05523681640625
2021-03-02 09:00:00,24.679537,48.0,23.320463180541992
2021-03-02 12:00:00,46.880386,41.0,-5.8803863525390625
2021-03-02 15:00:00,56.735188,40.0,-16.735187530517578
2021-03-02 18:00:00,52.269455,39.0,-13.269454956054688
2021-03-02 21:00:00,53.64575,32.0,-21.645748138427734
2021-03-03 00:00:00,69.95947,36.0,-33.95947265625
2021-03-03 03:00:00,62.432262,42.0,-20.432262420654297
2021-03-03 06:00:00,53.969982,42.0,-11.969982147216797
2021-03-03 12:00:00,22.907103,44.0,21.092897415161133
2021-03-03 15:00:00,29.25566,40.0,10.744340896606445
2021-03-03 18:00:00,33.15529,42.0,8.844711303710938
2021-03-03 21:00:00,34.303413,45.0,10.696586608886719
2021-03-04 00:00:00,5.3289566,41.0,35.671043395996094
2021-03-04 03:00:00,13.561931,44.0,30.438069343566895
2021-03-04 06:00:00,19.953688,32.0,12.04631233215332
2021-03-04 09:00:00,30.781961,27.0,-3.781961441040039
2021-03-04 12:00:00,70.19182,31.0,-39.19181823730469
2021-03-04 15:00:00,68.90667,45.0,-23.90666961669922
2021-03-04 18:00:00,46.300327,42.0,-4.300327301025391
2021-03-04 21:00:00,30.737965,38.0,7.262035369873047
2021-03-05 00:00:00,4.5670276,47.0,42.43297243118286
2021-03-05 06:00:00,181.63576,210.0,28.364242553710938
2021-03-05 09:00:00,138.92355,119.0,-19.923553466796875
2021-03-05 12:00:00,122.65798,63.0,-59.657981872558594
2021-03-05 15:00:00,87.80944,36.0,-51.80944061279297
2021-03-05 18:00:00,65.56297,43.0,-22.562973022460938
2021-03-05 21:00:00,55.882538,42.0,-13.882537841796875
2021-03-06 00:00:00,69.027466,35.0,-34.0274658203125
2021-03-06 03:00:00,68.23438,36.0,-32.23438262939453
2021-03-06 06:00:00,55.37572,39.0,-16.375720977783203
2021-03-06 09:00:00,45.57211,36.0,-9.57210922241211
2021-03-06 12:00:00,45.419712,34.0,-11.41971206665039
2021-03-06 15:00:00,43.915405,27.0,-16.9154052734375
2021-03-06 18:00:00,44.40835,26.0,-18.40835189819336
2021-03-06 21:00:00,46.053627,37.0,-9.053627014160156
2021-03-07 00:00:00,44.22691,35.0,-9.226909637451172
2021-03-07 03:00:00,51.204098,33.0,-18.204097747802734
2021-03-07 09:00:00,38.77153,33.0,-5.7715301513671875
2021-03-07 12:00:00,62.71233,31.0,-31.712329864501953
2021-03-07 15:00:00,56.802322,27.0,-29.802322387695312
2021-03-07 18:00:00,51.167377,27.0,-24.167377471923828
2021-03-07 21:00:00,46.9729,26.0,-20.972900390625
2021-03-08 00:00:00,52.89189,33.0,-19.891891479492188
2021-03-08 03:00:00,58.073624,33.0,-25.073623657226562
2021-03-08 06:00:00,60.001072,39.0,-21.00107192993164
2021-03-08 09:00:00,54.491863,22.0,-32.49186325073242
2021-03-08 12:00:00,62.410095,26.0,-36.41009521484375
2021-03-08 15:00:00,61.491848,27.0,-34.49184799194336
2021-03-08 18:00:00,56.640602,28.0,-28.640602111816406
2021-03-08 21:00:00,42.381542,22.0,-20.381542205810547
2021-03-09 00:00:00,25.777353,29.0,3.222646713256836
2021-03-09 03:00:00,34.947105,32.0,-2.9471054077148438
2021-03-09 06:00:00,59.8709,35.0,-24.870899200439453
2021-03-09 09:00:00,86.73976,63.0,-23.739761352539062
2021-03-09 12:00:00,98.89095,74.0,-24.890953063964844
2021-03-10 15:00:00,19.153276,27.0,7.846723556518555
2021-03-10 18:00:00,25.335112,24.0,-1.3351116180419922
2021-03-10 21:00:00,25.978352,30.0,4.021648406982422
2021-03-11 00:00:00,4.1309247,30.0,25.869075298309326
2021-03-11 03:00:00,9.802534,30.0,20.197465896606445
2021-03-11 06:00:00,18.572792,37.0,18.427207946777344
2021-03-11 09:00:00,32.6786,32.0,-0.6786003112792969
2021-03-11 12:00:00,53.326405,30.0,-23.326404571533203
2021-03-12 06:00:00,55.66699,44.0,-11.666988372802734
2021-03-12 15:00:00,161.76204,407.0,245.2379608154297
2021-03-13 06:00:00,132.81749,318.0,185.18251037597656
2021-03-13 12:00:00,164.15413,108.0,-56.15412902832031
2021-03-13 18:00:00,108.639145,136.0,27.360855102539062
2021-03-13 21:00:00,87.40062,76.0,-11.400619506835938
2021-03-14 00:00:00,89.91264,86.0,-3.9126434326171875
2021-03-14 03:00:00,74.61858,77.0,2.3814163208007812
2021-03-14 06:00:00,54.109932,40.0,-14.109931945800781
2021-03-14 09:00:00,38.7156,22.0,-16.715599060058594
2021-03-14 12:00:00,42.281727,27.0,-15.281726837158203
2021-03-14 15:00:00,37.65126,32.0,-5.6512603759765625
2021-03-14 18:00:00,35.93607,29.0,-6.936069488525391
2021-03-15 03:00:00,80.94753,33.0,-47.947532653808594
2021-03-15 09:00:00,92.77176,25.0,-67.77175903320312
2021-03-15 12:00:00,156.1964,29.0,-127.19639587402344
2021-03-15 15:00:00,148.26878,30.0,-118.26878356933594
2021-03-15 18:00:00,146.58371,34.0,-112.58370971679688
2021-03-15 21:00:00,133.73938,40.0,-93.7393798828125
2021-03-16 00:00:00,105.59483,43.0,-62.59483337402344
2021-03-16 03:00:00,87.209854,48.0,-39.20985412597656
2021-03-17 03:00:00,93.09201,55.0,-38.092010498046875
2021-03-17 06:00:00,84.85438,92.0,7.145622253417969
2021-03-17 09:00:00,75.13381,131.0,55.866188049316406
2021-03-17 12:00:00,77.251,83.0,5.749000549316406
2021-03-17 18:00:00,70.36351,75.0,4.6364898681640625
2021-03-17 21:00:00,72.84325,105.0,32.15675354003906
2021-03-18 00:00:00,60.505272,50.0,-10.505271911621094
2021-03-18 03:00:00,64.60658,47.0,-17.606582641601562
2021-03-18 06:00:00,75.050026,45.0,-30.050025939941406
2021-03-18 09:00:00,77.5795,274.0,196.42050170898438
2021-03-18 12:00:00,80.999596,189.0,108.00040435791016
2021-03-18 15:00:00,71.464455,117.0,45.535545349121094
2021-03-18 18:00:00,78.09308,88.0,9.90692138671875
2021-03-18 21:00:00,130.09344,98.0,-32.09344482421875
2021-03-19 00:00:00,102.552345,98.0,-4.552345275878906
2021-03-19 03:00:00,84.31943,83.0,-1.319427490234375
2021-03-19 06:00:00,95.26746,60.0,-35.26746368408203
2021-03-19 09:00:00,85.31618,80.0,-5.3161773681640625
2021-03-19 12:00:00,55.23725,32.0,-23.23725128173828
2021-03-19 15:00:00,36.41071,24.0,-12.410709381103516
2021-03-19 18:00:00,31.815262,26.0,-5.8152618408203125
2021-03-19 21:00:00,27.218449,30.0,2.7815513610839844
2021-03-20 00:00:00,13.871954,28.0,14.128046035766602
2021-03-20 03:00:00,17.356684,24.0,6.643316268920898
2021-03-20 06:00:00,22.263407,44.0,21.73659324645996
2021-03-20 09:00:00,29.466946,39.0,9.53305435180664
2021-03-20 12:00:00,46.42584,33.0,-13.425838470458984
2021-03-20 15:00:00,44.267494,18.0,-26.267494201660156
2021-03-20 18:00:00,43.51068,35.0,-8.51068115234375
2021-03-20 21:00:00,42.01115,33.0,-9.011150360107422
2021-03-21 00:00:00,88.518394,27.0,-61.518394470214844
2021-03-21 06:00:00,68.9422,23.0,-45.94219970703125
2021-03-21 09:00:00,51.850407,17.0,-34.850406646728516
2021-03-21 12:00:00,28.431145,16.0,-12.431144714355469
2021-03-21 15:00:00,26.45072,18.0,-8.450719833374023
2021-03-21 18:00:00,26.365114,18.0,-8.365114212036133
2021-03-21 21:00:00,29.852345,16.0,-13.852344512939453
2021-03-22 00:00:00,27.55496,18.0,-9.554960250854492
2021-03-22 03:00:00,40.282883,10.0,-30.282882690429688
2021-03-22 06:00:00,37.706856,18.0,-19.70685577392578
2021-03-22 09:00:00,65.45105,17.0,-48.4510498046875
2021-03-22 12:00:00,107.55321,25.0,-82.55320739746094
2021-03-22 15:00:00,78.990295,23.0,-55.99029541015625
2021-03-22 18:00:00,58.12353,30.0,-28.123531341552734
2021-03-22 21:00:00,54.867542,28.0,-26.867542266845703
2021-03-23 00:00:00,66.87014,29.0,-37.870140075683594
2021-03-23 03:00:00,63.794685,44.0,-19.79468536376953
2021-03-23 06:00:00,67.02146,38.0,-29.021461486816406
2021-03-23 09:00:00,68.83835,33.0,-35.838348388671875
2021-03-23 15:00:00,47.826687,39.0,-8.82668685913086
2021-03-23 18:00:00,47.37467,36.0,-11.37466812133789
2021-03-23 21:00:00,50.943752,37.0,-13.94375228881836
2021-03-24 00:00:00,32.51148,39.0,6.488521575927734
2021-03-24 15:00:00,73.27344,66.0,-7.2734375
2021-03-24 18:00:00,70.93877,49.0,-21.938766479492188
2021-03-24 21:00:00,70.79711,56.0,-14.797111511230469
2021-03-25 00:00:00,41.00707,51.0,9.992931365966797
2021-03-25 06:00:00,49.579056,48.0,-1.5790557861328125
2021-03-25 09:00:00,54.087254,61.0,6.912746429443359
2021-03-25 12:00:00,86.1977,64.0,-22.19770050048828
2021-03-25 18:00:00,87.565926,69.0,-18.56592559814453
2021-03-25 21:00:00,81.17968,82.0,0.8203201293945312
2021-03-26 00:00:00,43.646652,75.0,31.353347778320312
2021-03-26 03:00:00,36.32158,80.0,43.67842102050781
2021-03-26 06:00:00,39.478836,75.0,35.52116394042969
2021-03-26 12:00:00,56.84899,73.0,16.15100860595703
2021-03-26 15:00:00,61.712627,75.0,13.287372589111328
2021-03-26 18:00:00,71.04881,66.0,-5.0488128662109375
2021-03-26 21:00:00,85.41247,72.0,-13.412467956542969
2021-03-27 00:00:00,47.18004,73.0,25.819961547851562
2021-03-27 03:00:00,53.667465,69.0,15.332534790039062
2021-03-27 06:00:00,59.250626,41.0,-18.250625610351562
2021-03-27 09:00:00,64.594986,42.0,-22.594985961914062
2021-03-27 12:00:00,71.76755,51.0,-20.767547607421875
2021-03-27 15:00:00,63.660763,96.0,32.339237213134766
2021-03-27 18:00:00,75.255684,90.0,14.744316101074219
2021-03-27 21:00:00,92.78028,81.0,-11.780281066894531
2021-03-28 03:00:00,55.103554,49.0,-6.103553771972656
2021-03-28 15:00:00,43.535465,59.0,15.464534759521484
2021-03-28 21:00:00,45.039997,37.0,-8.039997100830078
2021-03-29 00:00:00,43.115505,90.0,46.88449478149414
2021-03-29 03:00:00,60.31064,55.0,-5.310638427734375
2021-03-29 06:00:00,56.29772,43.0,-13.297721862792969
2021-03-29 09:00:00,46.877007,29.0,-17.87700653076172
2021-03-29 12:00:00,67.00856,30.0,-37.00856018066406
2021-03-29 15:00:00,49.6525,18.0,-31.65250015258789
2021-03-29 21:00:00,36.918095,26.0,-10.918094635009766
2021-03-30 00:00:00,46.717106,24.0,-22.717105865478516
2021-03-30 03:00:00,46.065678,26.0,-20.065677642822266
2021-03-30 06:00:00,41.921795,32.0,-9.921794891357422
2021-03-30 09:00:00,42.692364,26.0,-16.692363739013672
2021-03-30 12:00:00,50.89987,24.0,-26.899871826171875
2021-03-30 15:00:00,53.45737,21.0,-32.45737075805664
2021-03-30 18:00:00,52.90667,20.0,-32.90666961669922
2021-03-31 00:00:00,58.19243,17.0,-41.19242858886719
2021-03-31 03:00:00,60.335766,16.0,-44.33576583862305
2021-03-31 06:00:00,61.401466,14.0,-47.401466369628906
2021-03-31 09:00:00,61.03869,60.0,-1.0386886596679688
2021-03-31 15:00:00,65.8448,23.0,-42.84480285644531
2021-04-01 15:00:00,77.688126,87.0,9.311874389648438
2021-04-01 18:00:00,70.38125,79.0,8.618751525878906
2021-04-01 21:00:00,65.47043,85.0,19.529571533203125
2021-04-02 00:00:00,46.09956,72.0,25.900440216064453
2021-04-02 03:00:00,61.58973,41.0,-20.58972930908203
2021-04-02 06:00:00,79.12945,49.0,-30.12944793701172
2021-04-02 09:00:00,82.01084,59.0,-23.010841369628906
2021-04-02 12:00:00,79.22722,58.0,-21.227218627929688
2021-04-02 15:00:00,73.4783,60.0,-13.478302001953125
2021-04-02 18:00:00,66.231674,74.0,7.7683258056640625
2021-04-02 21:00:00,62.69761,70.0,7.302391052246094
2021-04-03 00:00:00,42.818554,53.0,10.181446075439453
2021-04-03 03:00:00,158.9748,85.0,-73.97479248046875
2021-04-03 18:00:00,49.96423,60.0,10.035770416259766
2021-04-03 21:00:00,57.61649,26.0,-31.61648941040039
2021-04-04 03:00:00,51.866665,23.0,-28.86666488647461
2021-04-04 06:00:00,44.86003,26.0,-18.860031127929688
2021-04-05 00:00:00,29.85098,27.0,-2.850980758666992
2021-04-05 03:00:00,62.354504,23.0,-39.3545036315918
2021-04-05 06:00:00,60.864296,59.0,-1.8642959594726562
2021-04-05 09:00:00,50.94313,28.0,-22.943130493164062
2021-04-05 12:00:00,44.62214,29.0,-15.622138977050781
2021-04-05 15:00:00,44.02466,72.0,27.975341796875
2021-04-05 18:00:00,43.000454,50.0,6.999546051025391
2021-04-05 21:00:00,44.42768,66.0,21.57231903076172
2021-04-06 00:00:00,68.552025,34.0,-34.552024841308594
2021-04-06 03:00:00,81.5412,31.0,-50.54119873046875
2021-04-06 06:00:00,72.3025,27.0,-45.30249786376953
2021-04-06 09:00:00,48.56008,30.0,-18.560081481933594
2021-04-06 18:00:00,41.083355,33.0,-8.083354949951172
2021-04-06 21:00:00,40.36019,29.0,-11.360191345214844
2021-04-07 00:00:00,50.09042,33.0,-17.09041976928711
2021-04-07 03:00:00,66.346275,27.0,-39.346275329589844
2021-04-07 06:00:00,89.63343,42.0,-47.63343048095703
2021-04-07 09:00:00,99.924706,35.0,-64.9247055053711
2021-04-07 12:00:00,120.80943,51.0,-69.80943298339844
2021-04-07 15:00:00,116.29959,53.0,-63.299591064453125
2021-04-07 18:00:00,104.788795,48.0,-56.788795471191406
2021-04-07 21:00:00,93.96308,57.0,-36.96308135986328
2021-04-08 00:00:00,100.05226,58.0,-42.05226135253906
2021-04-08 03:00:00,102.69332,62.0,-40.693321228027344
2021-04-08 06:00:00,107.86107,59.0,-48.86106872558594
2021-04-08 12:00:00,91.54928,55.0,-36.549278259277344
2021-04-08 15:00:00,95.978065,56.0,-39.978065490722656
2021-04-08 18:00:00,92.266075,65.0,-27.266075134277344
2021-04-08 21:00:00,89.49712,61.0,-28.49712371826172
2021-04-09 00:00:00,51.100414,66.0,14.899585723876953
2021-04-09 03:00:00,69.057816,56.0,-13.057815551757812
2021-04-09 21:00:00,53.56287,42.0,-11.562870025634766
2021-04-10 00:00:00,56.69858,72.0,15.30141830444336
2021-04-10 03:00:00,50.751625,78.0,27.248374938964844
2021-04-10 06:00:00,44.913464,42.0,-2.913463592529297
2021-04-10 12:00:00,64.51455,37.0,-27.514549255371094
2021-04-10 18:00:00,61.55983,46.0,-15.559829711914062
2021-04-10 21:00:00,63.14258,46.0,-17.142578125
2021-04-11 00:00:00,43.50477,40.0,-3.5047683715820312
2021-04-11 03:00:00,38.961845,34.0,-4.961845397949219
2021-04-11 06:00:00,40.085636,52.0,11.914363861083984
2021-04-11 09:00:00,47.980736,52.0,4.019264221191406
2021-04-11 12:00:00,38.495613,51.0,12.504386901855469
2021-04-12 00:00:00,25.031113,74.0,48.96888732910156
2021-04-12 09:00:00,33.37857,41.0,7.621429443359375
2021-04-12 12:00:00,56.341038,43.0,-13.34103775024414
2021-04-12 18:00:00,49.373,63.0,13.626998901367188
2021-04-13 00:00:00,10.70839,58.0,47.29160976409912
2021-04-13 09:00:00,36.12672,32.0,-4.126720428466797
2021-04-13 12:00:00,9.620294,27.0,17.379706382751465
2021-04-13 15:00:00,33.686546,30.0,-3.6865463256835938
2021-04-13 18:00:00,77.50032,25.0,-52.50032043457031
2021-04-13 21:00:00,85.571175,24.0,-61.57117462158203
2021-04-15 00:00:00,19.785603,33.0,13.214397430419922
2021-04-15 03:00:00,22.709173,26.0,3.2908267974853516
2021-04-15 06:00:00,28.136412,22.0,-6.136411666870117
2021-04-15 09:00:00,29.363832,22.0,-7.363832473754883
2021-04-15 15:00:00,34.916866,15.0,-19.916866302490234
2021-04-15 18:00:00,35.364338,21.0,-14.364337921142578
2021-04-16 00:00:00,53.14132,27.0,-26.141319274902344
2021-04-16 03:00:00,71.37942,29.0,-42.379417419433594
2021-04-16 06:00:00,72.41084,33.0,-39.41084289550781
2021-04-16 09:00:00,62.37019,24.0,-38.37018966674805
2021-04-17 03:00:00,69.30816,32.0,-37.30815887451172
2021-04-17 06:00:00,96.80889,39.0,-57.80889129638672
2021-04-17 09:00:00,87.67767,42.0,-45.67767333984375
2021-04-17 15:00:00,90.3126,31.0,-59.312599182128906
2021-04-17 18:00:00,85.551506,38.0,-47.55150604248047
2021-04-17 21:00:00,74.13973,39.0,-35.139732360839844
2021-04-18 03:00:00,147.98297,110.0,-37.98297119140625
2021-04-18 06:00:00,132.91708,140.0,7.082916259765625
2021-04-18 09:00:00,90.77746,85.0,-5.777458190917969
2021-04-18 12:00:00,83.97319,98.0,14.026809692382812
2021-04-18 15:00:00,78.1863,51.0,-27.186302185058594
2021-04-18 18:00:00,73.08904,61.0,-12.089042663574219
2021-04-19 00:00:00,28.625437,51.0,22.374563217163086
2021-04-19 03:00:00,60.456387,47.0,-13.45638656616211
2021-04-19 06:00:00,83.47002,45.0,-38.47001647949219
2021-04-19 09:00:00,74.0971,49.0,-25.09709930419922
2021-04-19 12:00:00,85.93963,42.0,-43.93962860107422
2021-04-19 15:00:00,84.71511,27.0,-57.715110778808594
2021-04-19 18:00:00,80.2138,34.0,-46.21379852294922
2021-04-19 21:00:00,74.16713,58.0,-16.167129516601562
2021-04-20 00:00:00,75.38393,56.0,-19.383926391601562
2021-04-20 03:00:00,102.46538,61.0,-41.46537780761719
2021-04-20 06:00:00,125.0109,43.0,-82.01090240478516
2021-04-20 09:00:00,116.39906,56.0,-60.39906311035156
2021-04-20 12:00:00,82.98059,59.0,-23.9805908203125
2021-04-20 15:00:00,84.46272,60.0,-24.462722778320312
2021-04-20 18:00:00,80.51609,55.0,-25.516090393066406
2021-04-20 21:00:00,73.24706,60.0,-13.247062683105469
2021-04-21 18:00:00,77.306595,71.0,-6.3065948486328125
2021-04-21 21:00:00,66.40675,60.0,-6.4067535400390625
2021-04-22 00:00:00,88.33149,80.0,-8.331489562988281
2021-04-22 03:00:00,79.43879,66.0,-13.438789367675781
2021-04-22 06:00:00,82.9358,42.0,-40.93579864501953
2021-04-22 09:00:00,84.95721,32.0,-52.95720672607422
2021-04-22 12:00:00,59.574516,37.0,-22.57451629638672
2021-04-22 18:00:00,58.57032,60.0,1.4296798706054688
2021-04-22 21:00:00,53.586063,62.0,8.413936614990234
2021-04-23 00:00:00,43.350838,61.0,17.64916229248047
2021-04-23 03:00:00,46.098763,59.0,12.901237487792969
2021-04-23 06:00:00,47.571518,29.0,-18.571517944335938
2021-04-23 09:00:00,50.59502,32.0,-18.595020294189453
2021-04-23 12:00:00,72.52868,42.0,-30.52867889404297
2021-04-23 15:00:00,68.80441,68.0,-0.804412841796875
2021-04-23 18:00:00,61.403854,66.0,4.5961456298828125
2021-04-23 21:00:00,59.45981,59.0,-0.459808349609375
2021-04-24 00:00:00,46.053627,59.0,12.946372985839844
2021-04-24 03:00:00,41.816975,55.0,13.183025360107422
2021-04-24 06:00:00,40.727173,57.0,16.2728271484375
2021-04-24 09:00:00,43.432804,38.0,-5.432804107666016
2021-05-05 15:00:00,51.95176,36.0,-15.951759338378906
2021-05-05 18:00:00,41.97932,31.0,-10.979320526123047
2021-05-05 21:00:00,40.439316,39.0,-1.4393157958984375
2021-05-06 00:00:00,53.77342,33.0,-20.773418426513672
2021-05-06 06:00:00,75.95986,32.0,-43.959861755371094
2021-05-06 09:00:00,78.18414,32.0,-46.18414306640625
2021-05-06 12:00:00,59.743,24.0,-35.74300003051758
2021-05-06 15:00:00,56.363033,35.0,-21.363033294677734
2021-05-06 18:00:00,43.129715,45.0,1.8702850341796875
2021-05-06 21:00:00,32.503067,47.0,14.496932983398438
2021-05-07 00:00:00,41.445675,38.0,-3.4456748962402344
2021-05-07 03:00:00,48.73317,40.0,-8.733169555664062
2021-05-07 09:00:00,57.092564,31.0,-26.09256362915039
2021-05-07 12:00:00,67.85399,23.0,-44.85398864746094
2021-05-07 15:00:00,55.54898,39.0,-16.548980712890625
2021-05-07 18:00:00,46.01793,48.0,1.9820709228515625
2021-05-08 00:00:00,41.2424,63.0,21.757598876953125
2021-05-08 09:00:00,105.94244,35.0,-70.94243621826172
2021-05-08 15:00:00,89.91219,54.0,-35.912193298339844
2021-05-08 18:00:00,75.44554,38.0,-37.44554138183594
2021-05-08 21:00:00,66.86548,38.0,-28.865478515625
2021-05-09 00:00:00,60.93876,38.0,-22.938758850097656
2021-05-10 03:00:00,27.77233,65.0,37.227670669555664
2021-05-10 06:00:00,34.709103,49.0,14.290897369384766
2021-05-10 09:00:00,38.413704,23.0,-15.413703918457031
2021-05-10 12:00:00,35.635223,25.0,-10.635223388671875
2021-05-10 15:00:00,34.21542,35.0,0.7845802307128906
2021-05-11 12:00:00,62.066532,36.0,-26.066532135009766
2021-05-11 15:00:00,59.769604,42.0,-17.769603729248047
2021-05-12 09:00:00,33.845596,46.0,12.154403686523438
2021-05-12 12:00:00,34.430855,44.0,9.569145202636719
2021-05-12 15:00:00,32.726234,69.0,36.273765563964844
2021-05-12 18:00:00,33.096798,56.0,22.903202056884766
2021-05-13 00:00:00,43.269665,73.0,29.730335235595703
2021-05-13 03:00:00,62.400944,46.0,-16.400943756103516
2021-05-13 06:00:00,75.224304,45.0,-30.22430419921875
2021-05-13 15:00:00,54.89119,52.0,-2.8911895751953125
2021-05-13 18:00:00,47.06544,53.0,5.934558868408203
2021-05-15 00:00:00,70.736176,55.0,-15.736175537109375
2021-05-15 03:00:00,78.86547,73.0,-5.865470886230469
2021-05-15 06:00:00,92.59125,46.0,-46.59124755859375
2021-05-15 09:00:00,90.96337,54.0,-36.96337127685547
2021-05-15 12:00:00,89.3074,49.0,-40.307403564453125
2021-05-15 15:00:00,88.946304,55.0,-33.94630432128906
2021-05-15 18:00:00,90.01667,55.0,-35.01667022705078
2021-05-15 21:00:00,82.46582,57.0,-25.4658203125
2021-05-16 00:00:00,91.19611,59.0,-32.19611358642578
2021-05-16 03:00:00,99.534904,54.0,-45.53490447998047
2021-05-16 06:00:00,103.8213,53.0,-50.82129669189453
2021-05-16 12:00:00,115.59851,50.0,-65.5985107421875
2021-05-16 15:00:00,112.37648,54.0,-58.37648010253906
2021-05-16 18:00:00,97.986,55.0,-42.986000061035156
2021-05-16 21:00:00,83.11281,25.0,-58.11280822753906
2021-05-17 00:00:00,57.026,29.0,-28.0260009765625
2021-05-19 12:00:00,37.568043,62.0,24.431957244873047
2021-05-19 15:00:00,34.929996,47.0,12.070003509521484
2021-05-19 18:00:00,36.061237,37.0,0.9387626647949219
2021-05-19 21:00:00,39.499355,39.0,-0.4993553161621094
2021-05-20 00:00:00,56.685165,48.0,-8.685165405273438
2021-05-20 03:00:00,54.201054,45.0,-9.201053619384766
2021-05-20 15:00:00,50.401466,31.0,-19.401466369628906
2021-05-21 00:00:00,16.287117,28.0,11.712882995605469
2021-05-21 21:00:00,51.30187,24.0,-27.301868438720703
2021-05-22 00:00:00,53.99198,24.0,-29.991981506347656
2021-05-22 06:00:00,58.49614,36.0,-22.496139526367188
2021-05-22 09:00:00,59.196735,36.0,-23.196735382080078
2021-05-22 12:00:00,39.851555,42.0,2.1484451293945312
2021-05-25 03:00:00,85.10904,63.0,-22.109039306640625
2021-05-25 18:00:00,62.22308,43.0,-19.223079681396484
2021-05-25 21:00:00,66.69461,83.0,16.305389404296875
2021-05-26 00:00:00,46.367973,82.0,35.63202667236328
2021-05-27 21:00:00,42.69373,33.0,-9.693729400634766
2021-05-28 00:00:00,5.696165,29.0,23.303834915161133
2021-05-28 06:00:00,31.342949,30.0,-1.3429489135742188
2021-05-28 09:00:00,38.42135,25.0,-13.421348571777344
2021-05-28 12:00:00,64.636765,18.0,-46.63676452636719
2021-05-28 15:00:00,62.465687,32.0,-30.465686798095703
2021-05-28 21:00:00,54.520344,24.0,-30.520343780517578
2021-05-29 00:00:00,50.612015,23.0,-27.612014770507812
2021-05-29 03:00:00,71.24322,30.0,-41.24321746826172
2021-05-29 06:00:00,101.90956,37.0,-64.90956115722656
2021-05-29 09:00:00,88.93556,32.0,-56.93556213378906
2021-05-29 12:00:00,58.104603,34.0,-24.104602813720703
2021-05-29 15:00:00,42.282097,37.0,-5.282096862792969
2021-05-29 18:00:00,33.11601,32.0,-1.1160087585449219
2021-05-29 21:00:00,33.832066,41.0,7.167934417724609
2021-05-30 00:00:00,11.159045,31.0,19.840954780578613
2021-05-30 06:00:00,24.912935,27.0,2.087064743041992
2021-05-30 09:00:00,28.393402,33.0,4.606597900390625
2021-05-30 12:00:00,58.212093,36.0,-22.212093353271484
2021-05-30 15:00:00,54.448547,31.0,-23.44854736328125
2021-05-30 18:00:00,43.69315,24.0,-19.69314956665039
2021-05-30 21:00:00,36.881374,23.0,-13.88137435913086
2021-05-31 00:00:00,70.0058,26.0,-44.00579833984375
2021-05-31 03:00:00,63.251945,27.0,-36.25194549560547
2021-05-31 06:00:00,53.2857,30.0,-23.285701751708984
2021-05-31 12:00:00,33.650394,43.0,9.349605560302734
2021-05-31 18:00:00,41.134228,26.0,-15.134227752685547
2021-05-31 21:00:00,40.883835,34.0,-6.8838348388671875
2021-06-01 03:00:00,50.86349,36.0,-14.86349105834961
2021-06-01 06:00:00,55.614235,53.0,-2.6142349243164062
2021-06-01 09:00:00,50.174377,54.0,3.82562255859375
2021-06-01 12:00:00,65.89977,30.0,-35.89977264404297
2021-06-01 15:00:00,53.940342,20.0,-33.94034194946289
2021-06-02 00:00:00,86.13358,44.0,-42.133583068847656
2021-06-02 03:00:00,78.05454,43.0,-35.054542541503906
2021-06-02 06:00:00,68.97926,47.0,-21.979263305664062
2021-06-02 09:00:00,70.110504,64.0,-6.110504150390625
2021-06-02 15:00:00,71.63408,27.0,-44.63407897949219
2021-06-02 18:00:00,85.1029,80.0,-5.102897644042969
2021-06-03 00:00:00,109.8183,37.0,-72.81829833984375
2021-06-03 03:00:00,113.476746,48.0,-65.47674560546875
2021-06-03 06:00:00,114.32644,60.0,-54.326438903808594
2021-06-03 09:00:00,110.047325,85.0,-25.047325134277344
2021-06-03 15:00:00,85.53093,47.0,-38.53092956542969
2021-06-03 21:00:00,67.6946,33.0,-34.694602966308594
2021-06-04 15:00:00,70.64728,29.0,-41.64727783203125
2021-06-04 21:00:00,71.618614,32.0,-39.618614196777344
2021-06-05 00:00:00,101.70606,27.0,-74.70606231689453
2021-06-05 06:00:00,95.92077,28.0,-67.92076873779297
2021-06-05 09:00:00,85.959526,34.0,-51.95952606201172
2021-06-05 12:00:00,76.593094,41.0,-35.59309387207031
2021-06-05 15:00:00,63.25581,35.0,-28.255809783935547
2021-06-05 21:00:00,55.05058,43.0,-12.050579071044922
2021-06-06 00:00:00,14.484158,46.0,31.51584243774414
2021-06-06 03:00:00,22.267046,53.0,30.732954025268555
2021-06-06 06:00:00,33.547623,53.0,19.452377319335938
2021-06-06 09:00:00,45.356556,66.0,20.643444061279297
2021-06-06 12:00:00,57.76485,59.0,1.2351493835449219
2021-06-06 15:00:00,58.87125,45.0,-13.87125015258789
2021-06-08 00:00:00,34.55739,30.0,-4.5573883056640625
2021-06-08 03:00:00,41.439423,33.0,-8.439422607421875
2021-06-08 09:00:00,44.89675,32.0,-12.896751403808594
2021-06-08 15:00:00,38.81871,19.0,-19.818710327148438
2021-06-10 15:00:00,80.615,174.0,93.38500213623047
2021-06-10 21:00:00,150.07175,125.0,-25.071746826171875
2021-06-11 00:00:00,146.9482,138.0,-8.948196411132812
2021-06-11 03:00:00,119.77022,140.0,20.229782104492188
2021-06-11 06:00:00,105.59728,74.0,-31.59728240966797
2021-06-11 15:00:00,75.90217,280.0,204.09783172607422
2021-06-11 18:00:00,71.55524,153.0,81.44476318359375
2021-06-12 03:00:00,160.30765,59.0,-101.30764770507812
2021-06-12 06:00:00,143.26701,47.0,-96.26701354980469
2021-06-12 12:00:00,101.62228,158.0,56.377723693847656
2021-06-12 15:00:00,96.29366,100.0,3.7063369750976562
2021-06-12 18:00:00,87.464966,177.0,89.5350341796875
2021-06-12 21:00:00,126.83949,83.0,-43.83949279785156
2021-06-13 00:00:00,126.95136,160.0,33.04863739013672
2021-06-13 03:00:00,132.63196,218.0,85.3680419921875
2021-06-13 06:00:00,147.244,51.0,-96.24400329589844
2021-06-13 09:00:00,146.67467,46.0,-100.67466735839844
2021-06-13 12:00:00,154.27463,135.0,-19.274627685546875
2021-06-13 18:00:00,112.08453,122.0,9.91546630859375
2021-06-13 21:00:00,126.754005,342.0,215.2459945678711
2021-06-14 00:00:00,147.63304,402.0,254.36695861816406
2021-06-14 03:00:00,122.76757,188.0,65.23242950439453
2021-06-14 06:00:00,122.91014,84.0,-38.91014099121094
2021-06-14 09:00:00,99.193245,44.0,-55.19324493408203
2021-06-14 18:00:00,80.34999,59.0,-21.349990844726562
2021-06-15 06:00:00,168.59804,52.0,-116.59803771972656
2021-06-15 12:00:00,106.118706,54.0,-52.11870574951172
2021-06-15 15:00:00,89.2461,46.0,-43.24610137939453
2021-06-15 18:00:00,77.7693,34.0,-43.76930236816406
2021-06-15 21:00:00,76.3921,52.0,-24.39209747314453
2021-06-16 00:00:00,113.29928,101.0,-12.299278259277344
2021-06-18 00:00:00,295.76587,293.0,-2.765869140625
2021-06-18 21:00:00,165.79724,312.0,146.2027587890625
2021-06-19 00:00:00,190.68886,190.0,-0.6888580322265625
2021-06-19 03:00:00,182.46419,82.0,-100.46418762207031
2021-06-19 06:00:00,155.6092,48.0,-107.60920715332031
2021-06-19 12:00:00,102.20481,48.0,-54.204811096191406
2021-06-19 15:00:00,80.42969,54.0,-26.4296875
2021-06-19 18:00:00,70.91183,46.0,-24.911827087402344
2021-06-19 21:00:00,77.73224,41.0,-36.73223876953125
2021-06-20 00:00:00,99.59683,47.0,-52.596832275390625
2021-06-20 03:00:00,116.92885,52.0,-64.92884826660156
2021-06-20 06:00:00,94.6103,41.0,-53.61029815673828
2021-06-20 09:00:00,70.76994,64.0,-6.7699432373046875
2021-06-20 12:00:00,66.845474,40.0,-26.845474243164062
2021-06-20 18:00:00,59.035755,33.0,-26.035755157470703
2021-06-20 21:00:00,53.805706,26.0,-27.805706024169922
2021-06-21 03:00:00,80.29065,34.0,-46.2906494140625
2021-06-21 06:00:00,72.94238,33.0,-39.9423828125
2021-06-21 09:00:00,55.97508,34.0,-21.975078582763672
2021-06-21 12:00:00,48.26552,32.0,-16.265518188476562
2021-06-21 15:00:00,49.2455,53.0,3.7545013427734375
2021-06-21 18:00:00,49.99515,36.0,-13.99515151977539
2021-06-21 21:00:00,50.834045,31.0,-19.83404541015625
2021-06-22 00:00:00,25.833857,30.0,4.166143417358398
2021-06-22 06:00:00,52.47057,35.0,-17.470569610595703
2021-06-22 09:00:00,52.46329,27.0,-25.46329116821289
2021-06-22 12:00:00,49.93643,41.0,-8.936431884765625
2021-06-22 15:00:00,39.539772,47.0,7.460227966308594
2021-06-23 03:00:00,65.344185,54.0,-11.344184875488281
2021-06-23 06:00:00,67.53259,42.0,-25.5325927734375
2021-06-23 12:00:00,36.018265,36.0,-0.0182647705078125
2021-06-23 15:00:00,41.16896,59.0,17.831039428710938
2021-06-23 18:00:00,41.90565,66.0,24.094348907470703
2021-06-23 21:00:00,43.993282,74.0,30.006717681884766
2021-06-24 00:00:00,28.52721,66.0,37.4727897644043
2021-06-24 03:00:00,52.032875,64.0,11.967124938964844
2021-06-24 06:00:00,63.837887,54.0,-9.837886810302734
2021-06-24 09:00:00,64.11045,32.0,-32.110450744628906
2021-06-24 12:00:00,56.389412,22.0,-34.38941192626953
2021-06-24 15:00:00,55.606735,35.0,-20.606735229492188
2021-06-24 18:00:00,55.95939,32.0,-23.959388732910156
2021-06-24 21:00:00,52.305267,31.0,-21.305267333984375
2021-06-25 21:00:00,51.327904,44.0,-7.327903747558594
2021-06-26 03:00:00,64.39109,29.0,-35.391090393066406
2021-06-26 09:00:00,63.084827,48.0,-15.084827423095703
2021-06-26 12:00:00,75.15678,35.0,-40.156776428222656
2021-06-26 15:00:00,64.05798,37.0,-27.0579833984375
2021-06-26 18:00:00,54.742485,35.0,-19.74248504638672
2021-06-26 21:00:00,54.68155,41.0,-13.681549072265625
2021-06-27 06:00:00,29.057674,29.0,-0.057674407958984375
2021-06-27 12:00:00,39.71479,41.0,1.2852096557617188
2021-06-28 00:00:00,75.745445,114.0,38.254554748535156
2021-06-28 03:00:00,76.71951,84.0,7.280487060546875
2021-06-28 06:00:00,81.48254,40.0,-41.48253631591797
2021-06-28 15:00:00,55.343662,64.0,8.65633773803711
2021-06-28 21:00:00,81.66671,89.0,7.333290100097656
2021-06-29 00:00:00,86.649376,90.0,3.3506240844726562
2021-06-29 03:00:00,100.46733,92.0,-8.467330932617188
2021-06-29 06:00:00,102.60328,63.0,-39.60327911376953
2021-06-29 09:00:00,96.853226,95.0,-1.8532257080078125
2021-06-29 12:00:00,134.77666,128.0,-6.7766571044921875
2021-06-29 15:00:00,136.18047,122.0,-14.180465698242188
2021-06-29 18:00:00,124.61646,150.0,25.38353729248047
2021-06-29 21:00:00,108.87925,108.0,-0.8792495727539062
2021-06-30 21:00:00,54.92211,120.0,65.07788848876953
2021-07-01 03:00:00,41.5273,75.0,33.47269821166992
2021-07-01 06:00:00,49.0827,78.0,28.917301177978516
2021-07-01 09:00:00,53.54832,81.0,27.451679229736328
2021-07-01 12:00:00,72.81687,74.0,1.1831283569335938
2021-07-01 15:00:00,72.108376,70.0,-2.1083755493164062
2021-07-01 18:00:00,67.15254,93.0,25.847457885742188
2021-07-01 21:00:00,59.27859,128.0,68.72140884399414
2021-07-02 00:00:00,65.69962,64.0,-1.6996231079101562
2021-07-02 03:00:00,78.10013,51.0,-27.100128173828125
2021-07-02 09:00:00,87.98588,33.0,-54.985877990722656
2021-07-02 15:00:00,48.388756,35.0,-13.388755798339844
2021-07-02 21:00:00,39.70581,31.0,-8.705810546875
2021-07-03 00:00:00,27.7455,25.0,-2.7455005645751953
2021-07-03 03:00:00,79.6681,33.0,-46.66809844970703
2021-07-03 06:00:00,92.69252,35.0,-57.69252014160156
2021-07-03 09:00:00,80.62125,36.0,-44.621246337890625
2021-07-03 12:00:00,89.20688,34.0,-55.206878662109375
2021-07-03 15:00:00,80.12193,31.0,-49.12193298339844
2021-07-03 18:00:00,69.23347,41.0,-28.23346710205078
2021-07-04 00:00:00,85.43975,69.0,-16.43975067138672
2021-07-04 03:00:00,110.162094,69.0,-41.16209411621094
2021-07-04 06:00:00,77.999176,38.0,-39.999176025390625
2021-07-04 15:00:00,49.69843,40.0,-9.698429107666016
2021-07-04 18:00:00,46.519745,43.0,-3.519744873046875
2021-07-04 21:00:00,46.370132,49.0,2.6298675537109375
2021-07-05 00:00:00,70.56042,61.0,-9.560417175292969
2021-07-05 03:00:00,77.390495,42.0,-35.39049530029297
2021-07-05 06:00:00,71.86145,39.0,-32.8614501953125
2021-07-05 09:00:00,62.698063,41.0,-21.698062896728516
2021-07-05 21:00:00,67.26896,318.0,250.73104095458984
2021-07-08 06:00:00,36.901497,30.0,-6.901496887207031
2021-07-08 09:00:00,44.353554,29.0,-15.353553771972656
2021-07-08 15:00:00,50.733887,54.0,3.26611328125
2021-07-08 21:00:00,47.06203,53.0,5.937969207763672
2021-07-09 03:00:00,93.53414,49.0,-44.534141540527344
2021-07-09 06:00:00,104.061424,28.0,-76.0614242553711
2021-07-09 09:00:00,78.965965,25.0,-53.965965270996094
2021-07-09 15:00:00,38.275173,24.0,-14.27517318725586
2021-07-09 18:00:00,40.469788,39.0,-1.46978759765625
2021-07-09 21:00:00,50.954666,44.0,-6.9546661376953125
2021-07-10 00:00:00,103.486855,76.0,-27.486854553222656
2021-07-13 15:00:00,23.851954,34.0,10.148046493530273
2021-07-14 12:00:00,146.04735,67.0,-79.04734802246094
