,cams,obs,resid
2017-02-17 21:00:00,91.175026,42.7,-48.4750259399414
2017-02-18 00:00:00,55.482815,21.0,-34.48281478881836
2017-02-18 03:00:00,56.903446,37.7,-19.203446197509763
2017-02-18 06:00:00,76.7227,318.0,241.2772979736328
2017-02-18 09:00:00,72.37395,161.2,88.8260528564453
2017-02-18 12:00:00,75.34345,91.2,15.856547546386722
2017-02-18 15:00:00,76.20986,46.3,-29.909861755371097
2017-02-18 18:00:00,84.86324,89.8,4.936756896972653
2017-02-18 21:00:00,91.847595,127.7,35.85240478515625
2017-02-19 00:00:00,108.21464,102.2,-6.014637756347653
2017-02-19 03:00:00,99.35593,77.0,-22.355926513671875
2017-02-19 06:00:00,78.90003,45.4,-33.50003204345703
2017-02-19 09:00:00,42.230907,23.5,-18.730907440185547
2017-02-19 12:00:00,40.0413,15.6,-24.44130172729492
2017-02-19 15:00:00,44.803642,13.4,-31.40364227294922
2017-02-19 18:00:00,77.17494,13.5,-63.67494201660156
2017-02-19 21:00:00,81.079636,20.1,-60.979635620117186
2017-02-20 00:00:00,81.70969,23.6,-58.109686279296874
2017-02-20 03:00:00,84.710335,21.3,-63.410334777832034
2017-02-20 06:00:00,71.845535,20.9,-50.945535278320314
2017-02-20 09:00:00,40.332565,17.2,-23.132565307617188
2017-02-20 12:00:00,40.00674,20.0,-20.00674057006836
2017-02-20 15:00:00,54.365273,20.3,-34.06527252197266
2017-02-20 18:00:00,96.22067,27.8,-68.42067260742188
2017-02-20 21:00:00,94.20086,27.3,-66.90085906982422
2017-02-21 00:00:00,96.25512,39.2,-57.055119323730466
2017-02-21 03:00:00,97.49965,30.5,-66.99964904785156
2017-02-21 06:00:00,89.414696,26.9,-62.514695739746095
2017-02-21 09:00:00,54.19949,23.5,-30.69948959350586
2017-02-21 12:00:00,55.319817,24.5,-30.81981658935547
2017-02-21 15:00:00,67.26392,31.5,-35.76392364501953
2017-02-21 18:00:00,129.99576,40.0,-89.99575805664062
2017-02-21 21:00:00,153.73439,51.6,-102.13439025878907
2017-02-22 00:00:00,149.20164,45.7,-103.50164489746093
2017-02-22 03:00:00,124.44622,47.9,-76.54622039794921
2017-02-22 06:00:00,100.68732,48.4,-52.28731689453125
2017-02-22 09:00:00,40.85922,44.3,3.440781402587888
2017-02-22 12:00:00,51.56477,37.8,-13.76476974487305
2017-02-22 15:00:00,75.744934,37.9,-37.84493408203125
2017-02-22 18:00:00,105.332504,46.1,-59.232504272460936
2017-02-22 21:00:00,127.738815,53.0,-74.73881530761719
2017-02-23 00:00:00,125.73207,49.2,-76.53207092285156
2017-02-23 03:00:00,117.25308,53.3,-63.95308227539063
2017-02-23 06:00:00,48.658195,70.3,21.64180450439453
2017-02-23 09:00:00,54.639088,41.0,-13.639087677001953
2017-02-23 12:00:00,75.40663,24.3,-51.106631469726565
2017-02-23 15:00:00,87.71309,24.7,-63.01308898925781
2017-02-23 18:00:00,90.38672,36.0,-54.38671875
2017-02-23 21:00:00,98.16154,28.6,-69.56153717041016
2017-02-24 00:00:00,71.114525,40.5,-30.614524841308594
2017-02-24 03:00:00,72.929085,33.2,-39.72908477783203
2017-02-24 06:00:00,63.620632,34.5,-29.12063217163086
2017-02-24 09:00:00,29.68835,35.6,5.911649322509767
2017-02-24 12:00:00,41.060844,32.8,-8.260844421386722
2017-02-24 15:00:00,53.662914,33.1,-20.562914276123045
2017-02-24 18:00:00,73.09387,31.1,-41.9938720703125
2017-02-24 21:00:00,80.79257,31.4,-49.392572021484376
2017-02-25 00:00:00,85.87159,38.2,-47.67158966064453
2017-02-25 03:00:00,88.07342,38.8,-49.27341766357422
2017-02-25 06:00:00,75.300705,34.3,-41.00070495605469
2017-02-25 09:00:00,35.38989,23.1,-12.289888763427733
2017-02-25 12:00:00,19.931604,19.6,-0.33160438537597514
2017-02-25 15:00:00,41.97602,16.0,-25.97602081298828
2017-02-25 18:00:00,83.77549,20.5,-63.275489807128906
2017-02-25 21:00:00,93.11998,22.9,-70.21997985839843
2017-02-26 00:00:00,85.686905,20.0,-65.68690490722656
2017-02-26 03:00:00,90.68367,22.6,-68.08367004394532
2017-02-26 06:00:00,83.210014,23.9,-59.31001434326172
2017-02-26 09:00:00,46.596653,19.1,-27.49665298461914
2017-02-26 12:00:00,35.300957,14.1,-21.200956726074217
2017-02-26 15:00:00,51.563633,15.0,-36.56363296508789
2017-02-26 18:00:00,81.14637,24.2,-56.94636993408203
2017-02-26 21:00:00,85.64541,24.5,-61.145408630371094
2017-02-27 00:00:00,87.08889,29.4,-57.688890075683595
2017-02-27 03:00:00,91.33794,25.3,-66.03793640136719
2017-02-27 06:00:00,83.84558,23.8,-60.0455810546875
2017-02-27 09:00:00,43.15439,16.7,-26.454388427734376
2017-02-27 12:00:00,20.605682,13.3,-7.305682373046874
2017-02-27 15:00:00,44.61316,15.6,-29.0131591796875
2017-02-27 18:00:00,99.38469,21.7,-77.68468933105468
2017-02-27 21:00:00,90.31334,27.3,-63.01333923339844
2017-02-28 00:00:00,117.18697,36.7,-80.48697357177734
2017-02-28 03:00:00,114.92273,27.6,-87.3227294921875
2017-02-28 06:00:00,109.28511,36.9,-72.3851104736328
2017-02-28 09:00:00,51.72893,30.3,-21.428931427001952
2017-02-28 12:00:00,29.347717,20.2,-9.14771728515625
2017-03-01 12:00:00,33.91108,26.8,-7.1110794067382805
2017-03-01 15:00:00,55.11305,34.1,-21.013048553466795
2017-03-01 18:00:00,64.22965,37.7,-26.529652404785153
2017-03-01 21:00:00,51.668167,42.0,-9.668167114257812
2017-03-02 00:00:00,59.12864,48.8,-10.328639221191409
2017-03-02 03:00:00,53.668488,43.1,-10.568487548828124
2017-03-02 06:00:00,32.988113,38.2,5.21188659667969
2017-03-02 09:00:00,36.751316,35.8,-0.9513160705566435
2017-03-02 12:00:00,52.763313,32.9,-19.863313293457033
2017-03-02 15:00:00,57.622288,35.0,-22.62228775024414
2017-03-02 18:00:00,48.356243,33.2,-15.156243133544919
2017-03-02 21:00:00,67.91453,20.9,-47.01452789306641
2017-03-03 00:00:00,116.48046,22.4,-94.08046112060546
2017-03-03 03:00:00,144.7487,26.0,-118.74870300292969
2017-03-03 06:00:00,131.70416,27.2,-104.50416259765625
2017-03-03 09:00:00,88.18512,16.6,-71.58511962890626
2017-03-03 12:00:00,66.34764,23.5,-42.84764099121094
2017-03-03 15:00:00,73.80436,21.9,-51.90435943603516
2017-03-03 18:00:00,118.832756,20.9,-97.93275604248046
2017-03-03 21:00:00,131.6306,17.7,-113.93059997558593
2017-03-04 00:00:00,83.37872,20.1,-63.27872314453125
2017-03-04 03:00:00,87.62385,19.0,-68.62384796142578
2017-03-04 06:00:00,78.63372,20.4,-58.23372039794922
2017-03-04 09:00:00,38.995296,19.4,-19.595296478271486
2017-03-04 12:00:00,21.577763,21.7,0.12223739624023366
2017-03-04 15:00:00,37.547863,25.2,-12.347863006591798
2017-03-04 18:00:00,73.30067,21.2,-52.10066680908203
2017-03-04 21:00:00,76.022446,32.1,-43.922445678710936
2017-03-05 00:00:00,72.00293,30.2,-41.8029296875
2017-03-05 03:00:00,90.56333,26.4,-64.1633316040039
2017-03-05 06:00:00,95.12635,30.3,-64.82635040283203
2017-03-05 09:00:00,54.226036,31.3,-22.926036071777343
2017-03-05 12:00:00,41.576443,44.2,2.6235572814941435
2017-03-05 15:00:00,57.559647,29.2,-28.359646606445313
2017-03-05 18:00:00,73.16004,24.3,-48.860041809082034
2017-03-05 21:00:00,68.34449,35.7,-32.64449005126953
2017-03-06 00:00:00,67.07683,21.7,-45.376828002929685
2017-03-06 03:00:00,66.21895,15.8,-50.418948364257815
2017-03-06 06:00:00,68.93629,17.3,-51.636286926269534
2017-03-06 09:00:00,52.716244,14.1,-38.61624374389648
2017-03-06 12:00:00,43.422348,10.1,-33.322348022460936
2017-03-06 15:00:00,51.90117,11.0,-40.90116882324219
2017-03-06 18:00:00,91.570656,13.8,-77.77065582275391
2017-03-06 21:00:00,93.16818,15.2,-77.96818237304687
2017-03-07 00:00:00,121.02464,17.1,-103.92464294433594
2017-03-07 03:00:00,121.202446,16.7,-104.50244598388672
2017-03-07 06:00:00,104.412094,26.9,-77.51209411621093
2017-03-07 09:00:00,47.365917,24.4,-22.96591720581055
2017-03-07 12:00:00,33.854576,19.3,-14.554576110839843
2017-03-07 15:00:00,45.339447,12.9,-32.439447021484376
2017-03-07 18:00:00,114.45536,12.9,-101.55536041259765
2017-03-07 21:00:00,139.22113,26.1,-113.12113037109376
2017-03-08 00:00:00,140.62471,28.7,-111.92471008300781
2017-03-08 03:00:00,134.40672,32.4,-102.00672302246093
2017-03-08 06:00:00,91.39632,33.4,-57.996316528320314
2017-03-08 09:00:00,44.133514,26.5,-17.633514404296875
2017-03-08 12:00:00,15.7807,26.8,11.019300270080567
2017-03-08 15:00:00,37.273594,29.7,-7.573593902587891
2017-03-09 00:00:00,86.04672,18.4,-67.64672241210937
2017-03-09 03:00:00,86.847305,24.0,-62.84730529785156
2017-03-09 06:00:00,81.97822,25.6,-56.37821807861328
2017-03-09 09:00:00,57.94442,19.3,-38.64441986083985
2017-03-09 12:00:00,37.94747,13.2,-24.747471618652344
2017-03-09 15:00:00,55.74037,16.4,-39.340371704101564
2017-03-09 18:00:00,86.4494,24.1,-62.34940185546875
2017-03-09 21:00:00,88.984276,18.8,-70.1842758178711
2017-03-10 00:00:00,95.229095,19.1,-76.12909545898438
2017-03-10 03:00:00,90.920135,19.2,-71.72013549804687
2017-03-10 06:00:00,72.86991,21.1,-51.769911193847655
2017-03-10 09:00:00,30.380306,20.8,-9.580306243896484
2017-03-10 12:00:00,49.584118,18.8,-30.784117889404296
2017-03-10 15:00:00,71.334854,34.9,-36.434854125976564
2017-03-10 18:00:00,108.594124,34.2,-74.39412384033203
2017-03-10 21:00:00,87.75589,36.9,-50.855889892578126
2017-03-11 00:00:00,66.751,35.2,-31.55099945068359
2017-03-11 03:00:00,42.502506,30.5,-12.002506256103516
2017-03-11 06:00:00,42.522743,28.7,-13.822743225097657
2017-03-11 09:00:00,89.75158,43.9,-45.85157928466797
2017-03-11 12:00:00,166.07152,59.6,-106.47151794433594
2017-03-11 15:00:00,156.67604,117.4,-39.27604064941406
2017-03-11 18:00:00,140.51443,169.2,28.685565185546864
2017-03-11 21:00:00,112.84408,202.8,89.95592193603517
2017-03-12 00:00:00,178.50015,118.7,-59.80015258789062
2017-03-12 03:00:00,172.7542,41.1,-131.6541961669922
2017-03-12 06:00:00,156.17558,41.3,-114.87558288574219
2017-03-12 09:00:00,185.4064,52.5,-132.90640258789062
2017-03-12 12:00:00,191.89565,56.4,-135.49564514160156
2017-03-12 15:00:00,167.33168,51.1,-116.23168029785157
2017-03-12 18:00:00,137.12941,38.6,-98.52940979003907
2017-03-12 21:00:00,111.84181,37.7,-74.14181213378906
2017-03-13 00:00:00,92.477196,43.7,-48.77719573974609
2017-03-13 03:00:00,69.65331,40.1,-29.553312683105467
2017-03-13 06:00:00,115.89754,40.7,-75.19753723144531
2017-03-13 09:00:00,246.23427,50.2,-196.03426818847657
2017-03-13 21:00:00,211.21082,201.4,-9.810815429687494
2017-03-14 00:00:00,204.39325,207.9,3.5067504882812557
2017-03-14 03:00:00,171.88904,152.6,-19.289038085937506
2017-03-14 06:00:00,145.66513,81.1,-64.56513061523438
2017-03-14 09:00:00,70.09538,56.9,-13.195382690429689
2017-03-14 12:00:00,48.87454,38.0,-10.87453842163086
2017-03-14 15:00:00,53.89296,31.8,-22.092959594726562
2017-03-14 18:00:00,85.64837,28.0,-57.64836883544922
2017-03-14 21:00:00,86.68326,17.5,-69.18325805664062
2017-03-15 00:00:00,137.53572,24.8,-112.73572082519532
2017-03-15 03:00:00,129.60709,23.8,-105.80708618164063
2017-03-15 06:00:00,111.39355,37.4,-73.99354705810546
2017-03-15 09:00:00,72.76901,35.9,-36.869012451171876
2017-03-15 12:00:00,77.07468,39.9,-37.174676513671876
2017-03-15 15:00:00,88.27601,41.5,-46.77600860595703
2017-03-15 18:00:00,120.94529,49.0,-71.9452896118164
2017-03-15 21:00:00,125.78016,48.0,-77.78015899658203
2017-03-16 00:00:00,146.95343,44.0,-102.95343017578125
2017-03-16 03:00:00,123.95571,49.0,-74.9557113647461
2017-03-16 06:00:00,98.04279,46.0,-52.04279327392578
2017-03-16 09:00:00,80.20061,36.0,-44.20060729980469
2017-03-16 12:00:00,166.29247,44.0,-122.29246520996094
2017-03-16 15:00:00,240.46574,52.0,-188.4657440185547
2017-03-16 18:00:00,299.51627,182.0,-117.51626586914062
2017-03-16 21:00:00,256.4284,199.0,-57.42840576171875
2017-03-17 00:00:00,175.46426,59.0,-116.46426391601562
2017-03-17 03:00:00,154.52997,29.0,-125.52996826171875
2017-03-17 06:00:00,109.38118,21.0,-88.38117980957031
2017-03-17 09:00:00,55.53545,17.0,-38.53544998168945
2017-03-17 12:00:00,44.202183,13.0,-31.20218276977539
2017-03-17 15:00:00,45.878777,14.0,-31.87877655029297
2017-03-17 18:00:00,91.30747,17.0,-74.3074722290039
2017-03-17 21:00:00,109.55546,9.0,-100.55545806884766
2017-03-18 00:00:00,118.17292,9.0,-109.17292022705078
2017-03-18 03:00:00,104.89202,9.0,-95.89202117919922
2017-03-18 06:00:00,90.811,7.0,-83.81099700927734
2017-03-18 09:00:00,60.187744,19.0,-41.187744140625
2017-03-18 12:00:00,86.8958,30.0,-56.89579772949219
2017-03-18 15:00:00,124.99447,27.0,-97.99446868896484
2017-03-18 18:00:00,128.30469,22.0,-106.3046875
2017-03-18 21:00:00,97.074005,17.0,-80.07400512695312
2017-03-19 00:00:00,92.089066,38.0,-54.08906555175781
2017-03-19 03:00:00,79.914345,21.0,-58.914344787597656
2017-03-19 06:00:00,88.83103,29.0,-59.831031799316406
2017-03-19 09:00:00,107.99846,28.0,-79.99845886230469
2017-03-19 12:00:00,95.63911,18.0,-77.63910675048828
2017-03-19 15:00:00,84.53986,15.0,-69.53986358642578
2017-03-19 18:00:00,74.06288,21.0,-53.06288146972656
2017-03-19 21:00:00,77.89368,20.0,-57.8936767578125
2017-03-20 00:00:00,83.53618,21.0,-62.53617858886719
2017-03-20 03:00:00,207.9189,121.0,-86.91889953613281
2017-03-20 06:00:00,133.89291,24.0,-109.89291381835938
2017-03-20 09:00:00,81.24948,17.0,-64.24948120117188
2017-03-20 12:00:00,68.78633,23.0,-45.78633117675781
2017-03-20 15:00:00,88.34075,37.0,-51.34075164794922
2017-03-20 18:00:00,106.38246,30.0,-76.38246154785156
2017-03-20 21:00:00,113.92467,31.0,-82.92466735839844
2017-03-21 00:00:00,99.31319,36.0,-63.31318664550781
2017-03-21 03:00:00,108.00068,23.0,-85.00067901611328
2017-03-21 06:00:00,98.59229,25.0,-73.59229278564453
2017-03-21 09:00:00,78.433914,26.0,-52.43391418457031
2017-03-21 12:00:00,74.53264,25.0,-49.53263854980469
2017-03-21 15:00:00,77.32365,27.0,-50.323646545410156
2017-03-21 18:00:00,91.60578,29.0,-62.60578155517578
2017-03-21 21:00:00,85.277405,28.0,-57.27740478515625
2017-03-22 00:00:00,118.139725,38.0,-80.13972473144531
2017-03-22 03:00:00,111.09887,36.0,-75.09886932373047
2017-03-22 06:00:00,109.309555,42.0,-67.30955505371094
2017-03-22 09:00:00,104.34195,37.0,-67.34194946289062
2017-03-22 12:00:00,102.79223,44.0,-58.79222869873047
2017-03-22 15:00:00,96.62279,44.0,-52.62278747558594
2017-03-22 18:00:00,83.084274,33.0,-50.08427429199219
2017-03-22 21:00:00,71.5022,26.0,-45.502197265625
2017-03-23 00:00:00,54.822975,28.0,-26.822975158691406
2017-03-23 03:00:00,108.002495,26.0,-82.00249481201172
2017-03-23 06:00:00,173.21724,73.0,-100.21723937988281
2017-03-23 09:00:00,226.8681,80.0,-146.86810302734375
2017-03-23 12:00:00,202.33614,175.0,-27.336135864257812
2017-03-23 15:00:00,213.67134,96.0,-117.67134094238281
2017-03-23 18:00:00,242.05292,39.0,-203.05291748046875
2017-03-23 21:00:00,249.71814,40.0,-209.7181396484375
2017-03-24 00:00:00,232.28381,41.0,-191.2838134765625
2017-03-24 03:00:00,197.99939,27.0,-170.9993896484375
2017-03-24 06:00:00,135.16075,30.0,-105.16075134277344
2017-03-24 09:00:00,96.99198,28.0,-68.99198150634766
2017-03-24 12:00:00,109.25089,32.0,-77.25089263916016
2017-03-24 15:00:00,98.75066,28.0,-70.75066375732422
2017-03-24 18:00:00,95.72363,19.0,-76.7236328125
2017-03-24 21:00:00,103.09236,9.0,-94.09236145019531
2017-03-25 00:00:00,40.111446,10.0,-30.111446380615234
2017-03-25 03:00:00,46.324886,14.0,-32.324886322021484
2017-03-25 06:00:00,33.594517,15.0,-18.59451675415039
2017-03-25 09:00:00,37.81588,16.0,-21.815879821777344
2017-03-25 12:00:00,54.573887,41.0,-13.57388687133789
2017-03-25 15:00:00,77.056145,10.0,-67.05614471435547
2017-03-25 18:00:00,91.071,20.0,-71.07099914550781
2017-03-25 21:00:00,92.232765,24.0,-68.2327651977539
2017-03-26 00:00:00,90.54179,25.0,-65.54178619384766
2017-03-26 03:00:00,95.47648,34.0,-61.476478576660156
2017-03-26 06:00:00,76.636635,43.0,-33.636634826660156
2017-03-26 09:00:00,46.600517,43.0,-3.6005172729492188
2017-03-26 12:00:00,41.580505,27.0,-14.58050537109375
2017-03-26 15:00:00,71.13727,62.0,-9.13726806640625
2017-03-26 18:00:00,95.02378,69.0,-26.023780822753906
2017-03-26 21:00:00,101.824295,73.0,-28.824295043945312
2017-03-27 00:00:00,124.82633,73.0,-51.826332092285156
2017-03-27 03:00:00,129.19373,38.0,-91.1937255859375
2017-03-27 06:00:00,105.22536,37.0,-68.22535705566406
2017-03-27 09:00:00,50.1247,27.0,-23.124698638916016
2017-03-27 12:00:00,40.78538,24.0,-16.785381317138672
2017-03-27 15:00:00,71.238106,33.0,-38.23810577392578
2017-03-27 18:00:00,112.810196,31.0,-81.81019592285156
2017-03-27 21:00:00,118.3439,33.0,-85.34390258789062
2017-03-28 00:00:00,106.871315,37.0,-69.8713150024414
2017-03-28 03:00:00,97.73828,38.0,-59.73828125
2017-03-28 06:00:00,87.72742,36.0,-51.7274169921875
2017-03-28 09:00:00,62.948914,27.0,-35.94891357421875
2017-03-28 12:00:00,80.01536,27.0,-53.015357971191406
2017-03-28 15:00:00,98.23776,31.0,-67.23776245117188
2017-03-28 18:00:00,97.64778,15.0,-82.64778137207031
2017-03-28 21:00:00,89.23212,21.0,-68.23211669921875
2017-03-29 00:00:00,45.18597,27.0,-18.185970306396484
2017-03-29 03:00:00,49.919605,40.0,-9.919605255126953
2017-03-29 06:00:00,47.451523,38.0,-9.451522827148438
2017-03-29 09:00:00,46.631073,33.0,-13.631072998046875
2017-03-29 12:00:00,12.213093,31.0,18.786907196044922
2017-03-29 15:00:00,39.821545,38.0,-1.8215446472167969
2017-03-29 18:00:00,61.74719,37.0,-24.747188568115234
2017-03-29 21:00:00,55.91164,35.0,-20.911640167236328
2017-03-30 00:00:00,88.199615,49.0,-39.199615478515625
2017-03-30 03:00:00,105.93112,45.0,-60.931121826171875
2017-03-30 06:00:00,80.288826,38.0,-42.28882598876953
2017-03-30 09:00:00,47.560375,58.0,10.439624786376953
2017-03-30 12:00:00,62.3005,70.0,7.699501037597656
2017-03-30 15:00:00,85.89154,33.0,-52.89154052734375
2017-03-30 18:00:00,108.76204,37.0,-71.76203918457031
2017-03-30 21:00:00,106.90246,44.0,-62.90245819091797
2017-03-31 00:00:00,103.03779,34.0,-69.03778839111328
2017-03-31 03:00:00,86.14302,31.0,-55.14302062988281
2017-03-31 06:00:00,70.74754,38.0,-32.74754333496094
2017-03-31 09:00:00,68.10808,31.0,-37.10807800292969
2017-03-31 12:00:00,54.437523,22.0,-32.437522888183594
2017-03-31 15:00:00,72.821304,18.0,-54.82130432128906
2017-03-31 18:00:00,78.26202,20.0,-58.26201629638672
2017-03-31 21:00:00,64.0789,20.0,-44.07890319824219
2017-04-01 00:00:00,82.585075,27.0,-55.58507537841797
2017-04-01 03:00:00,143.21074,32.0,-111.21073913574219
2017-04-01 06:00:00,162.2767,75.0,-87.27670288085938
2017-04-01 09:00:00,130.18689,90.0,-40.1868896484375
2017-04-01 12:00:00,91.75585,90.0,-1.7558517456054688
2017-04-01 15:00:00,105.26753,62.0,-43.26753234863281
2017-04-01 18:00:00,124.64989,48.0,-76.64988708496094
2017-04-01 21:00:00,126.12145,44.0,-82.12145233154297
2017-04-02 00:00:00,90.74642,43.0,-47.746421813964844
2017-04-02 03:00:00,111.252174,53.0,-58.252174377441406
2017-04-02 06:00:00,114.80347,79.0,-35.803466796875
2017-04-02 09:00:00,107.02576,78.0,-29.0257568359375
2017-04-02 12:00:00,78.86308,67.0,-11.863082885742188
2017-04-02 15:00:00,103.686035,49.0,-54.68603515625
2017-04-02 18:00:00,136.8885,50.0,-86.88850402832031
2017-04-02 21:00:00,131.55136,37.0,-94.55136108398438
2017-04-03 00:00:00,157.82507,27.0,-130.8250732421875
2017-04-03 03:00:00,170.12656,27.0,-143.12655639648438
2017-04-03 06:00:00,141.88083,22.0,-119.88082885742188
2017-04-03 09:00:00,66.96365,17.0,-49.963653564453125
2017-04-03 12:00:00,54.856968,10.0,-44.85696792602539
2017-04-03 15:00:00,66.76089,15.0,-51.760887145996094
2017-04-03 18:00:00,83.91726,9.0,-74.9172592163086
2017-04-03 21:00:00,74.34028,21.0,-53.34027862548828
2017-04-04 00:00:00,57.70562,13.0,-44.70561981201172
2017-04-04 03:00:00,45.227352,19.0,-26.227352142333984
2017-04-04 06:00:00,20.317657,19.0,-1.317657470703125
2017-04-04 09:00:00,28.959448,11.0,-17.959447860717773
2017-04-04 12:00:00,43.0515,16.0,-27.051498413085938
2017-04-04 15:00:00,49.326557,17.0,-32.32655715942383
2017-04-04 18:00:00,70.09998,16.0,-54.09998321533203
2017-04-04 21:00:00,74.22704,19.0,-55.22704315185547
2017-04-05 00:00:00,53.904613,10.0,-43.90461349487305
2017-04-05 03:00:00,53.26342,20.0,-33.26342010498047
2017-04-05 06:00:00,51.91373,13.0,-38.91373062133789
2017-04-05 09:00:00,38.73947,8.0,-30.739471435546875
2017-04-05 12:00:00,37.99835,7.0,-30.998348236083984
2017-04-05 15:00:00,47.101254,11.0,-36.101253509521484
2017-04-05 18:00:00,97.35072,23.0,-74.35072326660156
2017-04-05 21:00:00,105.17988,26.0,-79.17987823486328
2017-04-06 00:00:00,81.006645,26.0,-55.00664520263672
2017-04-06 03:00:00,72.97865,29.0,-43.97865295410156
2017-04-06 06:00:00,58.194813,17.0,-41.1948127746582
2017-04-06 09:00:00,30.307945,9.0,-21.307945251464844
2017-04-06 12:00:00,35.726883,17.0,-18.726882934570312
2017-04-06 15:00:00,54.193493,15.0,-39.1934928894043
2017-04-06 18:00:00,66.61389,14.0,-52.6138916015625
2017-04-06 21:00:00,58.202774,20.0,-38.20277404785156
2017-04-07 00:00:00,12.948135,15.0,2.0518646240234375
2017-04-07 03:00:00,1.3034196,15.0,13.696580410003662
2017-04-07 06:00:00,10.585836,24.0,13.414163589477539
2017-04-07 09:00:00,57.09296,26.0,-31.092960357666016
2017-04-07 12:00:00,53.93349,32.0,-21.933490753173828
2017-04-07 15:00:00,49.420918,40.0,-9.420917510986328
2017-04-07 18:00:00,44.139652,33.0,-11.139652252197266
2017-04-08 00:00:00,70.3958,16.0,-54.39579772949219
2017-04-08 03:00:00,100.65105,17.0,-83.65104675292969
2017-04-08 06:00:00,72.54425,15.0,-57.54425048828125
2017-04-08 09:00:00,42.58368,27.0,-15.58367919921875
2017-04-08 12:00:00,61.049263,29.0,-32.04926300048828
2017-04-08 15:00:00,66.23009,27.0,-39.23008728027344
2017-04-08 18:00:00,90.17958,28.0,-62.17958068847656
2017-04-08 21:00:00,107.00205,34.0,-73.0020523071289
2017-04-09 00:00:00,126.79243,33.0,-93.79242706298828
2017-04-09 03:00:00,136.14574,45.0,-91.14573669433594
2017-04-09 06:00:00,101.65161,53.0,-48.651611328125
2017-04-09 09:00:00,73.717445,59.0,-14.717445373535156
2017-04-09 12:00:00,66.539314,42.0,-24.53931427001953
2017-04-09 15:00:00,76.48941,50.0,-26.489410400390625
2017-04-09 18:00:00,77.925964,60.0,-17.92596435546875
2017-04-09 21:00:00,72.289825,62.0,-10.289825439453125
2017-04-10 00:00:00,108.93427,38.0,-70.93427276611328
2017-04-10 03:00:00,101.855675,44.0,-57.855674743652344
2017-04-10 06:00:00,98.8656,46.0,-52.8656005859375
2017-04-10 09:00:00,92.17979,57.0,-35.179786682128906
2017-04-10 12:00:00,59.437637,51.0,-8.437637329101562
2017-04-10 15:00:00,66.29068,44.0,-22.290679931640625
2017-04-10 18:00:00,68.554985,40.0,-28.55498504638672
2017-04-10 21:00:00,70.928764,38.0,-32.92876434326172
2017-04-11 00:00:00,102.5046,47.0,-55.504600524902344
2017-04-11 03:00:00,117.45215,41.0,-76.4521484375
2017-04-11 06:00:00,87.89777,61.0,-26.89777374267578
2017-04-11 09:00:00,47.758476,49.0,1.2415237426757812
2017-04-11 12:00:00,41.658268,48.0,6.341732025146484
2017-04-11 15:00:00,48.1823,43.0,-5.182300567626953
2017-04-11 18:00:00,42.192368,43.0,0.8076324462890625
2017-04-11 21:00:00,45.582966,38.0,-7.582965850830078
2017-04-12 18:00:00,96.36051,73.0,-23.360511779785156
2017-04-12 21:00:00,90.36921,77.0,-13.369209289550781
2017-04-13 00:00:00,72.99968,65.0,-7.9996795654296875
2017-04-13 03:00:00,98.46098,60.0,-38.46098327636719
2017-04-13 06:00:00,127.68396,66.0,-61.6839599609375
2017-04-13 09:00:00,134.80486,73.0,-61.80485534667969
2017-04-13 12:00:00,133.13763,75.0,-58.13763427734375
2017-04-13 15:00:00,144.19583,75.0,-69.19583129882812
2017-04-13 18:00:00,132.56386,75.0,-57.56385803222656
2017-04-13 21:00:00,121.37366,73.0,-48.3736572265625
2017-04-14 00:00:00,127.475914,56.0,-71.47591400146484
2017-04-14 03:00:00,143.10063,53.0,-90.10063171386719
2017-04-14 06:00:00,150.83504,42.0,-108.83503723144531
2017-04-14 09:00:00,150.01881,60.0,-90.01881408691406
2017-04-14 12:00:00,130.24237,79.0,-51.24237060546875
2017-04-14 15:00:00,142.52498,53.0,-89.52497863769531
2017-04-14 18:00:00,157.05724,67.0,-90.05723571777344
2017-04-14 21:00:00,199.40865,61.0,-138.4086456298828
2017-04-15 00:00:00,195.64278,54.0,-141.6427764892578
2017-04-15 03:00:00,137.90463,70.0,-67.90463256835938
2017-04-15 06:00:00,92.83713,188.0,95.16287231445312
2017-04-15 09:00:00,78.193924,193.0,114.80607604980469
2017-04-15 12:00:00,42.85323,59.0,16.146770477294922
2017-04-15 15:00:00,55.805004,32.0,-23.805004119873047
2017-04-15 18:00:00,75.131996,43.0,-32.131996154785156
2017-04-15 21:00:00,88.424255,186.0,97.57574462890625
2017-04-16 00:00:00,121.90048,17.0,-104.90048217773438
2017-04-16 03:00:00,100.560104,23.0,-77.56010437011719
2017-04-16 06:00:00,84.643486,22.0,-62.64348602294922
2017-04-16 09:00:00,81.39023,16.0,-65.39022827148438
2017-04-16 12:00:00,73.45295,27.0,-46.45294952392578
2017-04-16 15:00:00,73.17181,23.0,-50.17180633544922
2017-04-16 18:00:00,78.00804,17.0,-61.00804138183594
2017-04-16 21:00:00,68.554985,20.0,-48.55498504638672
2017-04-17 00:00:00,95.67793,21.0,-74.67793273925781
2017-04-17 03:00:00,99.20723,30.0,-69.20722961425781
2017-04-17 06:00:00,92.358734,26.0,-66.35873413085938
2017-04-17 09:00:00,73.94834,23.0,-50.948341369628906
2017-04-17 12:00:00,65.20349,20.0,-45.2034912109375
2017-04-17 15:00:00,93.717514,20.0,-73.71751403808594
2017-04-17 18:00:00,104.24515,21.0,-83.24514770507812
2017-04-17 21:00:00,104.75105,24.0,-80.75105285644531
2017-04-18 00:00:00,77.572624,20.0,-57.57262420654297
2017-04-18 03:00:00,82.90499,26.0,-56.904991149902344
2017-04-18 06:00:00,81.87021,18.0,-63.870208740234375
2017-04-18 09:00:00,105.72774,22.0,-83.72773742675781
2017-04-18 12:00:00,121.27282,22.0,-99.27281951904297
2017-04-18 15:00:00,135.09111,27.0,-108.09111022949219
2017-04-18 18:00:00,142.45723,29.0,-113.45722961425781
2017-04-18 21:00:00,130.152,42.0,-88.15199279785156
2017-04-19 00:00:00,108.625496,27.0,-81.62549591064453
2017-04-19 03:00:00,158.14783,87.0,-71.1478271484375
2017-04-19 06:00:00,244.47525,86.0,-158.47525024414062
2017-04-19 09:00:00,201.0048,40.0,-161.0048065185547
2017-04-19 12:00:00,108.44212,26.0,-82.44212341308594
2017-04-19 15:00:00,98.76368,21.0,-77.76367950439453
2017-04-19 18:00:00,93.76759,17.0,-76.76759338378906
2017-04-19 21:00:00,83.78123,23.0,-60.781227111816406
2017-04-20 00:00:00,76.001015,22.0,-54.001014709472656
2017-04-20 03:00:00,76.175186,18.0,-58.17518615722656
2017-04-20 06:00:00,61.43614,17.0,-44.43613815307617
2017-04-20 09:00:00,38.312122,12.0,-26.312122344970703
2017-04-20 12:00:00,48.646427,14.0,-34.646427154541016
2017-04-20 15:00:00,54.116867,11.0,-43.11686706542969
2017-04-20 18:00:00,78.81226,9.0,-69.81226348876953
2017-04-20 21:00:00,72.66772,14.0,-58.66771697998047
2017-04-21 00:00:00,93.18319,15.0,-78.18318939208984
2017-04-21 03:00:00,95.21705,19.0,-76.21704864501953
2017-04-21 06:00:00,72.63765,10.0,-62.63764953613281
2017-04-21 09:00:00,45.489628,9.0,-36.489627838134766
2017-04-21 12:00:00,68.32391,15.0,-53.32391357421875
2017-04-21 15:00:00,81.4444,12.0,-69.44439697265625
2017-04-21 18:00:00,99.443245,6.0,-93.44324493408203
2017-04-21 21:00:00,92.82349,17.0,-75.823486328125
2017-04-22 00:00:00,88.7203,15.0,-73.72029876708984
2017-04-22 03:00:00,122.37098,16.0,-106.37097930908203
2017-04-22 06:00:00,135.93716,20.0,-115.93716430664062
2017-04-22 09:00:00,109.55534,21.0,-88.55534362792969
2017-04-22 12:00:00,109.60196,23.0,-86.60195922851562
2017-04-22 15:00:00,108.324005,24.0,-84.32400512695312
2017-04-22 18:00:00,148.49797,27.0,-121.49797058105469
2017-04-22 21:00:00,147.61417,25.0,-122.61416625976562
2017-04-23 00:00:00,141.2236,51.0,-90.22360229492188
2017-04-23 03:00:00,156.6711,75.0,-81.67109680175781
2017-04-23 06:00:00,137.99002,36.0,-101.99002075195312
2017-04-23 09:00:00,97.56309,37.0,-60.563087463378906
2017-04-23 12:00:00,69.55338,35.0,-34.553382873535156
2017-04-23 15:00:00,98.7618,37.0,-61.761802673339844
2017-04-23 18:00:00,155.90103,32.0,-123.90103149414062
2017-04-23 21:00:00,168.69188,48.0,-120.69187927246094
2017-04-24 00:00:00,141.9562,32.0,-109.95620727539062
2017-04-24 03:00:00,150.77472,40.0,-110.77471923828125
2017-04-24 06:00:00,123.85334,83.0,-40.85334014892578
2017-04-24 09:00:00,80.81196,92.0,11.188041687011719
2017-04-24 12:00:00,84.82041,68.0,-16.820411682128906
2017-04-24 15:00:00,102.48664,57.0,-45.48664093017578
2017-04-24 18:00:00,106.79071,56.0,-50.79071044921875
2017-04-24 21:00:00,131.60593,38.0,-93.60592651367188
2017-04-25 00:00:00,157.12056,91.0,-66.12055969238281
2017-04-25 03:00:00,156.48567,50.0,-106.48567199707031
2017-04-25 06:00:00,112.90678,57.0,-55.906776428222656
2017-04-25 09:00:00,94.99695,45.0,-49.9969482421875
2017-04-25 12:00:00,55.61981,58.0,2.3801918029785156
2017-04-25 15:00:00,67.03172,65.0,-2.0317230224609375
2017-04-25 18:00:00,86.105896,88.0,1.89410400390625
2017-04-25 21:00:00,94.99456,37.0,-57.99456024169922
2017-04-26 00:00:00,76.62834,24.0,-52.62834167480469
2017-04-26 03:00:00,54.218845,23.0,-31.21884536743164
2017-04-26 06:00:00,51.825394,12.0,-39.82539367675781
2017-04-26 09:00:00,48.15604,31.0,-17.15604019165039
2017-04-26 12:00:00,53.36142,11.0,-42.361419677734375
2017-04-26 15:00:00,58.379383,15.0,-43.3793830871582
2017-04-26 18:00:00,78.53328,15.0,-63.53327941894531
2017-04-26 21:00:00,74.06902,30.0,-44.06902313232422
2017-04-27 00:00:00,70.20344,10.0,-60.20343780517578
2017-04-27 03:00:00,57.70244,20.0,-37.70243835449219
2017-04-27 06:00:00,41.24399,19.0,-22.24399185180664
2017-04-27 09:00:00,30.957722,24.0,-6.957721710205078
2017-04-27 12:00:00,31.09369,22.0,-9.093690872192383
2017-04-27 15:00:00,42.341866,21.0,-21.34186553955078
2017-04-27 18:00:00,76.65744,22.0,-54.657440185546875
2017-04-27 21:00:00,80.47209,29.0,-51.47209167480469
2017-04-28 00:00:00,91.15547,30.0,-61.15547180175781
2017-04-28 03:00:00,90.633194,34.0,-56.63319396972656
2017-04-28 06:00:00,62.80243,30.0,-32.80242919921875
2017-04-28 09:00:00,50.25663,49.0,-1.2566299438476562
2017-04-28 12:00:00,100.73359,52.0,-48.73358917236328
2017-04-28 15:00:00,121.08467,47.0,-74.08467102050781
2017-04-28 18:00:00,119.03671,48.0,-71.03671264648438
2017-04-28 21:00:00,108.4909,54.0,-54.49089813232422
2017-04-29 00:00:00,135.62544,184.0,48.37455749511719
2017-04-29 03:00:00,161.16576,348.0,186.83424377441406
2017-04-29 06:00:00,143.71437,291.0,147.28562927246094
2017-04-29 09:00:00,116.82039,204.0,87.17961120605469
2017-04-29 12:00:00,140.14075,192.0,51.8592529296875
2017-04-29 15:00:00,131.24327,181.0,49.75672912597656
2017-04-29 18:00:00,115.174545,127.0,11.825454711914062
2017-04-29 21:00:00,108.12914,575.0,466.87085723876953
2017-04-30 00:00:00,157.77744,582.0,424.2225646972656
2017-04-30 03:00:00,165.64038,466.0,300.359619140625
2017-04-30 06:00:00,158.281,288.0,129.718994140625
2017-04-30 09:00:00,147.63237,229.0,81.36763000488281
2017-04-30 12:00:00,158.3462,150.0,-8.346206665039062
2017-04-30 15:00:00,170.33403,124.0,-46.33403015136719
2017-04-30 18:00:00,170.97023,80.0,-90.97023010253906
2017-04-30 21:00:00,163.04727,65.0,-98.04727172851562
2017-05-01 00:00:00,124.19866,93.0,-31.19866180419922
2017-05-01 03:00:00,128.11467,101.0,-27.114669799804688
2017-05-01 06:00:00,132.8238,193.0,60.17619323730469
2017-05-01 09:00:00,109.23054,146.0,36.76946258544922
2017-05-01 12:00:00,54.65182,100.0,45.34817886352539
2017-05-01 15:00:00,60.566437,44.0,-16.566436767578125
2017-05-01 18:00:00,68.31454,45.0,-23.314537048339844
2017-05-01 21:00:00,86.309,36.0,-50.308998107910156
2017-05-02 00:00:00,69.61091,38.0,-31.61090850830078
2017-05-02 03:00:00,89.229614,55.0,-34.2296142578125
2017-05-02 06:00:00,109.25305,48.0,-61.2530517578125
2017-05-02 09:00:00,103.118965,47.0,-56.11896514892578
2017-05-02 12:00:00,81.1184,46.0,-35.11840057373047
2017-05-02 15:00:00,76.50237,44.0,-32.50237274169922
2017-05-02 18:00:00,83.908615,44.0,-39.90861511230469
2017-05-02 21:00:00,83.56074,42.0,-41.56073760986328
2017-05-03 00:00:00,81.31701,36.0,-45.31700897216797
2017-05-03 03:00:00,105.17988,41.0,-64.17987823486328
2017-05-03 06:00:00,132.69005,44.0,-88.69004821777344
2017-05-03 09:00:00,124.1292,47.0,-77.12920379638672
2017-05-03 12:00:00,112.938324,47.0,-65.93832397460938
2017-05-03 15:00:00,128.06754,50.0,-78.06753540039062
2017-05-03 18:00:00,112.57635,55.0,-57.57634735107422
2017-05-03 21:00:00,101.00394,62.0,-39.003936767578125
2017-05-04 00:00:00,114.17205,90.0,-24.17205047607422
2017-05-04 03:00:00,140.49852,70.0,-70.49851989746094
2017-05-04 06:00:00,134.04115,68.0,-66.04115295410156
2017-05-04 09:00:00,113.571045,66.0,-47.571044921875
2017-05-04 12:00:00,87.55262,71.0,-16.55261993408203
2017-05-04 15:00:00,119.26477,60.0,-59.2647705078125
2017-05-04 18:00:00,122.5676,65.0,-57.567596435546875
2017-05-04 21:00:00,110.24213,59.0,-51.24212646484375
2017-05-05 00:00:00,98.158356,57.0,-41.158355712890625
2017-05-05 03:00:00,120.59229,42.0,-78.59229278564453
2017-05-05 06:00:00,124.86166,40.0,-84.86165618896484
2017-05-05 09:00:00,123.56989,51.0,-72.56989288330078
2017-05-05 12:00:00,113.767555,46.0,-67.7675552368164
2017-05-05 15:00:00,118.44281,45.0,-73.44281005859375
2017-05-05 18:00:00,113.14523,45.0,-68.14523315429688
2017-05-05 21:00:00,95.13223,65.0,-30.132232666015625
2017-05-06 00:00:00,141.9312,54.0,-87.93119812011719
2017-05-06 03:00:00,138.9169,41.0,-97.91690063476562
2017-05-06 06:00:00,99.57273,33.0,-66.5727310180664
2017-05-06 09:00:00,83.52402,24.0,-59.524017333984375
2017-05-06 12:00:00,104.49764,24.0,-80.49764251708984
2017-05-06 15:00:00,86.83946,22.0,-64.83946228027344
2017-05-06 18:00:00,59.390232,31.0,-28.39023208618164
2017-05-06 21:00:00,55.708824,16.0,-39.708824157714844
2017-05-07 00:00:00,73.23888,17.0,-56.23887634277344
2017-05-07 03:00:00,70.82281,13.0,-57.82280731201172
2017-05-07 06:00:00,51.51577,17.0,-34.515769958496094
2017-05-07 09:00:00,44.22509,19.0,-25.22509002685547
2017-05-07 12:00:00,57.914577,19.0,-38.91457748413086
2017-05-07 15:00:00,85.22329,20.0,-65.2232894897461
2017-05-07 18:00:00,100.00156,51.0,-49.001556396484375
2017-05-07 21:00:00,114.5313,52.0,-62.53130340576172
2017-05-08 00:00:00,166.99733,42.0,-124.99732971191406
2017-05-08 03:00:00,186.0917,43.0,-143.09170532226562
2017-05-08 06:00:00,179.28642,27.0,-152.2864227294922
2017-05-08 09:00:00,137.94022,38.0,-99.94021606445312
2017-05-08 12:00:00,136.72604,39.0,-97.72604370117188
2017-05-08 15:00:00,124.795296,44.0,-80.79529571533203
2017-05-08 18:00:00,128.4107,59.0,-69.41070556640625
2017-05-08 21:00:00,134.73584,93.0,-41.73583984375
2017-05-09 00:00:00,162.13222,215.0,52.86778259277344
2017-05-09 03:00:00,169.04295,69.0,-100.04295349121094
2017-05-09 06:00:00,116.06022,123.0,6.939781188964844
2017-05-09 09:00:00,68.97284,26.0,-42.97283935546875
2017-05-09 12:00:00,58.950947,46.0,-12.950946807861328
2017-05-09 15:00:00,57.454597,45.0,-12.454597473144531
2017-05-09 18:00:00,88.504524,39.0,-49.50452423095703
2017-05-09 21:00:00,81.290184,22.0,-59.290184020996094
2017-05-10 00:00:00,62.784695,19.0,-43.78469467163086
2017-05-10 03:00:00,74.912125,29.0,-45.91212463378906
2017-05-10 06:00:00,64.87107,18.0,-46.871070861816406
2017-05-10 09:00:00,42.503105,16.0,-26.50310516357422
2017-05-10 12:00:00,40.8495,20.0,-20.849498748779297
2017-05-10 15:00:00,48.637558,34.0,-14.637557983398438
2017-05-10 18:00:00,79.98813,10.0,-69.98812866210938
2017-05-10 21:00:00,85.718056,31.0,-54.718055725097656
2017-05-11 00:00:00,75.29161,31.0,-44.29161071777344
2017-05-11 03:00:00,86.278076,26.0,-60.278076171875
2017-05-11 06:00:00,77.62134,38.0,-39.621337890625
2017-05-11 09:00:00,47.6374,19.0,-28.637401580810547
2017-05-11 12:00:00,37.76711,25.0,-12.767108917236328
2017-05-11 15:00:00,48.27166,18.0,-30.27165985107422
2017-05-11 18:00:00,79.75086,23.0,-56.75086212158203
2017-05-11 21:00:00,86.43133,44.0,-42.43132781982422
2017-05-14 12:00:00,36.792244,26.0,-10.792243957519531
2017-05-14 15:00:00,49.477222,16.0,-33.47722244262695
2017-05-14 18:00:00,74.64939,23.0,-51.649391174316406
2017-05-14 21:00:00,88.07001,29.0,-59.07000732421875
2017-05-15 00:00:00,121.418335,27.0,-94.4183349609375
2017-05-15 03:00:00,119.468155,22.0,-97.46815490722656
2017-05-15 06:00:00,86.89778,41.0,-45.89778137207031
2017-05-15 09:00:00,38.019665,10.0,-28.019664764404297
2017-05-15 12:00:00,55.087723,14.0,-41.08772277832031
2017-05-15 15:00:00,60.773914,31.0,-29.773914337158203
2017-05-15 18:00:00,108.45293,39.0,-69.45292663574219
2017-05-15 21:00:00,107.86232,33.0,-74.86231994628906
2017-05-16 00:00:00,89.38184,24.0,-65.38184356689453
2017-05-16 03:00:00,103.170746,28.0,-75.17074584960938
2017-05-16 06:00:00,101.01269,39.0,-62.01268768310547
2017-05-16 09:00:00,72.44216,34.0,-38.442161560058594
2017-05-16 12:00:00,74.32783,44.0,-30.32782745361328
2017-05-16 15:00:00,93.92755,34.0,-59.92755126953125
2017-05-16 18:00:00,128.96738,48.0,-80.96737670898438
2017-05-16 21:00:00,125.831436,52.0,-73.83143615722656
2017-05-17 00:00:00,113.60271,71.0,-42.60270690917969
2017-05-17 03:00:00,82.265785,55.0,-27.265785217285156
2017-05-17 06:00:00,61.10463,59.0,-2.1046295166015625
2017-05-17 09:00:00,45.39473,54.0,8.605270385742188
2017-05-17 12:00:00,50.085476,58.0,7.914524078369141
2017-05-17 15:00:00,52.9717,60.0,7.028301239013672
2017-05-17 18:00:00,78.53669,20.0,-58.53668975830078
2017-05-17 21:00:00,67.31329,18.0,-49.31329345703125
2017-05-18 00:00:00,58.299976,19.0,-39.29997634887695
2017-05-18 03:00:00,59.001934,17.0,-42.00193405151367
2017-05-18 06:00:00,52.490463,26.0,-26.490463256835938
2017-05-18 09:00:00,44.69669,16.0,-28.69668960571289
2017-05-18 12:00:00,41.7721,15.0,-26.772098541259766
2017-05-18 15:00:00,53.909958,27.0,-26.909957885742188
2017-05-18 18:00:00,81.77148,27.0,-54.77147674560547
2017-05-18 21:00:00,81.97287,24.0,-57.972869873046875
2017-05-19 00:00:00,126.16238,31.0,-95.1623764038086
2017-05-19 03:00:00,130.46855,34.0,-96.46855163574219
2017-05-19 06:00:00,120.52533,90.0,-30.52532958984375
2017-05-19 09:00:00,92.19281,67.0,-25.19281005859375
2017-05-19 12:00:00,75.005684,40.0,-35.00568389892578
2017-05-19 15:00:00,76.90357,29.0,-47.90357208251953
2017-05-19 18:00:00,97.07094,45.0,-52.07093811035156
2017-05-19 21:00:00,102.44258,51.0,-51.44258117675781
2017-05-20 00:00:00,76.24453,53.0,-23.244529724121094
2017-05-20 03:00:00,73.826584,60.0,-13.826583862304688
2017-05-20 06:00:00,74.95748,42.0,-32.957481384277344
2017-05-20 09:00:00,58.471413,53.0,-5.471412658691406
2017-05-20 12:00:00,53.322765,52.0,-1.3227653503417969
2017-05-20 15:00:00,79.27667,33.0,-46.27667236328125
2017-05-20 18:00:00,174.45222,278.0,103.54777526855469
2017-05-20 21:00:00,180.46387,188.0,7.5361328125
2017-05-21 00:00:00,131.65663,65.0,-66.65663146972656
2017-05-21 03:00:00,107.72817,47.0,-60.728172302246094
2017-05-21 06:00:00,79.50666,33.0,-46.50666046142578
2017-05-21 09:00:00,78.16533,29.0,-49.16532897949219
2017-05-21 12:00:00,65.45611,29.0,-36.45610809326172
2017-05-21 15:00:00,78.966934,37.0,-41.96693420410156
2017-05-21 18:00:00,90.32794,142.0,51.67205810546875
2017-05-21 21:00:00,77.484856,75.0,-2.4848556518554688
2017-05-22 00:00:00,78.78498,28.0,-50.78498077392578
2017-05-22 03:00:00,69.996925,25.0,-44.996925354003906
2017-05-22 06:00:00,51.04573,34.0,-17.045730590820312
2017-05-22 09:00:00,46.44693,24.0,-22.446929931640625
2017-05-22 12:00:00,55.67773,20.0,-35.677730560302734
2017-05-22 15:00:00,51.925552,26.0,-25.925552368164062
2017-05-22 18:00:00,71.43558,18.0,-53.435577392578125
2017-05-22 21:00:00,72.23207,27.0,-45.23207092285156
2017-05-23 00:00:00,68.63411,31.0,-37.63410949707031
2017-05-23 03:00:00,73.6942,28.0,-45.69419860839844
2017-05-23 06:00:00,63.11177,26.0,-37.11177062988281
2017-05-23 09:00:00,47.68836,24.0,-23.688358306884766
2017-05-23 12:00:00,54.005882,28.0,-26.005882263183594
2017-05-23 15:00:00,56.047783,19.0,-37.04778289794922
2017-05-23 18:00:00,83.853,23.0,-60.852996826171875
2017-05-23 21:00:00,94.75161,36.0,-58.751609802246094
2017-05-24 00:00:00,150.03831,35.0,-115.03831481933594
2017-05-24 03:00:00,144.04128,33.0,-111.04127502441406
2017-05-24 06:00:00,115.13876,45.0,-70.13876342773438
2017-05-24 09:00:00,106.85713,985.0,878.1428680419922
2017-05-24 12:00:00,129.92302,784.0,654.0769805908203
2017-05-24 15:00:00,128.7134,196.0,67.28660583496094
2017-05-24 18:00:00,118.004776,256.0,137.99522399902344
2017-05-24 21:00:00,90.00644,52.0,-38.006439208984375
2017-05-25 00:00:00,109.811935,43.0,-66.81193542480469
2017-05-25 03:00:00,111.69851,32.0,-79.6985092163086
2017-05-25 06:00:00,94.795494,55.0,-39.795494079589844
2017-05-25 09:00:00,69.230225,56.0,-13.230224609375
2017-05-25 12:00:00,45.224796,30.0,-15.224796295166016
2017-05-25 15:00:00,48.30815,19.0,-29.308151245117188
2017-05-25 18:00:00,64.356415,23.0,-41.356414794921875
2017-05-25 21:00:00,64.02899,18.0,-46.02899169921875
2017-05-26 00:00:00,58.285194,19.0,-39.285194396972656
2017-05-26 03:00:00,60.36646,17.0,-43.366458892822266
2017-05-26 06:00:00,46.59199,17.0,-29.591991424560547
2017-05-26 09:00:00,32.93934,13.0,-19.93933868408203
2017-05-26 12:00:00,29.414024,11.0,-18.414024353027344
2017-05-26 15:00:00,45.786522,23.0,-22.786521911621094
2017-05-26 18:00:00,89.859726,34.0,-55.85972595214844
2017-05-26 21:00:00,97.21543,33.0,-64.2154312133789
2017-05-27 00:00:00,76.97781,45.0,-31.977813720703125
2017-05-27 03:00:00,83.51839,35.0,-48.51838684082031
2017-05-27 06:00:00,78.80459,41.0,-37.804588317871094
2017-05-27 09:00:00,65.812996,51.0,-14.812995910644531
2017-05-27 12:00:00,65.066956,60.0,-5.06695556640625
2017-05-27 15:00:00,75.707245,56.0,-19.707244873046875
2017-05-27 18:00:00,94.54323,45.0,-49.54322814941406
2017-05-27 21:00:00,87.8158,65.0,-22.81580352783203
2017-05-28 00:00:00,87.65892,47.0,-40.65892028808594
2017-05-28 03:00:00,93.65817,52.0,-41.658172607421875
2017-05-28 06:00:00,80.691505,74.0,-6.691505432128906
2017-05-28 09:00:00,44.18149,65.0,20.81850814819336
2017-05-28 12:00:00,44.197464,25.0,-19.197463989257812
2017-05-28 15:00:00,46.854553,17.0,-29.85455322265625
2017-05-28 18:00:00,58.156162,17.0,-41.15616226196289
2017-05-28 21:00:00,58.34079,15.0,-43.340789794921875
2017-05-29 00:00:00,73.67521,20.0,-53.675209045410156
2017-05-29 03:00:00,65.5333,16.0,-49.533302307128906
2017-05-29 06:00:00,37.29292,27.0,-10.292919158935547
2017-05-29 12:00:00,28.852184,34.0,5.147815704345703
2017-05-29 15:00:00,49.272556,40.0,-9.27255630493164
2017-05-29 18:00:00,71.52835,42.0,-29.528350830078125
2017-05-29 21:00:00,75.1827,40.0,-35.182701110839844
2017-05-30 00:00:00,58.12535,39.0,-19.125350952148438
2017-05-30 03:00:00,63.070843,43.0,-20.070842742919922
2017-05-30 06:00:00,68.07852,38.0,-30.078521728515625
2017-05-30 09:00:00,52.0904,47.0,-5.090400695800781
2017-05-30 12:00:00,58.696968,44.0,-14.696968078613281
2017-05-30 15:00:00,60.874756,40.0,-20.874755859375
2017-05-30 18:00:00,77.29352,25.0,-52.29351806640625
2017-05-30 21:00:00,77.11469,33.0,-44.11469268798828
2017-05-31 03:00:00,96.97737,16.0,-80.97737121582031
2017-05-31 06:00:00,79.6241,50.0,-29.624099731445312
2017-05-31 09:00:00,59.192986,263.0,203.80701446533203
2017-05-31 12:00:00,80.1856,165.0,84.81439971923828
2017-05-31 15:00:00,98.06206,154.0,55.93794250488281
2017-05-31 18:00:00,103.04734,55.0,-48.047340393066406
2017-05-31 21:00:00,81.61794,30.0,-51.617942810058594
2017-06-01 00:00:00,82.64669,19.0,-63.646690368652344
2017-06-01 03:00:00,72.176025,26.0,-46.176025390625
2017-06-01 06:00:00,57.108196,33.0,-24.108196258544922
2017-06-01 09:00:00,51.564713,24.0,-27.564712524414062
2017-06-01 12:00:00,51.87678,22.0,-29.876781463623047
2017-06-01 15:00:00,62.00173,36.0,-26.001731872558594
2017-06-01 18:00:00,71.61964,37.0,-34.61963653564453
2017-06-01 21:00:00,69.81815,38.0,-31.818153381347656
2017-06-02 00:00:00,32.102436,35.0,2.897563934326172
2017-06-02 03:00:00,41.482735,32.0,-9.482734680175781
2017-06-02 06:00:00,37.915016,37.0,-0.9150161743164062
2017-06-02 09:00:00,38.442524,37.0,-1.4425239562988281
2017-06-02 12:00:00,51.924873,12.0,-39.92487335205078
2017-06-02 15:00:00,52.694984,14.0,-38.694984436035156
2017-06-02 18:00:00,62.190224,21.0,-41.190223693847656
2017-06-02 21:00:00,58.45925,21.0,-37.459251403808594
2017-06-03 00:00:00,65.67893,37.0,-28.678932189941406
2017-06-03 03:00:00,65.92859,25.0,-40.9285888671875
2017-06-03 06:00:00,56.36241,38.0,-18.362411499023438
2017-06-03 09:00:00,46.519005,28.0,-18.519004821777344
2017-06-03 12:00:00,45.149532,15.0,-30.149532318115234
2017-06-03 15:00:00,48.912285,24.0,-24.91228485107422
2017-06-03 18:00:00,65.22464,18.0,-47.224639892578125
2017-06-03 21:00:00,67.98757,20.0,-47.987571716308594
2017-06-04 00:00:00,61.23946,21.0,-40.23945999145508
2017-06-04 03:00:00,74.162926,20.0,-54.162925720214844
2017-06-04 06:00:00,66.29944,19.0,-47.2994384765625
2017-06-04 09:00:00,42.00268,20.0,-22.002681732177734
2017-06-04 12:00:00,32.07987,14.0,-18.07986831665039
2017-06-04 15:00:00,37.00609,15.0,-22.006088256835938
2017-06-04 18:00:00,65.06298,16.0,-49.06298065185547
2017-06-04 21:00:00,69.745735,24.0,-45.74573516845703
2017-06-05 00:00:00,64.77967,15.0,-49.77967071533203
2017-06-05 03:00:00,64.02428,14.0,-50.02427673339844
2017-06-05 06:00:00,39.37396,23.0,-16.373958587646484
2017-06-05 09:00:00,20.9061,9.0,-11.906099319458008
2017-06-05 12:00:00,35.754055,9.0,-26.75405502319336
2017-06-05 15:00:00,45.74298,11.0,-34.74298095703125
2017-06-05 18:00:00,73.78805,9.0,-64.78804779052734
2017-06-05 21:00:00,81.01938,18.0,-63.019378662109375
2017-06-06 00:00:00,91.41126,28.0,-63.41126251220703
2017-06-06 03:00:00,95.46579,12.0,-83.46578979492188
2017-06-06 06:00:00,82.139534,17.0,-65.13953399658203
2017-06-06 09:00:00,46.278275,19.0,-27.278274536132812
2017-06-06 12:00:00,35.97938,18.0,-17.979381561279297
2017-06-06 15:00:00,37.9855,28.0,-9.98550033569336
2017-06-06 18:00:00,81.83304,32.0,-49.833038330078125
2017-06-06 21:00:00,81.022446,46.0,-35.02244567871094
2017-06-07 00:00:00,60.77903,68.0,7.220970153808594
2017-06-07 03:00:00,64.80474,54.0,-10.804740905761719
2017-06-07 06:00:00,55.60196,32.0,-23.601959228515625
2017-06-07 09:00:00,26.355793,19.0,-7.355792999267578
2017-06-07 12:00:00,22.510448,28.0,5.489551544189453
2017-06-07 15:00:00,30.573631,18.0,-12.573631286621094
2017-06-07 18:00:00,70.04957,33.0,-37.04956817626953
2017-06-07 21:00:00,85.800934,27.0,-58.800933837890625
2017-06-08 00:00:00,85.8397,23.0,-62.839698791503906
2017-06-08 03:00:00,94.55152,33.0,-61.55152130126953
2017-06-08 06:00:00,91.87283,37.0,-54.872833251953125
2017-06-08 09:00:00,60.72196,32.0,-28.72195816040039
2017-06-08 12:00:00,56.29454,22.0,-34.29454040527344
2017-06-08 15:00:00,62.023674,17.0,-45.02367401123047
2017-06-08 18:00:00,82.76174,22.0,-60.761741638183594
2017-06-08 21:00:00,67.50656,26.0,-41.506561279296875
2017-06-09 00:00:00,39.23469,26.0,-13.234691619873047
2017-06-09 03:00:00,59.393642,28.0,-31.39364242553711
2017-06-09 06:00:00,62.975914,15.0,-47.975914001464844
2017-06-09 09:00:00,45.29784,18.0,-27.297840118408203
2017-06-09 12:00:00,53.99488,15.0,-38.99488067626953
2017-06-09 15:00:00,61.979336,21.0,-40.97933578491211
2017-06-09 18:00:00,96.26513,20.0,-76.26512908935547
2017-06-09 21:00:00,87.08525,24.0,-63.08525085449219
2017-06-10 00:00:00,96.22545,50.0,-46.22544860839844
2017-06-10 03:00:00,105.0596,27.0,-78.05960083007812
2017-06-10 06:00:00,86.15678,27.0,-59.156776428222656
2017-06-10 09:00:00,58.624836,24.0,-34.62483596801758
2017-06-10 12:00:00,43.77341,25.0,-18.77341079711914
2017-06-10 15:00:00,53.55946,25.0,-28.559459686279297
2017-06-10 18:00:00,78.02487,22.0,-56.024871826171875
2017-06-10 21:00:00,72.5471,26.0,-46.547096252441406
2017-06-11 00:00:00,100.92106,34.0,-66.92105865478516
2017-06-11 03:00:00,102.900116,48.0,-54.900115966796875
2017-06-11 06:00:00,86.57264,27.0,-59.57263946533203
2017-06-11 09:00:00,56.419937,28.0,-28.419937133789062
2017-06-11 12:00:00,47.50126,28.0,-19.501258850097656
2017-06-11 15:00:00,58.41241,18.0,-40.412410736083984
2017-06-11 18:00:00,84.227455,28.0,-56.227455139160156
2017-06-11 21:00:00,73.32784,26.0,-47.327842712402344
2017-06-12 00:00:00,79.485855,31.0,-48.48585510253906
2017-06-12 03:00:00,63.676453,27.0,-36.67645263671875
2017-06-12 06:00:00,51.60615,34.0,-17.606151580810547
2017-06-12 09:00:00,48.584015,91.0,42.415985107421875
2017-06-12 12:00:00,57.061584,35.0,-22.06158447265625
2017-06-12 15:00:00,66.90345,30.0,-36.90345001220703
2017-06-12 18:00:00,81.24971,25.0,-56.24971008300781
2017-06-12 21:00:00,74.32914,25.0,-49.329139709472656
2017-06-13 00:00:00,69.12285,26.0,-43.12284851074219
2017-06-13 03:00:00,73.33574,36.0,-37.33573913574219
2017-06-13 06:00:00,63.208347,29.0,-34.20834732055664
2017-06-13 09:00:00,44.64221,42.0,-2.6422080993652344
2017-06-13 12:00:00,41.62314,31.0,-10.623138427734375
2017-06-13 15:00:00,47.83942,31.0,-16.839420318603516
2017-06-13 18:00:00,73.79003,32.0,-41.79003143310547
2017-06-13 21:00:00,71.65454,41.0,-30.654541015625
2017-06-14 00:00:00,56.805332,111.0,54.19466781616211
2017-06-14 03:00:00,63.232788,52.0,-11.2327880859375
2017-06-14 06:00:00,59.097885,37.0,-22.097885131835938
2017-06-14 09:00:00,48.33285,30.0,-18.33285140991211
2017-06-14 12:00:00,39.439526,31.0,-8.439525604248047
2017-06-14 15:00:00,38.345917,27.0,-11.345916748046875
2017-06-14 18:00:00,73.46597,27.0,-46.465972900390625
2017-06-14 21:00:00,69.27769,41.0,-28.277687072753906
2017-06-15 00:00:00,53.85459,59.0,5.145408630371094
2017-06-15 03:00:00,64.96418,53.0,-11.964179992675781
2017-06-15 06:00:00,74.69771,59.0,-15.697708129882812
2017-06-15 09:00:00,55.287045,68.0,12.712955474853516
2017-06-15 12:00:00,43.107777,65.0,21.892223358154297
2017-06-15 15:00:00,53.30878,60.0,6.691219329833984
2017-06-15 18:00:00,79.578285,66.0,-13.578285217285156
2017-06-15 21:00:00,83.31813,23.0,-60.31813049316406
2017-06-16 00:00:00,79.402756,54.0,-25.402755737304688
2017-06-16 03:00:00,84.53924,55.0,-29.53923797607422
2017-06-16 06:00:00,63.347557,86.0,22.652442932128906
2017-06-16 09:00:00,43.23664,95.0,51.76335906982422
2017-06-16 12:00:00,69.29378,72.0,2.7062225341796875
2017-06-16 15:00:00,85.89268,45.0,-40.892677307128906
2017-06-16 18:00:00,91.95253,30.0,-61.95252990722656
2017-06-16 21:00:00,80.74255,26.0,-54.7425537109375
2017-06-17 00:00:00,86.61254,27.0,-59.61254119873047
2017-06-17 03:00:00,80.91638,18.0,-62.9163818359375
2017-06-17 06:00:00,59.945705,15.0,-44.94570541381836
2017-06-17 09:00:00,42.549686,37.0,-5.549686431884766
2017-06-17 12:00:00,38.78563,34.0,-4.7856292724609375
2017-06-17 15:00:00,43.662,46.0,2.338001251220703
2017-06-17 18:00:00,87.14096,48.0,-39.140960693359375
2017-06-17 21:00:00,100.60126,50.0,-50.60125732421875
2017-06-18 00:00:00,124.1865,65.0,-59.186500549316406
2017-06-18 03:00:00,122.9555,81.0,-41.95549774169922
2017-06-18 06:00:00,95.27708,73.0,-22.277076721191406
2017-06-18 09:00:00,65.4191,59.0,-6.419097900390625
2017-06-18 12:00:00,68.61106,56.0,-12.611061096191406
2017-06-18 15:00:00,70.707245,53.0,-17.707244873046875
2017-06-18 18:00:00,94.931694,53.0,-41.93169403076172
2017-06-18 21:00:00,97.45327,49.0,-48.453269958496094
2017-06-19 00:00:00,79.14287,24.0,-55.14286804199219
2017-06-19 03:00:00,81.97844,32.0,-49.97843933105469
2017-06-19 06:00:00,84.06823,41.0,-43.06822967529297
2017-06-19 09:00:00,58.74358,41.0,-17.743579864501953
2017-06-19 12:00:00,53.633358,24.0,-29.633358001708984
2017-06-19 15:00:00,65.839005,28.0,-37.83900451660156
2017-06-19 18:00:00,84.79412,67.0,-17.79412078857422
2017-06-19 21:00:00,74.65178,24.0,-50.65177917480469
2017-06-20 00:00:00,64.91609,36.0,-28.916091918945312
2017-06-20 03:00:00,76.51079,27.0,-49.51078796386719
2017-06-20 06:00:00,74.607216,16.0,-58.607215881347656
2017-06-20 09:00:00,62.726143,30.0,-32.72614288330078
2017-06-20 12:00:00,60.628166,62.0,1.3718338012695312
2017-06-20 15:00:00,84.92271,55.0,-29.922706604003906
2017-06-20 18:00:00,111.65594,75.0,-36.65593719482422
2017-06-20 21:00:00,103.87225,161.0,57.12774658203125
2017-06-21 00:00:00,113.96616,44.0,-69.9661636352539
2017-06-21 03:00:00,111.39605,33.0,-78.39604949951172
2017-06-21 06:00:00,85.601074,44.0,-41.60107421875
2017-06-21 09:00:00,69.794395,83.0,13.205604553222656
2017-06-21 12:00:00,71.6999,148.0,76.30010223388672
2017-06-21 15:00:00,90.82794,340.0,249.17205810546875
2017-06-21 18:00:00,116.8853,308.0,191.1147003173828
2017-06-21 21:00:00,111.384796,225.0,113.61520385742188
2017-06-22 00:00:00,110.41993,26.0,-84.41992950439453
2017-06-22 03:00:00,100.610916,24.0,-76.61091613769531
2017-06-22 06:00:00,70.92433,40.0,-30.924331665039062
2017-06-22 09:00:00,53.8771,48.7,-5.1771018981933565
2017-06-22 12:00:00,62.53322,42.2,-20.33321838378906
2017-06-22 15:00:00,73.27935,44.4,-28.87935028076172
2017-06-22 18:00:00,84.475235,101.0,16.524765014648438
2017-06-22 21:00:00,73.49535,105.0,31.50464630126953
2017-06-23 00:00:00,50.706375,35.0,-15.706375122070312
2017-06-23 03:00:00,51.006622,29.0,-22.006622314453125
2017-06-23 06:00:00,48.09533,25.0,-23.09532928466797
2017-06-23 09:00:00,42.11074,31.0,-11.110740661621094
2017-06-23 12:00:00,64.0664,38.0,-26.06639862060547
2017-06-23 15:00:00,74.55674,45.0,-29.556739807128906
2017-06-23 18:00:00,87.42518,120.0,32.57482147216797
2017-06-23 21:00:00,79.91685,50.0,-29.916847229003906
2017-06-24 00:00:00,88.55113,37.0,-51.55113220214844
2017-06-24 03:00:00,77.69018,18.0,-59.69017791748047
2017-06-24 06:00:00,70.277,25.0,-45.277000427246094
2017-06-24 09:00:00,54.548992,25.0,-29.548992156982422
2017-06-24 12:00:00,61.86633,31.0,-30.866329193115234
2017-06-24 15:00:00,72.1584,88.0,15.841598510742188
2017-06-24 18:00:00,93.426704,142.0,48.57329559326172
2017-06-24 21:00:00,87.426544,139.0,51.573455810546875
2017-06-25 00:00:00,58.04668,11.0,-47.04668045043945
2017-06-25 03:00:00,64.84572,16.0,-48.84571838378906
2017-06-25 06:00:00,59.829746,15.0,-44.82974624633789
2017-06-25 09:00:00,39.38959,17.0,-22.389591217041016
2017-06-25 12:00:00,54.541943,41.0,-13.541942596435547
2017-06-25 15:00:00,66.25351,118.0,51.746490478515625
2017-06-25 18:00:00,98.61969,129.0,30.38031005859375
2017-06-25 21:00:00,96.32322,99.0,2.6767807006835938
2017-06-26 00:00:00,88.788055,18.0,-70.78805541992188
2017-06-26 03:00:00,99.243835,16.0,-83.24383544921875
2017-06-26 06:00:00,96.64768,19.0,-77.6476821899414
2017-06-26 09:00:00,58.871593,25.0,-33.8715934753418
2017-06-26 12:00:00,45.2319,21.0,-24.23189926147461
2017-06-26 15:00:00,56.338196,27.0,-29.33819580078125
2017-06-26 18:00:00,86.67962,23.0,-63.67961883544922
2017-06-26 21:00:00,88.64981,29.0,-59.649810791015625
2017-06-27 00:00:00,100.533615,7.0,-93.53361511230469
2017-06-27 03:00:00,114.48162,16.0,-98.48162078857422
2017-06-27 06:00:00,99.75497,23.0,-76.75496673583984
2017-06-27 09:00:00,50.524704,27.0,-23.524703979492188
2017-06-27 12:00:00,40.409077,21.0,-19.409076690673828
2017-06-27 15:00:00,47.075558,14.0,-33.075557708740234
2017-06-27 18:00:00,81.7671,48.0,-33.76709747314453
2017-06-27 21:00:00,96.6927,26.0,-70.69270324707031
2017-06-28 03:00:00,106.84863,24.0,-82.8486328125
2017-06-28 06:00:00,96.4032,32.0,-64.4031982421875
2017-06-28 09:00:00,71.90846,33.0,-38.90846252441406
2017-06-28 12:00:00,48.160244,27.0,-21.16024398803711
2017-06-28 15:00:00,54.78637,35.0,-19.78636932373047
2017-06-28 18:00:00,93.33985,64.0,-29.33985137939453
2017-06-28 21:00:00,103.482765,65.0,-38.482765197753906
2017-06-29 00:00:00,87.642494,40.0,-47.642494201660156
2017-06-29 03:00:00,100.425606,44.0,-56.42560577392578
2017-06-29 06:00:00,98.87901,48.0,-50.87901306152344
2017-06-29 09:00:00,61.374523,48.0,-13.374523162841797
2017-06-29 15:00:00,68.20744,113.0,44.79255676269531
2017-06-29 18:00:00,121.53259,40.0,-81.5325927734375
2017-06-29 21:00:00,96.02786,138.0,41.972137451171875
2017-06-30 00:00:00,119.71918,24.0,-95.71917724609375
2017-06-30 03:00:00,101.984055,21.0,-80.98405456542969
2017-06-30 06:00:00,75.53084,22.0,-53.53083801269531
2017-06-30 09:00:00,53.37347,20.0,-33.373470306396484
2017-06-30 12:00:00,56.531975,15.0,-41.53197479248047
2017-06-30 15:00:00,63.554127,31.0,-32.55412673950195
2017-06-30 18:00:00,86.85333,38.0,-48.85333251953125
2017-06-30 21:00:00,86.36812,89.0,2.6318817138671875
2017-07-01 00:00:00,108.11061,95.0,-13.110610961914062
2017-07-01 03:00:00,115.12646,69.0,-46.12645721435547
2017-07-01 06:00:00,96.7699,67.0,-29.7698974609375
2017-07-01 09:00:00,59.581112,94.0,34.418888092041016
2017-07-01 12:00:00,60.409546,99.0,38.5904541015625
2017-07-01 15:00:00,64.40269,78.0,13.597312927246094
2017-07-01 18:00:00,89.8649,57.0,-32.864898681640625
2017-07-01 21:00:00,97.27864,67.0,-30.278640747070312
2017-07-02 00:00:00,84.51662,56.0,-28.516616821289062
2017-07-02 03:00:00,98.463264,56.0,-42.46326446533203
2017-07-02 06:00:00,91.35943,39.0,-52.35942840576172
2017-07-02 09:00:00,70.636475,62.0,-8.636474609375
2017-07-02 12:00:00,80.13262,57.0,-23.13262176513672
2017-07-02 15:00:00,84.1768,44.0,-40.17680358886719
2017-07-02 18:00:00,95.09495,39.0,-56.094947814941406
2017-07-02 21:00:00,93.22048,46.0,-47.220481872558594
2017-07-03 00:00:00,85.38234,58.0,-27.382339477539062
2017-07-03 03:00:00,98.33593,56.0,-42.33592987060547
2017-07-03 06:00:00,88.86525,60.0,-28.865249633789062
2017-07-03 09:00:00,70.16433,69.0,-1.1643295288085938
2017-07-03 12:00:00,47.547245,68.0,20.452754974365234
2017-07-03 15:00:00,56.07717,53.0,-3.0771713256835938
2017-07-03 18:00:00,81.0544,48.0,-33.05439758300781
2017-07-03 21:00:00,84.055954,61.0,-23.055953979492188
2017-07-04 00:00:00,81.34862,50.0,-31.348617553710938
2017-07-04 03:00:00,94.18432,52.0,-42.18431854248047
2017-07-04 06:00:00,89.39639,70.0,-19.396392822265625
2017-07-04 09:00:00,62.887466,56.0,-6.8874664306640625
2017-07-04 12:00:00,47.194702,68.0,20.8052978515625
2017-07-04 15:00:00,60.635784,64.0,3.364215850830078
2017-07-04 18:00:00,86.3231,43.0,-43.323097229003906
2017-07-04 21:00:00,93.82484,46.0,-47.82483673095703
2017-07-05 00:00:00,91.04826,59.0,-32.04826354980469
2017-07-05 03:00:00,108.94871,59.0,-49.948707580566406
2017-07-05 06:00:00,104.189896,63.0,-41.18989562988281
2017-07-05 09:00:00,69.74415,56.0,-13.744148254394531
2017-07-05 12:00:00,48.828953,57.0,8.17104721069336
2017-07-05 15:00:00,59.222202,59.0,-0.22220230102539062
2017-07-05 18:00:00,87.28057,57.0,-30.28057098388672
2017-07-05 21:00:00,87.4129,47.0,-40.41290283203125
2017-07-06 00:00:00,83.41976,48.0,-35.419761657714844
2017-07-06 03:00:00,84.002975,51.0,-33.00297546386719
2017-07-06 06:00:00,77.362305,47.0,-30.3623046875
2017-07-06 09:00:00,58.7404,54.0,-4.740398406982422
2017-07-06 12:00:00,49.34691,61.0,11.653091430664062
2017-07-06 15:00:00,60.57121,58.0,-2.571208953857422
2017-07-06 18:00:00,99.29499,61.0,-38.29499053955078
2017-07-06 21:00:00,98.102875,64.0,-34.102874755859375
2017-07-07 00:00:00,131.35104,49.0,-82.35104370117188
2017-07-07 03:00:00,124.26096,53.0,-71.2609634399414
2017-07-07 06:00:00,86.0465,52.0,-34.04650115966797
2017-07-07 09:00:00,49.703205,60.0,10.296794891357422
2017-07-07 12:00:00,30.481033,55.0,24.518966674804688
2017-07-07 15:00:00,71.61975,57.0,-14.6197509765625
2017-07-07 18:00:00,89.855804,50.0,-39.855804443359375
2017-07-07 21:00:00,90.28554,70.0,-20.285537719726562
2017-07-08 00:00:00,82.79494,80.0,-2.7949371337890625
2017-07-08 03:00:00,107.51125,74.0,-33.511253356933594
2017-07-08 06:00:00,108.73805,75.0,-33.73805236816406
2017-07-08 09:00:00,106.647804,69.0,-37.647804260253906
2017-07-08 12:00:00,113.834175,79.0,-34.83417510986328
2017-07-08 15:00:00,130.38197,99.0,-31.381973266601562
2017-07-08 18:00:00,132.75552,78.0,-54.755523681640625
2017-07-08 21:00:00,131.22849,72.0,-59.228485107421875
2017-07-09 00:00:00,117.3371,66.0,-51.33709716796875
2017-07-09 03:00:00,142.40323,89.0,-53.403228759765625
2017-07-09 06:00:00,192.13507,126.0,-66.13507080078125
2017-07-09 09:00:00,200.40715,125.0,-75.40715026855469
2017-07-09 12:00:00,184.29341,141.0,-43.29341125488281
2017-07-09 15:00:00,191.36018,117.0,-74.36018371582031
2017-07-09 18:00:00,187.26155,81.0,-106.26155090332031
2017-07-09 21:00:00,189.26903,71.0,-118.26902770996094
2017-07-10 00:00:00,209.70447,52.0,-157.7044677734375
2017-07-10 03:00:00,216.69939,70.0,-146.6993865966797
2017-07-10 06:00:00,217.14038,71.0,-146.140380859375
2017-07-10 09:00:00,175.90286,71.0,-104.90286254882812
2017-07-10 12:00:00,138.16634,91.0,-47.16633605957031
2017-07-10 15:00:00,134.52995,76.0,-58.52995300292969
2017-07-10 18:00:00,154.9173,81.0,-73.91729736328125
2017-07-10 21:00:00,142.62605,75.0,-67.62605285644531
2017-07-11 00:00:00,148.80379,80.0,-68.80378723144531
2017-07-11 03:00:00,100.39798,27.0,-73.39797973632812
2017-07-11 06:00:00,86.37812,31.0,-55.37812042236328
2017-07-11 09:00:00,79.497116,53.0,-26.497116088867188
2017-07-11 12:00:00,50.358948,44.0,-6.35894775390625
2017-07-11 15:00:00,56.76327,39.0,-17.76327133178711
2017-07-11 18:00:00,111.611374,53.0,-58.61137390136719
2017-07-11 21:00:00,101.50848,36.0,-65.50847625732422
2017-07-12 00:00:00,162.0092,35.0,-127.00920104980469
2017-07-12 03:00:00,145.0486,33.0,-112.04859924316406
2017-07-12 06:00:00,116.94294,36.0,-80.94293975830078
2017-07-12 09:00:00,80.015755,36.0,-44.01575469970703
2017-07-12 12:00:00,54.38574,158.0,103.61426162719727
2017-07-12 15:00:00,65.31991,96.0,30.680091857910156
2017-07-12 18:00:00,91.66729,51.0,-40.66728973388672
2017-07-12 21:00:00,88.16983,34.0,-54.169830322265625
2017-07-13 00:00:00,132.39981,26.0,-106.39981079101562
2017-07-13 03:00:00,113.28302,32.0,-81.28302001953125
2017-07-13 06:00:00,78.45142,41.0,-37.45142364501953
2017-07-13 09:00:00,52.91497,43.0,-9.914970397949219
2017-07-13 12:00:00,50.25947,37.0,-13.259471893310547
2017-07-13 15:00:00,55.150055,28.0,-27.150054931640625
2017-07-13 18:00:00,73.39417,34.0,-39.39417266845703
2017-07-13 21:00:00,74.22363,35.0,-39.2236328125
2017-07-14 00:00:00,51.591995,35.0,-16.591995239257812
2017-07-14 03:00:00,62.986374,35.0,-27.986373901367188
2017-07-14 06:00:00,49.145,47.0,-2.145000457763672
2017-07-14 09:00:00,30.728415,22.0,-8.728414535522461
2017-07-14 12:00:00,22.101175,27.0,4.898824691772461
2017-07-14 15:00:00,38.345207,28.0,-10.345207214355469
2017-07-14 18:00:00,62.69829,32.0,-30.698291778564453
2017-07-14 21:00:00,70.6857,38.0,-32.685699462890625
2017-07-15 00:00:00,19.996151,42.0,22.003849029541016
2017-07-15 03:00:00,31.46215,64.0,32.53784942626953
2017-07-15 06:00:00,28.246405,35.0,6.753595352172852
2017-07-15 09:00:00,11.818884,34.0,22.181116104125977
2017-07-15 12:00:00,37.14149,51.0,13.858509063720703
2017-07-15 15:00:00,47.664345,55.0,7.335655212402344
2017-07-15 18:00:00,75.49033,66.0,-9.490333557128906
2017-07-15 21:00:00,85.77331,63.0,-22.77330780029297
2017-07-16 00:00:00,129.64267,59.0,-70.64266967773438
2017-07-16 03:00:00,117.28468,68.0,-49.28468322753906
2017-07-16 06:00:00,85.80161,59.0,-26.801612854003906
2017-07-16 09:00:00,52.289577,41.0,-11.28957748413086
2017-07-16 12:00:00,32.25887,68.0,35.74113082885742
2017-07-16 15:00:00,52.641098,47.0,-5.6410980224609375
2017-07-16 18:00:00,93.45695,30.0,-63.456947326660156
2017-07-16 21:00:00,90.02497,50.0,-40.02497100830078
2017-07-17 00:00:00,75.17701,36.0,-39.17700958251953
2017-07-17 03:00:00,75.91598,20.0,-55.915977478027344
2017-07-17 06:00:00,59.719013,26.0,-33.71901321411133
2017-07-17 09:00:00,40.058468,30.0,-10.058467864990234
2017-07-17 12:00:00,40.605526,32.0,-8.605525970458984
2017-07-17 15:00:00,50.430573,55.0,4.569427490234375
2017-07-17 18:00:00,92.62726,27.0,-65.62725830078125
2017-07-17 21:00:00,113.08611,72.0,-41.08611297607422
2017-07-18 00:00:00,117.14883,30.0,-87.1488265991211
2017-07-18 03:00:00,109.43052,27.0,-82.4305191040039
2017-07-18 06:00:00,96.45873,39.0,-57.45873260498047
2017-07-18 09:00:00,68.957436,48.0,-20.957435607910156
2017-07-18 12:00:00,40.700798,32.0,-8.700798034667969
2017-07-18 15:00:00,43.782166,42.0,-1.78216552734375
2017-07-18 18:00:00,77.39845,35.0,-42.39845275878906
2017-07-18 21:00:00,88.193245,49.0,-39.19324493408203
2017-07-19 00:00:00,84.79242,72.0,-12.79241943359375
2017-07-19 03:00:00,89.06045,43.0,-46.060447692871094
2017-07-19 06:00:00,86.022285,51.0,-35.02228546142578
2017-07-19 09:00:00,59.095783,42.0,-17.095783233642578
2017-07-19 12:00:00,44.36015,57.0,12.639850616455078
2017-07-19 15:00:00,56.273167,51.0,-5.273166656494141
2017-07-19 18:00:00,73.07375,46.0,-27.073753356933594
2017-07-19 21:00:00,85.58038,42.0,-43.58038330078125
2017-07-20 00:00:00,111.25837,47.0,-64.25836944580078
2017-07-20 03:00:00,119.77329,54.0,-65.7732925415039
2017-07-20 06:00:00,91.12819,57.0,-34.12818908691406
2017-07-20 09:00:00,63.03867,59.0,-4.038669586181641
2017-07-20 12:00:00,51.365078,72.0,20.63492202758789
2017-07-20 15:00:00,55.773853,75.0,19.226146697998047
2017-07-20 18:00:00,97.41473,79.0,-18.41472625732422
2017-07-20 21:00:00,109.897995,49.0,-60.89799499511719
2017-08-11 00:00:00,78.23633,40.0,-38.236328125
2017-08-11 03:00:00,103.577126,48.0,-55.577125549316406
2017-08-11 12:00:00,41.95181,60.0,18.04819107055664
2017-08-11 15:00:00,53.65473,55.0,1.3452682495117188
2017-08-11 18:00:00,75.72999,59.0,-16.72998809814453
2017-08-11 21:00:00,83.9625,65.0,-18.962501525878906
2017-08-12 00:00:00,91.896255,55.0,-36.89625549316406
2017-08-12 03:00:00,104.704216,51.0,-53.70421600341797
2017-08-12 06:00:00,102.23493,50.0,-52.23493194580078
2017-08-12 09:00:00,71.63817,58.0,-13.638168334960938
2017-08-12 12:00:00,54.079464,55.0,0.9205360412597656
2017-08-12 15:00:00,78.01555,52.0,-26.015548706054688
2017-08-12 18:00:00,101.04941,60.0,-41.049407958984375
2017-08-12 21:00:00,103.74345,46.0,-57.743446350097656
2017-08-13 00:00:00,109.91289,41.0,-68.91288757324219
2017-08-13 03:00:00,120.84309,45.0,-75.84308624267578
2017-08-13 06:00:00,114.950806,50.0,-64.9508056640625
2017-08-13 09:00:00,99.66505,59.0,-40.66504669189453
2017-08-13 15:00:00,82.52709,47.0,-35.52709197998047
2017-08-13 18:00:00,97.99532,38.0,-59.995323181152344
2017-08-13 21:00:00,99.42892,58.0,-41.428916931152344
2017-08-14 00:00:00,110.12071,38.0,-72.12071228027344
2017-08-14 03:00:00,110.06136,46.0,-64.06136322021484
2017-08-14 06:00:00,95.41895,50.0,-45.41895294189453
2017-08-14 09:00:00,52.797985,48.0,-4.797985076904297
2017-08-14 12:00:00,41.81925,40.0,-1.8192481994628906
2017-08-14 15:00:00,62.768322,46.0,-16.768321990966797
2017-08-14 18:00:00,114.19025,72.0,-42.19024658203125
2017-08-14 21:00:00,124.20685,63.0,-61.20684814453125
2017-08-15 00:00:00,108.53591,57.0,-51.535911560058594
2017-08-15 03:00:00,99.57466,37.0,-62.57466125488281
2017-08-15 06:00:00,81.90455,30.0,-51.90454864501953
2017-08-15 09:00:00,55.899364,80.0,24.100635528564453
2017-08-15 15:00:00,56.882072,56.0,-0.8820724487304688
2017-08-15 18:00:00,96.71839,38.0,-58.71839141845703
2017-08-15 21:00:00,113.21526,62.0,-51.21526336669922
2017-08-16 00:00:00,98.21951,92.0,-6.219512939453125
2017-08-16 03:00:00,93.35997,107.0,13.640029907226562
2017-08-16 06:00:00,80.03781,88.0,7.962188720703125
2017-08-16 09:00:00,70.6159,87.0,16.38410186767578
2017-08-16 12:00:00,56.25293,82.0,25.7470703125
2017-08-16 15:00:00,60.41182,77.0,16.588180541992188
2017-08-16 18:00:00,80.26268,84.0,3.7373199462890625
2017-08-16 21:00:00,78.87434,102.0,23.12566375732422
2017-08-17 03:00:00,93.26823,82.0,-11.268226623535156
2017-08-17 06:00:00,107.16371,69.0,-38.16371154785156
2017-08-17 09:00:00,87.54682,92.0,4.453178405761719
2017-08-17 12:00:00,44.486115,91.0,46.513885498046875
2017-08-17 15:00:00,52.87097,72.0,19.1290283203125
2017-08-17 18:00:00,91.83214,71.0,-20.832138061523438
2017-08-17 21:00:00,113.97333,81.0,-32.97332763671875
2017-08-19 03:00:00,81.51699,35.0,-46.516990661621094
2017-08-19 09:00:00,45.593426,65.0,19.406574249267578
2017-08-19 12:00:00,45.097977,52.0,6.9020233154296875
2017-08-19 15:00:00,64.06026,103.0,38.93974304199219
2017-08-19 18:00:00,92.61327,52.0,-40.61327362060547
2017-08-19 21:00:00,83.48559,31.0,-52.48558807373047
2017-08-20 00:00:00,91.225044,43.0,-48.22504425048828
2017-08-20 03:00:00,109.04262,21.0,-88.04261779785156
2017-08-20 06:00:00,106.109726,40.0,-66.10972595214844
2017-08-20 09:00:00,84.3429,48.0,-36.34290313720703
2017-08-20 15:00:00,62.79754,30.0,-32.79753875732422
2017-08-20 18:00:00,106.97977,39.0,-67.97976684570312
2017-08-20 21:00:00,104.4159,33.0,-71.41590118408203
2017-08-21 00:00:00,100.34262,138.0,37.657379150390625
2017-08-21 03:00:00,115.45177,30.0,-85.45176696777344
2017-08-21 09:00:00,82.652885,56.0,-26.65288543701172
2017-08-21 12:00:00,58.2379,46.0,-12.237899780273438
2017-08-21 15:00:00,66.28528,47.0,-19.2852783203125
2017-08-21 18:00:00,101.78553,41.0,-60.78553009033203
2017-08-21 21:00:00,114.42137,55.0,-59.42137145996094
2017-08-22 00:00:00,115.77669,39.0,-76.77668762207031
2017-08-22 03:00:00,116.01139,30.0,-86.01139068603516
2017-08-22 06:00:00,114.297226,36.0,-78.29722595214844
2017-08-22 09:00:00,86.98476,30.0,-56.98475646972656
2017-08-22 12:00:00,49.862366,57.0,7.13763427734375
2017-08-22 15:00:00,64.11358,49.0,-15.113578796386719
2017-08-22 18:00:00,83.92874,54.0,-29.928741455078125
2017-08-22 21:00:00,94.520485,65.0,-29.520484924316406
2017-08-23 00:00:00,117.813896,62.0,-55.81389617919922
2017-08-23 03:00:00,132.36354,70.0,-62.36354064941406
2017-08-23 06:00:00,116.54606,82.0,-34.546058654785156
2017-08-23 09:00:00,97.70997,73.0,-24.70996856689453
2017-08-23 12:00:00,101.998924,69.0,-32.998924255371094
2017-08-23 15:00:00,103.27335,58.0,-45.273353576660156
2017-08-23 18:00:00,116.65236,64.0,-52.65235900878906
2017-08-23 21:00:00,120.313644,70.0,-50.31364440917969
2017-08-24 00:00:00,123.01848,66.0,-57.01847839355469
2017-08-24 03:00:00,115.84791,64.0,-51.84790802001953
2017-08-24 06:00:00,87.09833,42.0,-45.09832763671875
2017-08-24 09:00:00,68.2013,89.0,20.79869842529297
2017-08-24 18:00:00,90.468575,73.0,-17.46857452392578
2017-08-24 21:00:00,104.921585,92.0,-12.921585083007812
2017-08-25 00:00:00,90.02349,33.0,-57.02349090576172
2017-08-25 03:00:00,96.43145,42.0,-54.43144989013672
2017-08-25 06:00:00,91.880226,43.0,-48.880226135253906
2017-08-25 09:00:00,71.74549,49.0,-22.74549102783203
2017-08-25 12:00:00,46.961533,24.0,-22.961532592773438
2017-08-25 15:00:00,57.357395,30.0,-27.35739517211914
2017-08-25 18:00:00,91.33771,22.0,-69.33770751953125
2017-08-26 00:00:00,59.995045,20.0,-39.99504470825195
2017-08-26 03:00:00,71.92637,14.0,-57.926368713378906
2017-08-26 06:00:00,75.20248,28.0,-47.202476501464844
2017-08-26 09:00:00,56.88503,31.0,-25.885028839111328
2017-08-26 12:00:00,47.495632,33.0,-14.49563217163086
2017-08-26 15:00:00,55.621628,34.0,-21.621627807617188
2017-08-26 21:00:00,95.469826,47.0,-48.469825744628906
2017-08-27 00:00:00,81.10595,54.0,-27.10594940185547
2017-08-27 03:00:00,81.76272,58.0,-23.762718200683594
2017-08-27 06:00:00,67.37423,48.0,-19.374229431152344
2017-08-27 12:00:00,37.20311,69.0,31.796890258789062
2017-08-27 15:00:00,56.797718,79.0,22.202281951904297
2017-08-27 18:00:00,82.87674,79.0,-3.876739501953125
2017-08-28 18:00:00,106.844826,79.0,-27.844825744628906
2017-08-28 21:00:00,113.01256,81.0,-32.01255798339844
2017-08-29 00:00:00,137.28526,79.0,-58.28526306152344
2017-08-29 03:00:00,146.45956,80.0,-66.45956420898438
2017-08-29 06:00:00,119.50919,95.0,-24.509193420410156
2017-08-29 09:00:00,61.29767,89.0,27.70233154296875
2017-08-29 12:00:00,39.414772,114.0,74.5852279663086
2017-08-29 15:00:00,48.550648,95.0,46.4493522644043
2017-08-29 18:00:00,84.570274,64.0,-20.570274353027344
2017-08-29 21:00:00,95.68225,71.0,-24.6822509765625
2017-08-30 00:00:00,102.032684,74.0,-28.032684326171875
2017-08-30 03:00:00,104.869286,67.0,-37.869285583496094
2017-08-30 06:00:00,87.68393,62.0,-25.683929443359375
2017-08-30 09:00:00,52.667927,67.0,14.332073211669922
2017-08-30 12:00:00,33.48532,74.0,40.514678955078125
2017-08-30 15:00:00,53.06856,53.0,-0.06856155395507812
2017-08-30 18:00:00,98.31956,71.0,-27.319557189941406
2017-08-30 21:00:00,96.98692,65.0,-31.986923217773438
2017-08-31 00:00:00,83.36019,63.0,-20.360191345214844
2017-08-31 03:00:00,84.92271,57.0,-27.922706604003906
2017-08-31 06:00:00,74.906555,50.0,-24.90655517578125
2017-08-31 09:00:00,58.402294,67.0,8.597705841064453
2017-08-31 12:00:00,35.090126,58.0,22.909873962402344
2017-08-31 15:00:00,48.705486,73.0,24.294513702392578
2017-08-31 18:00:00,64.05207,71.0,6.947929382324219
2017-08-31 21:00:00,73.67839,53.0,-20.678390502929688
2017-09-01 00:00:00,76.47782,54.0,-22.477821350097656
2017-09-01 03:00:00,96.435425,42.0,-54.4354248046875
2017-09-01 06:00:00,92.28757,48.0,-44.287567138671875
2017-09-01 09:00:00,50.331436,46.0,-4.3314361572265625
2017-09-01 12:00:00,39.913174,54.0,14.08682632446289
2017-09-01 15:00:00,51.292545,54.0,2.7074546813964844
2017-09-01 18:00:00,61.97115,44.0,-17.971149444580078
2017-09-01 21:00:00,71.48788,54.0,-17.487876892089844
2017-09-02 00:00:00,79.37047,38.0,-41.37046813964844
2017-09-02 03:00:00,89.36832,21.0,-68.36831665039062
2017-09-02 06:00:00,77.625145,27.0,-50.625144958496094
2017-09-02 09:00:00,42.155533,32.0,-10.155532836914062
2017-09-02 12:00:00,48.340553,35.0,-13.340553283691406
2017-09-02 15:00:00,75.262505,44.0,-31.26250457763672
2017-09-02 18:00:00,94.98967,42.0,-52.98966979980469
2017-09-02 21:00:00,90.61591,30.0,-60.61591339111328
2017-09-03 00:00:00,77.53317,26.0,-51.533172607421875
2017-09-03 03:00:00,87.490776,35.0,-52.49077606201172
2017-09-03 06:00:00,79.11785,39.0,-40.11785125732422
2017-09-03 09:00:00,60.38499,45.0,-15.384990692138672
2017-09-03 12:00:00,35.394806,58.0,22.605194091796875
2017-09-03 15:00:00,56.993484,37.0,-19.993484497070312
2017-09-03 18:00:00,95.41043,39.0,-56.410430908203125
2017-09-03 21:00:00,105.55414,37.0,-68.55413818359375
2017-09-04 00:00:00,80.87659,46.0,-34.8765869140625
2017-09-04 03:00:00,68.83443,22.0,-46.83442687988281
2017-09-04 06:00:00,64.57685,28.0,-36.57685089111328
2017-09-04 12:00:00,48.297123,25.0,-23.297122955322266
2017-09-04 15:00:00,66.105255,25.0,-41.105255126953125
2017-09-04 18:00:00,103.60805,23.0,-80.60804748535156
2017-09-05 00:00:00,81.89977,62.0,-19.89977264404297
2017-09-05 03:00:00,94.07188,40.0,-54.071876525878906
2017-09-05 09:00:00,68.05385,32.0,-36.05384826660156
2017-09-05 12:00:00,47.58931,36.0,-11.589309692382812
2017-09-05 15:00:00,65.9943,21.0,-44.994300842285156
2017-09-05 18:00:00,93.90055,35.0,-58.900550842285156
2017-09-06 00:00:00,114.47992,46.0,-68.47991943359375
2017-09-06 03:00:00,115.8578,41.0,-74.85780334472656
2017-09-06 06:00:00,82.03824,38.0,-44.038238525390625
2017-09-06 12:00:00,67.6705,23.0,-44.670501708984375
2017-09-06 15:00:00,81.04712,27.0,-54.047119140625
2017-09-06 18:00:00,104.55426,36.0,-68.55426025390625
2017-09-06 21:00:00,110.855804,45.0,-65.85580444335938
2017-09-07 00:00:00,95.56834,44.0,-51.568336486816406
2017-09-07 03:00:00,107.904724,36.0,-71.90472412109375
2017-09-07 06:00:00,109.763504,54.0,-55.76350402832031
2017-09-07 09:00:00,75.78478,72.0,-3.7847824096679688
2017-09-07 15:00:00,66.38242,55.0,-11.382423400878906
2017-09-07 18:00:00,91.339645,67.0,-24.339645385742188
2017-09-07 21:00:00,94.58262,47.0,-47.582618713378906
2017-09-08 00:00:00,86.49533,39.0,-47.495330810546875
2017-09-08 03:00:00,98.23225,44.0,-54.23224639892578
2017-09-08 06:00:00,89.257355,50.0,-39.257354736328125
2017-09-08 09:00:00,71.85918,51.0,-20.859176635742188
2017-09-08 12:00:00,57.923218,64.0,6.0767822265625
2017-09-08 15:00:00,78.367294,61.0,-17.367294311523438
2017-09-08 18:00:00,108.41825,47.0,-61.418251037597656
2017-09-08 21:00:00,86.84969,27.0,-59.849693298339844
2017-09-09 00:00:00,82.7049,28.0,-54.70490264892578
2017-09-09 03:00:00,84.47,19.0,-65.47000122070312
2017-09-09 06:00:00,74.379616,14.0,-60.379615783691406
2017-09-09 12:00:00,50.202515,17.0,-33.2025146484375
2017-09-09 15:00:00,73.31937,18.0,-55.319366455078125
2017-09-09 18:00:00,102.38972,92.0,-10.389717102050781
2017-09-09 21:00:00,99.08047,14.0,-85.0804672241211
2017-09-10 00:00:00,108.33355,12.0,-96.33354949951172
2017-09-10 03:00:00,118.24829,20.0,-98.248291015625
2017-09-10 06:00:00,106.47671,23.0,-83.4767074584961
2017-09-10 09:00:00,76.75317,22.0,-54.75316619873047
2017-09-10 12:00:00,57.58011,16.0,-41.580108642578125
2017-09-10 15:00:00,74.523766,21.0,-53.523765563964844
2017-09-10 18:00:00,114.23975,24.0,-90.23975372314453
2017-09-10 21:00:00,96.28133,58.0,-38.28132629394531
2017-09-11 00:00:00,93.60747,65.0,-28.607467651367188
2017-09-11 03:00:00,100.03828,42.0,-58.03827667236328
2017-09-11 06:00:00,96.671104,42.0,-54.671104431152344
2017-09-11 09:00:00,66.97405,35.0,-31.97405242919922
2017-09-11 12:00:00,48.838955,22.0,-26.83895492553711
2017-09-11 15:00:00,78.73268,51.0,-27.732681274414062
2017-09-11 21:00:00,122.48643,57.0,-65.4864273071289
2017-09-12 00:00:00,106.35597,41.0,-65.35597229003906
2017-09-12 03:00:00,114.71707,49.0,-65.71707153320312
2017-09-12 06:00:00,102.818375,34.0,-68.81837463378906
2017-09-12 12:00:00,60.43297,50.0,-10.432968139648438
2017-09-12 15:00:00,77.59809,47.0,-30.59809112548828
2017-09-12 18:00:00,110.29738,59.0,-51.29737854003906
2017-09-12 21:00:00,109.16551,69.0,-40.16551208496094
2017-09-13 00:00:00,78.79089,74.0,-4.7908935546875
2017-09-13 03:00:00,75.27819,28.0,-47.27819061279297
2017-09-13 06:00:00,72.052444,28.0,-44.05244445800781
2017-09-13 09:00:00,46.155945,25.0,-21.15594482421875
2017-09-13 21:00:00,90.771835,23.0,-67.77183532714844
2017-09-14 00:00:00,107.98146,24.0,-83.98146057128906
2017-09-14 03:00:00,124.83588,25.0,-99.83587646484375
2017-09-14 06:00:00,109.28102,29.0,-80.28102111816406
2017-09-14 09:00:00,67.011,17.0,-50.01100158691406
2017-09-14 12:00:00,41.932934,21.0,-20.932933807373047
2017-09-14 15:00:00,58.152523,19.0,-39.152523040771484
2017-09-14 21:00:00,82.28363,33.0,-49.28363037109375
2017-09-15 00:00:00,66.26101,37.0,-29.261009216308594
2017-09-15 03:00:00,79.75211,40.0,-39.752113342285156
2017-09-15 06:00:00,74.3172,74.0,-0.31719970703125
2017-09-15 09:00:00,48.585888,39.0,-9.585887908935547
2017-09-15 12:00:00,50.0645,34.0,-16.064498901367188
2017-09-15 15:00:00,62.00696,34.0,-28.006961822509766
2017-09-15 18:00:00,106.35813,29.0,-77.3581314086914
2017-09-15 21:00:00,121.72177,50.0,-71.72177124023438
2017-09-16 00:00:00,123.56861,40.0,-83.56861114501953
2017-09-16 06:00:00,123.90069,40.0,-83.90068817138672
2017-09-16 09:00:00,90.55679,45.0,-45.556793212890625
2017-09-16 15:00:00,77.00101,54.0,-23.001007080078125
2017-09-17 00:00:00,95.49501,70.0,-25.495010375976562
2017-09-17 03:00:00,107.045364,68.0,-39.04536437988281
2017-09-17 06:00:00,94.2573,63.0,-31.257301330566406
2017-09-17 09:00:00,56.131626,67.0,10.86837387084961
2017-09-17 21:00:00,83.95614,38.0,-45.956138610839844
2017-09-18 00:00:00,87.734634,46.0,-41.73463439941406
2017-09-18 03:00:00,98.925735,62.0,-36.92573547363281
2017-09-18 06:00:00,102.08294,64.0,-38.08293914794922
2017-09-18 15:00:00,69.36375,50.0,-19.363746643066406
2017-09-19 00:00:00,79.1199,57.0,-22.119903564453125
2017-09-19 03:00:00,83.528336,67.0,-16.528335571289062
2017-09-19 18:00:00,71.471504,75.0,3.5284957885742188
2017-09-19 21:00:00,73.033104,89.0,15.966896057128906
2017-09-20 03:00:00,99.42266,51.0,-48.42266082763672
2017-09-20 06:00:00,82.491394,49.0,-33.49139404296875
2017-09-20 09:00:00,62.00787,57.0,-5.007869720458984
2017-09-20 12:00:00,46.005424,60.0,13.994575500488281
2017-09-20 21:00:00,139.92416,76.0,-63.924163818359375
2017-09-21 03:00:00,86.12119,66.0,-20.121192932128906
2017-09-21 06:00:00,65.90324,48.0,-17.903236389160156
2017-09-21 12:00:00,45.947445,77.0,31.052555084228516
2017-09-21 15:00:00,73.81868,69.0,-4.8186798095703125
2017-09-21 18:00:00,95.7009,56.0,-39.700897216796875
2017-09-21 21:00:00,111.01088,62.0,-49.01087951660156
2017-09-22 03:00:00,175.1029,54.0,-121.1029052734375
2017-09-22 06:00:00,98.9848,63.0,-35.98480224609375
2017-09-22 12:00:00,52.730457,80.0,27.269542694091797
2017-09-22 15:00:00,73.40555,47.0,-26.405548095703125
2017-09-22 18:00:00,108.95496,47.0,-61.95496368408203
2017-09-22 21:00:00,134.39786,41.0,-93.39785766601562
2017-09-23 00:00:00,112.121826,46.0,-66.121826171875
2017-09-23 03:00:00,98.638565,48.0,-50.63856506347656
2017-09-23 06:00:00,92.28711,41.0,-51.287109375
2017-09-23 09:00:00,73.675896,41.0,-32.67589569091797
2017-09-23 12:00:00,46.589207,34.0,-12.58920669555664
2017-09-23 15:00:00,62.704773,55.0,-7.70477294921875
2017-09-23 18:00:00,91.24335,38.0,-53.24334716796875
2017-09-23 21:00:00,89.06727,64.0,-25.06726837158203
2017-09-24 00:00:00,97.7318,49.0,-48.73179626464844
2017-09-24 03:00:00,108.33582,64.0,-44.33582305908203
2017-09-24 06:00:00,97.423935,61.0,-36.42393493652344
2017-09-24 09:00:00,64.36017,52.0,-12.36016845703125
2017-09-24 12:00:00,45.045,61.0,15.955001831054688
2017-09-24 15:00:00,64.61829,57.0,-7.618293762207031
2017-09-24 18:00:00,94.65191,36.0,-58.65190887451172
2017-09-24 21:00:00,104.84576,36.0,-68.84575653076172
2017-09-25 03:00:00,139.29639,41.0,-98.29638671875
2017-09-25 06:00:00,112.50632,38.0,-74.50631713867188
2017-09-25 09:00:00,69.398766,41.0,-28.398765563964844
2017-09-25 12:00:00,48.900574,34.0,-14.90057373046875
2017-09-25 15:00:00,69.20311,27.0,-42.20310974121094
2017-09-25 18:00:00,98.37345,40.0,-58.373451232910156
2017-09-25 21:00:00,90.114784,34.0,-56.114784240722656
2017-09-26 03:00:00,91.40848,36.0,-55.408477783203125
2017-09-26 06:00:00,83.93744,49.0,-34.93743896484375
2017-09-26 09:00:00,65.494705,53.0,-12.494705200195312
2017-09-26 12:00:00,57.342846,29.0,-28.342845916748047
2017-09-26 15:00:00,80.1316,32.0,-48.13159942626953
2017-09-26 18:00:00,119.99805,39.0,-80.998046875
2017-09-26 21:00:00,102.15308,68.0,-34.15308380126953
2017-09-27 00:00:00,91.85226,39.0,-52.852256774902344
2017-09-27 03:00:00,95.93077,41.0,-54.93077087402344
2017-09-27 06:00:00,88.412834,63.0,-25.41283416748047
2017-09-27 09:00:00,56.811928,48.0,-8.811927795410156
2017-09-27 12:00:00,56.079758,30.0,-26.079757690429688
2017-09-27 15:00:00,86.30656,45.0,-41.306556701660156
2017-09-27 18:00:00,134.32947,35.0,-99.3294677734375
2017-09-27 21:00:00,124.75471,30.0,-94.75470733642578
2017-09-28 03:00:00,99.340126,53.0,-46.340126037597656
2017-09-28 06:00:00,90.6316,59.0,-31.63159942626953
2017-09-28 09:00:00,70.13548,52.0,-18.135482788085938
2017-09-28 12:00:00,51.226322,38.0,-13.226322174072266
2017-09-28 15:00:00,68.81254,39.0,-29.812538146972656
2017-09-28 18:00:00,82.093666,34.0,-48.093666076660156
2017-09-28 21:00:00,68.13002,20.0,-48.13002014160156
2017-09-29 06:00:00,71.19633,18.0,-53.196327209472656
2017-09-29 09:00:00,55.751797,21.0,-34.75179672241211
2017-09-29 12:00:00,57.7256,24.0,-33.72560119628906
2017-09-29 15:00:00,75.431046,20.0,-55.43104553222656
2017-09-29 21:00:00,104.58052,29.0,-75.58052062988281
2017-09-30 03:00:00,107.6778,42.0,-65.67780303955078
2017-09-30 06:00:00,93.778564,50.0,-43.778564453125
2017-09-30 09:00:00,58.719593,34.0,-24.719593048095703
2017-09-30 12:00:00,45.721664,48.0,2.2783355712890625
2017-10-01 09:00:00,50.837116,85.0,34.16288375854492
2017-10-01 12:00:00,52.500355,50.0,-2.500354766845703
2017-10-01 15:00:00,78.115814,69.0,-9.115814208984375
2017-10-01 18:00:00,121.640144,66.0,-55.64014434814453
2017-10-01 21:00:00,106.76149,85.0,-21.761489868164062
2017-10-02 00:00:00,73.44903,40.0,-33.44902801513672
2017-10-02 09:00:00,39.761745,27.0,-12.76174545288086
2017-10-02 15:00:00,61.044945,24.0,-37.044944763183594
2017-10-02 18:00:00,68.15901,18.0,-50.15901184082031
2017-10-02 21:00:00,60.666023,25.0,-35.66602325439453
2017-10-03 00:00:00,54.038994,16.0,-38.03899383544922
2017-10-03 06:00:00,59.97708,24.0,-35.977081298828125
2017-10-03 09:00:00,44.93495,44.0,-0.9349517822265625
2017-10-03 12:00:00,38.91989,32.0,-6.919891357421875
2017-10-03 15:00:00,51.983192,17.0,-34.983192443847656
2017-10-03 18:00:00,75.71884,18.0,-57.718841552734375
2017-10-03 21:00:00,90.7994,19.0,-71.79940032958984
2017-10-04 00:00:00,117.76228,30.0,-87.76228332519531
2017-10-04 03:00:00,129.69598,34.0,-95.69598388671875
2017-10-04 06:00:00,112.24426,53.0,-59.2442626953125
2017-10-04 09:00:00,53.610165,38.0,-15.610164642333984
2017-10-04 12:00:00,64.532745,16.0,-48.532745361328125
2017-10-04 15:00:00,85.41383,13.0,-72.41383361816406
2017-10-05 21:00:00,80.09562,19.0,-61.095619201660156
2017-10-06 00:00:00,84.62314,17.0,-67.62313842773438
2017-10-06 03:00:00,84.175896,20.0,-64.17589569091797
2017-10-06 06:00:00,66.34181,24.0,-42.34181213378906
2017-10-06 12:00:00,62.132698,25.0,-37.13269805908203
2017-10-06 15:00:00,74.62495,22.0,-52.62494659423828
2017-10-06 21:00:00,119.172226,28.0,-91.17222595214844
2017-10-07 00:00:00,119.9478,25.0,-94.94779968261719
2017-10-07 03:00:00,140.27046,38.0,-102.27046203613281
2017-10-07 09:00:00,64.85965,27.0,-37.859649658203125
2017-10-07 12:00:00,72.544136,28.0,-44.54413604736328
2017-10-07 15:00:00,96.48113,62.0,-34.48113250732422
2017-10-08 03:00:00,153.33115,61.0,-92.33114624023438
2017-10-08 06:00:00,136.99492,53.0,-83.99491882324219
2017-10-08 09:00:00,95.3919,63.0,-32.39189910888672
2017-10-08 12:00:00,65.87442,52.0,-13.874420166015625
2017-10-08 15:00:00,91.20066,53.0,-38.200660705566406
2017-10-08 18:00:00,147.17375,54.0,-93.17375183105469
2017-10-08 21:00:00,149.3935,69.0,-80.39349365234375
2017-10-09 00:00:00,92.376465,41.0,-51.37646484375
2017-10-09 03:00:00,84.92725,34.0,-50.92725372314453
2017-10-09 06:00:00,78.22951,90.0,11.770492553710938
2017-10-09 09:00:00,50.7805,32.0,-18.780498504638672
2017-10-09 12:00:00,28.691034,29.0,0.30896568298339844
2017-10-09 15:00:00,60.036655,32.0,-28.03665542602539
2017-10-09 18:00:00,97.01012,28.0,-69.01011657714844
2017-10-09 21:00:00,101.88421,38.0,-63.88420867919922
2017-10-10 00:00:00,85.950775,27.0,-58.950775146484375
2017-10-10 03:00:00,105.68942,54.0,-51.689422607421875
2017-10-10 06:00:00,82.910904,52.0,-30.910903930664062
2017-10-10 09:00:00,48.149788,47.0,-1.1497879028320312
2017-10-10 12:00:00,51.484676,48.0,-3.4846763610839844
2017-10-10 15:00:00,73.82118,39.0,-34.82118225097656
2017-10-10 18:00:00,94.23229,30.0,-64.23229217529297
2017-10-10 21:00:00,113.01313,42.0,-71.01313018798828
2017-10-11 00:00:00,134.86363,35.0,-99.86363220214844
2017-10-11 03:00:00,113.72856,45.0,-68.72856140136719
2017-10-11 06:00:00,82.03733,39.0,-43.037330627441406
2017-10-11 09:00:00,46.666172,28.0,-18.66617202758789
2017-10-11 15:00:00,78.01657,24.0,-54.016571044921875
2017-10-11 21:00:00,70.5063,22.0,-48.50630187988281
2017-10-12 12:00:00,47.08528,19.0,-28.085281372070312
2017-10-12 15:00:00,58.327316,14.0,-44.32731628417969
2017-10-12 18:00:00,73.70875,19.0,-54.70874786376953
2017-10-12 21:00:00,70.778015,12.0,-58.77801513671875
2017-10-13 00:00:00,65.43883,25.0,-40.43882751464844
2017-10-13 06:00:00,59.47834,23.0,-36.47834014892578
2017-10-13 09:00:00,32.997036,26.0,-6.997035980224609
2017-10-13 15:00:00,73.69692,19.0,-54.696922302246094
2017-10-13 18:00:00,115.21348,20.0,-95.2134780883789
2017-10-14 00:00:00,121.038284,73.0,-48.03828430175781
2017-10-14 03:00:00,113.30906,72.0,-41.309059143066406
2017-10-14 06:00:00,94.15578,41.0,-53.15577697753906
2017-10-14 09:00:00,55.040913,29.0,-26.040912628173828
2017-10-14 12:00:00,55.13121,22.0,-33.13121032714844
2017-10-14 15:00:00,81.51469,24.0,-57.514686584472656
2017-10-14 18:00:00,121.43619,24.0,-97.43618774414062
2017-10-14 21:00:00,128.55026,35.0,-93.55026245117188
2017-10-15 06:00:00,90.72482,53.0,-37.724822998046875
2017-10-15 09:00:00,54.990097,29.0,-25.990097045898438
2017-10-15 12:00:00,61.783737,54.0,-7.7837371826171875
2017-10-15 15:00:00,83.941925,31.0,-52.941925048828125
2017-10-15 21:00:00,115.84382,54.0,-61.84381866455078
2017-10-16 00:00:00,120.77657,39.0,-81.77657318115234
2017-10-16 03:00:00,120.9728,40.0,-80.9728012084961
2017-10-16 06:00:00,106.95669,47.0,-59.956687927246094
2017-10-16 09:00:00,59.822014,55.0,-4.822013854980469
2017-10-16 12:00:00,34.688583,49.0,14.311416625976562
2017-10-16 15:00:00,57.761326,52.0,-5.761325836181641
2017-10-17 00:00:00,132.85399,41.0,-91.85398864746094
2017-10-17 03:00:00,111.26576,27.0,-84.26576232910156
2017-10-17 06:00:00,84.32926,30.0,-54.329261779785156
2017-10-17 09:00:00,46.041576,47.0,0.9584236145019531
2017-10-17 12:00:00,37.601467,34.0,-3.6014671325683594
2017-10-17 15:00:00,68.81851,24.0,-44.818511962890625
2017-10-17 18:00:00,106.74785,16.0,-90.74784851074219
2017-10-17 21:00:00,88.851265,21.0,-67.85126495361328
2017-10-18 00:00:00,60.37817,32.0,-28.378170013427734
2017-10-18 03:00:00,47.933098,16.0,-31.93309783935547
2017-10-18 06:00:00,36.953453,21.0,-15.953453063964844
2017-10-18 09:00:00,31.983519,35.0,3.016481399536133
2017-10-18 12:00:00,29.441593,29.0,-0.4415931701660156
2017-10-18 15:00:00,64.22283,12.0,-52.22283172607422
2017-10-18 18:00:00,85.6644,20.0,-65.66439819335938
2017-10-18 21:00:00,60.95479,34.0,-26.954788208007812
2017-10-19 00:00:00,55.4046,27.0,-28.404598236083984
2017-10-19 03:00:00,59.746983,30.0,-29.74698257446289
2017-10-19 06:00:00,53.98374,35.0,-18.983741760253906
2017-10-19 09:00:00,45.390663,37.0,-8.390663146972656
2017-10-19 12:00:00,39.75458,30.0,-9.754581451416016
2017-10-19 15:00:00,71.85053,32.0,-39.85053253173828
2017-10-19 18:00:00,92.60998,34.0,-58.60997772216797
2017-10-19 21:00:00,79.09602,31.0,-48.09602355957031
2017-10-20 00:00:00,73.07654,18.0,-55.0765380859375
2017-10-20 03:00:00,73.631096,20.0,-53.63109588623047
2017-10-20 06:00:00,62.092854,24.0,-38.09285354614258
2017-10-20 12:00:00,39.42637,22.0,-17.426368713378906
2017-10-20 15:00:00,76.67677,26.0,-50.67677307128906
2017-10-20 18:00:00,122.48193,26.0,-96.48193359375
2017-10-20 21:00:00,130.95677,44.0,-86.95677185058594
2017-10-21 00:00:00,108.74374,45.0,-63.743736267089844
2017-10-21 03:00:00,102.10192,21.0,-81.10192108154297
2017-10-21 06:00:00,80.164,27.0,-53.16400146484375
2017-10-21 09:00:00,45.575233,21.0,-24.575233459472656
2017-10-21 12:00:00,41.2889,20.0,-21.288898468017578
2017-10-21 15:00:00,73.9509,24.0,-49.950897216796875
2017-10-21 18:00:00,106.83948,24.0,-82.8394775390625
2017-10-21 21:00:00,125.0537,26.0,-99.05370330810547
2017-10-22 00:00:00,103.97253,72.0,-31.97252655029297
2017-10-22 03:00:00,83.76219,38.0,-45.76219177246094
2017-10-22 06:00:00,66.518,28.0,-38.51799774169922
2017-10-22 09:00:00,38.568203,30.0,-8.56820297241211
2017-10-22 12:00:00,44.67779,35.0,-9.677791595458984
2017-10-22 15:00:00,77.487755,29.0,-48.487754821777344
2017-10-22 18:00:00,116.421234,31.0,-85.42123413085938
2017-10-22 21:00:00,116.28572,61.0,-55.28572082519531
2017-10-23 00:00:00,98.38141,65.0,-33.38140869140625
2017-10-23 03:00:00,104.52823,43.0,-61.528228759765625
2017-10-23 06:00:00,98.44371,94.0,-4.4437103271484375
2017-10-23 09:00:00,58.134846,28.0,-30.134845733642578
2017-10-23 12:00:00,51.747177,23.0,-28.747177124023438
2017-10-23 15:00:00,82.43262,31.0,-51.4326171875
2017-10-23 18:00:00,116.891785,41.0,-75.89178466796875
2017-10-23 21:00:00,124.42149,52.0,-72.42149353027344
2017-10-24 03:00:00,108.03683,37.0,-71.03682708740234
2017-10-24 06:00:00,78.11957,35.0,-43.11956787109375
2017-10-24 12:00:00,52.58073,38.0,-14.580730438232422
2017-10-24 18:00:00,70.70753,37.0,-33.70752716064453
2017-10-24 21:00:00,61.951824,32.0,-29.951824188232422
2017-10-25 00:00:00,64.179405,29.0,-35.179405212402344
2017-10-25 03:00:00,82.94728,33.0,-49.94728088378906
2017-10-25 09:00:00,113.93263,37.0,-76.93263244628906
2017-10-25 12:00:00,114.97866,48.0,-66.9786605834961
2017-10-25 15:00:00,122.56726,47.0,-75.5672607421875
2017-10-25 18:00:00,122.55532,52.0,-70.5553207397461
2017-10-25 21:00:00,126.00321,55.0,-71.00321197509766
2017-10-26 00:00:00,113.273926,60.0,-53.27392578125
2017-10-26 03:00:00,119.55672,47.0,-72.55671691894531
2017-10-26 06:00:00,121.22416,56.0,-65.22415924072266
2017-10-26 09:00:00,97.298195,61.0,-36.298194885253906
2017-10-26 12:00:00,78.81067,47.0,-31.8106689453125
2017-10-26 15:00:00,117.16111,60.0,-57.161109924316406
2017-10-26 18:00:00,152.48714,61.0,-91.48713684082031
2017-10-26 21:00:00,159.20477,82.0,-77.20477294921875
2017-10-27 00:00:00,168.92636,72.0,-96.92636108398438
2017-10-27 03:00:00,163.48076,65.0,-98.48075866699219
2017-10-27 06:00:00,137.17534,59.0,-78.17533874511719
2017-10-27 09:00:00,83.94136,67.0,-16.941360473632812
2017-10-27 12:00:00,82.22355,69.0,-13.223548889160156
2017-10-27 15:00:00,117.898705,80.0,-37.898704528808594
2017-10-27 18:00:00,139.64928,63.0,-76.64927673339844
2017-10-27 21:00:00,135.68161,70.0,-65.68161010742188
2017-10-28 00:00:00,104.42773,69.0,-35.42772674560547
2017-10-28 03:00:00,107.75284,63.0,-44.752838134765625
2017-10-28 06:00:00,97.68018,44.0,-53.68018341064453
2017-10-28 12:00:00,51.912025,44.0,-7.912025451660156
2017-10-28 18:00:00,65.721794,36.0,-29.72179412841797
2017-10-28 21:00:00,65.52989,36.0,-29.529891967773438
2017-10-29 00:00:00,52.047653,53.0,0.9523468017578125
2017-10-29 03:00:00,55.261467,45.0,-10.261466979980469
2017-10-29 06:00:00,65.616066,46.0,-19.616065979003906
2017-10-29 09:00:00,69.57896,35.0,-34.578956604003906
2017-10-29 12:00:00,80.92775,32.0,-48.92774963378906
2017-10-29 15:00:00,91.876015,33.0,-58.876014709472656
2017-10-29 18:00:00,77.2809,44.0,-33.28089904785156
2017-10-29 21:00:00,68.2312,42.0,-26.231201171875
2017-10-30 00:00:00,57.066246,36.0,-21.066246032714844
2017-10-30 03:00:00,58.518707,23.0,-35.518707275390625
2017-10-30 06:00:00,64.664276,30.0,-34.664276123046875
2017-10-30 09:00:00,78.18607,33.0,-45.186073303222656
2017-10-30 12:00:00,63.969536,23.0,-40.96953582763672
2017-10-30 15:00:00,106.40292,22.0,-84.40292358398438
2017-10-30 18:00:00,100.031456,19.0,-81.03145599365234
2017-10-30 21:00:00,105.02208,40.0,-65.02207946777344
2017-10-31 00:00:00,152.06479,557.0,404.9352111816406
2017-10-31 03:00:00,166.41115,889.0,722.5888519287109
2017-10-31 06:00:00,152.17654,849.0,696.8234558105469
2017-10-31 09:00:00,129.07446,666.0,536.925537109375
2017-10-31 12:00:00,120.08411,354.0,233.9158935546875
2017-10-31 15:00:00,119.99873,316.0,196.0012664794922
2017-10-31 21:00:00,106.665085,284.0,177.3349151611328
2017-11-01 00:00:00,141.58104,183.0,41.41896057128906
2017-11-01 09:00:00,96.75779,109.0,12.242210388183594
2017-11-01 12:00:00,60.895958,54.0,-6.895957946777344
2017-11-01 15:00:00,82.004875,62.0,-20.00487518310547
2017-11-01 18:00:00,113.97878,73.0,-40.978782653808594
2017-11-01 21:00:00,125.1151,58.0,-67.11509704589844
2017-11-02 00:00:00,119.76636,79.0,-40.766357421875
2017-11-02 03:00:00,131.05774,82.0,-49.0577392578125
2017-11-02 06:00:00,118.966,98.0,-20.96600341796875
2017-11-02 09:00:00,100.37283,54.0,-46.372833251953125
2017-11-02 12:00:00,90.61347,55.0,-35.61347198486328
2017-11-02 15:00:00,111.460335,44.0,-67.46033477783203
2017-11-02 21:00:00,96.86301,37.0,-59.863006591796875
2017-11-03 00:00:00,76.4685,91.0,14.531501770019531
2017-11-03 03:00:00,98.48373,77.0,-21.483726501464844
2017-11-03 06:00:00,122.62319,79.0,-43.623191833496094
2017-11-03 09:00:00,124.5491,78.0,-46.549102783203125
2017-11-03 12:00:00,66.56597,75.0,8.434028625488281
2017-11-03 18:00:00,107.8713,80.0,-27.871299743652344
2017-11-03 21:00:00,104.90885,69.0,-35.908851623535156
2017-11-04 00:00:00,98.08355,51.0,-47.08354949951172
2017-11-04 03:00:00,106.479095,72.0,-34.479095458984375
2017-11-04 06:00:00,102.779724,45.0,-57.77972412109375
2017-11-04 12:00:00,56.651287,46.0,-10.651287078857422
2017-11-04 15:00:00,72.59143,39.0,-33.5914306640625
2017-11-04 18:00:00,63.167137,33.0,-30.167137145996094
2017-11-04 21:00:00,64.246254,27.0,-37.246253967285156
2017-11-05 00:00:00,42.911777,35.0,-7.911777496337891
2017-11-05 03:00:00,67.28328,36.0,-31.283279418945312
2017-11-05 06:00:00,88.344055,33.0,-55.34405517578125
2017-11-05 09:00:00,90.996765,22.0,-68.99676513671875
2017-11-05 12:00:00,82.72184,36.0,-46.721839904785156
2017-11-05 15:00:00,101.03076,27.0,-74.03076171875
2017-11-05 18:00:00,107.743065,28.0,-79.7430648803711
2017-11-05 21:00:00,117.37359,28.0,-89.37358856201172
2017-11-06 00:00:00,74.32834,39.0,-35.328338623046875
2017-11-06 03:00:00,85.1694,40.0,-45.169403076171875
2017-11-06 06:00:00,77.25862,35.0,-42.25862121582031
2017-11-06 09:00:00,54.67109,49.0,-5.671089172363281
2017-11-06 15:00:00,64.90586,45.0,-19.905860900878906
2017-11-06 18:00:00,77.28613,43.0,-34.2861328125
2017-11-06 21:00:00,85.50523,39.0,-46.50523376464844
2017-11-07 00:00:00,80.74312,38.0,-42.74311828613281
2017-11-07 03:00:00,100.58284,59.0,-41.58283996582031
2017-11-07 06:00:00,70.03371,70.0,-0.0337066650390625
2017-11-07 09:00:00,36.75166,44.0,7.248340606689453
2017-11-07 12:00:00,38.42649,44.0,5.573509216308594
2017-11-07 15:00:00,61.166817,60.0,-1.1668167114257812
2017-11-07 18:00:00,106.896774,60.0,-46.89677429199219
2017-11-07 21:00:00,123.71629,68.0,-55.71629333496094
2017-11-08 00:00:00,133.02179,63.0,-70.02178955078125
2017-11-08 12:00:00,45.11094,69.0,23.889060974121094
2017-11-08 15:00:00,74.96033,62.0,-12.9603271484375
2017-11-09 00:00:00,78.7752,58.0,-20.77519989013672
2017-11-09 06:00:00,87.36822,40.0,-47.36821746826172
2017-11-09 09:00:00,56.300793,33.0,-23.300792694091797
2017-11-09 12:00:00,44.08173,39.0,-5.081729888916016
2017-11-09 15:00:00,77.99997,46.0,-31.999969482421875
2017-11-09 18:00:00,79.71403,46.0,-33.714027404785156
2017-11-10 03:00:00,71.14068,42.0,-29.14067840576172
2017-11-10 06:00:00,77.68221,48.0,-29.682212829589844
2017-11-10 09:00:00,67.676865,42.0,-25.676864624023438
2017-11-10 15:00:00,93.6061,43.0,-50.606101989746094
2017-11-10 18:00:00,128.96771,45.0,-83.96771240234375
2017-11-10 21:00:00,136.773,34.0,-102.77299499511719
2017-11-11 00:00:00,121.06693,37.0,-84.06693267822266
2017-11-11 03:00:00,98.600365,45.0,-53.600364685058594
2017-11-11 06:00:00,69.27917,23.0,-46.27916717529297
2017-11-11 09:00:00,47.193226,26.0,-21.193225860595703
2017-11-11 12:00:00,49.829624,26.0,-23.82962417602539
2017-11-11 18:00:00,93.46945,22.0,-71.46945190429688
2017-11-11 21:00:00,81.69536,37.0,-44.69535827636719
2017-11-12 00:00:00,48.645916,27.0,-21.645915985107422
2017-11-12 03:00:00,55.41483,34.0,-21.41482925415039
2017-11-12 09:00:00,36.505356,30.0,-6.5053558349609375
2017-11-12 12:00:00,44.908234,33.0,-11.908233642578125
2017-11-12 15:00:00,60.597813,30.0,-30.59781265258789
2017-11-12 18:00:00,67.01293,33.0,-34.01293182373047
2017-11-12 21:00:00,65.03842,27.0,-38.038421630859375
2017-11-13 00:00:00,80.331116,31.0,-49.33111572265625
2017-11-13 03:00:00,86.24966,31.0,-55.249656677246094
2017-11-13 15:00:00,84.73455,21.0,-63.73455047607422
2017-11-13 18:00:00,99.48985,26.0,-73.48985290527344
2017-11-13 21:00:00,99.25907,24.0,-75.25907135009766
2017-11-14 06:00:00,77.321144,24.0,-53.321144104003906
2017-11-14 12:00:00,58.96368,23.0,-35.963680267333984
2017-11-14 15:00:00,85.20237,12.0,-73.2023696899414
2017-11-14 18:00:00,105.142365,19.0,-86.14236450195312
2017-11-15 00:00:00,89.51929,37.0,-52.519287109375
2017-11-15 03:00:00,90.89672,40.0,-50.89672088623047
2017-11-15 06:00:00,82.92784,34.0,-48.92784118652344
2017-11-15 09:00:00,47.373703,42.0,-5.3737030029296875
2017-11-15 15:00:00,88.44285,15.0,-73.4428482055664
2017-11-15 18:00:00,128.84334,23.0,-105.84333801269531
2017-11-15 21:00:00,110.06955,43.0,-67.06954956054688
2017-11-16 00:00:00,76.78386,53.0,-23.783859252929688
2017-11-16 03:00:00,74.85198,28.0,-46.85198211669922
2017-11-16 09:00:00,44.45417,23.0,-21.45417022705078
2017-11-16 12:00:00,43.804108,35.0,-8.804107666015625
2017-11-16 15:00:00,80.2338,32.0,-48.233802795410156
2017-11-16 18:00:00,100.26088,34.0,-66.26087951660156
2017-11-16 21:00:00,94.93237,35.0,-59.932373046875
2017-11-17 00:00:00,109.99906,36.0,-73.99906158447266
2017-11-17 03:00:00,113.81712,36.0,-77.81712341308594
2017-11-17 06:00:00,111.61717,64.0,-47.61717224121094
2017-11-17 09:00:00,74.1752,36.0,-38.175201416015625
2017-11-17 12:00:00,58.859314,29.0,-29.85931396484375
2017-11-17 15:00:00,100.36706,34.0,-66.36705780029297
2017-11-17 18:00:00,151.76033,38.0,-113.76033020019531
2017-11-17 21:00:00,163.17903,53.0,-110.17903137207031
2017-11-18 00:00:00,160.52922,48.0,-112.52922058105469
2017-11-18 06:00:00,132.01395,33.0,-99.01394653320312
2017-11-18 09:00:00,53.321968,33.0,-20.32196807861328
2017-11-18 15:00:00,74.74182,41.0,-33.7418212890625
2017-11-18 18:00:00,100.143326,40.0,-60.14332580566406
2017-11-19 00:00:00,81.461624,45.0,-36.46162414550781
2017-11-19 06:00:00,75.30929,49.0,-26.309288024902344
2017-11-19 09:00:00,42.700092,29.0,-13.700092315673828
2017-11-19 12:00:00,41.315674,27.0,-14.315673828125
2017-11-19 15:00:00,61.722347,25.0,-36.722347259521484
2017-11-19 18:00:00,58.085903,26.0,-32.08590316772461
2017-11-19 21:00:00,49.613163,22.0,-27.613162994384766
2017-11-20 00:00:00,65.0191,44.0,-21.01909637451172
2017-11-20 03:00:00,66.2252,49.0,-17.225196838378906
2017-11-20 06:00:00,56.27675,51.0,-5.2767486572265625
2017-11-20 09:00:00,43.756416,46.0,2.2435836791992188
2017-11-20 12:00:00,52.778717,52.0,-0.778717041015625
2017-11-20 21:00:00,56.175167,23.0,-33.175167083740234
2017-11-21 06:00:00,101.06123,22.0,-79.06123352050781
2017-11-21 09:00:00,135.02591,20.0,-115.02590942382812
2017-11-21 12:00:00,113.1163,17.0,-96.11630249023438
2017-11-21 18:00:00,121.177666,25.0,-96.17766571044922
2017-11-21 21:00:00,143.01372,15.0,-128.0137176513672
2017-11-22 00:00:00,99.134926,19.0,-80.13492584228516
2017-11-22 06:00:00,31.90803,13.0,-18.908029556274414
2017-11-22 09:00:00,30.845512,17.0,-13.845512390136719
2017-11-22 12:00:00,54.957413,21.0,-33.95741271972656
2017-11-22 18:00:00,135.33293,64.0,-71.33293151855469
2017-11-22 21:00:00,121.485756,37.0,-84.48575592041016
2017-11-23 00:00:00,73.25798,22.0,-51.25798034667969
2017-11-23 03:00:00,64.56048,33.0,-31.56047821044922
2017-11-23 06:00:00,64.59959,15.0,-49.599586486816406
2017-11-23 09:00:00,38.44531,14.0,-24.445308685302734
2017-11-23 15:00:00,59.215893,9.0,-50.21589279174805
2017-11-23 18:00:00,87.14278,16.0,-71.14277648925781
2017-11-23 21:00:00,96.986244,16.0,-80.98624420166016
2017-11-24 00:00:00,107.46771,47.0,-60.46771240234375
2017-11-24 03:00:00,109.60776,16.0,-93.60775756835938
2017-11-24 06:00:00,92.89266,20.0,-72.89266204833984
2017-11-24 09:00:00,40.286636,11.0,-29.286636352539062
2017-11-24 12:00:00,31.887453,7.0,-24.887453079223633
2017-11-24 18:00:00,65.07162,21.0,-44.071617126464844
2017-11-24 21:00:00,68.43038,21.0,-47.430381774902344
2017-11-25 00:00:00,56.55784,20.0,-36.557838439941406
2017-11-25 03:00:00,61.229004,23.0,-38.22900390625
2017-11-25 06:00:00,42.475677,26.0,-16.475677490234375
2017-11-25 09:00:00,17.4482,16.0,-1.4482002258300781
2017-11-25 12:00:00,12.379587,12.0,-0.37958717346191406
2017-11-25 18:00:00,63.16077,14.0,-49.160770416259766
2017-11-25 21:00:00,70.54223,17.0,-53.54222869873047
2017-11-26 00:00:00,101.66196,15.0,-86.66195678710938
2017-11-26 03:00:00,103.266754,21.0,-82.26675415039062
2017-11-26 06:00:00,76.347984,22.0,-54.347984313964844
2017-11-26 09:00:00,39.620205,22.0,-17.62020492553711
2017-11-26 12:00:00,31.570494,24.0,-7.570493698120117
2017-11-26 15:00:00,39.074963,17.0,-22.074962615966797
2017-11-26 18:00:00,50.827568,15.0,-35.82756805419922
2017-11-28 03:00:00,39.89544,22.0,-17.89543914794922
2017-11-28 06:00:00,28.063368,38.0,9.93663215637207
2017-11-28 12:00:00,21.406776,12.0,-9.406776428222656
2017-11-28 18:00:00,67.43039,20.0,-47.430389404296875
2017-11-28 21:00:00,66.73622,16.0,-50.73622131347656
2017-11-29 00:00:00,60.28722,24.0,-36.2872200012207
2017-11-29 06:00:00,69.44492,29.0,-40.444923400878906
2017-11-29 09:00:00,47.850334,18.0,-29.85033416748047
2017-11-29 12:00:00,49.229015,18.0,-31.229015350341797
2017-11-29 18:00:00,112.82009,31.0,-81.8200912475586
2017-11-29 21:00:00,124.433426,46.0,-78.43342590332031
2017-11-30 00:00:00,129.23557,36.0,-93.23556518554688
2017-11-30 12:00:00,29.226612,26.0,-3.226612091064453
2017-11-30 15:00:00,68.16475,36.0,-32.16474914550781
2017-11-30 18:00:00,77.19973,23.0,-54.199729919433594
2017-11-30 21:00:00,69.293495,23.0,-46.293495178222656
2017-12-01 00:00:00,64.34766,32.0,-32.34765625
2017-12-01 03:00:00,73.655426,35.0,-38.655426025390625
2017-12-01 09:00:00,83.894295,30.0,-53.89429473876953
2017-12-01 12:00:00,69.52587,22.0,-47.52587127685547
2017-12-01 15:00:00,86.83071,9.0,-77.8307113647461
2017-12-01 18:00:00,88.09457,21.0,-67.09456634521484
2017-12-02 06:00:00,78.02214,69.0,-9.022140502929688
2017-12-02 09:00:00,63.03253,92.0,28.96746826171875
2017-12-02 12:00:00,65.679504,47.0,-18.67950439453125
2017-12-02 15:00:00,86.18121,22.0,-64.18121337890625
2017-12-02 21:00:00,93.18637,23.0,-70.18637084960938
2017-12-03 00:00:00,97.94985,20.0,-77.9498519897461
2017-12-03 03:00:00,106.97977,19.0,-87.97976684570312
2017-12-03 15:00:00,93.59104,22.0,-71.5910415649414
2017-12-03 18:00:00,98.6978,17.0,-81.69779968261719
2017-12-04 00:00:00,93.32552,23.0,-70.32552337646484
2017-12-04 03:00:00,97.60197,10.0,-87.60196685791016
2017-12-04 06:00:00,91.96674,34.0,-57.96674346923828
2017-12-04 15:00:00,82.54176,26.0,-56.54176330566406
2017-12-04 18:00:00,111.38081,28.0,-83.38081359863281
2017-12-04 21:00:00,104.85087,58.0,-46.850868225097656
2017-12-05 00:00:00,101.08488,41.0,-60.084877014160156
2017-12-05 03:00:00,112.93651,34.0,-78.93650817871094
2017-12-05 06:00:00,113.75073,37.0,-76.750732421875
2017-12-05 09:00:00,69.09454,37.0,-32.09454345703125
2017-12-05 12:00:00,45.566593,32.0,-13.566593170166016
2017-12-05 15:00:00,93.79459,39.0,-54.794593811035156
2017-12-05 18:00:00,145.88943,44.0,-101.88943481445312
2017-12-05 21:00:00,151.61299,57.0,-94.61299133300781
2017-12-06 00:00:00,162.41211,67.0,-95.412109375
2017-12-06 03:00:00,160.15474,77.0,-83.15473937988281
2017-12-06 12:00:00,60.011417,28.0,-32.011417388916016
2017-12-06 15:00:00,78.854324,24.0,-54.85432434082031
2017-12-27 00:00:00,85.119606,45.0,-40.119606018066406
2017-12-27 03:00:00,84.14918,48.0,-36.14917755126953
2017-12-27 06:00:00,81.33975,28.0,-53.339752197265625
2017-12-27 09:00:00,67.78646,34.0,-33.786460876464844
2017-12-27 12:00:00,47.626373,39.0,-8.626373291015625
2017-12-27 15:00:00,74.83186,37.0,-37.83186340332031
2017-12-27 18:00:00,88.24327,42.0,-46.24327087402344
2017-12-27 21:00:00,87.25101,23.0,-64.25100708007812
2017-12-28 00:00:00,93.64692,20.0,-73.64691925048828
2017-12-28 03:00:00,93.49856,37.0,-56.498558044433594
2017-12-28 06:00:00,89.34183,42.0,-47.341827392578125
2017-12-28 09:00:00,67.6464,37.0,-30.646400451660156
2017-12-28 15:00:00,108.15688,58.0,-50.156883239746094
2017-12-28 18:00:00,138.90497,51.0,-87.90496826171875
2017-12-28 21:00:00,114.933304,64.0,-50.93330383300781
2017-12-29 00:00:00,124.64727,38.0,-86.64727020263672
2017-12-29 03:00:00,119.06286,44.0,-75.06285858154297
2017-12-29 06:00:00,116.235695,47.0,-69.2356948852539
2017-12-29 09:00:00,81.078896,47.0,-34.078895568847656
2017-12-29 15:00:00,98.60094,43.0,-55.60093688964844
2017-12-29 18:00:00,132.18187,49.0,-83.18186950683594
2017-12-29 21:00:00,135.3983,59.0,-76.39830017089844
2017-12-30 03:00:00,122.44345,78.0,-44.443450927734375
2017-12-30 06:00:00,121.58671,79.0,-42.586708068847656
2017-12-30 09:00:00,57.422314,65.0,7.577686309814453
2017-12-30 12:00:00,58.722206,57.0,-1.7222061157226562
2017-12-30 15:00:00,109.90584,46.0,-63.90583801269531
2017-12-30 18:00:00,153.09116,48.0,-105.09115600585938
2017-12-30 21:00:00,149.70511,49.0,-100.70510864257812
2017-12-31 00:00:00,136.90079,62.0,-74.90078735351562
2017-12-31 03:00:00,157.8037,59.0,-98.80369567871094
2017-12-31 06:00:00,168.39067,70.0,-98.39067077636719
2017-12-31 09:00:00,76.8182,45.0,-31.818199157714844
2017-12-31 12:00:00,53.575603,53.0,-0.5756034851074219
2017-12-31 15:00:00,94.61115,62.0,-32.61115264892578
2017-12-31 18:00:00,108.70247,90.0,-18.702468872070312
2017-12-31 21:00:00,94.7905,80.0,-14.790496826171875
2018-01-01 00:00:00,75.045364,78.0,2.9546356201171875
2018-01-01 03:00:00,72.969215,76.0,3.0307846069335938
2018-01-01 09:00:00,56.54471,53.0,-3.544708251953125
2018-01-01 12:00:00,60.974968,44.0,-16.97496795654297
2018-01-01 15:00:00,77.35542,41.0,-36.35542297363281
2018-01-01 18:00:00,90.18083,44.0,-46.18083190917969
2018-01-02 00:00:00,119.481285,21.0,-98.48128509521484
2018-01-02 09:00:00,74.06891,36.0,-38.06890869140625
2018-01-02 12:00:00,66.59036,38.0,-28.590362548828125
2018-01-02 15:00:00,94.49445,10.0,-84.49445343017578
2018-01-02 21:00:00,127.09938,11.0,-116.09938049316406
2018-01-03 00:00:00,49.270058,12.0,-37.270057678222656
2018-01-03 09:00:00,26.960947,5.0,-21.960947036743164
2018-01-03 12:00:00,18.407263,3.0,-15.407262802124023
2018-01-03 15:00:00,46.56954,11.0,-35.56953811645508
2018-01-03 18:00:00,91.683205,11.0,-80.6832046508789
2018-01-04 00:00:00,110.68505,20.0,-90.68505096435547
2018-01-04 03:00:00,116.98376,31.0,-85.98375701904297
2018-01-04 06:00:00,116.95124,28.0,-88.95124053955078
2018-01-04 09:00:00,49.182404,29.0,-20.182403564453125
2018-01-04 21:00:00,74.40428,22.0,-52.40428161621094
2018-01-05 00:00:00,56.18898,19.0,-37.18898010253906
2018-01-05 03:00:00,53.590897,18.0,-35.59089660644531
2018-01-05 06:00:00,44.90778,19.0,-25.907779693603516
2018-01-05 09:00:00,49.373737,15.0,-34.37373733520508
2018-01-05 12:00:00,69.19606,23.0,-46.19606018066406
2018-01-05 15:00:00,121.43346,19.0,-102.43345642089844
2018-01-05 18:00:00,174.62651,38.0,-136.6265106201172
2018-01-05 21:00:00,181.68578,39.0,-142.68577575683594
2018-01-06 03:00:00,121.49223,17.0,-104.49223327636719
2018-01-06 06:00:00,106.154854,52.0,-54.15485382080078
2018-01-06 09:00:00,46.192383,21.0,-25.1923828125
2018-01-06 12:00:00,35.349045,10.0,-25.349044799804688
2018-01-06 15:00:00,80.37705,17.0,-63.377052307128906
2018-01-06 18:00:00,113.447075,55.0,-58.44707489013672
2018-01-06 21:00:00,130.16756,92.0,-38.16755676269531
2018-01-07 00:00:00,162.62828,106.0,-56.62828063964844
2018-01-07 06:00:00,133.95403,48.0,-85.95402526855469
2018-01-07 09:00:00,96.26535,17.0,-79.26535034179688
2018-01-07 12:00:00,77.73224,25.0,-52.73223876953125
2018-01-07 15:00:00,94.26691,19.0,-75.26690673828125
2018-01-07 18:00:00,113.407394,48.0,-65.40739440917969
2018-01-08 00:00:00,125.90954,29.0,-96.90953826904297
2018-01-08 03:00:00,103.70104,19.0,-84.70104217529297
2018-01-08 09:00:00,68.63246,30.0,-38.63246154785156
2018-01-08 12:00:00,57.197098,38.0,-19.197097778320312
2018-01-08 15:00:00,81.45122,26.0,-55.45121765136719
2018-01-08 18:00:00,106.04151,33.0,-73.04151153564453
2018-01-08 21:00:00,110.57295,21.0,-89.57295227050781
2018-01-09 00:00:00,92.48015,22.0,-70.48014831542969
2018-01-09 03:00:00,99.16175,21.0,-78.16175079345703
2018-01-09 06:00:00,98.637886,31.0,-67.63788604736328
2018-01-09 12:00:00,56.317562,17.0,-39.317562103271484
2018-01-09 15:00:00,76.15148,18.0,-58.15148162841797
2018-01-09 18:00:00,103.04484,19.0,-84.04483795166016
2018-01-10 00:00:00,63.03344,30.0,-33.03343963623047
2018-01-10 09:00:00,33.53489,18.0,-15.534889221191406
2018-01-10 12:00:00,28.470482,17.0,-11.470481872558594
2018-01-10 15:00:00,69.554634,16.0,-53.55463409423828
2018-01-10 18:00:00,131.22598,20.0,-111.22598266601562
2018-01-10 21:00:00,124.85043,64.0,-60.850433349609375
2018-01-11 00:00:00,129.83765,49.0,-80.837646484375
2018-01-11 03:00:00,132.9845,42.0,-90.9844970703125
2018-01-11 06:00:00,119.17427,50.0,-69.17427062988281
2018-01-11 09:00:00,46.791683,36.0,-10.791683197021484
2018-01-11 12:00:00,56.031467,25.0,-31.03146743774414
2018-01-11 15:00:00,82.683754,29.0,-53.683753967285156
2018-01-11 18:00:00,144.2495,34.0,-110.24949645996094
2018-01-11 21:00:00,150.86243,61.0,-89.8624267578125
2018-01-12 00:00:00,123.60579,59.0,-64.60578918457031
2018-01-12 03:00:00,126.635315,48.0,-78.63531494140625
2018-01-12 12:00:00,30.717274,46.0,15.282726287841797
2018-01-12 15:00:00,67.95233,52.0,-15.95233154296875
2018-01-12 18:00:00,68.593636,40.0,-28.59363555908203
2018-01-12 21:00:00,60.11055,45.0,-15.110549926757812
2018-01-13 00:00:00,59.306557,59.0,-0.30655670166015625
2018-01-13 03:00:00,86.90995,30.0,-56.909950256347656
2018-01-13 06:00:00,108.46827,25.0,-83.46826934814453
2018-01-13 09:00:00,89.01378,36.0,-53.01377868652344
2018-01-13 12:00:00,75.298035,28.0,-47.29803466796875
2018-01-13 15:00:00,102.035866,23.0,-79.0358657836914
2018-01-13 18:00:00,102.2047,22.0,-80.20469665527344
2018-01-13 21:00:00,101.31725,34.0,-67.31725311279297
2018-01-14 00:00:00,103.2895,36.0,-67.28949737548828
2018-01-14 03:00:00,113.35532,17.0,-96.3553237915039
2018-01-14 06:00:00,114.58769,37.0,-77.58769226074219
2018-01-14 09:00:00,66.08911,24.0,-42.089111328125
2018-01-14 12:00:00,22.209007,20.0,-2.2090072631835938
2018-01-14 15:00:00,52.58312,14.0,-38.5831184387207
2018-01-14 18:00:00,54.090206,20.0,-34.090206146240234
2018-01-14 21:00:00,72.34973,30.0,-42.3497314453125
2018-01-15 00:00:00,126.32586,23.0,-103.32585906982422
2018-01-15 03:00:00,132.23508,34.0,-98.23507690429688
2018-01-15 09:00:00,64.49397,42.0,-22.493972778320312
2018-01-15 12:00:00,47.573566,28.0,-19.573566436767578
2018-01-15 15:00:00,66.02636,21.0,-45.02635955810547
2018-01-15 18:00:00,81.33338,26.0,-55.33338165283203
2018-01-15 21:00:00,82.58621,28.0,-54.586212158203125
2018-01-16 00:00:00,78.88116,38.0,-40.88115692138672
2018-01-16 03:00:00,83.939766,35.0,-48.93976593017578
2018-01-16 06:00:00,84.42532,38.0,-46.425323486328125
2018-01-16 09:00:00,50.368614,31.0,-19.368614196777344
2018-01-16 12:00:00,46.26378,13.0,-33.26377868652344
2018-01-16 15:00:00,64.57873,10.0,-54.57872772216797
2018-01-16 18:00:00,80.55497,17.0,-63.554969787597656
2018-01-16 21:00:00,83.66271,12.0,-71.66271209716797
2018-01-17 00:00:00,62.02117,17.0,-45.02117156982422
2018-01-17 03:00:00,68.87171,28.0,-40.87171173095703
2018-01-17 06:00:00,71.94382,37.0,-34.943817138671875
2018-01-17 09:00:00,36.227333,29.0,-7.227333068847656
2018-01-17 12:00:00,48.21459,20.0,-28.214588165283203
2018-01-17 18:00:00,121.529755,14.0,-107.52975463867188
2018-01-17 21:00:00,127.97289,24.0,-103.97289276123047
2018-01-18 00:00:00,128.06482,37.0,-91.0648193359375
2018-01-18 03:00:00,145.16252,37.0,-108.16252136230469
2018-01-18 06:00:00,148.55573,59.0,-89.55572509765625
2018-01-18 09:00:00,44.52664,28.0,-16.526641845703125
2018-01-18 12:00:00,26.13865,21.0,-5.138650894165039
2018-01-18 15:00:00,39.26948,16.0,-23.269481658935547
2018-01-18 18:00:00,49.66796,21.0,-28.66796112060547
2018-01-18 21:00:00,41.273666,22.0,-19.273666381835938
2018-01-19 00:00:00,43.834007,17.0,-26.834007263183594
2018-01-19 06:00:00,47.398315,42.0,-5.3983154296875
2018-01-19 09:00:00,99.575005,39.0,-60.57500457763672
2018-01-19 12:00:00,125.86952,44.0,-81.86952209472656
2018-01-19 15:00:00,151.1562,32.0,-119.15620422363281
2018-01-19 21:00:00,315.4389,516.0,200.56109619140625
2018-01-20 09:00:00,181.79759,110.0,-71.79759216308594
2018-01-20 12:00:00,125.452065,69.0,-56.452064514160156
2018-01-20 15:00:00,118.73078,108.0,-10.730781555175781
2018-01-20 18:00:00,125.0313,33.0,-92.03130340576172
2018-01-20 21:00:00,124.75675,28.0,-96.75675201416016
2018-01-21 00:00:00,132.8026,166.0,33.19740295410156
2018-01-21 03:00:00,122.70948,190.0,67.29051971435547
2018-01-21 06:00:00,110.350815,195.0,84.64918518066406
2018-01-21 09:00:00,92.9889,108.0,15.011100769042969
2018-01-21 12:00:00,88.850586,97.0,8.1494140625
2018-01-21 15:00:00,101.9697,158.0,56.030296325683594
2018-01-22 00:00:00,181.5165,183.0,1.4835052490234375
2018-01-22 03:00:00,172.45975,167.0,-5.459747314453125
2018-01-22 06:00:00,164.92674,173.0,8.073257446289062
2018-01-22 09:00:00,121.49872,156.0,34.50128173828125
2018-01-22 12:00:00,151.03313,124.0,-27.033126831054688
2018-01-22 15:00:00,168.59003,173.0,4.40997314453125
2018-01-22 18:00:00,176.71425,140.0,-36.71424865722656
2018-01-22 21:00:00,165.66469,132.0,-33.66468811035156
2018-01-23 03:00:00,161.08527,131.0,-30.08526611328125
2018-01-23 06:00:00,155.81622,112.0,-43.81622314453125
2018-01-23 09:00:00,132.09035,144.0,11.909652709960938
2018-01-23 12:00:00,128.87506,95.0,-33.87506103515625
2018-01-23 15:00:00,144.40543,99.0,-45.405426025390625
2018-01-23 18:00:00,142.13129,74.0,-68.13128662109375
2018-01-24 03:00:00,187.2371,90.0,-97.23710632324219
2018-01-24 06:00:00,200.69809,69.0,-131.69808959960938
2018-01-24 09:00:00,177.6086,75.0,-102.60859680175781
2018-01-24 12:00:00,150.49667,87.0,-63.496673583984375
2018-01-24 15:00:00,162.59042,91.0,-71.59042358398438
2018-01-24 18:00:00,179.03438,80.0,-99.03437805175781
2018-01-24 21:00:00,183.34209,70.0,-113.34208679199219
2018-01-25 00:00:00,171.91405,86.0,-85.91404724121094
2018-01-25 03:00:00,152.39311,89.0,-63.39311218261719
2018-01-25 06:00:00,141.61276,33.0,-108.61276245117188
2018-01-25 12:00:00,125.34975,53.0,-72.34974670410156
2018-01-25 15:00:00,131.27089,53.0,-78.27088928222656
2018-01-25 21:00:00,145.37613,46.0,-99.37612915039062
2018-01-26 00:00:00,155.41776,56.0,-99.41775512695312
2018-01-26 06:00:00,227.45906,68.0,-159.4590606689453
2018-01-26 09:00:00,181.87756,92.0,-89.8775634765625
2018-01-26 15:00:00,118.61016,41.0,-77.61016082763672
2018-01-26 18:00:00,105.08745,55.0,-50.08744812011719
2018-01-26 21:00:00,89.195854,15.0,-74.19585418701172
2018-01-27 00:00:00,65.3049,10.0,-55.304901123046875
2018-01-27 03:00:00,51.072903,27.0,-24.07290267944336
2018-01-27 06:00:00,46.648323,34.0,-12.648323059082031
2018-01-27 09:00:00,41.852276,45.0,3.147724151611328
2018-01-27 12:00:00,46.57943,43.0,-3.5794296264648438
2018-01-27 15:00:00,79.12394,27.0,-52.123939514160156
2018-01-27 18:00:00,92.1828,19.0,-73.18280029296875
2018-01-27 21:00:00,85.922806,36.0,-49.92280578613281
2018-01-28 00:00:00,42.281956,10.0,-32.28195571899414
2018-01-28 03:00:00,49.0229,10.0,-39.02289962768555
2018-01-28 06:00:00,45.34229,13.0,-32.342288970947266
2018-01-28 09:00:00,23.833082,6.0,-17.83308219909668
2018-01-28 12:00:00,17.157959,5.0,-12.157958984375
2018-01-28 15:00:00,33.26113,5.0,-28.261131286621094
2018-01-28 18:00:00,60.580647,10.0,-50.58064651489258
2018-01-28 21:00:00,77.08195,4.0,-73.08194732666016
2018-01-29 06:00:00,74.17179,14.0,-60.171791076660156
2018-01-29 09:00:00,25.850512,17.0,-8.85051155090332
2018-01-29 12:00:00,25.049757,8.0,-17.04975700378418
2018-01-29 15:00:00,44.587635,7.0,-37.5876350402832
2018-01-29 21:00:00,74.217834,16.0,-58.21783447265625
2018-01-30 03:00:00,75.45282,26.0,-49.45281982421875
2018-01-30 06:00:00,64.99045,43.0,-21.990447998046875
2018-01-30 09:00:00,20.500635,17.0,-3.5006351470947266
2018-01-30 15:00:00,41.77008,7.0,-34.77008056640625
2018-01-30 18:00:00,84.377914,14.0,-70.37791442871094
2018-01-30 21:00:00,94.78248,12.0,-82.78247833251953
2018-01-31 00:00:00,67.80351,31.0,-36.80351257324219
2018-01-31 09:00:00,11.042857,18.0,6.9571428298950195
2018-01-31 12:00:00,19.320055,14.0,-5.32005500793457
2018-01-31 15:00:00,38.12045,20.0,-18.12044906616211
2018-01-31 21:00:00,100.51622,22.0,-78.51622009277344
2018-02-01 00:00:00,93.12248,22.0,-71.12248229980469
2018-02-01 03:00:00,95.26479,61.0,-34.264793395996094
2018-02-01 06:00:00,83.957504,74.0,-9.957504272460938
2018-02-01 12:00:00,24.05784,20.0,-4.057840347290039
2018-02-01 15:00:00,37.08385,15.0,-22.083850860595703
2018-02-01 18:00:00,62.31005,22.0,-40.31005096435547
2018-02-02 00:00:00,35.79737,26.0,-9.797370910644531
2018-02-02 03:00:00,37.57407,43.0,5.425930023193359
2018-02-02 06:00:00,33.934612,26.0,-7.934612274169922
2018-02-02 09:00:00,21.915525,17.0,-4.915525436401367
2018-02-02 12:00:00,29.046844,23.0,-6.046844482421875
2018-02-02 15:00:00,57.901844,24.0,-33.9018440246582
2018-02-02 18:00:00,84.847786,110.0,25.15221405029297
2018-02-03 00:00:00,76.72531,18.0,-58.725311279296875
2018-02-03 03:00:00,73.233536,13.0,-60.23353576660156
2018-02-03 06:00:00,65.3946,15.0,-50.39459991455078
2018-02-03 09:00:00,41.796738,23.0,-18.796737670898438
2018-02-03 12:00:00,42.54818,50.0,7.451820373535156
2018-02-03 15:00:00,62.11343,17.0,-45.11343002319336
2018-02-03 21:00:00,87.842636,14.0,-73.84263610839844
2018-02-04 00:00:00,55.207237,42.0,-13.207237243652344
2018-02-04 03:00:00,55.61685,42.0,-13.616851806640625
2018-02-04 06:00:00,44.289608,35.0,-9.289608001708984
2018-02-04 09:00:00,14.662589,31.0,16.337410926818848
2018-02-04 12:00:00,21.553177,8.0,-13.553176879882812
2018-02-04 15:00:00,48.379208,23.0,-25.379207611083984
2018-02-04 21:00:00,96.63893,37.0,-59.63893127441406
2018-02-05 00:00:00,87.142555,40.0,-47.142555236816406
2018-02-05 03:00:00,90.489944,48.0,-42.48994445800781
2018-02-05 06:00:00,86.60811,62.0,-24.608108520507812
2018-02-05 09:00:00,36.860344,36.0,-0.8603439331054688
2018-02-05 18:00:00,130.34589,55.0,-75.34588623046875
2018-02-05 21:00:00,152.08594,47.0,-105.0859375
2018-02-06 03:00:00,140.44894,48.0,-92.44894409179688
2018-02-06 06:00:00,96.61312,40.0,-56.613121032714844
2018-02-06 09:00:00,32.535526,43.0,10.464473724365234
2018-02-06 15:00:00,73.58858,68.0,-5.5885772705078125
2018-02-06 21:00:00,96.74125,57.0,-39.741249084472656
2018-02-07 00:00:00,104.26254,52.0,-52.262542724609375
2018-02-07 03:00:00,113.42081,47.0,-66.42080688476562
2018-02-07 06:00:00,110.3466,67.0,-43.34660339355469
2018-02-07 09:00:00,56.475754,80.0,23.524246215820312
2018-02-07 12:00:00,36.665257,92.0,55.33474349975586
2018-02-07 15:00:00,63.159576,69.0,5.840423583984375
2018-02-07 21:00:00,120.49736,66.0,-54.49736022949219
2018-02-08 00:00:00,77.67471,83.0,5.325286865234375
2018-02-08 03:00:00,70.10567,54.0,-16.105667114257812
2018-02-08 06:00:00,66.19701,60.0,-6.1970062255859375
2018-02-08 09:00:00,37.077145,45.0,7.922855377197266
2018-02-08 12:00:00,43.74897,31.0,-12.748970031738281
2018-02-08 15:00:00,77.27505,34.0,-43.275047302246094
2018-02-08 18:00:00,110.93459,21.0,-89.9345932006836
2018-02-09 06:00:00,108.40813,32.0,-76.40812683105469
2018-02-09 09:00:00,63.94032,24.0,-39.9403190612793
2018-02-09 12:00:00,52.070503,18.0,-34.07050323486328
2018-02-09 21:00:00,133.33057,64.0,-69.33056640625
2018-02-10 09:00:00,64.7359,37.0,-27.73590087890625
2018-02-10 12:00:00,45.982574,30.0,-15.982574462890625
2018-02-10 15:00:00,74.29435,42.0,-32.294349670410156
2018-02-11 00:00:00,60.644196,36.0,-24.644195556640625
2018-02-11 03:00:00,88.59297,39.0,-49.59297180175781
2018-02-11 06:00:00,75.49068,32.0,-43.49067687988281
2018-02-11 09:00:00,25.893257,30.0,4.106742858886719
2018-02-11 12:00:00,33.681885,37.0,3.318115234375
2018-02-11 15:00:00,69.55685,36.0,-33.556846618652344
2018-02-11 18:00:00,106.64371,47.0,-59.643707275390625
2018-02-12 03:00:00,95.31232,45.0,-50.31231689453125
2018-02-12 06:00:00,84.5339,59.0,-25.533897399902344
2018-02-13 03:00:00,109.47156,53.0,-56.4715576171875
2018-02-13 09:00:00,209.55133,67.0,-142.55133056640625
2018-02-13 12:00:00,236.16753,68.0,-168.1675262451172
2018-02-13 21:00:00,212.33836,92.0,-120.33836364746094
2018-02-14 00:00:00,117.029686,57.0,-60.029685974121094
2018-02-14 03:00:00,110.84194,23.0,-87.8419418334961
2018-02-14 06:00:00,101.57544,10.0,-91.575439453125
2018-02-14 09:00:00,69.27508,25.0,-44.27507781982422
2018-02-14 12:00:00,53.35994,16.0,-37.35993957519531
2018-02-14 15:00:00,53.677467,20.0,-33.677467346191406
2018-02-14 18:00:00,66.04137,10.0,-56.04136657714844
2018-02-14 21:00:00,61.03437,9.0,-52.03437042236328
2018-02-15 00:00:00,67.84012,15.0,-52.840118408203125
2018-02-15 03:00:00,69.03883,17.0,-52.03883361816406
2018-02-15 06:00:00,70.19753,21.0,-49.197532653808594
2018-02-15 12:00:00,45.316257,25.0,-20.31625747680664
2018-02-15 15:00:00,66.52215,19.0,-47.52214813232422
2018-02-16 00:00:00,88.94085,14.0,-74.94084930419922
2018-02-16 03:00:00,88.51953,25.0,-63.51953125
2018-02-16 12:00:00,112.82344,31.0,-81.82344055175781
2018-02-16 18:00:00,137.83636,44.0,-93.83636474609375
2018-02-16 21:00:00,136.46712,57.0,-79.46711730957031
2018-02-17 03:00:00,142.30261,64.0,-78.3026123046875
2018-02-17 06:00:00,136.23947,68.0,-68.23947143554688
2018-02-17 09:00:00,127.75166,64.0,-63.75166320800781
2018-02-17 12:00:00,115.130264,62.0,-53.13026428222656
2018-02-17 15:00:00,115.113495,83.0,-32.113494873046875
2018-02-17 18:00:00,88.61866,71.0,-17.61865997314453
2018-02-17 21:00:00,77.537155,52.0,-25.537155151367188
2018-02-18 00:00:00,79.75132,49.0,-30.751319885253906
2018-02-18 03:00:00,161.78433,56.0,-105.78433227539062
2018-02-18 06:00:00,206.94029,145.0,-61.94029235839844
2018-02-18 12:00:00,81.881805,168.0,86.11819458007812
2018-02-18 15:00:00,96.885284,105.0,8.114715576171875
2018-02-18 18:00:00,124.41842,75.0,-49.418418884277344
2018-02-18 21:00:00,133.42015,58.0,-75.42015075683594
2018-02-19 06:00:00,180.0143,162.0,-18.014297485351562
2018-02-19 09:00:00,128.79929,126.0,-2.799285888671875
2018-02-19 12:00:00,106.547646,24.0,-82.54764556884766
2018-02-19 15:00:00,98.65636,43.0,-55.65635681152344
2018-02-19 21:00:00,96.66212,14.0,-82.66211700439453
2018-02-20 00:00:00,67.69369,15.0,-52.693687438964844
2018-02-20 03:00:00,86.41945,24.0,-62.41944885253906
2018-02-20 09:00:00,30.671686,16.0,-14.671686172485352
2018-02-20 12:00:00,17.94541,2.0,-15.945409774780273
2018-02-20 15:00:00,27.449743,9.0,-18.449743270874023
2018-02-20 18:00:00,53.560028,13.0,-40.560028076171875
2018-02-21 12:00:00,82.35227,26.0,-56.352272033691406
2018-02-22 18:00:00,109.96217,37.0,-72.96217346191406
2018-02-22 21:00:00,109.51851,38.0,-71.51850891113281
2018-02-23 06:00:00,156.12431,69.0,-87.12431335449219
2018-02-23 09:00:00,107.15519,67.0,-40.155189514160156
2018-02-23 12:00:00,104.019936,60.0,-44.019935607910156
2018-02-23 15:00:00,104.96791,55.0,-49.96791076660156
2018-02-24 00:00:00,96.262856,38.0,-58.262855529785156
2018-02-24 03:00:00,90.121376,38.0,-52.121376037597656
2018-02-24 09:00:00,93.026924,70.0,-23.02692413330078
2018-02-24 12:00:00,76.96986,32.0,-44.96985626220703
2018-02-24 15:00:00,61.015102,26.0,-35.01510238647461
2018-02-24 18:00:00,61.7502,17.0,-44.75019836425781
2018-02-24 21:00:00,70.07884,17.0,-53.07884216308594
2018-02-25 03:00:00,59.351067,38.0,-21.35106658935547
2018-02-25 06:00:00,96.391205,35.0,-61.391204833984375
2018-02-25 09:00:00,79.70994,44.0,-35.709938049316406
2018-02-25 12:00:00,61.837227,35.0,-26.83722686767578
2018-02-25 15:00:00,70.657166,34.0,-36.65716552734375
2018-02-25 18:00:00,109.74986,42.0,-67.74986267089844
2018-02-26 12:00:00,78.43073,48.0,-30.43073272705078
2018-02-27 09:00:00,85.080956,27.0,-58.080955505371094
2018-02-27 18:00:00,144.07533,15.0,-129.07533264160156
2018-02-28 03:00:00,94.00878,2.0,-92.00878143310547
2018-02-28 21:00:00,114.6866,24.0,-90.68659973144531
2018-03-01 06:00:00,111.49115,37.0,-74.49114990234375
2018-03-02 00:00:00,109.60776,30.0,-79.60775756835938
2018-03-02 09:00:00,49.060417,21.0,-28.06041717529297
2018-03-02 18:00:00,91.970665,18.0,-73.97066497802734
2018-03-02 21:00:00,99.184265,18.0,-81.18426513671875
2018-03-03 06:00:00,79.96098,27.0,-52.96098327636719
2018-03-03 09:00:00,37.789646,16.0,-21.78964614868164
2018-03-03 21:00:00,132.749,30.0,-102.74899291992188
2018-03-04 03:00:00,110.960175,29.0,-81.96017456054688
2018-03-04 12:00:00,40.30517,35.0,-5.305168151855469
2018-03-04 15:00:00,76.11015,32.0,-44.11015319824219
2018-03-04 18:00:00,89.6714,28.0,-61.67140197753906
2018-03-04 21:00:00,72.60963,24.0,-48.60962677001953
2018-03-05 00:00:00,85.462265,41.0,-44.46226501464844
2018-03-05 03:00:00,92.56166,21.0,-71.56166076660156
2018-03-05 06:00:00,99.14717,32.0,-67.14717102050781
2018-03-05 12:00:00,68.796,36.0,-32.795997619628906
2018-03-05 15:00:00,72.0504,37.0,-35.05039978027344
2018-03-05 18:00:00,64.89449,39.0,-25.894493103027344
2018-03-06 00:00:00,40.261513,49.0,8.738487243652344
2018-03-06 03:00:00,65.17985,56.0,-9.179847717285156
2018-03-06 06:00:00,82.86855,45.0,-37.868553161621094
2018-03-06 12:00:00,94.12429,52.0,-42.124290466308594
2018-03-06 15:00:00,88.985756,50.0,-38.985755920410156
2018-03-07 03:00:00,171.71988,51.0,-120.71987915039062
2018-03-07 06:00:00,165.659,57.0,-108.65899658203125
2018-03-07 09:00:00,109.135216,45.0,-64.13521575927734
2018-03-07 15:00:00,133.25757,74.0,-59.257568359375
2018-03-07 18:00:00,145.31497,65.0,-80.31497192382812
2018-03-07 21:00:00,164.64218,55.0,-109.64218139648438
2018-03-08 03:00:00,127.55936,89.0,-38.559356689453125
2018-03-08 09:00:00,89.873535,73.0,-16.87353515625
2018-03-08 15:00:00,88.00953,98.0,9.990470886230469
2018-03-08 18:00:00,126.246506,94.0,-32.24650573730469
2018-03-08 21:00:00,140.9735,108.0,-32.97349548339844
2018-03-09 00:00:00,161.11244,78.0,-83.11244201660156
2018-03-09 03:00:00,181.00491,57.0,-124.00491333007812
2018-03-09 12:00:00,109.10151,53.0,-56.10150909423828
2018-03-09 15:00:00,122.38115,47.0,-75.38114929199219
2018-03-09 21:00:00,103.65602,43.0,-60.65602111816406
2018-03-10 00:00:00,95.47148,37.0,-58.47148132324219
2018-03-10 03:00:00,140.68428,42.0,-98.68428039550781
2018-03-10 06:00:00,150.76352,52.0,-98.76351928710938
2018-03-10 21:00:00,119.39574,81.0,-38.39573669433594
2018-03-11 03:00:00,86.92041,34.0,-52.92041015625
2018-03-11 06:00:00,80.79224,28.0,-52.792236328125
2018-03-11 09:00:00,67.874115,24.0,-43.874114990234375
2018-03-11 12:00:00,111.56382,29.0,-82.5638198852539
2018-03-11 21:00:00,151.40176,37.0,-114.40176391601562
2018-03-12 00:00:00,58.77155,24.0,-34.771549224853516
2018-03-12 03:00:00,48.17048,23.0,-25.17047882080078
2018-03-12 06:00:00,50.24219,21.0,-29.242191314697266
2018-03-12 09:00:00,49.02,24.0,-25.020000457763672
2018-03-12 15:00:00,76.312515,30.0,-46.31251525878906
2018-03-13 03:00:00,47.3774,17.0,-30.377399444580078
2018-03-13 06:00:00,34.911407,22.0,-12.911407470703125
2018-03-13 09:00:00,25.223812,30.0,4.776187896728516
2018-03-13 12:00:00,53.665928,23.0,-30.66592788696289
2018-03-13 21:00:00,113.66046,24.0,-89.66046142578125
2018-03-14 03:00:00,149.1153,44.0,-105.11529541015625
2018-03-14 06:00:00,125.269936,38.0,-87.26993560791016
2018-03-14 09:00:00,74.897285,38.0,-36.89728546142578
2018-03-14 12:00:00,85.26269,39.0,-46.26268768310547
2018-03-14 15:00:00,94.64975,23.0,-71.64974975585938
2018-03-14 18:00:00,97.42803,36.0,-61.42803192138672
2018-03-14 21:00:00,87.37629,37.0,-50.37628936767578
2018-03-15 00:00:00,46.466312,42.0,-4.466312408447266
2018-03-15 03:00:00,64.41246,29.0,-35.41246032714844
2018-03-15 06:00:00,67.08751,36.0,-31.087509155273438
2018-03-15 09:00:00,56.660156,48.0,-8.66015625
2018-03-15 12:00:00,69.253136,32.0,-37.253135681152344
2018-03-15 15:00:00,70.08407,45.0,-25.084068298339844
2018-03-16 03:00:00,74.09756,42.0,-32.097557067871094
2018-03-16 06:00:00,84.489105,32.0,-52.489105224609375
2018-03-16 09:00:00,128.09187,34.0,-94.09187316894531
2018-03-16 12:00:00,144.25098,42.0,-102.2509765625
2018-03-16 15:00:00,160.55003,90.0,-70.55003356933594
2018-03-16 21:00:00,167.22572,147.0,-20.225723266601562
2018-03-17 00:00:00,179.71422,87.0,-92.71421813964844
2018-03-17 09:00:00,96.583275,115.0,18.416725158691406
2018-03-17 15:00:00,68.10348,59.0,-9.103477478027344
2018-03-17 18:00:00,70.79825,24.0,-46.798248291015625
2018-03-17 21:00:00,69.55724,63.0,-6.557243347167969
2018-03-18 00:00:00,65.42541,17.0,-48.42540740966797
2018-03-18 12:00:00,36.702034,24.0,-12.702033996582031
2018-03-18 15:00:00,48.795414,16.0,-32.795413970947266
2018-03-18 18:00:00,75.622665,21.0,-54.62266540527344
2018-03-19 03:00:00,95.26229,23.0,-72.26229095458984
2018-03-19 06:00:00,92.951096,38.0,-54.95109558105469
2018-03-19 12:00:00,58.67139,15.0,-43.671390533447266
2018-03-19 15:00:00,65.58958,22.0,-43.589576721191406
2018-03-19 18:00:00,112.14911,33.0,-79.14910888671875
2018-03-19 21:00:00,115.45216,30.0,-85.45216369628906
2018-03-20 00:00:00,72.96012,25.0,-47.960121154785156
2018-03-20 03:00:00,96.73386,33.0,-63.733856201171875
2018-03-20 09:00:00,26.522003,26.0,-0.522003173828125
2018-03-20 12:00:00,30.305557,30.0,-0.3055572509765625
2018-03-20 15:00:00,37.87227,25.0,-12.872268676757812
2018-03-20 18:00:00,52.29572,27.0,-25.295719146728516
2018-03-20 21:00:00,57.662193,42.0,-15.662193298339844
2018-03-21 03:00:00,100.55396,30.0,-70.55396270751953
2018-03-21 06:00:00,66.586266,44.0,-22.586265563964844
2018-03-21 15:00:00,59.4207,44.0,-15.420700073242188
2018-03-21 18:00:00,107.888466,56.0,-51.888465881347656
2018-03-21 21:00:00,104.652824,47.0,-57.65282440185547
2018-03-22 00:00:00,64.62369,51.0,-13.623687744140625
2018-03-22 03:00:00,87.44337,54.0,-33.44336700439453
2018-03-22 06:00:00,94.64918,64.0,-30.64917755126953
2018-03-22 09:00:00,68.18158,65.0,-3.18157958984375
2018-03-22 18:00:00,101.72698,49.0,-52.72698211669922
2018-03-22 21:00:00,98.24885,38.0,-60.24884796142578
2018-03-23 03:00:00,92.48629,25.0,-67.48628997802734
2018-03-23 06:00:00,102.96128,25.0,-77.9612808227539
2018-03-23 09:00:00,83.32262,29.0,-54.32261657714844
2018-03-23 15:00:00,101.826004,18.0,-83.82600402832031
2018-03-23 18:00:00,150.5905,35.0,-115.59049987792969
2018-03-24 00:00:00,134.08272,50.0,-84.08271789550781
2018-03-24 03:00:00,148.14941,36.0,-112.1494140625
2018-03-24 06:00:00,151.17508,44.0,-107.17507934570312
2018-03-24 15:00:00,79.115295,30.0,-49.11529541015625
2018-03-24 18:00:00,79.87603,42.0,-37.87602996826172
2018-03-25 21:00:00,75.70088,46.0,-29.700881958007812
2018-03-26 00:00:00,41.622116,38.0,-3.6221160888671875
2018-03-26 03:00:00,54.58969,36.0,-18.589691162109375
2018-03-26 06:00:00,74.587776,38.0,-36.58777618408203
2018-03-26 09:00:00,73.45534,44.0,-29.455337524414062
2018-03-26 12:00:00,49.07582,50.0,0.9241790771484375
2018-03-26 15:00:00,63.552647,59.0,-4.552646636962891
2018-03-26 18:00:00,72.39123,58.0,-14.391227722167969
2018-03-26 21:00:00,83.64441,57.0,-26.6444091796875
2018-03-27 00:00:00,87.50976,63.0,-24.50975799560547
2018-03-27 03:00:00,114.740036,54.0,-60.74003601074219
2018-03-27 06:00:00,114.265045,49.0,-65.26504516601562
2018-03-27 09:00:00,79.826065,45.0,-34.82606506347656
2018-03-27 12:00:00,71.96485,59.0,-12.964851379394531
2018-03-27 15:00:00,89.35376,45.0,-44.353759765625
2018-03-27 18:00:00,128.69702,49.0,-79.697021484375
2018-03-27 21:00:00,138.98035,46.0,-92.9803466796875
2018-03-28 00:00:00,162.0997,42.0,-120.09970092773438
2018-03-28 03:00:00,171.53354,46.0,-125.53353881835938
2018-03-28 06:00:00,134.37466,46.0,-88.37466430664062
2018-03-28 09:00:00,75.16684,50.0,-25.166839599609375
2018-03-28 15:00:00,79.24427,31.0,-48.24427032470703
2018-03-28 18:00:00,95.44249,42.0,-53.44248962402344
2018-03-28 21:00:00,83.37247,52.0,-31.372467041015625
2018-03-29 03:00:00,63.530933,32.0,-31.530933380126953
2018-03-29 06:00:00,62.1842,41.0,-21.184200286865234
2018-03-29 12:00:00,48.37966,46.0,-2.3796615600585938
2018-03-29 15:00:00,68.10274,47.0,-21.102737426757812
2018-03-29 18:00:00,69.8077,48.0,-21.807701110839844
2018-03-29 21:00:00,74.44805,45.0,-29.44805145263672
2018-03-30 03:00:00,167.89522,38.0,-129.8952178955078
2018-03-30 06:00:00,231.13956,180.0,-51.139556884765625
2018-03-30 09:00:00,330.5592,700.0,369.4407958984375
2018-03-30 18:00:00,171.49318,89.0,-82.49317932128906
2018-03-30 21:00:00,140.25818,65.0,-75.2581787109375
2018-03-31 00:00:00,86.47839,41.0,-45.4783935546875
2018-03-31 06:00:00,62.455284,37.0,-25.455284118652344
2018-03-31 09:00:00,45.50111,79.0,33.4988899230957
2018-03-31 12:00:00,55.788292,55.0,-0.7882919311523438
2018-03-31 15:00:00,65.91881,71.0,5.0811920166015625
2018-04-01 00:00:00,93.332344,55.0,-38.33234405517578
2018-04-01 03:00:00,98.15449,45.0,-53.15448760986328
2018-04-01 06:00:00,86.183716,27.0,-59.1837158203125
2018-04-01 09:00:00,59.3717,20.0,-39.371700286865234
2018-04-01 12:00:00,64.41337,17.0,-47.413368225097656
2018-04-01 15:00:00,74.572655,16.0,-58.572654724121094
2018-04-01 18:00:00,94.27208,19.0,-75.27207946777344
2018-04-01 21:00:00,97.539665,27.0,-70.53966522216797
2018-04-02 00:00:00,56.218597,34.0,-22.218597412109375
2018-04-02 09:00:00,42.42162,17.0,-25.421619415283203
2018-04-02 12:00:00,33.984406,24.0,-9.984405517578125
2018-04-02 15:00:00,50.369637,15.0,-35.36963653564453
2018-04-02 18:00:00,101.36478,38.0,-63.364776611328125
2018-04-02 21:00:00,95.881775,27.0,-68.88177490234375
2018-04-03 00:00:00,51.10837,21.0,-30.10837173461914
2018-04-03 03:00:00,61.73286,29.0,-32.73286056518555
2018-04-03 06:00:00,60.438084,45.0,-15.43808364868164
2018-04-03 09:00:00,39.84974,50.0,10.150260925292969
2018-04-03 12:00:00,34.80352,19.0,-15.803520202636719
2018-04-03 15:00:00,47.962204,20.0,-27.962203979492188
2018-04-04 03:00:00,72.99729,26.0,-46.997291564941406
2018-04-04 06:00:00,70.93081,49.0,-21.930809020996094
2018-04-04 09:00:00,99.10525,72.0,-27.105247497558594
2018-04-04 12:00:00,136.97115,31.0,-105.97114562988281
2018-04-04 15:00:00,153.86786,63.0,-90.86785888671875
2018-04-04 18:00:00,151.91132,74.0,-77.91131591796875
2018-04-04 21:00:00,147.82153,60.0,-87.821533203125
2018-04-05 00:00:00,111.15117,93.0,-18.151168823242188
2018-04-05 03:00:00,110.97563,129.0,18.024368286132812
2018-04-05 06:00:00,94.01242,118.0,23.987579345703125
2018-04-05 09:00:00,102.84066,27.0,-75.84066009521484
2018-04-05 12:00:00,115.83086,60.0,-55.83085632324219
2018-04-05 15:00:00,120.54113,84.0,-36.54113006591797
2018-04-05 21:00:00,134.27313,38.0,-96.27313232421875
2018-04-06 03:00:00,80.33612,19.0,-61.33612060546875
2018-04-06 06:00:00,87.41449,15.0,-72.41448974609375
2018-04-06 09:00:00,89.061134,23.0,-66.0611343383789
2018-04-06 15:00:00,143.02759,15.0,-128.027587890625
2018-04-06 21:00:00,152.40335,64.0,-88.40335083007812
2018-04-07 00:00:00,148.39043,16.0,-132.3904266357422
2018-04-07 03:00:00,134.35579,10.0,-124.35578918457031
2018-04-07 06:00:00,136.29756,11.0,-125.29756164550781
2018-04-07 09:00:00,155.45299,39.0,-116.45298767089844
2018-04-07 12:00:00,142.29794,129.0,-13.297943115234375
2018-04-07 15:00:00,153.51292,206.0,52.48707580566406
2018-04-07 18:00:00,166.18924,165.0,-1.189239501953125
2018-04-07 21:00:00,160.71681,136.0,-24.716812133789062
2018-04-08 00:00:00,160.88597,49.0,-111.88597106933594
2018-04-08 03:00:00,142.42801,61.0,-81.42800903320312
2018-04-08 06:00:00,125.13135,40.0,-85.13134765625
2018-04-08 09:00:00,101.37865,39.0,-62.37864685058594
2018-04-08 12:00:00,100.066246,49.0,-51.066246032714844
2018-04-08 15:00:00,94.83733,41.0,-53.83733367919922
2018-04-08 18:00:00,131.65027,38.0,-93.6502685546875
2018-04-09 03:00:00,162.34549,53.0,-109.34548950195312
2018-04-09 09:00:00,85.29037,43.0,-42.290367126464844
2018-04-09 12:00:00,92.67751,44.0,-48.677513122558594
2018-04-09 15:00:00,95.06175,47.0,-48.06175231933594
2018-04-09 18:00:00,99.76498,39.0,-60.764976501464844
2018-04-10 00:00:00,119.620155,45.0,-74.62015533447266
2018-04-10 06:00:00,105.30476,65.0,-40.30476379394531
2018-04-10 15:00:00,77.54295,3.0,-74.54295349121094
2018-04-10 18:00:00,74.27877,4.0,-70.27877044677734
2018-04-10 21:00:00,77.008965,4.0,-73.00896453857422
2018-04-11 00:00:00,130.02933,5.0,-125.02932739257812
2018-04-11 09:00:00,149.59494,4.0,-145.59494018554688
2018-04-11 12:00:00,143.32204,0.0,-143.32203674316406
2018-04-11 15:00:00,134.5802,3.0,-131.5802001953125
2018-04-11 18:00:00,127.738304,2.0,-125.7383041381836
2018-04-11 21:00:00,123.32998,2.0,-121.3299789428711
2018-04-12 00:00:00,150.69008,3.0,-147.69007873535156
2018-04-12 12:00:00,224.33551,3.0,-221.33551025390625
2018-04-12 15:00:00,208.43323,5.0,-203.4332275390625
2018-04-12 21:00:00,182.04309,2.0,-180.0430908203125
2018-04-13 00:00:00,130.51613,3.0,-127.51612854003906
2018-04-13 03:00:00,114.660225,2.0,-112.66022491455078
2018-04-13 06:00:00,115.33655,2.0,-113.3365478515625
2018-04-13 09:00:00,109.97496,3.0,-106.97496032714844
2018-04-13 12:00:00,117.98397,0.0,-117.98397064208984
2018-04-13 15:00:00,122.50507,6.0,-116.50507354736328
2018-04-13 18:00:00,127.588234,4.0,-123.5882339477539
2018-04-13 21:00:00,118.48533,6.0,-112.4853286743164
2018-04-14 03:00:00,67.59364,4.0,-63.59364318847656
2018-04-14 06:00:00,60.057686,6.0,-54.05768585205078
2018-04-14 09:00:00,53.733345,1.0,-52.73334503173828
2018-04-14 12:00:00,60.897377,5.0,-55.897377014160156
2018-04-14 18:00:00,96.63882,5.0,-91.6388168334961
2018-04-14 21:00:00,106.700554,6.0,-100.70055389404297
2018-04-15 00:00:00,124.595314,5.0,-119.5953140258789
2018-04-15 03:00:00,141.8175,6.0,-135.8175048828125
2018-04-15 06:00:00,92.98913,3.0,-89.98912811279297
2018-04-15 09:00:00,57.84267,6.0,-51.84267044067383
2018-04-15 12:00:00,47.22233,5.0,-42.222328186035156
2018-04-15 15:00:00,55.372086,4.0,-51.37208557128906
2018-04-15 18:00:00,71.828255,4.0,-67.82825469970703
2018-04-15 21:00:00,65.942,3.0,-62.94200134277344
2018-04-16 00:00:00,68.88513,6.0,-62.8851318359375
2018-04-16 03:00:00,98.84025,6.0,-92.84024810791016
2018-04-16 06:00:00,61.571087,6.0,-55.57108688354492
2018-04-16 09:00:00,47.827938,4.0,-43.827938079833984
2018-04-16 12:00:00,28.338036,4.0,-24.338035583496094
2018-04-16 18:00:00,47.235744,4.0,-43.23574447631836
2018-04-16 21:00:00,63.518654,3.0,-60.518653869628906
2018-04-17 03:00:00,122.06806,3.0,-119.06806182861328
2018-04-17 06:00:00,70.15092,6.0,-64.15091705322266
2018-04-17 09:00:00,56.646797,34.0,-22.64679718017578
2018-04-17 12:00:00,49.31667,42.0,-7.316669464111328
2018-04-17 15:00:00,53.42599,36.0,-17.42599105834961
2018-04-17 18:00:00,84.25218,38.0,-46.25218200683594
2018-04-17 21:00:00,88.33058,29.0,-59.33058166503906
2018-04-18 00:00:00,42.822876,32.0,-10.8228759765625
2018-04-18 09:00:00,11.681209,27.0,15.318791389465332
2018-04-18 12:00:00,31.835726,21.0,-10.835725784301758
2018-04-18 15:00:00,44.472244,18.0,-26.472244262695312
2018-04-18 18:00:00,71.36441,17.0,-54.364410400390625
2018-04-18 21:00:00,73.525826,27.0,-46.52582550048828
2018-04-19 00:00:00,52.006725,31.0,-21.006725311279297
2018-04-19 03:00:00,62.008213,26.0,-36.00821304321289
2018-04-19 06:00:00,61.82802,20.0,-41.82801818847656
2018-04-19 12:00:00,29.634975,21.0,-8.63497543334961
2018-04-19 15:00:00,40.897133,14.0,-26.897132873535156
2018-04-19 18:00:00,79.564415,27.0,-52.564414978027344
2018-04-19 21:00:00,102.46345,22.0,-80.46344757080078
2018-04-20 00:00:00,114.99685,42.0,-72.9968490600586
2018-04-20 06:00:00,64.728226,37.0,-27.728225708007812
2018-04-20 09:00:00,25.667305,38.0,12.332695007324219
2018-04-20 12:00:00,38.824966,38.0,-0.8249664306640625
2018-04-20 15:00:00,61.514584,36.0,-25.514583587646484
2018-04-20 18:00:00,65.054565,37.0,-28.0545654296875
2018-04-20 21:00:00,126.96614,55.0,-71.96614074707031
2018-04-21 00:00:00,171.20634,38.0,-133.2063446044922
2018-04-21 06:00:00,226.30013,126.0,-100.30012512207031
2018-04-21 09:00:00,203.59596,210.0,6.4040374755859375
2018-04-21 12:00:00,222.4083,116.0,-106.40829467773438
2018-04-21 15:00:00,220.01479,87.0,-133.01478576660156
2018-04-21 18:00:00,179.49788,58.0,-121.49787902832031
2018-04-21 21:00:00,122.96573,44.0,-78.96572875976562
2018-04-22 00:00:00,141.4387,49.0,-92.43870544433594
2018-04-22 03:00:00,167.64642,38.0,-129.64642333984375
2018-04-22 09:00:00,49.02921,36.0,-13.02920913696289
2018-04-22 12:00:00,82.61407,45.0,-37.61406707763672
2018-04-22 15:00:00,124.45344,55.0,-69.45343780517578
2018-04-23 03:00:00,240.46642,228.0,-12.466415405273438
2018-04-23 06:00:00,217.87059,81.0,-136.87059020996094
2018-04-23 09:00:00,125.434555,79.0,-46.43455505371094
2018-04-23 18:00:00,79.441864,48.0,-31.441864013671875
2018-04-23 21:00:00,79.74495,45.0,-34.74494934082031
2018-04-24 00:00:00,129.77034,69.0,-60.77033996582031
2018-04-24 03:00:00,117.38757,65.0,-52.3875732421875
2018-04-24 06:00:00,61.48031,46.0,-15.480308532714844
2018-04-24 09:00:00,39.56109,20.0,-19.56108856201172
2018-04-24 12:00:00,53.13973,37.0,-16.139728546142578
2018-04-24 21:00:00,113.292114,38.0,-75.2921142578125
2018-04-25 03:00:00,59.30906,26.0,-33.309059143066406
2018-04-25 09:00:00,48.85038,26.0,-22.850379943847656
2018-04-25 12:00:00,50.556652,27.0,-23.556652069091797
2018-04-25 15:00:00,63.66548,26.0,-37.66548156738281
2018-04-25 18:00:00,80.7388,33.0,-47.738800048828125
2018-04-25 21:00:00,89.4388,39.0,-50.43879699707031
2018-04-26 00:00:00,81.32429,53.0,-28.32428741455078
2018-04-26 03:00:00,100.48734,82.0,-18.487342834472656
2018-04-26 06:00:00,70.10647,36.0,-34.106468200683594
2018-04-26 09:00:00,70.716736,30.0,-40.71673583984375
2018-04-26 12:00:00,47.1789,56.0,8.821098327636719
2018-04-26 15:00:00,42.2134,56.0,13.786598205566406
2018-04-26 21:00:00,65.47657,67.0,1.5234298706054688
2018-04-27 00:00:00,84.4816,32.0,-52.481597900390625
2018-04-27 03:00:00,84.48694,31.0,-53.4869384765625
2018-04-27 06:00:00,107.311165,31.0,-76.31116485595703
2018-04-27 09:00:00,109.69677,69.0,-40.69676971435547
2018-04-27 12:00:00,135.76392,77.0,-58.763916015625
2018-04-27 21:00:00,156.4813,113.0,-43.481292724609375
2018-04-28 00:00:00,189.3394,174.0,-15.339401245117188
2018-04-28 03:00:00,198.52211,159.0,-39.52210998535156
2018-04-28 06:00:00,146.5275,88.0,-58.527496337890625
2018-04-30 18:00:00,107.36426,24.0,-83.3642578125
2018-04-30 21:00:00,107.78831,47.0,-60.788307189941406
2018-05-01 00:00:00,90.63433,39.0,-51.63433074951172
2018-05-01 09:00:00,57.04044,28.0,-29.04043960571289
2018-05-01 15:00:00,61.32723,26.0,-35.32722854614258
2018-05-01 18:00:00,87.47793,31.0,-56.477928161621094
2018-05-01 21:00:00,95.51422,31.0,-64.51422119140625
2018-05-02 00:00:00,66.24577,27.0,-39.24577331542969
2018-05-02 03:00:00,75.777054,32.0,-43.77705383300781
2018-05-02 06:00:00,56.310795,37.0,-19.310794830322266
2018-05-02 09:00:00,55.684013,42.0,-13.684013366699219
2018-05-02 15:00:00,72.087234,31.0,-41.08723449707031
2018-05-02 18:00:00,121.63377,39.0,-82.63377380371094
2018-05-02 21:00:00,135.12976,518.0,382.8702392578125
2018-05-03 12:00:00,151.98248,123.0,-28.98248291015625
2018-05-03 15:00:00,158.29005,139.0,-19.290054321289062
2018-05-03 21:00:00,170.754,93.0,-77.75399780273438
2018-05-04 06:00:00,81.57269,34.0,-47.57269287109375
2018-05-04 09:00:00,82.90794,38.0,-44.90794372558594
2018-05-04 12:00:00,65.22487,51.0,-14.224868774414062
2018-05-04 15:00:00,64.25512,64.0,-0.25511932373046875
2018-05-04 18:00:00,100.224266,68.0,-32.224266052246094
2018-05-04 21:00:00,115.25754,62.0,-53.257537841796875
2018-05-05 00:00:00,81.576675,62.0,-19.576675415039062
2018-05-05 03:00:00,90.65502,50.0,-40.65502166748047
2018-05-05 09:00:00,54.656822,35.0,-19.656822204589844
2018-05-05 12:00:00,42.709076,37.0,-5.709075927734375
2018-05-05 15:00:00,48.516426,43.0,-5.516426086425781
2018-05-05 18:00:00,70.467766,49.0,-21.46776580810547
2018-05-05 21:00:00,78.734955,60.0,-18.734954833984375
2018-05-06 00:00:00,64.52819,52.0,-12.528190612792969
2018-05-06 03:00:00,64.04286,112.0,47.95713806152344
2018-05-06 06:00:00,49.784035,38.0,-11.784034729003906
2018-05-06 09:00:00,42.561283,48.0,5.438716888427734
2018-05-06 15:00:00,74.820946,48.0,-26.820945739746094
2018-05-06 21:00:00,104.57802,49.0,-55.57801818847656
2018-05-07 00:00:00,108.26352,46.0,-62.263519287109375
2018-05-07 03:00:00,131.63094,52.0,-79.63093566894531
2018-05-07 09:00:00,170.4181,67.0,-103.41810607910156
2018-05-07 12:00:00,147.40067,64.0,-83.40066528320312
2018-05-07 18:00:00,122.67083,62.0,-60.67082977294922
2018-05-07 21:00:00,104.1617,55.0,-49.16169738769531
2018-05-08 03:00:00,98.49452,87.0,-11.494522094726562
2018-05-08 06:00:00,133.39677,101.0,-32.39677429199219
2018-05-08 09:00:00,146.47685,74.0,-72.47685241699219
2018-05-08 12:00:00,213.79901,91.0,-122.79901123046875
2018-05-08 15:00:00,190.91476,72.0,-118.91476440429688
2018-05-08 21:00:00,135.82645,289.0,153.17355346679688
2018-05-09 00:00:00,87.54751,85.0,-2.5475082397460938
2018-05-09 03:00:00,85.676956,75.0,-10.676956176757812
2018-05-09 09:00:00,102.67001,47.0,-55.670013427734375
2018-05-09 12:00:00,148.82095,64.0,-84.82095336914062
2018-05-09 15:00:00,169.92818,235.0,65.07182312011719
2018-05-09 18:00:00,183.78955,172.0,-11.78955078125
2018-05-09 21:00:00,180.64429,165.0,-15.644287109375
2018-05-10 00:00:00,86.76261,104.0,17.237388610839844
2018-05-10 03:00:00,79.158325,83.0,3.8416748046875
2018-05-10 06:00:00,76.02057,91.0,14.97943115234375
2018-05-10 09:00:00,84.04959,76.0,-8.049591064453125
2018-05-10 12:00:00,61.55733,68.0,6.442668914794922
2018-05-10 15:00:00,76.42961,125.0,48.57038879394531
2018-05-10 18:00:00,89.24712,50.0,-39.24712371826172
2018-05-10 21:00:00,77.7095,49.0,-28.709503173828125
2018-05-11 00:00:00,120.4553,46.0,-74.4552993774414
2018-05-11 06:00:00,131.9748,67.0,-64.97479248046875
2018-05-11 12:00:00,126.859505,68.0,-58.85950469970703
2018-05-11 15:00:00,147.49707,76.0,-71.4970703125
2018-05-11 18:00:00,128.53911,42.0,-86.53910827636719
2018-05-12 00:00:00,125.72582,77.0,-48.72582244873047
2018-05-12 03:00:00,110.25509,67.0,-43.255088806152344
2018-05-12 06:00:00,103.83781,52.0,-51.837806701660156
2018-05-12 12:00:00,161.87665,65.0,-96.87664794921875
2018-05-12 15:00:00,159.87007,68.0,-91.87007141113281
2018-05-12 18:00:00,158.51538,77.0,-81.515380859375
2018-05-12 21:00:00,144.89523,422.0,277.1047668457031
2018-05-13 06:00:00,117.91246,68.0,-49.91246032714844
2018-05-13 15:00:00,68.82806,49.0,-19.82805633544922
2018-05-13 18:00:00,88.52453,64.0,-24.52452850341797
2018-05-13 21:00:00,95.694305,35.0,-60.694305419921875
2018-05-14 03:00:00,77.38748,31.0,-46.387481689453125
2018-05-14 06:00:00,59.43309,25.0,-34.43309020996094
2018-05-14 09:00:00,62.130142,37.0,-25.130142211914062
2018-05-14 12:00:00,68.03282,38.0,-30.032821655273438
2018-05-14 21:00:00,76.223274,46.0,-30.22327423095703
2018-05-15 06:00:00,33.13056,25.0,-8.130561828613281
2018-05-15 12:00:00,49.469917,21.0,-28.46991729736328
2018-05-15 15:00:00,48.864536,28.0,-20.86453628540039
2018-05-15 18:00:00,67.73007,18.0,-49.730072021484375
2018-05-15 21:00:00,62.21785,37.0,-25.217849731445312
2018-05-16 00:00:00,22.144377,25.0,2.855623245239258
2018-05-16 03:00:00,29.533339,28.0,-1.5333385467529297
2018-05-16 06:00:00,12.342241,19.0,6.657758712768555
2018-05-16 12:00:00,31.411049,15.0,-16.411048889160156
2018-05-16 15:00:00,35.85359,18.0,-17.853588104248047
2018-05-16 18:00:00,59.705257,30.0,-29.705257415771484
2018-05-16 21:00:00,65.772835,38.0,-27.77283477783203
2018-05-17 00:00:00,77.123955,59.0,-18.12395477294922
2018-05-17 03:00:00,81.94002,42.0,-39.94001770019531
2018-05-17 09:00:00,37.05176,20.0,-17.051761627197266
2018-05-17 12:00:00,44.076843,18.0,-26.07684326171875
2018-05-17 15:00:00,53.331406,32.0,-21.331405639648438
2018-05-17 18:00:00,79.80998,37.0,-42.80998229980469
2018-05-17 21:00:00,82.161026,40.0,-42.16102600097656
2018-05-18 00:00:00,35.80442,49.0,13.195579528808594
2018-05-18 03:00:00,38.27472,46.0,7.72528076171875
2018-05-18 06:00:00,21.996698,32.0,10.003301620483398
2018-05-18 09:00:00,23.949383,31.0,7.050617218017578
2018-05-18 12:00:00,41.659176,21.0,-20.659175872802734
2018-05-18 15:00:00,41.474663,19.0,-22.47466278076172
2018-05-18 21:00:00,74.04287,29.0,-45.042869567871094
2018-05-19 00:00:00,76.95371,34.0,-42.953712463378906
2018-05-19 03:00:00,71.55916,38.0,-33.55915832519531
2018-05-19 06:00:00,59.394493,37.0,-22.394493103027344
2018-05-19 09:00:00,38.437634,27.0,-11.437633514404297
2018-05-19 12:00:00,38.37005,26.0,-12.370048522949219
2018-05-19 15:00:00,41.764225,44.0,2.2357749938964844
2018-05-19 18:00:00,88.417435,32.0,-56.41743469238281
2018-05-19 21:00:00,105.15214,41.0,-64.15213775634766
2018-05-20 03:00:00,67.43505,40.0,-27.43505096435547
2018-05-20 06:00:00,33.51238,32.0,-1.5123786926269531
2018-05-20 09:00:00,19.36246,36.0,16.637540817260742
2018-05-20 12:00:00,26.803036,35.0,8.196964263916016
2018-05-20 18:00:00,84.22774,38.0,-46.22773742675781
2018-05-20 21:00:00,101.54838,52.0,-49.548377990722656
2018-05-21 00:00:00,62.5256,46.0,-16.52560043334961
2018-05-21 03:00:00,69.22289,52.0,-17.22289276123047
2018-05-21 06:00:00,48.27416,51.0,2.725841522216797
2018-05-21 09:00:00,30.287651,49.0,18.71234893798828
2018-05-21 12:00:00,36.82908,53.0,16.170921325683594
2018-05-21 15:00:00,45.05671,48.0,2.9432907104492188
2018-05-21 18:00:00,66.95188,53.0,-13.951881408691406
2018-05-21 21:00:00,58.966976,61.0,2.0330238342285156
2018-05-22 00:00:00,39.740143,55.0,15.259857177734375
2018-05-22 06:00:00,48.748573,53.0,4.251426696777344
2018-05-22 09:00:00,23.82285,46.0,22.17715072631836
2018-05-22 12:00:00,29.969442,50.0,20.03055763244629
2018-05-22 15:00:00,38.225437,53.0,14.77456283569336
2018-05-22 18:00:00,61.324158,65.0,3.67584228515625
2018-05-23 00:00:00,46.109108,67.0,20.890892028808594
2018-05-23 03:00:00,75.94417,73.0,-2.9441680908203125
2018-05-23 06:00:00,71.98173,58.0,-13.981727600097656
2018-05-23 15:00:00,54.945076,72.0,17.05492401123047
2018-05-23 18:00:00,96.88324,74.0,-22.88323974609375
2018-05-23 21:00:00,108.65574,80.0,-28.655738830566406
2018-05-24 03:00:00,123.105675,68.0,-55.105674743652344
2018-05-24 06:00:00,99.99439,82.0,-17.99439239501953
2018-05-24 12:00:00,108.05888,48.0,-60.05888366699219
2018-05-24 18:00:00,142.62514,64.0,-78.62513732910156
2018-05-24 21:00:00,142.21405,55.0,-87.21405029296875
2018-05-25 00:00:00,85.97328,48.0,-37.97328186035156
2018-05-25 03:00:00,101.78701,76.0,-25.787010192871094
2018-05-25 09:00:00,134.5378,86.0,-48.53779602050781
2018-05-25 12:00:00,110.77213,79.0,-31.772132873535156
2018-05-26 00:00:00,120.49077,42.0,-78.49076843261719
2018-05-26 03:00:00,109.96848,96.0,-13.968482971191406
2018-05-26 06:00:00,94.74297,45.0,-49.74297332763672
2018-05-26 15:00:00,77.64765,33.0,-44.64765167236328
2018-05-26 18:00:00,100.82886,38.0,-62.828857421875
2018-05-26 21:00:00,99.1904,39.0,-60.190399169921875
2018-05-27 00:00:00,58.22949,71.0,12.770511627197266
2018-05-27 03:00:00,69.8015,66.0,-3.8014984130859375
2018-05-27 06:00:00,58.62216,35.0,-23.622161865234375
2018-05-27 09:00:00,61.733543,26.0,-35.733543395996094
2018-05-27 12:00:00,57.343414,27.0,-30.343414306640625
2018-05-27 15:00:00,61.756794,29.0,-32.75679397583008
2018-05-27 18:00:00,77.72815,38.0,-39.7281494140625
2018-05-27 21:00:00,80.36034,37.0,-43.36033630371094
2018-05-28 00:00:00,117.02059,57.0,-60.020591735839844
2018-05-28 03:00:00,115.38918,71.0,-44.389183044433594
2018-05-28 06:00:00,91.90916,46.0,-45.909156799316406
2018-05-28 15:00:00,87.01477,56.0,-31.0147705078125
2018-05-28 21:00:00,132.0717,78.0,-54.07170104980469
2018-05-29 12:00:00,86.61391,50.0,-36.61390686035156
2018-05-29 18:00:00,125.89089,70.0,-55.890892028808594
2018-05-29 21:00:00,144.13457,89.0,-55.13456726074219
2018-05-30 00:00:00,127.92054,90.0,-37.92053985595703
2018-05-30 03:00:00,127.20062,76.0,-51.20062255859375
2018-05-30 06:00:00,109.59445,85.0,-24.594451904296875
2018-05-30 09:00:00,98.88072,58.0,-40.88072204589844
2018-05-30 12:00:00,105.625984,63.0,-42.62598419189453
2018-05-30 15:00:00,112.08408,63.0,-49.084083557128906
2018-05-30 18:00:00,133.50974,52.0,-81.50973510742188
2018-05-30 21:00:00,140.94167,69.0,-71.94166564941406
2018-05-31 00:00:00,126.44796,75.0,-51.447959899902344
2018-05-31 03:00:00,140.04626,83.0,-57.0462646484375
2018-05-31 06:00:00,132.65765,82.0,-50.65765380859375
2018-05-31 12:00:00,150.13188,93.0,-57.13188171386719
2018-05-31 15:00:00,148.3752,89.0,-59.37519836425781
2018-05-31 18:00:00,164.6456,101.0,-63.645599365234375
2018-05-31 21:00:00,163.98735,106.0,-57.98735046386719
2018-06-01 00:00:00,107.340836,94.0,-13.340835571289062
2018-06-01 03:00:00,117.01127,70.0,-47.011268615722656
2018-06-01 06:00:00,106.53082,82.0,-24.53082275390625
2018-06-01 09:00:00,85.089935,88.0,2.910064697265625
2018-06-01 12:00:00,82.261406,90.0,7.738594055175781
2018-06-01 15:00:00,97.46168,75.0,-22.46167755126953
2018-06-01 18:00:00,104.89884,81.0,-23.898841857910156
2018-06-01 21:00:00,100.64628,101.0,0.35372161865234375
2018-06-02 00:00:00,82.8179,96.0,13.182098388671875
2018-06-02 06:00:00,62.629852,78.0,15.370147705078125
2018-06-02 15:00:00,109.46746,84.0,-25.46746063232422
2018-06-02 18:00:00,105.25855,84.0,-21.25855255126953
2018-06-02 21:00:00,113.14569,78.0,-35.14569091796875
2018-06-03 00:00:00,77.085815,73.0,-4.0858154296875
2018-06-03 06:00:00,43.757553,56.0,12.242446899414062
2018-06-03 09:00:00,55.452858,69.0,13.547142028808594
2018-06-03 12:00:00,86.69451,79.0,-7.694511413574219
2018-06-03 15:00:00,92.709,63.0,-29.708999633789062
2018-06-03 18:00:00,109.75759,70.0,-39.757591247558594
2018-06-03 21:00:00,123.3152,67.0,-56.31520080566406
2018-06-04 00:00:00,194.50453,76.0,-118.50453186035156
2018-06-04 09:00:00,122.86995,68.0,-54.86994934082031
2018-06-04 12:00:00,128.32265,62.0,-66.32264709472656
2018-06-04 18:00:00,113.00608,67.0,-46.006080627441406
2018-06-04 21:00:00,95.14361,74.0,-21.14360809326172
2018-06-05 00:00:00,66.17574,80.0,13.824256896972656
2018-06-05 03:00:00,101.249725,87.0,-14.249725341796875
2018-06-05 06:00:00,99.29363,104.0,4.706367492675781
2018-06-05 09:00:00,88.19393,77.0,-11.193931579589844
2018-06-05 12:00:00,112.50654,74.0,-38.50653839111328
2018-06-05 18:00:00,105.37496,71.0,-34.374961853027344
2018-06-06 00:00:00,141.67415,168.0,26.325851440429688
2018-06-06 03:00:00,138.76752,41.0,-97.76751708984375
2018-06-06 06:00:00,111.90184,41.0,-70.90184020996094
2018-06-06 09:00:00,103.830246,43.0,-60.83024597167969
2018-06-06 12:00:00,114.45019,64.0,-50.45018768310547
2018-06-06 15:00:00,113.19753,62.0,-51.197532653808594
2018-06-06 18:00:00,118.73351,60.0,-58.73351287841797
2018-06-06 21:00:00,94.775375,55.0,-39.77537536621094
2018-06-07 00:00:00,55.94211,38.0,-17.942108154296875
2018-06-07 03:00:00,60.13289,31.0,-29.132888793945312
2018-06-07 06:00:00,55.67449,72.0,16.32550811767578
2018-06-07 09:00:00,40.08342,88.0,47.91658020019531
2018-06-07 12:00:00,56.54027,42.0,-14.540271759033203
2018-06-07 15:00:00,60.734352,37.0,-23.734352111816406
2018-06-07 18:00:00,77.03102,50.0,-27.031021118164062
2018-06-07 21:00:00,85.69964,55.0,-30.69963836669922
2018-06-08 00:00:00,92.299385,70.0,-22.29938507080078
2018-06-08 03:00:00,81.64898,57.0,-24.64897918701172
2018-06-08 06:00:00,56.970634,45.0,-11.970634460449219
2018-06-08 09:00:00,56.443527,69.0,12.556472778320312
2018-06-08 12:00:00,78.66436,55.0,-23.66436004638672
2018-06-08 15:00:00,85.52775,76.0,-9.527748107910156
2018-06-08 18:00:00,103.47037,71.0,-32.470367431640625
2018-06-08 21:00:00,107.10869,69.0,-38.10868835449219
2018-06-09 00:00:00,106.16918,59.0,-47.16918182373047
2018-06-09 03:00:00,109.25351,50.0,-59.253509521484375
2018-06-09 06:00:00,97.012505,62.0,-35.01250457763672
2018-06-09 09:00:00,64.75102,55.0,-9.751022338867188
2018-06-09 12:00:00,81.18741,51.0,-30.187408447265625
2018-06-09 15:00:00,90.76393,43.0,-47.76393127441406
2018-06-09 18:00:00,108.174614,41.0,-67.17461395263672
2018-06-09 21:00:00,90.30486,41.0,-49.30486297607422
2018-06-10 00:00:00,77.712685,45.0,-32.712684631347656
2018-06-10 03:00:00,75.63301,36.0,-39.63301086425781
2018-06-10 06:00:00,54.158817,35.0,-19.158817291259766
2018-06-10 09:00:00,54.920177,44.0,-10.920177459716797
2018-06-10 12:00:00,51.564655,65.0,13.435344696044922
2018-06-10 15:00:00,60.53034,148.0,87.46966171264648
2018-06-10 18:00:00,78.773384,84.0,5.226615905761719
2018-06-10 21:00:00,81.80212,196.0,114.19788360595703
2018-06-11 00:00:00,116.05084,91.0,-25.05084228515625
2018-06-11 06:00:00,82.750374,43.0,-39.75037384033203
2018-06-11 09:00:00,58.29753,52.0,-6.2975311279296875
2018-06-11 12:00:00,81.53711,115.0,33.462890625
2018-06-11 15:00:00,95.077324,100.0,4.922676086425781
2018-06-11 21:00:00,111.94447,64.0,-47.94447326660156
2018-06-12 00:00:00,74.71431,65.0,-9.714309692382812
2018-06-12 03:00:00,84.62439,59.0,-25.6243896484375
2018-06-12 06:00:00,73.14497,48.0,-25.144973754882812
2018-06-12 09:00:00,56.723026,45.0,-11.723026275634766
2018-06-12 12:00:00,64.62517,50.0,-14.625167846679688
2018-06-12 15:00:00,76.116066,43.0,-33.116065979003906
2018-06-12 18:00:00,107.80809,91.0,-16.808090209960938
2018-06-12 21:00:00,103.15944,80.0,-23.159439086914062
2018-06-13 00:00:00,110.369,87.0,-23.369003295898438
2018-06-13 03:00:00,95.211365,42.0,-53.21136474609375
2018-06-13 06:00:00,72.29073,32.0,-40.290733337402344
2018-06-13 09:00:00,53.30139,31.0,-22.3013916015625
2018-06-13 18:00:00,96.61426,43.0,-53.6142578125
2018-06-13 21:00:00,104.89407,50.0,-54.894073486328125
2018-06-14 03:00:00,117.15372,54.0,-63.153717041015625
2018-06-14 09:00:00,71.736565,47.0,-24.73656463623047
2018-06-14 15:00:00,52.114388,48.0,-4.114387512207031
2018-06-14 18:00:00,65.733955,52.0,-13.733955383300781
2018-06-14 21:00:00,75.39075,40.0,-35.3907470703125
2018-06-15 00:00:00,78.03749,80.0,1.9625091552734375
2018-06-15 03:00:00,76.67029,54.0,-22.6702880859375
2018-06-15 09:00:00,62.27151,32.0,-30.27151107788086
2018-06-15 12:00:00,58.839306,33.0,-25.839305877685547
2018-06-15 15:00:00,63.004337,27.0,-36.004337310791016
2018-06-15 18:00:00,75.06196,38.0,-37.06195831298828
2018-06-15 21:00:00,54.481007,49.0,-5.481006622314453
2018-06-18 15:00:00,102.82974,59.0,-43.829742431640625
2018-06-18 18:00:00,127.5896,61.0,-66.589599609375
2018-06-18 21:00:00,133.60591,69.0,-64.60591125488281
2018-06-19 00:00:00,92.45127,61.0,-31.451271057128906
2018-06-19 03:00:00,80.65524,45.0,-35.655242919921875
2018-06-19 06:00:00,56.56466,44.0,-12.564659118652344
2018-06-19 09:00:00,39.39749,69.0,29.602508544921875
2018-06-19 12:00:00,59.947014,37.0,-22.94701385498047
2018-06-19 15:00:00,69.04145,36.0,-33.04145050048828
2018-06-19 18:00:00,70.984245,31.0,-39.98424530029297
2018-06-19 21:00:00,63.421566,27.0,-36.421566009521484
2018-06-20 00:00:00,71.5371,15.0,-56.53710174560547
2018-06-20 03:00:00,72.67556,38.0,-34.675559997558594
2018-06-20 06:00:00,60.612366,29.0,-31.61236572265625
2018-06-20 09:00:00,58.441402,198.0,139.55859756469727
2018-06-20 12:00:00,74.81793,96.0,21.18206787109375
2018-06-20 15:00:00,81.503456,54.0,-27.503456115722656
2018-06-20 18:00:00,88.00635,24.0,-64.00634765625
2018-06-20 21:00:00,79.09216,37.0,-42.0921630859375
2018-06-21 00:00:00,37.57384,30.0,-7.573841094970703
2018-06-21 03:00:00,34.371853,45.0,10.62814712524414
2018-06-21 06:00:00,34.26669,47.0,12.73331069946289
2018-06-21 12:00:00,56.542377,164.0,107.45762252807617
2018-06-21 15:00:00,73.90247,99.0,25.09752655029297
2018-06-21 18:00:00,99.57148,442.0,342.4285202026367
2018-06-21 21:00:00,98.932335,299.0,200.06766510009766
2018-06-22 00:00:00,91.339645,123.0,31.660354614257812
2018-06-22 03:00:00,97.88602,24.0,-73.88601684570312
2018-06-22 09:00:00,83.149185,76.0,-7.1491851806640625
2018-06-22 12:00:00,92.583374,110.0,17.4166259765625
2018-06-22 15:00:00,99.545784,103.0,3.4542160034179688
2018-06-22 18:00:00,124.36152,238.0,113.63848114013672
2018-06-22 21:00:00,117.52093,150.0,32.47907257080078
2018-06-23 00:00:00,85.51444,39.0,-46.514442443847656
2018-06-23 03:00:00,90.05697,27.0,-63.056968688964844
2018-06-23 06:00:00,92.87896,53.0,-39.87895965576172
2018-06-23 09:00:00,83.88838,80.0,-3.8883819580078125
2018-06-23 12:00:00,105.3113,363.0,257.6886978149414
2018-06-23 15:00:00,122.57442,220.0,97.42558288574219
2018-06-23 18:00:00,147.75333,87.0,-60.753326416015625
2018-06-23 21:00:00,145.61783,208.0,62.382171630859375
2018-06-24 00:00:00,132.54861,67.0,-65.54861450195312
2018-06-24 03:00:00,129.7932,38.0,-91.79319763183594
2018-06-24 06:00:00,104.4898,37.0,-67.48979949951172
2018-06-24 09:00:00,72.88122,56.0,-16.88121795654297
2018-06-24 12:00:00,67.638664,41.0,-26.63866424560547
2018-06-24 15:00:00,68.420494,61.0,-7.420494079589844
2018-06-24 18:00:00,94.29766,43.0,-51.29766082763672
2018-06-24 21:00:00,103.399315,43.0,-60.399314880371094
2018-06-25 00:00:00,92.2812,58.0,-34.28119659423828
2018-06-25 03:00:00,90.28412,34.0,-56.28411865234375
2018-06-25 06:00:00,76.709854,30.0,-46.70985412597656
2018-06-25 09:00:00,58.263027,34.0,-24.26302719116211
2018-06-25 12:00:00,53.37347,40.0,-13.373470306396484
2018-06-25 15:00:00,55.821148,52.0,-3.821147918701172
2018-06-25 21:00:00,108.93211,36.0,-72.93211364746094
2018-06-26 00:00:00,104.67079,65.0,-39.67079162597656
2018-06-26 03:00:00,109.31666,32.0,-77.31665802001953
2018-06-26 06:00:00,91.36528,47.0,-44.36528015136719
2018-06-26 09:00:00,53.87483,51.0,-2.874828338623047
2018-06-26 15:00:00,62.117977,46.0,-16.117977142333984
2018-06-26 18:00:00,104.08047,61.0,-43.080467224121094
2018-06-27 00:00:00,109.8806,94.0,-15.880599975585938
2018-06-27 03:00:00,107.01388,41.0,-66.01387786865234
2018-06-27 06:00:00,93.310974,44.0,-49.31097412109375
2018-06-27 09:00:00,74.61369,211.0,136.3863067626953
2018-06-27 12:00:00,86.499825,537.0,450.5001754760742
2018-06-27 15:00:00,99.30494,713.0,613.6950607299805
2018-06-27 18:00:00,123.000175,782.0,658.9998245239258
2018-06-27 21:00:00,118.615845,635.0,516.3841552734375
2018-06-28 06:00:00,57.85182,39.0,-18.851821899414062
2018-06-28 09:00:00,36.258823,78.0,41.74117660522461
2018-06-28 12:00:00,49.328037,236.0,186.6719627380371
2018-06-28 15:00:00,69.08658,167.0,97.91342163085938
2018-06-28 18:00:00,113.57713,305.0,191.42286682128906
2018-06-28 21:00:00,104.93716,186.0,81.0628433227539
2018-06-29 00:00:00,102.61573,40.0,-62.61573028564453
2018-06-29 03:00:00,95.50104,57.0,-38.50103759765625
2018-06-29 06:00:00,99.27499,64.0,-35.274986267089844
2018-06-29 09:00:00,94.189316,128.0,33.81068420410156
2018-06-29 12:00:00,74.42304,181.0,106.57695770263672
2018-06-29 15:00:00,83.4691,166.0,82.53089904785156
2018-06-29 18:00:00,122.83067,121.0,-1.8306732177734375
2018-06-29 21:00:00,111.59932,98.0,-13.599319458007812
2018-06-30 00:00:00,70.719124,125.0,54.28087615966797
2018-06-30 03:00:00,61.797436,69.0,7.202564239501953
2018-06-30 06:00:00,63.401443,74.0,10.598556518554688
2018-06-30 09:00:00,51.618828,116.0,64.38117218017578
2018-06-30 12:00:00,65.78807,53.0,-12.788070678710938
2018-06-30 15:00:00,71.64726,53.0,-18.647262573242188
2018-06-30 18:00:00,103.54961,38.0,-65.54960632324219
2018-06-30 21:00:00,92.80893,37.0,-55.808929443359375
2018-07-01 00:00:00,106.02367,69.0,-37.02366638183594
2018-07-01 03:00:00,100.2353,27.0,-73.23529815673828
2018-07-01 09:00:00,57.613876,41.0,-16.613876342773438
2018-07-01 12:00:00,52.06357,42.0,-10.063568115234375
2018-07-01 15:00:00,66.46678,22.0,-44.46678161621094
2018-07-01 18:00:00,92.362144,27.0,-65.36214447021484
2018-07-01 21:00:00,82.431595,37.0,-45.43159484863281
2018-07-02 00:00:00,54.5341,29.0,-25.534099578857422
2018-07-02 03:00:00,63.368473,26.0,-37.368473052978516
2018-07-02 06:00:00,72.26174,34.0,-38.261741638183594
2018-07-02 09:00:00,51.216263,34.0,-17.216262817382812
2018-07-02 12:00:00,56.68494,48.0,-8.684940338134766
2018-07-02 15:00:00,61.56779,46.0,-15.567790985107422
2018-07-02 18:00:00,89.82852,42.0,-47.828521728515625
2018-07-02 21:00:00,119.851845,63.0,-56.851844787597656
2018-07-03 00:00:00,81.552345,51.0,-30.552345275878906
2018-07-03 03:00:00,73.49991,33.0,-40.499908447265625
2018-07-03 09:00:00,37.741074,74.0,36.25892639160156
2018-07-03 12:00:00,27.873283,56.0,28.12671661376953
2018-07-03 15:00:00,34.36048,51.0,16.63951873779297
2018-07-03 18:00:00,80.34567,51.0,-29.345672607421875
2018-07-03 21:00:00,90.00542,80.0,-10.005416870117188
2018-07-04 00:00:00,72.886566,65.0,-7.886566162109375
2018-07-04 03:00:00,89.65048,67.0,-22.650482177734375
2018-07-04 06:00:00,100.83841,92.0,-8.838409423828125
2018-07-04 09:00:00,48.801212,49.0,0.19878768920898438
2018-07-04 12:00:00,46.63548,30.0,-16.635478973388672
2018-07-04 15:00:00,50.422157,27.0,-23.422157287597656
2018-07-04 18:00:00,69.7612,42.0,-27.761199951171875
2018-07-04 21:00:00,84.454994,71.0,-13.454994201660156
2018-07-05 00:00:00,64.22761,77.0,12.772392272949219
2018-07-05 03:00:00,97.32366,64.0,-33.32366180419922
2018-07-05 06:00:00,91.959465,47.0,-44.95946502685547
2018-07-05 09:00:00,69.689575,45.0,-24.6895751953125
2018-07-05 12:00:00,52.833683,38.0,-14.833683013916016
2018-07-05 15:00:00,60.296314,38.0,-22.296314239501953
2018-07-05 18:00:00,71.70911,49.0,-22.7091064453125
2018-07-05 21:00:00,68.538155,48.0,-20.53815460205078
2018-07-06 00:00:00,62.046753,54.0,-8.0467529296875
2018-07-06 03:00:00,89.72392,41.0,-48.72392272949219
2018-07-06 06:00:00,99.220184,49.0,-50.220184326171875
2018-07-06 09:00:00,72.353714,64.0,-8.353713989257812
2018-07-06 12:00:00,49.739357,59.0,9.260643005371094
2018-07-06 15:00:00,49.703205,66.0,16.296794891357422
2018-07-06 18:00:00,56.63628,50.0,-6.636280059814453
2018-07-06 21:00:00,62.225582,46.0,-16.225582122802734
2018-07-07 00:00:00,46.40094,65.0,18.59906005859375
2018-07-07 03:00:00,64.7616,79.0,14.2384033203125
2018-07-07 06:00:00,59.309002,91.0,31.690998077392578
2018-07-07 09:00:00,38.52472,93.0,54.47528076171875
2018-07-07 12:00:00,61.262882,103.0,41.737117767333984
2018-07-07 15:00:00,69.52746,59.0,-10.527458190917969
2018-07-07 18:00:00,91.31668,92.0,0.683319091796875
2018-07-07 21:00:00,96.37529,69.0,-27.375289916992188
2018-07-08 00:00:00,89.49155,70.0,-19.491546630859375
2018-07-08 03:00:00,91.54871,59.0,-32.54871368408203
2018-07-08 06:00:00,77.60195,51.0,-26.601951599121094
2018-07-08 09:00:00,57.777016,45.0,-12.777015686035156
2018-07-08 12:00:00,58.95504,41.0,-17.955039978027344
2018-07-08 15:00:00,62.17806,33.0,-29.178058624267578
2018-07-08 18:00:00,74.32618,33.0,-41.32617950439453
2018-07-08 21:00:00,60.57053,45.0,-15.57052993774414
2018-07-09 00:00:00,42.763985,45.0,2.2360153198242188
2018-07-09 03:00:00,52.219322,30.0,-22.219322204589844
2018-07-09 06:00:00,42.881424,48.0,5.1185760498046875
2018-07-09 12:00:00,49.17206,64.0,14.82794189453125
2018-07-09 15:00:00,71.05609,86.0,14.94390869140625
2018-07-09 18:00:00,103.269485,167.0,63.73051452636719
2018-07-09 21:00:00,95.967834,316.0,220.03216552734375
2018-07-10 00:00:00,98.6613,30.0,-68.66130065917969
2018-07-10 03:00:00,90.46903,28.0,-62.469032287597656
2018-07-10 06:00:00,66.876854,39.0,-27.876853942871094
2018-07-10 09:00:00,38.93706,52.0,13.062938690185547
2018-07-10 12:00:00,47.518597,42.0,-5.518596649169922
2018-07-10 15:00:00,55.207237,29.0,-26.207237243652344
2018-07-10 18:00:00,90.04703,28.0,-62.047027587890625
2018-07-10 21:00:00,97.18747,305.0,207.81253051757812
2018-07-11 00:00:00,93.45149,69.0,-24.451492309570312
2018-07-11 03:00:00,98.76294,45.0,-53.762939453125
2018-07-11 06:00:00,95.98762,56.0,-39.98761749267578
2018-07-11 09:00:00,65.72418,73.0,7.27581787109375
2018-07-11 12:00:00,52.670998,48.0,-4.670997619628906
2018-07-11 15:00:00,56.316593,38.0,-18.316593170166016
2018-07-11 18:00:00,85.72408,56.0,-29.724082946777344
2018-07-11 21:00:00,128.58823,208.0,79.41177368164062
2018-07-12 00:00:00,69.419,110.0,40.58100128173828
2018-07-12 03:00:00,78.102005,92.0,13.897994995117188
2018-07-12 06:00:00,83.703636,85.0,1.2963638305664062
2018-07-12 09:00:00,58.778484,107.0,48.22151565551758
2018-07-12 12:00:00,64.750114,86.0,21.24988555908203
2018-07-12 15:00:00,74.07243,69.0,-5.0724334716796875
2018-07-12 18:00:00,135.34236,93.0,-42.34236145019531
2018-07-12 21:00:00,118.85413,492.0,373.14586639404297
2018-07-13 00:00:00,125.31609,38.0,-87.31609344482422
2018-07-13 03:00:00,111.8824,35.0,-76.88240051269531
2018-07-13 06:00:00,91.460266,46.0,-45.46026611328125
2018-07-13 09:00:00,70.95889,48.0,-22.958892822265625
2018-07-13 12:00:00,67.59842,32.0,-35.598419189453125
2018-07-13 15:00:00,85.1353,30.0,-55.13529968261719
2018-07-13 18:00:00,111.387184,69.0,-42.387184143066406
2018-07-13 21:00:00,94.05448,127.0,32.945518493652344
2018-07-14 00:00:00,54.906536,35.0,-19.906536102294922
2018-07-14 03:00:00,45.425735,30.0,-15.425735473632812
2018-07-14 06:00:00,33.831383,48.0,14.168617248535156
2018-07-14 09:00:00,27.573833,30.0,2.426166534423828
2018-07-14 12:00:00,42.55355,25.0,-17.553550720214844
2018-07-14 15:00:00,46.891956,24.0,-22.891956329345703
2018-07-14 18:00:00,60.23106,28.0,-32.23106002807617
2018-07-14 21:00:00,57.25042,26.0,-31.25041961669922
2018-07-15 00:00:00,89.38264,39.0,-50.38263702392578
2018-07-15 03:00:00,94.60075,42.0,-52.60075378417969
2018-07-15 06:00:00,85.69168,46.0,-39.691680908203125
2018-07-15 09:00:00,52.015026,38.0,-14.015026092529297
2018-07-15 12:00:00,56.82023,28.0,-28.820228576660156
2018-07-15 15:00:00,60.72264,30.0,-30.722640991210938
2018-07-15 18:00:00,89.26679,34.0,-55.26679229736328
2018-07-15 21:00:00,100.563965,49.0,-51.56396484375
2018-07-16 00:00:00,55.954617,36.0,-19.95461654663086
2018-07-16 03:00:00,52.68248,19.0,-33.68247985839844
2018-07-16 06:00:00,37.760174,36.0,-1.7601737976074219
2018-07-16 09:00:00,32.00205,31.0,-1.0020484924316406
2018-07-16 12:00:00,32.908813,25.0,-7.9088134765625
2018-07-16 15:00:00,44.08719,42.0,-2.087188720703125
2018-07-16 21:00:00,79.81407,42.0,-37.81407165527344
2018-07-17 00:00:00,69.58226,41.0,-28.582260131835938
2018-07-17 09:00:00,61.679203,47.0,-14.679203033447266
2018-07-17 12:00:00,63.25763,45.0,-18.25762939453125
2018-07-17 15:00:00,71.660904,87.0,15.339096069335938
2018-07-17 18:00:00,99.44119,268.0,168.55880737304688
2018-07-17 21:00:00,98.44007,83.0,-15.440071105957031
2018-07-18 00:00:00,83.17511,63.0,-20.17510986328125
2018-07-18 03:00:00,77.35684,49.0,-28.356842041015625
2018-07-18 06:00:00,61.876675,93.0,31.12332534790039
2018-07-18 09:00:00,42.549458,66.0,23.450542449951172
2018-07-18 12:00:00,61.824493,41.0,-20.824493408203125
2018-07-18 15:00:00,74.58789,49.0,-25.587890625
2018-07-18 18:00:00,104.99366,52.0,-52.99365997314453
2018-07-18 21:00:00,119.07832,56.0,-63.07832336425781
2018-07-19 00:00:00,127.895874,51.0,-76.8958740234375
2018-07-19 03:00:00,130.78067,141.0,10.219329833984375
2018-07-19 06:00:00,109.25806,101.0,-8.258056640625
2018-07-19 09:00:00,62.588585,42.0,-20.588584899902344
2018-07-19 12:00:00,58.693333,43.0,-15.69333267211914
2018-07-19 15:00:00,59.06395,48.0,-11.063949584960938
2018-07-19 18:00:00,90.408775,59.0,-31.408775329589844
2018-07-19 21:00:00,110.978134,138.0,27.021865844726562
2018-07-20 00:00:00,77.84206,47.0,-30.842056274414062
2018-07-20 03:00:00,92.51903,60.0,-32.51902770996094
2018-07-20 06:00:00,107.35744,72.0,-35.35743713378906
2018-07-20 09:00:00,92.442406,85.0,-7.442405700683594
2018-07-20 12:00:00,103.21219,100.0,-3.212188720703125
2018-07-20 15:00:00,114.34486,116.0,1.6551437377929688
2018-07-20 18:00:00,146.30336,81.0,-65.30335998535156
2018-07-20 21:00:00,134.61295,461.0,326.3870544433594
2018-07-21 00:00:00,87.05979,37.0,-50.059791564941406
2018-07-21 03:00:00,87.41233,32.0,-55.412330627441406
2018-07-21 06:00:00,83.379974,47.0,-36.379974365234375
2018-07-23 03:00:00,49.332016,44.0,-5.3320159912109375
2018-07-23 06:00:00,41.30902,46.0,4.69097900390625
2018-07-23 09:00:00,31.731815,31.0,-0.7318153381347656
2018-07-23 12:00:00,36.64809,32.0,-4.648090362548828
2018-07-23 15:00:00,36.962547,24.0,-12.962547302246094
2018-07-23 18:00:00,61.52709,24.0,-37.5270881652832
2018-07-23 21:00:00,70.35078,27.0,-43.35077667236328
2018-07-24 00:00:00,77.97098,35.0,-42.970977783203125
2018-07-24 03:00:00,87.12539,34.0,-53.125389099121094
2018-07-24 06:00:00,70.131424,66.0,-4.1314239501953125
2018-07-24 09:00:00,44.30592,32.0,-12.305919647216797
2018-07-24 12:00:00,51.644405,42.0,-9.644405364990234
2018-07-24 15:00:00,58.036903,28.0,-30.036903381347656
2018-07-24 18:00:00,83.40681,30.0,-53.40680694580078
2018-07-24 21:00:00,86.37016,42.0,-44.37016296386719
2018-07-25 00:00:00,71.92352,46.0,-25.92352294921875
2018-07-25 03:00:00,65.975655,38.0,-27.97565460205078
2018-07-25 06:00:00,51.08643,49.0,-2.0864295959472656
2018-07-25 09:00:00,41.3454,22.0,-19.345401763916016
2018-07-25 12:00:00,39.21764,21.0,-18.217639923095703
2018-07-25 15:00:00,50.109066,18.0,-32.109066009521484
2018-07-25 18:00:00,77.07013,23.0,-54.07012939453125
2018-07-25 21:00:00,87.533295,33.0,-54.533294677734375
2018-07-26 00:00:00,64.55389,32.0,-32.55388641357422
2018-07-26 03:00:00,102.12284,96.0,-6.122840881347656
2018-07-26 09:00:00,82.82154,102.0,19.17845916748047
2018-07-26 12:00:00,69.74074,76.0,6.2592620849609375
2018-07-26 15:00:00,84.29106,176.0,91.70893859863281
2018-07-26 18:00:00,146.84985,150.0,3.150146484375
2018-07-26 21:00:00,140.03558,452.0,311.96441650390625
2018-07-27 00:00:00,164.88377,183.0,18.116226196289062
2018-07-27 03:00:00,172.39859,85.0,-87.39859008789062
2018-07-27 06:00:00,141.99304,119.0,-22.9930419921875
2018-07-27 09:00:00,115.70978,262.0,146.29022216796875
2018-07-27 12:00:00,111.49064,197.0,85.50936126708984
2018-07-27 15:00:00,140.02695,94.0,-46.026947021484375
2018-07-27 18:00:00,164.9305,76.0,-88.93049621582031
2018-07-27 21:00:00,155.89626,579.0,423.10374450683594
2018-07-28 00:00:00,151.07832,50.0,-101.07832336425781
2018-07-28 03:00:00,156.81178,41.0,-115.81178283691406
2018-07-28 09:00:00,105.859726,208.0,102.14027404785156
2018-07-28 12:00:00,121.804985,107.0,-14.804985046386719
2018-07-28 18:00:00,151.84059,522.0,370.15940856933594
2018-07-28 21:00:00,129.4843,304.0,174.5157012939453
2018-07-29 00:00:00,105.9517,86.0,-19.951698303222656
2018-07-29 03:00:00,103.38113,38.0,-65.3811264038086
2018-07-29 06:00:00,104.459335,36.0,-68.45933532714844
2018-07-29 09:00:00,98.51226,63.0,-35.51226043701172
2018-07-29 12:00:00,103.23901,72.0,-31.239013671875
2018-07-29 18:00:00,144.55827,299.0,154.4417266845703
2018-07-29 21:00:00,137.53516,201.0,63.46484375
2018-07-30 00:00:00,93.26959,95.0,1.73040771484375
2018-07-30 03:00:00,80.871704,38.0,-42.8717041015625
2018-07-30 06:00:00,66.82501,32.0,-34.82501220703125
2018-07-30 09:00:00,53.03741,64.0,10.962589263916016
2018-07-30 12:00:00,60.340652,72.0,11.659347534179688
2018-07-30 15:00:00,79.72971,131.0,51.270286560058594
2018-07-30 18:00:00,103.11078,308.0,204.88922119140625
2018-07-30 21:00:00,92.124535,164.0,71.8754653930664
2018-07-31 00:00:00,90.98881,71.0,-19.988807678222656
2018-07-31 03:00:00,81.12624,27.0,-54.126243591308594
2018-07-31 06:00:00,77.650154,25.0,-52.65015411376953
2018-07-31 12:00:00,71.9765,69.0,-2.97650146484375
2018-07-31 15:00:00,85.86358,76.0,-9.863578796386719
2018-07-31 18:00:00,103.52733,48.0,-55.52732849121094
2018-07-31 21:00:00,94.96512,53.0,-41.965118408203125
2018-08-01 00:00:00,53.467033,24.0,-29.46703338623047
2018-08-01 03:00:00,38.51403,29.0,-9.514030456542969
2018-08-01 06:00:00,29.624062,26.0,-3.6240615844726562
2018-08-01 09:00:00,28.834846,20.0,-8.834846496582031
2018-08-01 12:00:00,35.830227,22.0,-13.83022689819336
2018-08-01 15:00:00,48.47493,29.0,-19.474929809570312
2018-08-01 18:00:00,73.17522,33.0,-40.17521667480469
2018-08-01 21:00:00,81.22447,24.0,-57.22447204589844
2018-08-02 03:00:00,86.816956,43.0,-43.81695556640625
2018-08-02 06:00:00,73.6336,34.0,-39.63359832763672
2018-08-02 09:00:00,49.143066,23.0,-26.14306640625
2018-08-02 12:00:00,53.234543,20.0,-33.23454284667969
2018-08-02 15:00:00,60.330193,22.0,-38.33019256591797
2018-08-02 18:00:00,87.263855,29.0,-58.26385498046875
2018-08-02 21:00:00,94.24798,36.0,-58.24797821044922
2018-08-03 00:00:00,74.71931,36.0,-38.71930694580078
2018-08-03 03:00:00,83.57222,28.0,-55.57221984863281
2018-08-03 06:00:00,72.83143,38.0,-34.83142852783203
2018-08-03 09:00:00,46.517925,30.0,-16.517925262451172
2018-08-03 12:00:00,40.453754,46.0,5.546245574951172
2018-08-03 15:00:00,40.477062,38.0,-2.477062225341797
2018-08-03 18:00:00,64.67729,37.0,-27.677291870117188
2018-08-04 00:00:00,89.605804,45.0,-44.605804443359375
2018-08-04 03:00:00,100.00781,44.0,-56.0078125
2018-08-04 06:00:00,68.56021,63.0,-5.560211181640625
2018-08-04 09:00:00,46.166748,53.0,6.833251953125
2018-08-04 12:00:00,45.935165,33.0,-12.935165405273438
2018-08-04 15:00:00,47.370632,34.0,-13.37063217163086
2018-08-04 18:00:00,74.34619,45.0,-29.34619140625
2018-08-04 21:00:00,83.208305,59.0,-24.20830535888672
2018-08-05 00:00:00,68.3865,43.0,-25.386497497558594
2018-08-05 03:00:00,73.42794,48.0,-25.427940368652344
2018-08-05 06:00:00,66.74986,72.0,5.2501373291015625
2018-08-05 09:00:00,53.31094,25.0,-28.31093978881836
2018-08-05 15:00:00,61.99048,27.0,-34.990478515625
2018-08-05 18:00:00,81.82087,57.0,-24.82086944580078
2018-08-05 21:00:00,89.71995,38.0,-51.719947814941406
2018-08-06 00:00:00,58.092495,38.0,-20.09249496459961
2018-08-06 03:00:00,52.724773,36.0,-16.724773406982422
2018-08-06 06:00:00,47.396725,47.0,-0.3967247009277344
2018-08-06 09:00:00,46.519745,25.0,-21.519744873046875
2018-08-06 12:00:00,48.7139,59.0,10.28609848022461
2018-08-06 15:00:00,62.719437,167.0,104.28056335449219
2018-08-06 18:00:00,100.92594,265.0,164.07405853271484
2018-08-07 00:00:00,119.29205,28.0,-91.29205322265625
2018-08-07 03:00:00,126.73286,35.0,-91.73285675048828
2018-08-07 06:00:00,120.12549,87.0,-33.12548828125
2018-08-07 09:00:00,90.41969,209.0,118.58030700683594
2018-08-07 12:00:00,86.33288,84.0,-2.3328781127929688
2018-08-07 18:00:00,129.90813,217.0,87.09187316894531
2018-08-07 21:00:00,120.243385,238.0,117.7566146850586
2018-08-08 00:00:00,95.40554,38.0,-57.405540466308594
2018-08-08 03:00:00,106.713455,32.0,-74.71345520019531
2018-08-08 12:00:00,94.35462,57.0,-37.35462188720703
2018-08-08 15:00:00,102.56394,49.0,-53.563941955566406
2018-08-08 18:00:00,121.03965,80.0,-41.039649963378906
2018-08-08 21:00:00,117.80958,177.0,59.19042205810547
2018-08-09 00:00:00,94.546745,63.0,-31.54674530029297
2018-08-09 03:00:00,88.802155,18.0,-70.80215454101562
2018-08-09 06:00:00,82.94501,36.0,-46.94500732421875
2018-08-09 12:00:00,61.86292,32.0,-29.862918853759766
2018-08-09 15:00:00,72.577675,71.0,-1.5776748657226562
2018-08-09 18:00:00,100.05442,121.0,20.945579528808594
2018-08-09 21:00:00,99.41778,96.0,-3.4177780151367188
2018-08-10 00:00:00,94.27265,38.0,-56.27265167236328
2018-08-10 03:00:00,85.15417,32.0,-53.15416717529297
2018-08-10 06:00:00,69.678665,37.0,-32.67866516113281
2018-08-10 09:00:00,52.157475,43.0,-9.157474517822266
2018-08-10 12:00:00,52.582436,47.0,-5.582435607910156
2018-08-10 15:00:00,59.877495,33.0,-26.87749481201172
2018-08-10 18:00:00,83.22832,42.0,-41.22831726074219
2018-08-11 00:00:00,56.26839,60.0,3.731609344482422
2018-08-11 03:00:00,54.51898,41.0,-13.518978118896484
2018-08-11 06:00:00,48.791206,31.0,-17.79120635986328
2018-08-11 09:00:00,44.497936,27.0,-17.497936248779297
2018-08-11 12:00:00,44.273746,23.0,-21.273746490478516
2018-08-11 18:00:00,82.6185,59.0,-23.618499755859375
2018-08-11 21:00:00,78.78953,52.0,-26.789527893066406
2018-08-12 00:00:00,57.184025,30.0,-27.184024810791016
2018-08-12 03:00:00,59.200375,28.0,-31.200374603271484
2018-08-12 06:00:00,55.327747,27.0,-28.327747344970703
2018-08-12 09:00:00,46.375362,23.0,-23.375362396240234
2018-08-12 12:00:00,58.64149,26.0,-32.6414909362793
2018-08-12 15:00:00,73.41532,27.0,-46.415321350097656
2018-08-12 18:00:00,105.71512,40.0,-65.71511840820312
2018-08-12 21:00:00,105.80584,121.0,15.194160461425781
2018-08-13 00:00:00,113.45764,24.0,-89.4576416015625
2018-08-13 03:00:00,112.20766,41.0,-71.20765686035156
2018-08-13 06:00:00,109.90834,56.0,-53.90834045410156
2018-08-13 09:00:00,78.74314,89.0,10.256858825683594
2018-08-13 12:00:00,82.700356,276.0,193.29964447021484
2018-08-13 15:00:00,101.35204,356.0,254.64795684814453
2018-08-13 18:00:00,123.72198,404.0,280.2780227661133
2018-08-13 21:00:00,110.82488,171.0,60.17511749267578
2018-08-14 03:00:00,85.8904,30.0,-55.890403747558594
2018-08-14 06:00:00,86.26148,49.0,-37.26148223876953
2018-08-14 09:00:00,71.11999,43.0,-28.11998748779297
2018-08-14 12:00:00,75.18588,50.0,-25.185882568359375
2018-08-14 15:00:00,93.034485,181.0,87.96551513671875
2018-08-14 18:00:00,117.41418,54.0,-63.41417694091797
2018-08-14 21:00:00,117.85119,38.0,-79.85118865966797
2018-08-15 00:00:00,117.323456,42.0,-75.32345581054688
2018-08-15 06:00:00,92.63022,34.0,-58.630218505859375
2018-08-15 09:00:00,58.84294,22.0,-36.84294128417969
2018-08-15 12:00:00,57.60626,22.0,-35.606258392333984
2018-08-15 15:00:00,65.13756,27.0,-38.13755798339844
2018-08-15 21:00:00,96.40417,37.0,-59.40416717529297
2018-08-16 00:00:00,84.04959,60.0,-24.049591064453125
2018-08-16 03:00:00,98.71587,42.0,-56.71587371826172
2018-08-16 06:00:00,94.44193,53.0,-41.441932678222656
2018-08-16 09:00:00,68.72961,65.0,-3.7296066284179688
2018-08-16 12:00:00,63.89996,41.0,-22.899959564208984
2018-08-16 15:00:00,68.91173,28.0,-40.91172790527344
2018-08-16 21:00:00,86.0573,41.0,-45.05729675292969
2018-08-17 00:00:00,52.68248,39.0,-13.682479858398438
2018-08-17 03:00:00,55.352074,44.0,-11.352073669433594
2018-08-17 12:00:00,36.97278,30.0,-6.9727783203125
2018-08-17 15:00:00,48.1823,34.0,-14.182300567626953
2018-08-17 21:00:00,81.27563,37.0,-44.27562713623047
2018-08-18 00:00:00,81.76232,37.0,-44.76232147216797
2018-08-18 03:00:00,85.08482,35.0,-50.08482360839844
2018-08-18 06:00:00,64.337425,35.0,-29.337425231933594
2018-08-18 09:00:00,35.112633,43.0,7.887367248535156
2018-08-18 12:00:00,34.038296,29.0,-5.038295745849609
2018-08-18 18:00:00,75.979645,61.0,-14.979644775390625
2018-08-18 21:00:00,74.14133,72.0,-2.141326904296875
2018-08-19 00:00:00,74.29537,44.0,-30.295372009277344
2018-08-19 03:00:00,78.24633,47.0,-31.24633026123047
2018-08-19 06:00:00,58.35318,51.0,-7.353179931640625
2018-08-19 09:00:00,31.92372,33.0,1.0762805938720703
2018-08-19 12:00:00,51.995358,23.0,-28.995357513427734
2018-08-20 00:00:00,77.46621,35.0,-42.466209411621094
2018-08-20 03:00:00,74.99557,34.0,-40.995567321777344
2018-08-20 12:00:00,39.81859,28.0,-11.818588256835938
2018-08-20 15:00:00,51.915775,40.0,-11.915775299072266
2018-08-20 18:00:00,86.563774,61.0,-25.56377410888672
2018-08-20 21:00:00,99.88059,65.0,-34.880592346191406
2018-08-21 00:00:00,100.745186,36.0,-64.74518585205078
2018-08-21 03:00:00,95.627914,29.0,-66.62791442871094
2018-08-21 06:00:00,76.784996,32.0,-44.784996032714844
2018-08-23 06:00:00,37.088284,54.0,16.91171646118164
2018-08-23 09:00:00,20.219887,40.0,19.780113220214844
2018-08-23 12:00:00,42.463398,39.0,-3.463397979736328
2018-08-23 15:00:00,54.82707,32.0,-22.827068328857422
2018-08-23 18:00:00,63.374386,22.0,-41.374385833740234
2018-08-23 21:00:00,54.205315,32.0,-22.20531463623047
2018-08-24 00:00:00,23.338999,38.0,14.661001205444336
2018-08-24 03:00:00,29.50327,28.0,-1.5032691955566406
2018-08-24 06:00:00,26.091925,51.0,24.9080753326416
2018-08-24 09:00:00,25.75041,22.0,-3.7504100799560547
2018-08-24 12:00:00,39.7863,20.0,-19.786300659179688
2018-08-24 15:00:00,56.627415,43.0,-13.62741470336914
2018-08-24 18:00:00,84.77156,40.0,-44.77156066894531
2018-08-24 21:00:00,91.01575,71.0,-20.0157470703125
2018-08-25 00:00:00,82.94501,46.0,-36.94500732421875
2018-08-25 03:00:00,77.97223,33.0,-44.97222900390625
2018-08-25 06:00:00,80.46038,41.0,-39.46038055419922
2018-08-25 09:00:00,59.598732,29.0,-30.598731994628906
2018-08-25 12:00:00,56.830006,33.0,-23.830005645751953
2018-08-25 15:00:00,74.50513,177.0,102.494873046875
2018-08-25 18:00:00,119.554214,73.0,-46.55421447753906
2018-08-25 21:00:00,131.63936,76.0,-55.63935852050781
2018-08-26 00:00:00,94.19995,25.0,-69.199951171875
2018-08-26 03:00:00,95.25891,31.0,-64.2589111328125
2018-08-26 06:00:00,82.804146,53.0,-29.80414581298828
2018-08-26 09:00:00,58.640125,63.0,4.359874725341797
2018-08-26 12:00:00,50.513336,57.0,6.486663818359375
2018-08-26 15:00:00,66.108215,70.0,3.89178466796875
2018-08-26 18:00:00,107.25194,58.0,-49.25193786621094
2018-08-26 21:00:00,113.19935,62.0,-51.19934844970703
2018-08-27 00:00:00,120.25055,77.0,-43.25054931640625
2018-08-27 03:00:00,109.91596,55.0,-54.91596221923828
2018-08-27 06:00:00,87.45019,73.0,-14.450187683105469
2018-08-27 09:00:00,68.84875,148.0,79.15125274658203
2018-08-27 12:00:00,54.652447,143.0,88.34755325317383
2018-08-27 15:00:00,70.276886,138.0,67.72311401367188
2018-08-27 18:00:00,108.576614,102.0,-6.5766143798828125
2018-08-27 21:00:00,99.60581,111.0,11.394187927246094
2018-08-28 00:00:00,75.91598,58.0,-17.915977478027344
2018-08-28 03:00:00,88.71757,56.0,-32.717567443847656
2018-08-28 06:00:00,88.595245,50.0,-38.595245361328125
2018-08-28 09:00:00,62.011337,57.0,-5.0113372802734375
2018-08-28 12:00:00,59.414448,48.0,-11.414447784423828
2018-08-28 15:00:00,68.49348,45.0,-23.49347686767578
2018-08-28 18:00:00,88.42699,47.0,-41.42698669433594
2018-08-28 21:00:00,89.18528,46.0,-43.185279846191406
2018-08-29 00:00:00,57.65139,42.0,-15.651390075683594
2018-08-29 03:00:00,59.748287,57.0,-2.7482872009277344
2018-08-29 06:00:00,46.07921,55.0,8.920791625976562
2018-08-29 09:00:00,40.03829,40.0,-0.038288116455078125
2018-08-29 12:00:00,47.305603,40.0,-7.30560302734375
2018-08-29 18:00:00,85.48494,42.0,-43.48493957519531
2018-08-29 21:00:00,83.20763,34.0,-49.20762634277344
2018-08-30 00:00:00,53.594135,36.0,-17.594135284423828
2018-08-30 03:00:00,56.32694,45.0,-11.32693862915039
2018-08-30 06:00:00,54.68769,50.0,-4.687690734863281
2018-08-30 09:00:00,46.41197,39.0,-7.411968231201172
2018-08-30 12:00:00,60.51539,37.0,-23.51538848876953
2018-08-30 15:00:00,71.60679,46.0,-25.606788635253906
2018-08-30 18:00:00,105.02453,49.0,-56.02452850341797
2018-08-30 21:00:00,117.68713,55.0,-62.6871337890625
2018-08-31 00:00:00,91.26342,40.0,-51.26342010498047
2018-08-31 03:00:00,78.17323,45.0,-33.17323303222656
2018-08-31 06:00:00,63.56231,42.0,-21.56230926513672
2018-08-31 09:00:00,46.693684,41.0,-5.693683624267578
2018-08-31 12:00:00,48.85635,94.0,45.14365005493164
2018-08-31 15:00:00,70.16433,65.0,-5.164329528808594
2018-08-31 18:00:00,130.92784,56.0,-74.92784118652344
2018-08-31 21:00:00,112.6088,92.0,-20.608802795410156
2018-09-01 00:00:00,81.72094,52.0,-29.72093963623047
2018-09-01 03:00:00,79.53906,47.0,-32.5390625
2018-09-01 06:00:00,71.592125,50.0,-21.592124938964844
2018-09-01 09:00:00,47.72437,51.0,3.2756309509277344
2018-09-01 12:00:00,30.559704,55.0,24.440296173095703
2018-09-01 15:00:00,52.415543,60.0,7.5844573974609375
2018-09-01 18:00:00,94.57926,61.0,-33.579261779785156
2018-09-01 21:00:00,98.72667,56.0,-42.72666931152344
2018-09-02 00:00:00,46.059654,49.0,2.9403457641601562
2018-09-02 03:00:00,58.980164,38.0,-20.98016357421875
2018-09-02 06:00:00,59.942524,38.0,-21.942523956298828
2018-09-02 09:00:00,33.176434,32.0,-1.1764335632324219
2018-09-02 12:00:00,29.442617,28.0,-1.442617416381836
2018-09-02 15:00:00,48.719585,44.0,-4.719585418701172
2018-09-02 18:00:00,98.79238,58.0,-40.792381286621094
2018-09-02 21:00:00,128.39075,38.0,-90.3907470703125
2018-09-03 00:00:00,95.45806,54.0,-41.45806121826172
2018-09-03 09:00:00,55.67631,79.0,23.323688507080078
2018-09-03 15:00:00,45.056366,120.0,74.94363403320312
2018-09-03 18:00:00,78.71341,127.0,48.286590576171875
2018-09-03 21:00:00,94.53322,127.0,32.46678161621094
2018-09-04 00:00:00,92.86396,98.0,5.136039733886719
2018-09-04 03:00:00,95.6536,114.0,18.346397399902344
2018-09-04 06:00:00,78.012535,132.0,53.987464904785156
2018-09-04 09:00:00,56.65879,127.0,70.3412094116211
2018-09-04 12:00:00,69.67531,96.0,26.324691772460938
2018-09-04 15:00:00,82.16156,74.0,-8.16156005859375
2018-09-04 18:00:00,82.40983,68.0,-14.409828186035156
2018-09-04 21:00:00,75.60533,62.0,-13.605331420898438
2018-09-05 00:00:00,49.25323,64.0,14.746768951416016
2018-09-05 03:00:00,66.374245,67.0,0.6257553100585938
2018-09-05 06:00:00,69.03974,80.0,10.960258483886719
2018-09-05 09:00:00,49.059055,79.0,29.94094467163086
2018-09-05 18:00:00,93.11247,78.0,-15.112472534179688
2018-09-05 21:00:00,110.39413,96.0,-14.394126892089844
2018-09-06 00:00:00,110.5285,54.0,-56.52850341796875
2018-09-06 03:00:00,83.703186,49.0,-34.70318603515625
2018-09-06 06:00:00,61.623722,74.0,12.376277923583984
2018-09-06 12:00:00,51.061535,79.0,27.938465118408203
2018-09-06 15:00:00,64.59914,69.0,4.4008636474609375
2018-09-06 18:00:00,103.713776,78.0,-25.713775634765625
2018-09-06 21:00:00,116.501724,76.0,-40.50172424316406
2018-09-07 00:00:00,81.19821,86.0,4.801788330078125
2018-09-07 03:00:00,81.284836,52.0,-29.284835815429688
2018-09-07 06:00:00,59.91046,30.0,-29.91046142578125
2018-09-07 09:00:00,31.70976,16.0,-15.709760665893555
2018-09-07 15:00:00,57.290436,26.0,-31.290435791015625
2018-09-07 21:00:00,91.62375,49.0,-42.623748779296875
2018-09-08 00:00:00,60.85895,54.0,-6.858951568603516
2018-09-08 09:00:00,33.091057,35.0,1.9089431762695312
2018-09-08 12:00:00,49.180927,46.0,-3.180927276611328
2018-09-08 15:00:00,62.841763,45.0,-17.84176254272461
2018-09-08 18:00:00,98.12169,48.0,-50.12168884277344
2018-09-08 21:00:00,101.16742,75.0,-26.16741943359375
2018-09-09 00:00:00,105.10894,90.0,-15.108940124511719
2018-09-09 03:00:00,107.74704,69.0,-38.747039794921875
2018-09-09 06:00:00,90.9472,69.0,-21.94719696044922
2018-09-09 09:00:00,54.298424,60.0,5.701576232910156
2018-09-09 12:00:00,47.072945,85.0,37.92705535888672
2018-09-09 15:00:00,59.753574,57.0,-2.7535743713378906
2018-09-09 18:00:00,78.38753,58.0,-20.387527465820312
2018-09-09 21:00:00,72.67294,56.0,-16.672943115234375
2018-09-10 00:00:00,73.96557,46.0,-27.96556854248047
2018-09-10 03:00:00,74.99079,45.0,-29.99079132080078
2018-09-10 09:00:00,41.659744,45.0,3.3402557373046875
2018-09-10 12:00:00,43.41325,48.0,4.586750030517578
2018-09-10 15:00:00,48.977768,29.0,-19.977767944335938
2018-09-10 18:00:00,66.11072,29.0,-37.1107177734375
2018-09-10 21:00:00,62.575283,41.0,-21.57528305053711
2018-09-11 00:00:00,58.755745,26.0,-32.75574493408203
2018-09-11 03:00:00,91.79769,20.0,-71.79769134521484
2018-09-11 06:00:00,54.830536,40.0,-14.830535888671875
2018-09-11 09:00:00,28.552336,28.0,-0.5523357391357422
2018-09-11 15:00:00,46.33705,39.0,-7.3370513916015625
2018-09-11 18:00:00,113.05235,34.0,-79.05235290527344
2018-09-11 21:00:00,90.238014,88.0,-2.2380142211914062
2018-09-12 00:00:00,69.850784,67.0,-2.8507843017578125
2018-09-12 03:00:00,91.38966,83.0,-8.389663696289062
2018-09-12 09:00:00,56.097065,67.0,10.902935028076172
2018-09-12 12:00:00,51.455574,59.0,7.544425964355469
2018-09-12 15:00:00,69.38308,62.0,-7.383079528808594
2018-09-12 18:00:00,94.21297,51.0,-43.21296691894531
2018-09-12 21:00:00,93.7776,42.0,-51.77760314941406
2018-09-13 00:00:00,70.965485,32.0,-38.965484619140625
2018-09-13 03:00:00,79.725395,25.0,-54.72539520263672
2018-09-13 09:00:00,58.73778,38.0,-20.737781524658203
2018-09-13 15:00:00,55.22543,40.0,-15.22542953491211
2018-09-13 18:00:00,100.36643,56.0,-44.366432189941406
2018-09-13 21:00:00,125.93534,74.0,-51.935340881347656
2018-09-14 00:00:00,103.7007,183.0,79.29930114746094
2018-09-14 03:00:00,107.5166,42.0,-65.5166015625
2018-09-14 06:00:00,88.68778,46.0,-42.687782287597656
2018-09-14 09:00:00,50.50981,56.0,5.4901885986328125
2018-09-14 12:00:00,47.431515,75.0,27.568485260009766
2018-09-14 15:00:00,74.21136,84.0,9.788642883300781
2018-09-14 18:00:00,118.68047,84.0,-34.68047332763672
2018-09-14 21:00:00,118.146034,104.0,-14.146034240722656
2018-09-15 00:00:00,80.34897,95.0,14.651031494140625
2018-09-15 03:00:00,77.218376,93.0,15.781623840332031
2018-09-15 06:00:00,62.386677,91.0,28.613323211669922
2018-09-15 09:00:00,47.9597,70.0,22.040298461914062
2018-09-15 12:00:00,45.83853,86.0,40.161468505859375
2018-09-15 15:00:00,74.85732,69.0,-5.857322692871094
2018-09-15 18:00:00,122.70607,71.0,-51.70606994628906
2018-09-15 21:00:00,143.5684,90.0,-53.56840515136719
2018-09-16 00:00:00,116.1967,92.0,-24.196701049804688
2018-09-16 03:00:00,94.17931,68.0,-26.17931365966797
2018-09-16 06:00:00,76.107086,75.0,-1.107086181640625
2018-09-16 09:00:00,64.51535,55.0,-9.515350341796875
2018-09-16 12:00:00,62.930782,58.0,-4.930782318115234
2018-09-16 15:00:00,75.18941,48.0,-27.189407348632812
2018-09-16 18:00:00,115.053696,41.0,-74.05369567871094
2018-09-16 21:00:00,118.58333,42.0,-76.58332824707031
2018-09-17 00:00:00,117.319984,29.0,-88.31998443603516
2018-09-17 03:00:00,110.608765,30.0,-80.6087646484375
2018-09-17 06:00:00,91.54206,32.0,-59.54206085205078
2018-09-17 09:00:00,80.4489,61.0,-19.448898315429688
2018-09-17 12:00:00,61.88566,59.0,-2.8856582641601562
2018-09-17 15:00:00,84.96284,48.0,-36.96283721923828
2018-09-17 18:00:00,117.70976,48.0,-69.70976257324219
2018-09-17 21:00:00,123.721634,48.0,-75.72163391113281
2018-09-18 00:00:00,82.46024,44.0,-38.460243225097656
2018-09-18 03:00:00,90.59931,52.0,-38.59931182861328
2018-09-18 06:00:00,91.921265,50.0,-41.9212646484375
2018-09-18 09:00:00,76.602646,50.0,-26.602645874023438
2018-09-18 12:00:00,76.53535,56.0,-20.53534698486328
2018-09-18 15:00:00,96.42156,55.0,-41.42156219482422
2018-09-18 18:00:00,130.16234,62.0,-68.16233825683594
2018-09-18 21:00:00,135.28256,56.0,-79.28256225585938
2018-09-19 00:00:00,103.8984,48.0,-55.898399353027344
2018-09-19 03:00:00,106.91474,56.0,-50.91474151611328
2018-09-19 06:00:00,98.967575,68.0,-30.967575073242188
2018-09-19 09:00:00,83.98956,73.0,-10.98956298828125
2018-09-19 12:00:00,107.98135,58.0,-49.981353759765625
2018-09-19 15:00:00,115.861664,51.0,-64.86166381835938
2018-09-19 18:00:00,107.1669,52.0,-55.166900634765625
2018-09-19 21:00:00,96.17497,51.0,-45.17497253417969
2018-09-20 00:00:00,61.297215,51.0,-10.29721450805664
2018-09-20 03:00:00,77.08354,56.0,-21.083541870117188
2018-09-20 06:00:00,76.288414,75.0,-1.2884140014648438
2018-09-20 09:00:00,62.589832,90.0,27.410167694091797
2018-09-20 12:00:00,63.14406,79.0,15.855941772460938
2018-09-20 15:00:00,76.5101,81.0,4.489898681640625
2018-09-20 18:00:00,105.9185,93.0,-12.918502807617188
2018-09-20 21:00:00,97.901535,102.0,4.0984649658203125
2018-09-21 00:00:00,97.738846,101.0,3.2611541748046875
2018-09-21 03:00:00,114.96104,58.0,-56.961036682128906
2018-09-21 06:00:00,91.92899,75.0,-16.928993225097656
2018-09-21 09:00:00,49.307915,83.0,33.69208526611328
2018-09-21 12:00:00,54.450993,34.0,-20.450992584228516
2018-09-21 15:00:00,83.128494,44.0,-39.12849426269531
2018-09-21 21:00:00,109.75555,54.0,-55.75554656982422
2018-09-22 00:00:00,92.77107,109.0,16.228927612304688
2018-09-22 03:00:00,107.66416,77.0,-30.664161682128906
2018-09-22 06:00:00,93.636345,75.0,-18.63634490966797
2018-09-22 09:00:00,63.215454,82.0,18.7845458984375
2018-09-22 12:00:00,61.471382,43.0,-18.47138214111328
2018-09-22 15:00:00,79.65764,38.0,-41.65763854980469
2018-09-22 18:00:00,121.45818,160.0,38.54181671142578
2018-09-22 21:00:00,135.68234,79.0,-56.682342529296875
2018-09-23 00:00:00,115.565285,143.0,27.434715270996094
2018-09-23 03:00:00,102.386024,160.0,57.613975524902344
2018-09-23 06:00:00,86.62198,116.0,29.378021240234375
2018-09-23 09:00:00,44.448257,84.0,39.55174255371094
2018-09-23 12:00:00,57.795887,83.0,25.204113006591797
2018-09-23 15:00:00,82.9603,57.0,-25.960296630859375
2018-09-23 18:00:00,128.27213,45.0,-83.27212524414062
2018-09-23 21:00:00,114.0358,66.0,-48.035797119140625
2018-09-24 00:00:00,87.8344,33.0,-54.83439636230469
2018-09-24 03:00:00,67.32165,36.0,-31.32164764404297
2018-09-24 06:00:00,49.33031,27.0,-22.330310821533203
2018-09-24 09:00:00,35.62627,23.0,-12.626270294189453
2018-09-24 12:00:00,47.285313,27.0,-20.28531265258789
2018-09-24 15:00:00,66.141464,25.0,-41.14146423339844
2018-09-24 18:00:00,86.50147,26.0,-60.50147247314453
2018-09-24 21:00:00,83.529305,58.0,-25.52930450439453
2018-09-25 00:00:00,57.386387,37.0,-20.38638687133789
2018-09-25 03:00:00,60.567062,42.0,-18.567062377929688
2018-09-25 06:00:00,46.020317,38.0,-8.020317077636719
2018-09-25 09:00:00,29.97001,30.0,0.029989242553710938
2018-09-25 12:00:00,32.343224,32.0,-0.34322357177734375
2018-09-25 15:00:00,49.60151,41.0,-8.601509094238281
2018-09-25 18:00:00,73.79714,38.0,-35.797142028808594
2018-09-25 21:00:00,76.10288,38.0,-38.102882385253906
2018-09-26 00:00:00,71.67227,36.0,-35.672271728515625
2018-09-26 03:00:00,73.18374,43.0,-30.183738708496094
2018-09-26 06:00:00,54.91722,54.0,-0.9172210693359375
2018-09-26 09:00:00,29.835974,52.0,22.164026260375977
2018-09-26 12:00:00,33.332584,24.0,-9.332584381103516
2018-09-26 15:00:00,58.957767,37.0,-21.957767486572266
2018-09-26 18:00:00,100.34773,35.0,-65.34773254394531
2018-09-26 21:00:00,93.26857,36.0,-57.26856994628906
2018-09-27 00:00:00,73.09063,112.0,38.90937042236328
2018-09-27 03:00:00,91.07998,74.0,-17.079978942871094
2018-09-27 06:00:00,74.60659,106.0,31.393409729003906
2018-09-27 09:00:00,42.45783,37.0,-5.457828521728516
2018-09-27 15:00:00,71.389534,39.0,-32.38953399658203
2018-09-27 18:00:00,109.81307,53.0,-56.813072204589844
2018-09-27 21:00:00,98.80864,71.0,-27.808639526367188
2018-09-28 00:00:00,84.758766,55.0,-29.758766174316406
2018-09-28 03:00:00,87.36248,41.0,-46.36248016357422
2018-09-28 06:00:00,73.825615,52.0,-21.82561492919922
2018-09-28 09:00:00,38.180927,43.0,4.819072723388672
2018-09-28 12:00:00,23.585016,41.0,17.41498374938965
2018-09-28 15:00:00,49.923073,57.0,7.076927185058594
2018-09-28 18:00:00,88.32711,58.0,-30.327110290527344
2018-09-28 21:00:00,90.21028,68.0,-22.210281372070312
2018-09-29 00:00:00,33.731453,69.0,35.26854705810547
2018-09-29 03:00:00,43.175533,49.0,5.824466705322266
2018-09-29 06:00:00,39.53852,52.0,12.461479187011719
2018-09-29 09:00:00,26.483206,41.0,14.516794204711914
2018-09-29 12:00:00,35.035954,22.0,-13.035953521728516
2018-09-29 18:00:00,98.87941,26.0,-72.87940979003906
2018-09-29 21:00:00,91.278595,35.0,-56.278594970703125
2018-09-30 00:00:00,41.224552,39.0,-2.2245521545410156
2018-09-30 03:00:00,44.663467,36.0,-8.663467407226562
2018-09-30 06:00:00,37.99306,36.0,-1.9930610656738281
2018-09-30 09:00:00,29.760798,28.0,-1.7607975006103516
2018-09-30 12:00:00,39.311203,22.0,-17.311203002929688
2018-09-30 15:00:00,60.9067,21.0,-39.906700134277344
2018-09-30 18:00:00,91.87295,27.0,-64.8729476928711
2018-09-30 21:00:00,93.17205,40.0,-53.17205047607422
2018-10-01 00:00:00,60.631237,50.0,-10.631237030029297
2018-10-01 03:00:00,71.266754,40.0,-31.266754150390625
2018-10-01 06:00:00,71.220825,38.0,-33.2208251953125
2018-10-01 12:00:00,52.275936,29.0,-23.275936126708984
2018-10-01 15:00:00,69.6632,47.0,-22.66320037841797
2018-10-01 18:00:00,119.363335,40.0,-79.36333465576172
2018-10-01 21:00:00,114.43524,33.0,-81.43524169921875
2018-10-02 00:00:00,68.19346,39.0,-29.193458557128906
2018-10-02 03:00:00,66.014084,48.0,-18.014083862304688
2018-10-02 09:00:00,29.531918,68.0,38.468082427978516
2018-10-02 12:00:00,33.96275,44.0,10.037250518798828
2018-10-02 18:00:00,97.66768,45.0,-52.66767883300781
2018-10-02 21:00:00,92.2737,44.0,-48.27369689941406
2018-10-03 00:00:00,86.582535,37.0,-49.58253479003906
2018-10-03 03:00:00,95.77638,44.0,-51.77638244628906
2018-10-03 06:00:00,91.60942,85.0,-6.6094207763671875
2018-10-03 12:00:00,34.852634,39.0,4.147365570068359
2018-10-03 15:00:00,64.53667,28.0,-36.53666687011719
2018-10-03 18:00:00,107.11233,31.0,-76.1123275756836
2018-10-03 21:00:00,99.8516,66.0,-33.851600646972656
2018-10-04 09:00:00,57.74888,63.0,5.251121520996094
2018-10-04 15:00:00,55.478497,37.0,-18.478496551513672
2018-10-04 18:00:00,82.01414,38.0,-44.014137268066406
2018-10-04 21:00:00,85.46408,34.0,-51.464080810546875
2018-10-05 00:00:00,124.12511,30.0,-94.12510681152344
2018-10-05 03:00:00,123.00154,35.0,-88.00154113769531
2018-10-05 06:00:00,102.21987,36.0,-66.2198715209961
2018-10-05 12:00:00,75.42451,48.0,-27.42450714111328
2018-10-05 15:00:00,98.816826,43.0,-55.81682586669922
2018-10-05 18:00:00,121.7951,41.0,-80.79509735107422
2018-10-05 21:00:00,128.29753,46.0,-82.29753112792969
2018-10-06 00:00:00,125.48821,57.0,-68.48821258544922
2018-10-06 03:00:00,119.89243,39.0,-80.8924331665039
2018-10-06 06:00:00,97.83525,47.0,-50.83525085449219
2018-10-06 09:00:00,64.78072,44.0,-20.780723571777344
2018-10-06 12:00:00,78.11747,45.0,-33.117469787597656
2018-10-06 15:00:00,101.89933,50.0,-51.899330139160156
2018-10-06 18:00:00,133.56015,49.0,-84.56015014648438
2018-10-06 21:00:00,136.30814,54.0,-82.30813598632812
2018-10-07 00:00:00,106.80117,101.0,-5.801170349121094
2018-10-07 03:00:00,134.70424,60.0,-74.70423889160156
2018-10-07 09:00:00,65.080345,68.0,2.9196548461914062
2018-10-07 12:00:00,93.403625,56.0,-37.40362548828125
2018-10-07 15:00:00,113.30377,47.0,-66.30377197265625
2018-10-07 18:00:00,115.08837,56.0,-59.08837127685547
2018-10-08 00:00:00,97.371864,65.0,-32.371864318847656
2018-10-08 03:00:00,110.477005,66.0,-44.47700500488281
2018-10-08 06:00:00,117.80912,54.0,-63.809120178222656
2018-10-08 09:00:00,102.55712,59.0,-43.55712127685547
2018-10-08 12:00:00,90.05532,61.0,-29.055320739746094
2018-10-08 15:00:00,94.811386,64.0,-30.811386108398438
2018-10-08 18:00:00,100.04152,67.0,-33.04151916503906
2018-10-08 21:00:00,97.48556,81.0,-16.485557556152344
2018-10-09 00:00:00,88.39402,72.0,-16.394020080566406
2018-10-09 03:00:00,107.74079,77.0,-30.74079132080078
2018-10-09 06:00:00,80.96185,79.0,-1.96185302734375
2018-10-09 09:00:00,56.788166,47.0,-9.788166046142578
2018-10-09 12:00:00,64.31355,43.0,-21.313552856445312
2018-10-09 15:00:00,90.99421,66.0,-24.99420928955078
2018-10-09 18:00:00,94.61616,80.0,-14.616157531738281
2018-10-09 21:00:00,75.978,76.0,0.022003173828125
2018-10-10 00:00:00,107.070946,68.0,-39.070945739746094
2018-10-10 03:00:00,109.74452,66.0,-43.74452209472656
2018-10-10 06:00:00,106.089005,210.0,103.91099548339844
2018-10-10 09:00:00,78.66288,96.0,17.337120056152344
2018-10-10 12:00:00,72.194435,58.0,-14.194435119628906
2018-10-10 21:00:00,105.55846,74.0,-31.558456420898438
2018-10-11 00:00:00,100.11888,64.0,-36.11888122558594
2018-10-11 09:00:00,48.175934,61.0,12.824066162109375
2018-10-11 12:00:00,52.275253,61.0,8.724746704101562
2018-10-12 03:00:00,125.13681,91.0,-34.136810302734375
2018-10-12 09:00:00,73.68652,87.0,13.3134765625
2018-10-12 18:00:00,100.521904,67.0,-33.52190399169922
2018-10-12 21:00:00,99.08945,68.0,-31.089447021484375
2018-10-13 00:00:00,75.90506,78.0,2.094940185546875
2018-10-13 03:00:00,84.4434,93.0,8.556602478027344
2018-10-13 06:00:00,91.85649,86.0,-5.8564910888671875
2018-10-13 09:00:00,70.15382,99.0,28.84618377685547
2018-10-13 12:00:00,70.23653,91.0,20.763473510742188
2018-10-13 15:00:00,89.83215,74.0,-15.8321533203125
2018-10-13 18:00:00,103.88158,84.0,-19.881576538085938
2018-10-13 21:00:00,100.367744,84.0,-16.36774444580078
2018-10-14 00:00:00,85.85948,64.0,-21.859481811523438
2018-10-14 03:00:00,94.64247,66.0,-28.642471313476562
2018-10-14 06:00:00,99.33922,61.0,-38.33921813964844
2018-10-14 12:00:00,65.40631,71.0,5.59368896484375
2018-10-14 15:00:00,79.76541,64.0,-15.765411376953125
2018-10-14 18:00:00,85.644844,68.0,-17.64484405517578
2018-10-14 21:00:00,81.03825,60.0,-21.038253784179688
2018-10-15 00:00:00,85.385185,55.0,-30.38518524169922
2018-10-15 03:00:00,86.19963,56.0,-30.199630737304688
2018-10-15 06:00:00,85.65746,582.0,496.34253692626953
2018-10-15 09:00:00,69.40058,135.0,65.59941864013672
2018-10-15 12:00:00,52.527637,50.0,-2.527637481689453
2018-10-15 15:00:00,73.5256,47.0,-26.525596618652344
2018-10-15 18:00:00,117.87415,263.0,145.12584686279297
2018-10-15 21:00:00,109.39175,124.0,14.608253479003906
2018-10-16 00:00:00,134.5079,155.0,20.492095947265625
2018-10-16 03:00:00,123.69946,209.0,85.300537109375
2018-10-16 06:00:00,101.056915,231.0,129.94308471679688
2018-10-16 09:00:00,68.914,196.0,127.08599853515625
2018-10-16 12:00:00,92.81507,111.0,18.18492889404297
2018-10-16 15:00:00,111.76485,138.0,26.235153198242188
2018-10-16 18:00:00,146.24504,115.0,-31.245040893554688
2018-10-16 21:00:00,149.43066,120.0,-29.4306640625
2018-10-17 00:00:00,176.78166,104.0,-72.78166198730469
2018-10-17 03:00:00,170.33517,97.0,-73.33517456054688
2018-10-17 06:00:00,158.70569,118.0,-40.7056884765625
2018-10-17 09:00:00,115.09519,114.0,-1.0951919555664062
2018-10-17 12:00:00,92.22265,106.0,13.777351379394531
2018-10-17 15:00:00,115.50435,86.0,-29.504348754882812
2018-10-17 18:00:00,150.40802,85.0,-65.40802001953125
2018-10-17 21:00:00,151.7094,89.0,-62.70939636230469
2018-10-18 00:00:00,116.91014,69.0,-47.91014099121094
2018-10-18 03:00:00,120.76901,66.0,-54.769012451171875
2018-10-18 06:00:00,108.94126,76.0,-32.941261291503906
2018-10-18 09:00:00,64.7899,74.0,9.210098266601562
2018-10-18 12:00:00,66.03028,68.0,1.9697189331054688
2018-10-18 15:00:00,88.86059,69.0,-19.86058807373047
2018-10-18 18:00:00,102.68269,57.0,-45.68269348144531
2018-10-18 21:00:00,106.405426,70.0,-36.405426025390625
2018-10-19 00:00:00,122.19027,62.0,-60.190269470214844
2018-10-19 03:00:00,135.82326,61.0,-74.82325744628906
2018-10-19 06:00:00,134.23994,64.0,-70.23994445800781
2018-10-19 09:00:00,98.36856,72.0,-26.368560791015625
2018-10-19 12:00:00,80.423775,91.0,10.576225280761719
2018-10-19 15:00:00,95.55311,74.0,-21.55310821533203
2018-10-19 18:00:00,104.109406,84.0,-20.109405517578125
2018-10-19 21:00:00,115.582,76.0,-39.582000732421875
2018-10-20 00:00:00,113.80564,55.0,-58.805641174316406
2018-10-20 03:00:00,106.09858,95.0,-11.098579406738281
2018-10-20 06:00:00,84.59187,122.0,37.40812683105469
2018-10-20 09:00:00,75.02342,61.0,-14.023422241210938
2018-10-20 12:00:00,49.45491,55.0,5.5450897216796875
2018-10-20 15:00:00,58.97118,64.0,5.028820037841797
2018-10-20 18:00:00,64.30378,51.0,-13.303779602050781
2018-10-21 00:00:00,81.55393,53.0,-28.553932189941406
2018-10-21 03:00:00,102.19162,64.0,-38.191619873046875
2018-10-21 06:00:00,105.60308,175.0,69.39691925048828
2018-10-21 09:00:00,76.933136,180.0,103.06686401367188
2018-10-21 12:00:00,76.24624,211.0,134.7537612915039
2018-10-21 15:00:00,100.090805,150.0,49.90919494628906
2018-10-21 18:00:00,117.39121,101.0,-16.391212463378906
2018-10-21 21:00:00,99.33637,111.0,11.663627624511719
2018-10-22 00:00:00,89.22052,44.0,-45.22052001953125
2018-10-22 03:00:00,92.23709,59.0,-33.237091064453125
2018-10-22 06:00:00,83.90703,35.0,-48.90702819824219
2018-10-22 09:00:00,82.05819,30.0,-52.058189392089844
2018-10-22 12:00:00,65.07014,25.0,-40.07013702392578
2018-10-22 15:00:00,67.72501,25.0,-42.725013732910156
2018-10-22 18:00:00,74.67861,31.0,-43.678611755371094
2018-10-22 21:00:00,93.206154,36.0,-57.206153869628906
2018-10-23 18:00:00,109.8108,34.0,-75.81079864501953
2018-10-23 21:00:00,124.83224,24.0,-100.83223724365234
2018-10-24 00:00:00,158.65317,35.0,-123.65316772460938
2018-10-24 03:00:00,147.03528,43.0,-104.0352783203125
2018-10-24 06:00:00,130.00545,50.0,-80.00544738769531
2018-10-24 09:00:00,98.253624,56.0,-42.253623962402344
2018-10-24 12:00:00,94.231834,78.0,-16.231834411621094
2018-10-24 15:00:00,114.16068,77.0,-37.160682678222656
2018-10-24 18:00:00,149.4775,69.0,-80.47749328613281
2018-10-24 21:00:00,160.79094,67.0,-93.79093933105469
2018-10-25 00:00:00,142.69653,86.0,-56.696533203125
2018-10-25 03:00:00,155.09659,73.0,-82.09658813476562
2018-10-25 06:00:00,114.82905,71.0,-43.82904815673828
2018-10-25 09:00:00,80.754944,72.0,-8.75494384765625
2018-10-25 12:00:00,87.90016,108.0,20.099838256835938
2018-10-25 15:00:00,113.12932,91.0,-22.129318237304688
2018-10-25 18:00:00,118.370964,80.0,-38.37096405029297
2018-10-25 21:00:00,103.86702,72.0,-31.867019653320312
2018-10-26 00:00:00,130.06775,62.0,-68.0677490234375
2018-10-26 03:00:00,126.7681,65.0,-61.768096923828125
2018-10-26 06:00:00,108.35288,51.0,-57.352882385253906
2018-10-26 09:00:00,94.952156,32.0,-62.95215606689453
2018-10-26 12:00:00,81.958435,45.0,-36.95843505859375
2018-10-26 15:00:00,90.01644,50.0,-40.016441345214844
2018-10-26 18:00:00,96.09835,48.0,-48.098350524902344
2018-10-26 21:00:00,120.50896,50.0,-70.50895690917969
2018-10-27 00:00:00,123.99414,53.0,-70.994140625
2018-10-27 03:00:00,115.1484,30.0,-85.14839935302734
2018-10-27 06:00:00,58.9323,32.0,-26.932300567626953
2018-10-27 09:00:00,50.7157,21.0,-29.7156982421875
2018-10-27 12:00:00,88.052956,327.0,238.9470443725586
2018-10-27 15:00:00,103.345314,237.0,133.6546859741211
2018-10-27 18:00:00,110.10854,172.0,61.891456604003906
2018-10-27 21:00:00,107.21669,146.0,38.78330993652344
2018-10-28 00:00:00,94.47376,180.0,85.52623748779297
2018-10-28 03:00:00,81.377945,86.0,4.6220550537109375
2018-10-28 06:00:00,64.86812,47.0,-17.868118286132812
2018-10-28 09:00:00,45.058186,38.0,-7.058185577392578
2018-10-28 12:00:00,48.644325,39.0,-9.644325256347656
2018-10-28 15:00:00,66.42051,28.0,-38.420509338378906
2018-10-28 18:00:00,83.141914,18.0,-65.14191436767578
2018-10-28 21:00:00,80.84316,25.0,-55.843162536621094
2018-10-29 00:00:00,76.42393,13.0,-63.423927307128906
2018-10-29 03:00:00,88.457,23.0,-65.45700073242188
2018-10-29 06:00:00,80.64706,27.0,-53.647056579589844
2018-10-29 09:00:00,72.38259,70.0,-2.3825912475585938
2018-10-29 12:00:00,62.307095,69.0,6.692905426025391
2018-10-29 15:00:00,83.09383,68.0,-15.093826293945312
2018-10-29 18:00:00,115.06722,63.0,-52.067222595214844
2018-10-29 21:00:00,120.81955,78.0,-42.819549560546875
2018-10-30 00:00:00,136.30688,63.0,-73.306884765625
2018-10-30 03:00:00,135.63522,65.0,-70.63522338867188
2018-10-30 06:00:00,102.36795,50.0,-52.367950439453125
2018-10-30 09:00:00,33.98134,27.0,-6.9813385009765625
2018-10-30 12:00:00,42.460102,34.0,-8.460102081298828
2018-10-30 15:00:00,69.609314,33.0,-36.60931396484375
2018-10-30 18:00:00,107.16872,47.0,-60.16871643066406
2018-10-30 21:00:00,106.74467,58.0,-48.744667053222656
2018-10-31 03:00:00,84.71261,60.0,-24.712608337402344
2018-10-31 06:00:00,55.95666,78.0,22.043338775634766
2018-10-31 09:00:00,28.70115,61.0,32.29884910583496
2018-10-31 12:00:00,34.175285,111.0,76.82471466064453
2018-10-31 15:00:00,66.80546,30.0,-36.805458068847656
2018-10-31 18:00:00,111.93288,29.0,-82.93287658691406
2018-10-31 21:00:00,97.612885,38.0,-59.612884521484375
2018-11-01 00:00:00,92.162735,21.0,-71.16273498535156
2018-11-01 03:00:00,84.40338,43.0,-41.40338134765625
2018-11-01 06:00:00,67.99655,48.0,-19.996551513671875
2018-11-01 09:00:00,30.365982,44.0,13.634017944335938
2018-11-01 12:00:00,23.227016,41.0,17.77298355102539
2018-11-01 15:00:00,59.53814,33.0,-26.53813934326172
2018-11-01 18:00:00,105.12451,38.0,-67.12451171875
2018-11-01 21:00:00,84.944756,27.0,-57.94475555419922
2018-11-02 00:00:00,97.86618,19.0,-78.86618041992188
2018-11-02 03:00:00,91.258354,27.0,-64.25835418701172
2018-11-02 06:00:00,76.9877,27.0,-49.987701416015625
2018-11-02 09:00:00,45.679256,46.0,0.3207435607910156
2018-11-02 12:00:00,43.391422,42.0,-1.3914222717285156
2018-11-02 15:00:00,72.30335,39.0,-33.30335235595703
2018-11-02 18:00:00,115.379295,39.0,-76.3792953491211
2018-11-02 21:00:00,128.5797,42.0,-86.57969665527344
2018-11-03 00:00:00,45.101616,47.0,1.8983840942382812
2018-11-03 03:00:00,51.33893,22.0,-29.33892822265625
2018-11-03 06:00:00,49.397045,24.0,-25.397045135498047
2018-11-03 09:00:00,47.1166,47.0,-0.11660003662109375
2018-11-03 12:00:00,54.66609,47.0,-7.666088104248047
2018-11-03 15:00:00,57.038902,30.0,-27.038902282714844
2018-11-03 18:00:00,56.039936,45.0,-11.039936065673828
2018-11-03 21:00:00,56.406746,24.0,-32.40674591064453
2018-11-04 00:00:00,42.05208,30.0,-12.052078247070312
2018-11-04 03:00:00,63.185555,26.0,-37.18555450439453
2018-11-04 06:00:00,53.818043,41.0,-12.818042755126953
2018-11-04 09:00:00,47.654964,42.0,-5.654964447021484
2018-11-04 12:00:00,57.086708,45.0,-12.086708068847656
2018-11-04 15:00:00,79.43879,49.0,-30.43878936767578
2018-11-04 18:00:00,78.50815,26.0,-52.508148193359375
2018-11-04 21:00:00,66.61287,10.0,-56.61286926269531
2018-11-05 00:00:00,33.28091,10.0,-23.28091049194336
2018-11-05 03:00:00,39.886005,20.0,-19.886005401611328
2018-11-05 06:00:00,29.045338,23.0,-6.045337677001953
2018-11-05 09:00:00,40.934082,30.0,-10.93408203125
2018-11-05 12:00:00,51.624397,21.0,-30.62439727783203
2018-11-05 15:00:00,74.037415,22.0,-52.03741455078125
2018-11-05 18:00:00,46.892467,17.0,-29.892467498779297
2018-11-05 21:00:00,25.846361,25.0,-0.8463611602783203
2018-11-06 00:00:00,24.09405,20.0,-4.094049453735352
2018-11-06 03:00:00,45.645435,11.0,-34.64543533325195
2018-11-06 06:00:00,61.918514,20.0,-41.918514251708984
2018-11-06 09:00:00,71.74935,19.0,-52.749351501464844
2018-11-06 12:00:00,76.520676,30.0,-46.52067565917969
2018-11-06 15:00:00,86.85526,23.0,-63.855262756347656
2018-11-06 18:00:00,80.20675,27.0,-53.206748962402344
2018-11-06 21:00:00,71.96741,31.0,-40.9674072265625
2018-11-07 00:00:00,70.7023,44.0,-26.702301025390625
2018-11-07 03:00:00,74.075615,43.0,-31.07561492919922
2018-11-07 06:00:00,68.818054,36.0,-32.81805419921875
2018-11-07 09:00:00,57.343414,54.0,-3.343414306640625
2018-11-07 12:00:00,59.372154,38.0,-21.372154235839844
2018-11-07 15:00:00,85.66587,24.0,-61.665870666503906
2018-11-07 18:00:00,121.953125,23.0,-98.953125
2018-11-07 21:00:00,146.20946,29.0,-117.20945739746094
2018-11-08 00:00:00,106.72306,20.0,-86.72306060791016
2018-11-08 03:00:00,102.05418,16.0,-86.0541763305664
2018-11-08 06:00:00,67.88656,14.0,-53.886558532714844
2018-11-08 09:00:00,66.324844,11.0,-55.32484436035156
2018-11-08 12:00:00,46.357174,14.0,-32.357173919677734
2018-11-08 15:00:00,66.00954,11.0,-55.00953674316406
2018-11-08 18:00:00,96.180885,17.0,-79.1808853149414
2018-11-08 21:00:00,95.5115,12.0,-83.5114974975586
2018-11-09 00:00:00,82.38453,15.0,-67.38452911376953
2018-11-09 03:00:00,54.272163,17.0,-37.27216339111328
2018-11-09 06:00:00,37.673656,8.0,-29.673656463623047
2018-11-09 09:00:00,45.58524,15.0,-30.58523941040039
2018-11-09 12:00:00,60.872593,19.0,-41.87259292602539
2018-11-09 15:00:00,66.94552,23.0,-43.945518493652344
2018-11-09 18:00:00,60.70559,6.0,-54.705589294433594
2018-11-09 21:00:00,64.58504,9.0,-55.58503723144531
2018-11-10 00:00:00,51.49377,10.0,-41.493770599365234
2018-11-10 03:00:00,44.846275,20.0,-24.846275329589844
2018-11-10 06:00:00,39.320866,24.0,-15.320865631103516
2018-11-10 09:00:00,36.857727,18.0,-18.85772705078125
2018-11-10 12:00:00,50.54676,18.0,-32.54676055908203
2018-11-10 15:00:00,64.3995,17.0,-47.399497985839844
2018-11-10 18:00:00,78.160835,23.0,-55.16083526611328
2018-11-10 21:00:00,68.86398,16.0,-52.863983154296875
2018-11-11 00:00:00,53.603798,13.0,-40.603797912597656
2018-11-11 03:00:00,42.557076,15.0,-27.55707550048828
2018-11-11 06:00:00,26.952421,27.0,0.04757881164550781
2018-11-11 09:00:00,27.120222,14.0,-13.120222091674805
2018-11-11 12:00:00,49.878056,25.0,-24.878055572509766
2018-11-11 15:00:00,93.18774,20.0,-73.18773651123047
2018-11-11 18:00:00,85.13996,55.0,-30.13996124267578
2018-11-11 21:00:00,79.55805,69.0,-10.558052062988281
2018-11-12 00:00:00,73.07972,59.0,-14.079719543457031
2018-11-12 03:00:00,76.09015,32.0,-44.09014892578125
2018-11-12 06:00:00,69.10125,41.0,-28.10124969482422
2018-11-12 09:00:00,56.54033,54.0,-2.5403289794921875
2018-11-12 12:00:00,54.78955,88.0,33.21044921875
2018-11-12 15:00:00,81.4382,56.0,-25.438201904296875
2018-11-12 18:00:00,86.12369,49.0,-37.123687744140625
2018-11-12 21:00:00,68.30874,60.0,-8.308738708496094
2018-11-13 00:00:00,60.26312,42.0,-18.263118743896484
2018-11-13 03:00:00,63.772633,49.0,-14.772632598876953
2018-11-13 06:00:00,62.90679,37.0,-25.90679168701172
2018-11-13 09:00:00,48.55224,49.0,0.44776153564453125
2018-11-13 12:00:00,55.6704,47.0,-8.670398712158203
2018-11-13 15:00:00,94.08421,43.0,-51.08421325683594
2018-11-13 18:00:00,113.55292,47.0,-66.55291748046875
2018-11-13 21:00:00,121.86467,44.0,-77.86466979980469
2018-11-14 00:00:00,94.61667,32.0,-62.616668701171875
2018-11-14 03:00:00,116.0588,37.0,-79.05879974365234
2018-11-14 06:00:00,60.878563,55.0,-5.878562927246094
2018-11-14 09:00:00,40.743145,52.0,11.256855010986328
2018-11-14 12:00:00,55.861732,50.0,-5.861732482910156
2018-11-14 15:00:00,56.93255,12.0,-44.93254852294922
2018-11-14 18:00:00,39.19018,15.0,-24.190181732177734
2018-11-14 21:00:00,48.637333,6.0,-42.637332916259766
2018-11-15 00:00:00,53.63256,8.0,-45.63256072998047
2018-11-15 03:00:00,53.213966,10.0,-43.213966369628906
2018-11-15 06:00:00,60.2995,6.0,-54.29949951171875
2018-11-15 09:00:00,76.048195,9.0,-67.0481948852539
2018-11-15 12:00:00,79.89524,11.0,-68.8952407836914
2018-11-15 15:00:00,76.24158,15.0,-61.2415771484375
2018-11-15 18:00:00,64.69463,22.0,-42.69463348388672
2018-11-15 21:00:00,53.31822,17.0,-36.31821823120117
2018-11-16 00:00:00,60.249477,27.0,-33.24947738647461
2018-11-16 03:00:00,85.97129,28.0,-57.971290588378906
2018-11-16 06:00:00,87.29916,29.0,-58.299156188964844
2018-11-16 09:00:00,60.411026,20.0,-40.41102600097656
2018-11-16 12:00:00,73.49899,17.0,-56.498992919921875
2018-11-16 15:00:00,79.24234,15.0,-64.24234008789062
2018-11-16 18:00:00,86.84202,12.0,-74.8420181274414
2018-11-16 21:00:00,85.87688,14.0,-71.87687683105469
2018-11-17 00:00:00,55.903458,32.0,-23.903457641601562
2018-11-17 03:00:00,56.366276,51.0,-5.366275787353516
2018-11-17 06:00:00,60.256355,38.0,-22.25635528564453
2018-11-17 09:00:00,54.92913,39.0,-15.929130554199219
2018-11-17 12:00:00,42.018654,19.0,-23.018653869628906
2018-11-17 15:00:00,62.108425,40.0,-22.10842514038086
2018-11-17 18:00:00,66.466896,45.0,-21.466896057128906
2018-11-17 21:00:00,64.67576,39.0,-25.675758361816406
2018-11-18 00:00:00,92.51937,37.0,-55.519371032714844
2018-11-18 03:00:00,71.436035,28.0,-43.43603515625
2018-11-18 06:00:00,48.39751,26.0,-22.397510528564453
2018-11-18 09:00:00,43.152794,26.0,-17.152793884277344
2018-11-18 12:00:00,67.95267,22.0,-45.952667236328125
2018-11-18 15:00:00,81.38659,25.0,-56.38658905029297
2018-11-18 18:00:00,72.58154,23.0,-49.58154296875
2018-11-18 21:00:00,59.65137,29.0,-30.651371002197266
2018-11-19 00:00:00,40.083477,22.0,-18.083477020263672
2018-11-19 03:00:00,46.922993,28.0,-18.922992706298828
2018-11-19 06:00:00,42.87051,23.0,-19.87051010131836
2018-11-19 09:00:00,34.632366,25.0,-9.632366180419922
2018-11-19 12:00:00,39.074394,15.0,-24.07439422607422
2018-11-19 15:00:00,48.153767,18.0,-30.153766632080078
2018-11-19 18:00:00,45.871048,21.0,-24.871047973632812
2018-11-19 21:00:00,52.144,25.0,-27.144001007080078
2018-11-20 00:00:00,14.417993,21.0,6.58200740814209
2018-11-20 03:00:00,19.976198,15.0,-4.976198196411133
2018-11-20 06:00:00,36.142807,18.0,-18.142807006835938
2018-11-20 09:00:00,45.825287,19.0,-26.825286865234375
2018-11-20 12:00:00,62.631897,26.0,-36.63189697265625
2018-11-20 15:00:00,85.941284,19.0,-66.9412841796875
2018-11-20 18:00:00,78.853134,25.0,-53.85313415527344
2018-11-20 21:00:00,64.34215,19.0,-45.34214782714844
2018-11-21 00:00:00,40.438805,19.0,-21.438804626464844
2018-11-21 03:00:00,42.027637,23.0,-19.027637481689453
2018-11-21 06:00:00,40.99411,23.0,-17.994110107421875
2018-11-21 09:00:00,36.45789,33.0,-3.4578895568847656
2018-11-21 12:00:00,26.611473,16.0,-10.611473083496094
2018-11-21 15:00:00,66.943245,28.0,-38.94324493408203
2018-11-21 18:00:00,90.92901,35.0,-55.92900848388672
2018-11-21 21:00:00,97.752945,45.0,-52.75294494628906
2018-11-22 00:00:00,109.457344,47.0,-62.45734405517578
2018-11-22 03:00:00,131.62639,30.0,-101.62638854980469
2018-11-22 06:00:00,107.20919,55.0,-52.209190368652344
2018-11-22 09:00:00,47.130867,33.0,-14.130867004394531
2018-11-22 12:00:00,40.274586,61.0,20.725414276123047
2018-11-22 15:00:00,73.28941,58.0,-15.289413452148438
2018-11-22 18:00:00,68.323746,48.0,-20.323745727539062
2018-11-22 21:00:00,58.425484,41.0,-17.42548370361328
2018-11-23 00:00:00,45.163914,48.0,2.8360862731933594
2018-11-23 03:00:00,52.324593,17.0,-35.32459259033203
2018-11-23 06:00:00,52.766724,8.0,-44.7667236328125
2018-11-23 09:00:00,67.159904,22.0,-45.15990447998047
2018-11-23 12:00:00,92.16888,14.0,-78.16887664794922
2018-11-23 15:00:00,102.599815,22.0,-80.59981536865234
2018-11-23 18:00:00,98.7709,21.0,-77.7708969116211
2018-11-23 21:00:00,89.11797,41.0,-48.11797332763672
2018-11-24 00:00:00,62.67976,44.0,-18.679759979248047
2018-11-24 03:00:00,59.768127,37.0,-22.76812744140625
2018-11-24 06:00:00,54.5092,56.0,1.4907989501953125
2018-11-24 09:00:00,42.975388,53.0,10.024612426757812
2018-11-24 12:00:00,73.45443,35.0,-38.454429626464844
2018-11-24 15:00:00,111.608185,40.0,-71.60818481445312
2018-11-24 18:00:00,106.41429,42.0,-64.41429138183594
2018-11-24 21:00:00,61.996387,41.0,-20.996387481689453
2018-11-25 00:00:00,26.48926,40.0,13.510740280151367
2018-11-25 03:00:00,42.994884,42.0,-0.9948844909667969
2018-11-25 06:00:00,53.18867,36.0,-17.188671112060547
2018-11-25 09:00:00,60.153297,13.0,-47.153297424316406
2018-11-25 12:00:00,96.41104,17.0,-79.41104125976562
2018-11-25 15:00:00,101.6374,22.0,-79.63739776611328
2018-11-25 18:00:00,93.38351,9.0,-84.38350677490234
2018-11-25 21:00:00,83.059265,22.0,-61.05926513671875
2018-11-26 00:00:00,33.534206,17.0,-16.53420639038086
2018-11-26 03:00:00,39.138058,15.0,-24.138057708740234
2018-11-26 06:00:00,35.69568,22.0,-13.6956787109375
2018-11-26 09:00:00,31.27019,17.0,-14.27018928527832
2018-11-26 12:00:00,34.162327,23.0,-11.16232681274414
2018-11-26 15:00:00,58.684235,17.0,-41.684234619140625
2018-11-26 18:00:00,72.40692,17.0,-55.40692138671875
2018-11-26 21:00:00,77.55125,20.0,-57.551246643066406
2018-11-27 00:00:00,91.91467,26.0,-65.9146728515625
2018-11-27 03:00:00,95.42816,30.0,-65.42816162109375
2018-11-27 21:00:00,101.06197,46.0,-55.061973571777344
2018-11-28 00:00:00,71.28563,59.0,-12.285629272460938
2018-11-28 03:00:00,70.97697,53.0,-17.976966857910156
2018-11-28 06:00:00,67.79368,32.0,-35.793678283691406
2018-11-28 09:00:00,53.732124,42.0,-11.732124328613281
2018-11-28 12:00:00,47.964363,26.0,-21.96436309814453
2018-11-28 15:00:00,85.13348,54.0,-31.13347625732422
2018-11-28 18:00:00,97.36823,46.0,-51.36823272705078
2018-11-28 21:00:00,97.669556,44.0,-53.6695556640625
2018-11-29 00:00:00,100.973015,44.0,-56.97301483154297
2018-11-29 03:00:00,96.39473,60.0,-36.39472961425781
2018-11-29 06:00:00,89.18914,53.0,-36.18914031982422
2018-11-29 09:00:00,67.03425,60.0,-7.034248352050781
2018-11-29 12:00:00,58.50234,96.0,37.49766159057617
2018-11-29 15:00:00,120.15198,72.0,-48.1519775390625
2018-11-29 18:00:00,150.28035,69.0,-81.28034973144531
2018-11-29 21:00:00,159.39395,97.0,-62.393951416015625
2018-11-30 00:00:00,157.23526,73.0,-84.23526000976562
2018-11-30 03:00:00,157.61725,88.0,-69.61724853515625
2018-11-30 06:00:00,153.34308,79.0,-74.34307861328125
2018-11-30 09:00:00,107.73903,66.0,-41.73902893066406
2018-11-30 12:00:00,80.59612,63.0,-17.59612274169922
2018-11-30 15:00:00,102.415245,66.0,-36.415245056152344
2018-11-30 18:00:00,103.591446,53.0,-50.59144592285156
2018-11-30 21:00:00,88.86127,49.0,-39.86126708984375
2018-12-01 00:00:00,77.797264,54.0,-23.797264099121094
2018-12-01 03:00:00,79.79361,51.0,-28.793609619140625
2018-12-01 06:00:00,73.742966,54.0,-19.742965698242188
2018-12-01 09:00:00,64.577644,55.0,-9.577644348144531
2018-12-01 12:00:00,76.54433,48.0,-28.544326782226562
2018-12-01 15:00:00,111.27599,52.0,-59.27599334716797
2018-12-01 18:00:00,115.473656,53.0,-62.473655700683594
2018-12-01 21:00:00,127.30607,59.0,-68.30606842041016
2018-12-02 00:00:00,129.26227,71.0,-58.26226806640625
2018-12-02 03:00:00,142.66731,61.0,-81.66731262207031
2018-12-02 06:00:00,143.23285,62.0,-81.23284912109375
2018-12-02 09:00:00,127.96221,60.0,-67.96221160888672
2018-12-02 12:00:00,85.73466,39.0,-46.734657287597656
2018-12-02 15:00:00,111.79702,75.0,-36.797019958496094
2018-12-02 18:00:00,107.00535,84.0,-23.005348205566406
2018-12-02 21:00:00,92.95149,63.0,-29.951492309570312
2018-12-03 00:00:00,67.445625,71.0,3.5543746948242188
2018-12-03 03:00:00,56.376167,66.0,9.623832702636719
2018-12-03 06:00:00,55.48759,63.0,7.512409210205078
2018-12-03 09:00:00,60.422962,57.0,-3.422962188720703
2018-12-03 12:00:00,82.00624,47.0,-35.00624084472656
2018-12-03 15:00:00,90.68896,50.0,-40.68895721435547
2018-12-03 18:00:00,86.214355,71.0,-15.21435546875
2018-12-03 21:00:00,83.14663,62.0,-21.146629333496094
2018-12-04 00:00:00,108.931885,93.0,-15.931884765625
2018-12-04 03:00:00,116.73672,79.0,-37.736717224121094
2018-12-04 06:00:00,119.41381,99.0,-20.41381072998047
2018-12-04 09:00:00,103.13442,88.0,-15.134422302246094
2018-12-04 12:00:00,139.19737,83.0,-56.19737243652344
2018-12-04 15:00:00,169.93932,103.0,-66.93931579589844
2018-12-04 18:00:00,169.5879,112.0,-57.58790588378906
2018-12-04 21:00:00,152.96223,84.0,-68.96223449707031
2018-12-05 00:00:00,95.15588,78.0,-17.1558837890625
2018-12-05 03:00:00,96.32742,97.0,0.672576904296875
2018-12-05 06:00:00,96.13643,80.0,-16.136428833007812
2018-12-05 09:00:00,77.52169,51.0,-26.521690368652344
2018-12-05 12:00:00,71.98685,60.0,-11.986846923828125
2018-12-05 15:00:00,76.267494,52.0,-24.267494201660156
2018-12-05 18:00:00,62.798336,45.0,-17.798336029052734
2018-12-05 21:00:00,58.00939,44.0,-14.009391784667969
2018-12-06 00:00:00,59.76608,48.0,-11.76607894897461
2018-12-06 03:00:00,43.453384,34.0,-9.453384399414062
2018-12-06 06:00:00,33.54137,35.0,1.4586296081542969
2018-12-06 09:00:00,70.112495,52.0,-18.11249542236328
2018-12-06 12:00:00,122.443115,36.0,-86.443115234375
2018-12-06 15:00:00,163.63492,34.0,-129.63491821289062
2018-12-06 18:00:00,137.54742,23.0,-114.54742431640625
2018-12-06 21:00:00,116.86143,18.0,-98.8614273071289
2018-12-07 00:00:00,47.69754,16.0,-31.697540283203125
2018-12-07 03:00:00,56.54681,30.0,-26.546810150146484
2018-12-07 06:00:00,70.09305,33.0,-37.093048095703125
2018-12-07 09:00:00,63.125298,34.0,-29.12529754638672
2018-12-07 12:00:00,41.90184,22.0,-19.901840209960938
2018-12-07 15:00:00,115.391174,27.0,-88.39117431640625
2018-12-07 18:00:00,160.76337,50.0,-110.76336669921875
2018-12-07 21:00:00,146.86487,35.0,-111.8648681640625
2018-12-08 00:00:00,115.17216,31.0,-84.17215728759766
2018-12-08 03:00:00,107.07788,25.0,-82.077880859375
2018-12-08 06:00:00,90.10961,32.0,-58.10961151123047
2018-12-08 09:00:00,65.57551,28.0,-37.57550811767578
2018-12-08 12:00:00,62.852337,47.0,-15.852336883544922
2018-12-08 15:00:00,122.24007,19.0,-103.24006652832031
2018-12-08 18:00:00,117.30867,21.0,-96.30867004394531
2018-12-08 21:00:00,106.29401,18.0,-88.29400634765625
2018-12-09 00:00:00,91.78223,23.0,-68.7822265625
2018-12-09 03:00:00,98.67472,28.0,-70.67472076416016
2018-12-09 06:00:00,95.52468,30.0,-65.5246810913086
2018-12-09 09:00:00,39.48415,32.0,-7.484149932861328
2018-12-09 12:00:00,39.036934,40.0,0.9630661010742188
2018-12-09 15:00:00,95.35614,30.0,-65.35614013671875
2018-12-09 18:00:00,100.46051,27.0,-73.46051025390625
2018-12-09 21:00:00,84.91838,30.0,-54.91838073730469
2018-12-10 00:00:00,46.377636,27.0,-19.377635955810547
2018-12-10 03:00:00,47.828735,21.0,-26.8287353515625
2018-12-10 06:00:00,43.40052,27.0,-16.40052032470703
2018-12-10 09:00:00,35.010117,32.0,-3.0101165771484375
2018-12-10 12:00:00,28.51948,43.0,14.480520248413086
2018-12-10 15:00:00,59.986973,30.0,-29.98697280883789
2018-12-10 18:00:00,66.3116,44.0,-22.311599731445312
2018-12-10 21:00:00,65.1105,43.0,-22.110496520996094
2018-12-11 00:00:00,61.36463,28.0,-33.36463165283203
2018-12-11 03:00:00,60.310413,62.0,1.6895866394042969
2018-12-11 06:00:00,56.35957,45.0,-11.359569549560547
2018-12-11 09:00:00,41.72,66.0,24.279998779296875
2018-12-11 12:00:00,42.670906,36.0,-6.670906066894531
2018-12-11 15:00:00,67.751274,35.0,-32.75127410888672
2018-12-11 18:00:00,73.89218,30.0,-43.892181396484375
2018-12-11 21:00:00,69.42634,39.0,-30.42633819580078
2018-12-12 00:00:00,31.32243,41.0,9.677570343017578
2018-12-12 03:00:00,41.441128,30.0,-11.44112777709961
2018-12-12 06:00:00,42.345333,50.0,7.654666900634766
2018-12-12 09:00:00,29.714699,34.0,4.285301208496094
2018-12-12 12:00:00,48.006,61.0,12.993999481201172
2018-12-12 15:00:00,94.23081,63.0,-31.230812072753906
2018-12-12 18:00:00,133.20062,67.0,-66.20062255859375
2018-12-12 21:00:00,151.27046,80.0,-71.27046203613281
2018-12-13 00:00:00,170.70709,77.0,-93.70709228515625
2018-12-13 03:00:00,176.22653,73.0,-103.22653198242188
2018-12-13 06:00:00,160.79219,96.0,-64.79219055175781
2018-12-13 09:00:00,92.13267,62.0,-30.132667541503906
2018-12-13 12:00:00,87.67313,43.0,-44.673126220703125
2018-12-13 15:00:00,118.138985,42.0,-76.13898468017578
2018-12-13 18:00:00,151.55615,37.0,-114.55615234375
2018-12-16 21:00:00,130.00449,59.0,-71.00448608398438
2018-12-17 00:00:00,144.92831,46.0,-98.92831420898438
2018-12-17 03:00:00,160.42691,47.0,-113.42691040039062
2018-12-17 06:00:00,141.37004,61.0,-80.37004089355469
2018-12-17 09:00:00,72.66405,49.0,-23.664047241210938
2018-12-17 12:00:00,64.91021,38.0,-26.91020965576172
2018-12-17 15:00:00,69.58709,34.0,-35.58708953857422
2018-12-17 18:00:00,46.649403,37.0,-9.649402618408203
2018-12-17 21:00:00,43.902218,36.0,-7.902217864990234
2018-12-18 00:00:00,61.741615,34.0,-27.741615295410156
2018-12-18 03:00:00,98.06422,43.0,-55.06421661376953
2018-12-18 06:00:00,95.829475,40.0,-55.82947540283203
2018-12-18 09:00:00,92.29325,30.0,-62.293251037597656
2018-12-18 12:00:00,90.26462,35.0,-55.264617919921875
2018-12-18 15:00:00,119.71491,33.0,-86.71491241455078
2018-12-18 18:00:00,127.3093,49.0,-78.3093032836914
2018-12-18 21:00:00,114.65187,74.0,-40.65187072753906
2018-12-19 00:00:00,95.70141,53.0,-42.70140838623047
2018-12-19 03:00:00,82.65102,52.0,-30.651016235351562
2018-12-19 06:00:00,76.09071,45.0,-31.090713500976562
2018-12-19 09:00:00,61.651577,47.0,-14.65157699584961
2018-12-19 12:00:00,66.283005,51.0,-15.283004760742188
2018-12-19 15:00:00,104.10804,59.0,-45.10803985595703
2018-12-19 18:00:00,138.9592,77.0,-61.959197998046875
2018-12-19 21:00:00,152.71666,70.0,-82.71665954589844
2018-12-20 00:00:00,139.68242,69.0,-70.68241882324219
2018-12-20 03:00:00,122.89064,75.0,-47.89064025878906
2018-12-20 06:00:00,94.96239,79.0,-15.962387084960938
2018-12-20 09:00:00,83.82676,59.0,-24.826759338378906
2018-12-20 12:00:00,108.65392,51.0,-57.65392303466797
2018-12-20 15:00:00,145.20634,60.0,-85.20634460449219
2018-12-20 18:00:00,142.44165,62.0,-80.441650390625
2018-12-20 21:00:00,168.9233,61.0,-107.92329406738281
2018-12-21 00:00:00,154.82312,29.0,-125.8231201171875
2018-12-21 03:00:00,129.83258,27.0,-102.83258056640625
2018-12-21 06:00:00,100.55629,26.0,-74.55628967285156
2018-12-21 09:00:00,68.29242,76.0,7.70758056640625
2018-12-21 12:00:00,49.627544,61.0,11.372455596923828
2018-12-21 15:00:00,74.65633,32.0,-42.65632629394531
2018-12-21 18:00:00,87.38726,19.0,-68.38726043701172
2018-12-21 21:00:00,91.88937,22.0,-69.88937377929688
2018-12-22 00:00:00,104.71581,31.0,-73.71581268310547
2018-12-22 03:00:00,91.23903,60.0,-31.239028930664062
2018-12-22 06:00:00,76.030914,41.0,-35.030914306640625
2018-12-22 09:00:00,54.146313,21.0,-33.14631271362305
2018-12-22 12:00:00,45.476723,26.0,-19.476722717285156
2018-12-22 15:00:00,67.597626,28.0,-39.597625732421875
2018-12-22 18:00:00,76.6986,26.0,-50.69860076904297
2018-12-22 21:00:00,75.17928,25.0,-50.179283142089844
2018-12-23 00:00:00,66.12316,29.0,-37.12316131591797
2018-12-23 03:00:00,59.56838,32.0,-27.568378448486328
2018-12-23 06:00:00,51.55613,33.0,-18.556129455566406
2018-12-23 09:00:00,38.826927,20.0,-18.826927185058594
2018-12-23 12:00:00,30.883484,24.0,-6.88348388671875
2018-12-23 15:00:00,59.43366,21.0,-38.433658599853516
2018-12-23 18:00:00,73.895424,24.0,-49.895423889160156
2018-12-23 21:00:00,69.96254,44.0,-25.962539672851562
2018-12-24 00:00:00,82.59974,66.0,-16.59973907470703
2018-12-24 03:00:00,85.70578,48.0,-37.705780029296875
2018-12-24 06:00:00,80.82111,26.0,-54.82111358642578
2018-12-24 09:00:00,51.028793,27.0,-24.028793334960938
2018-12-24 12:00:00,61.852943,58.0,-3.8529434204101562
2018-12-24 15:00:00,96.73585,63.0,-33.73584747314453
2018-12-24 18:00:00,117.95328,69.0,-48.953277587890625
2018-12-24 21:00:00,115.488884,66.0,-49.48888397216797
2018-12-25 00:00:00,133.2578,64.0,-69.25779724121094
2018-12-25 03:00:00,126.131454,74.0,-52.13145446777344
2018-12-25 06:00:00,113.18912,74.0,-39.189117431640625
2018-12-25 09:00:00,57.13889,25.0,-32.13888931274414
2018-12-25 12:00:00,47.118305,33.0,-14.118305206298828
2018-12-25 15:00:00,72.35468,24.0,-48.35468292236328
2018-12-25 18:00:00,83.159645,31.0,-52.159645080566406
2018-12-25 21:00:00,80.313156,35.0,-45.31315612792969
2018-12-26 00:00:00,87.60537,32.0,-55.605369567871094
2018-12-26 03:00:00,92.07361,37.0,-55.0736083984375
2018-12-26 06:00:00,88.69813,53.0,-35.69812774658203
2018-12-26 09:00:00,58.487957,24.0,-34.48795700073242
2018-12-26 12:00:00,45.07558,38.0,-7.075580596923828
2018-12-26 15:00:00,103.444565,35.0,-68.44456481933594
2018-12-26 18:00:00,116.57528,37.0,-79.57527923583984
2018-12-26 21:00:00,90.97164,43.0,-47.971641540527344
2018-12-27 00:00:00,83.99365,48.0,-35.99365234375
2018-12-27 03:00:00,67.23167,39.0,-28.231666564941406
2018-12-27 06:00:00,45.907883,46.0,0.0921173095703125
2018-12-27 09:00:00,51.225243,39.0,-12.225242614746094
2018-12-27 12:00:00,75.636536,27.0,-48.63653564453125
2018-12-27 15:00:00,91.61573,30.0,-61.61573028564453
2018-12-27 21:00:00,114.36123,38.0,-76.3612289428711
2018-12-28 00:00:00,139.07515,34.0,-105.07514953613281
2018-12-28 03:00:00,177.41138,31.0,-146.411376953125
2018-12-28 06:00:00,213.31244,31.0,-182.31243896484375
2018-12-28 09:00:00,205.53784,38.0,-167.537841796875
2018-12-28 12:00:00,157.78624,58.0,-99.78623962402344
2018-12-28 15:00:00,135.34276,30.0,-105.34275817871094
2018-12-28 18:00:00,98.40278,28.0,-70.40277862548828
2018-12-28 21:00:00,86.62926,15.0,-71.62925720214844
2018-12-29 00:00:00,81.01483,23.0,-58.01483154296875
2018-12-29 03:00:00,85.323906,25.0,-60.32390594482422
2018-12-29 06:00:00,92.83769,27.0,-65.83769226074219
2018-12-29 09:00:00,67.13984,25.0,-42.13983917236328
2018-12-29 12:00:00,48.15155,22.0,-26.15155029296875
2018-12-29 15:00:00,66.072914,23.0,-43.072914123535156
2018-12-29 18:00:00,84.535484,19.0,-65.53548431396484
2018-12-29 21:00:00,89.68539,30.0,-59.685386657714844
2018-12-30 00:00:00,73.09927,23.0,-50.099273681640625
2018-12-30 03:00:00,79.66264,27.0,-52.66264343261719
2018-12-30 06:00:00,77.09326,34.0,-43.09326171875
2018-12-30 09:00:00,49.134655,19.0,-30.134654998779297
2018-12-30 12:00:00,34.50009,26.0,-8.500091552734375
2018-12-30 15:00:00,39.754925,19.0,-20.754924774169922
2018-12-30 18:00:00,46.70585,20.0,-26.705848693847656
2018-12-30 21:00:00,45.056255,22.0,-23.056255340576172
2018-12-31 00:00:00,60.62203,25.0,-35.62202835083008
2018-12-31 03:00:00,53.988514,23.0,-30.988513946533203
2018-12-31 06:00:00,53.045937,21.0,-32.045936584472656
2018-12-31 09:00:00,49.06599,23.0,-26.065990447998047
2018-12-31 12:00:00,48.48408,18.0,-30.484081268310547
2018-12-31 15:00:00,73.90213,24.0,-49.902130126953125
2018-12-31 18:00:00,82.70087,32.0,-50.70086669921875
2018-12-31 21:00:00,78.86104,43.0,-35.86103820800781
2019-01-01 00:00:00,85.04514,30.0,-55.045143127441406
2019-01-01 03:00:00,90.91269,31.0,-59.912689208984375
2019-01-01 06:00:00,91.08032,33.0,-58.080322265625
2019-01-01 09:00:00,60.79719,34.0,-26.797191619873047
2019-01-01 12:00:00,52.137123,42.0,-10.137123107910156
2019-01-01 15:00:00,98.51027,44.0,-54.51026916503906
2019-01-01 18:00:00,118.54081,47.0,-71.54080963134766
2019-01-01 21:00:00,112.921555,47.0,-65.92155456542969
2019-01-02 00:00:00,76.715195,48.0,-28.715194702148438
2019-01-02 03:00:00,59.616924,33.0,-26.616924285888672
2019-01-02 06:00:00,41.044132,37.0,-4.044132232666016
2019-01-02 09:00:00,31.812532,36.0,4.187467575073242
2019-01-02 12:00:00,38.52631,44.0,5.473690032958984
2019-01-02 15:00:00,64.24329,46.0,-18.24329376220703
2019-01-02 18:00:00,80.18639,52.0,-28.18639373779297
2019-01-02 21:00:00,107.540924,53.0,-54.540924072265625
2019-01-03 00:00:00,126.0762,59.0,-67.07620239257812
2019-01-03 03:00:00,142.72052,36.0,-106.72052001953125
2019-01-03 06:00:00,205.40051,30.0,-175.4005126953125
2019-01-03 09:00:00,240.2145,92.0,-148.21449279785156
2019-01-03 12:00:00,154.24638,35.0,-119.24638366699219
2019-01-03 15:00:00,111.94612,19.0,-92.94612121582031
2019-01-03 18:00:00,105.855125,32.0,-73.8551254272461
2019-01-03 21:00:00,112.87477,56.0,-56.87477111816406
2019-01-04 00:00:00,73.166916,44.0,-29.166915893554688
2019-01-04 03:00:00,58.116085,47.0,-11.116085052490234
2019-01-04 06:00:00,51.507355,39.0,-12.507354736328125
2019-01-04 09:00:00,40.332508,30.0,-10.332508087158203
2019-01-04 12:00:00,51.012875,45.0,-6.012874603271484
2019-01-04 15:00:00,81.11056,30.0,-51.110557556152344
2019-01-04 18:00:00,96.05424,33.0,-63.054237365722656
2019-01-04 21:00:00,90.6171,25.0,-65.61710357666016
2019-01-05 00:00:00,77.62264,37.0,-40.622642517089844
2019-01-05 03:00:00,88.022606,40.0,-48.022605895996094
2019-01-05 06:00:00,86.122665,49.0,-37.12266540527344
2019-01-05 09:00:00,57.48507,49.0,-8.485069274902344
2019-01-05 12:00:00,46.012474,42.0,-4.012474060058594
2019-01-05 15:00:00,102.40876,71.0,-31.40876007080078
2019-01-05 18:00:00,120.848885,51.0,-69.84888458251953
2019-01-05 21:00:00,82.721275,60.0,-22.721275329589844
2019-01-06 00:00:00,28.146929,49.0,20.853071212768555
2019-01-06 03:00:00,27.252554,39.0,11.747446060180664
2019-01-06 06:00:00,47.906384,63.0,15.093616485595703
2019-01-06 09:00:00,98.402466,38.0,-60.4024658203125
2019-01-06 12:00:00,173.23276,45.0,-128.23275756835938
2019-01-06 15:00:00,210.72197,44.0,-166.7219696044922
2019-01-06 18:00:00,206.39067,59.0,-147.3906707763672
2019-01-06 21:00:00,237.2347,75.0,-162.2346954345703
2019-01-07 00:00:00,181.9252,49.0,-132.92520141601562
2019-01-07 03:00:00,147.26152,26.0,-121.26152038574219
2019-01-07 06:00:00,108.504875,17.0,-91.50487518310547
2019-01-07 09:00:00,73.8346,27.0,-46.83460235595703
2019-01-07 12:00:00,45.11594,44.0,-1.1159400939941406
2019-01-07 15:00:00,74.2948,45.0,-29.2947998046875
2019-01-07 18:00:00,94.66089,72.0,-22.660888671875
2019-01-07 21:00:00,110.59183,75.0,-35.591827392578125
2019-01-08 00:00:00,118.82707,70.0,-48.82707214355469
2019-01-08 03:00:00,125.72309,68.0,-57.72309112548828
2019-01-08 06:00:00,126.28812,79.0,-47.288116455078125
2019-01-08 09:00:00,105.66219,70.0,-35.662193298339844
2019-01-08 12:00:00,94.43477,59.0,-35.43476867675781
2019-01-08 15:00:00,111.350914,44.0,-67.35091400146484
2019-01-08 18:00:00,124.23584,45.0,-79.23583984375
2019-01-08 21:00:00,148.52151,39.0,-109.52151489257812
2019-01-09 00:00:00,152.13863,35.0,-117.13862609863281
2019-01-09 03:00:00,120.14084,40.0,-80.14083862304688
2019-01-09 06:00:00,118.03263,34.0,-84.03263092041016
2019-01-09 09:00:00,100.41515,46.0,-54.41515350341797
2019-01-09 12:00:00,85.67008,35.0,-50.670082092285156
2019-01-09 15:00:00,80.455666,43.0,-37.455665588378906
2019-01-09 18:00:00,79.34034,45.0,-34.34033966064453
2019-01-09 21:00:00,79.28634,29.0,-50.286338806152344
2019-01-10 00:00:00,82.08769,18.0,-64.08769226074219
2019-01-10 03:00:00,91.84703,24.0,-67.84703063964844
2019-01-10 06:00:00,94.69375,31.0,-63.693748474121094
2019-01-10 09:00:00,49.678875,59.0,9.321125030517578
2019-01-10 12:00:00,42.22852,33.0,-9.228519439697266
2019-01-10 15:00:00,50.898735,30.0,-20.89873504638672
2019-01-10 18:00:00,51.806637,24.0,-27.806636810302734
2019-01-10 21:00:00,52.683846,24.0,-28.68384552001953
2019-01-11 00:00:00,57.28771,29.0,-28.287708282470703
2019-01-11 03:00:00,52.328575,21.0,-31.328575134277344
2019-01-11 06:00:00,39.260612,24.0,-15.260612487792969
2019-01-11 09:00:00,29.566025,14.0,-15.566024780273438
2019-01-11 12:00:00,35.245365,15.0,-20.245365142822266
2019-01-11 15:00:00,57.001217,20.0,-37.001216888427734
2019-01-11 18:00:00,71.7805,28.0,-43.78050231933594
2019-01-11 21:00:00,72.00128,27.0,-45.00128173828125
2019-01-12 00:00:00,74.235344,48.0,-26.23534393310547
2019-01-12 03:00:00,68.25746,37.0,-31.257461547851562
2019-01-12 06:00:00,58.847263,34.0,-24.84726333618164
2019-01-12 09:00:00,43.765396,21.0,-22.765396118164062
2019-01-12 12:00:00,39.51396,33.0,-6.5139617919921875
2019-01-12 15:00:00,57.8367,32.0,-25.836700439453125
2019-01-12 18:00:00,112.51336,35.0,-77.51335906982422
2019-01-12 21:00:00,144.6192,32.0,-112.61920166015625
2019-01-13 00:00:00,123.46686,41.0,-82.46685791015625
2019-01-13 03:00:00,92.466736,36.0,-56.46673583984375
2019-01-13 06:00:00,57.722218,38.0,-19.722217559814453
2019-01-13 09:00:00,55.070103,30.0,-25.07010269165039
2019-01-13 12:00:00,90.4148,42.0,-48.41480255126953
2019-01-13 15:00:00,89.58341,44.0,-45.583412170410156
2019-01-13 18:00:00,64.03161,25.0,-39.03160858154297
2019-01-13 21:00:00,70.85259,27.0,-43.85259246826172
2019-01-14 00:00:00,124.90841,41.0,-83.90840911865234
2019-01-14 03:00:00,183.23601,45.0,-138.2360076904297
2019-01-14 06:00:00,221.4041,39.0,-182.4040985107422
2019-01-14 09:00:00,269.77686,172.0,-97.77685546875
2019-01-14 12:00:00,314.0617,105.0,-209.06170654296875
2019-01-14 15:00:00,391.75064,119.0,-272.7506408691406
2019-01-14 18:00:00,345.35504,49.0,-296.35504150390625
2019-01-14 21:00:00,269.77454,62.0,-207.7745361328125
2019-01-15 00:00:00,189.3203,67.0,-122.32029724121094
2019-01-15 03:00:00,161.38336,64.0,-97.38336181640625
2019-01-15 06:00:00,150.15393,54.0,-96.1539306640625
2019-01-15 09:00:00,146.24828,64.0,-82.24827575683594
2019-01-15 12:00:00,126.70767,63.0,-63.707672119140625
2019-01-15 15:00:00,157.38062,56.0,-101.380615234375
2019-01-15 18:00:00,172.17798,47.0,-125.177978515625
2019-01-15 21:00:00,183.28523,54.0,-129.2852325439453
2019-01-16 00:00:00,187.44618,55.0,-132.44618225097656
2019-01-16 03:00:00,191.59506,61.0,-130.59506225585938
2019-01-16 06:00:00,119.60856,73.0,-46.608558654785156
2019-01-16 09:00:00,52.134056,53.0,0.8659439086914062
2019-01-16 12:00:00,81.49721,54.0,-27.497207641601562
2019-01-16 15:00:00,141.40955,49.0,-92.4095458984375
2019-01-16 18:00:00,165.33186,55.0,-110.33186340332031
2019-01-16 21:00:00,186.08057,52.0,-134.08056640625
2019-01-17 00:00:00,197.27861,40.0,-157.2786102294922
2019-01-17 03:00:00,203.00104,43.0,-160.00103759765625
2019-01-17 06:00:00,305.73846,576.0,270.26153564453125
2019-01-17 09:00:00,298.68216,452.0,153.31784057617188
2019-01-17 12:00:00,219.56345,345.0,125.43655395507812
2019-01-17 15:00:00,240.32329,259.0,18.676712036132812
2019-01-17 18:00:00,262.3894,132.0,-130.389404296875
2019-01-17 21:00:00,275.258,117.0,-158.25799560546875
2019-01-18 00:00:00,304.23428,105.0,-199.23428344726562
2019-01-18 03:00:00,285.82532,107.0,-178.8253173828125
2019-01-18 06:00:00,254.96184,198.0,-56.96183776855469
2019-01-18 09:00:00,217.7302,188.0,-29.730194091796875
2019-01-18 12:00:00,185.58183,215.0,29.418167114257812
2019-01-18 15:00:00,122.33772,159.0,36.66227722167969
2019-01-18 18:00:00,77.25805,22.0,-55.25804901123047
2019-01-18 21:00:00,62.787308,25.0,-37.78730773925781
2019-01-19 00:00:00,77.22821,18.0,-59.22821044921875
2019-01-19 03:00:00,91.32691,30.0,-61.32691192626953
2019-01-19 06:00:00,77.798294,27.0,-50.79829406738281
2019-01-19 09:00:00,47.795425,29.0,-18.795425415039062
2019-01-19 12:00:00,44.788918,33.0,-11.788917541503906
2019-01-19 15:00:00,53.369034,20.0,-33.36903381347656
2019-01-19 18:00:00,66.11003,19.0,-47.11003112792969
2019-01-19 21:00:00,67.968475,25.0,-42.968475341796875
2019-01-20 00:00:00,39.70217,20.0,-19.702171325683594
2019-01-20 03:00:00,39.62771,23.0,-16.627708435058594
2019-01-20 06:00:00,35.57801,29.0,-6.578010559082031
2019-01-20 09:00:00,24.116673,25.0,0.8833274841308594
2019-01-20 12:00:00,32.29587,42.0,9.70412826538086
2019-01-20 15:00:00,53.180485,35.0,-18.180484771728516
2019-01-20 18:00:00,71.076614,30.0,-41.07661437988281
2019-01-20 21:00:00,69.69617,32.0,-37.6961669921875
2019-01-21 00:00:00,85.99136,25.0,-60.991363525390625
2019-01-21 03:00:00,83.43989,31.0,-52.43988800048828
2019-01-21 06:00:00,76.98543,35.0,-41.98542785644531
2019-01-21 09:00:00,55.208347,37.0,-18.20834732055664
2019-01-21 12:00:00,49.65682,28.0,-21.656818389892578
2019-01-21 15:00:00,80.558266,30.0,-50.558265686035156
2019-01-21 18:00:00,110.885025,36.0,-74.88502502441406
2019-01-21 21:00:00,120.97439,38.0,-82.9743881225586
2019-01-22 00:00:00,105.9725,28.0,-77.97250366210938
2019-01-22 03:00:00,94.70273,35.0,-59.702728271484375
2019-01-22 21:00:00,115.93113,51.0,-64.9311294555664
2019-01-23 00:00:00,152.74258,66.0,-86.74258422851562
2019-01-23 03:00:00,157.48833,52.0,-105.48832702636719
2019-01-23 06:00:00,160.14224,52.0,-108.14224243164062
2019-01-23 09:00:00,126.037605,34.0,-92.03760528564453
2019-01-23 12:00:00,142.17395,40.0,-102.1739501953125
2019-01-23 15:00:00,166.03531,38.0,-128.03530883789062
2019-01-23 18:00:00,184.26932,35.0,-149.26931762695312
2019-01-23 21:00:00,192.86597,51.0,-141.865966796875
2019-01-24 00:00:00,162.32843,55.0,-107.32843017578125
2019-01-24 03:00:00,141.38539,48.0,-93.38539123535156
2019-01-24 06:00:00,143.02629,55.0,-88.02629089355469
2019-01-24 09:00:00,120.75896,63.0,-57.75895690917969
2019-01-24 12:00:00,124.05573,48.0,-76.05573272705078
2019-01-24 15:00:00,149.73204,38.0,-111.73204040527344
2019-01-24 18:00:00,152.53227,49.0,-103.53227233886719
2019-01-24 21:00:00,154.2972,52.0,-102.29719543457031
2019-01-25 00:00:00,143.43738,57.0,-86.4373779296875
2019-01-25 03:00:00,157.9316,61.0,-96.93159484863281
2019-01-25 09:00:00,185.79846,113.0,-72.7984619140625
2019-01-25 12:00:00,173.64426,103.0,-70.64425659179688
2019-01-25 15:00:00,220.07782,71.0,-149.07781982421875
2019-01-25 18:00:00,245.87439,79.0,-166.8743896484375
2019-01-25 21:00:00,243.41745,73.0,-170.41744995117188
2019-01-26 00:00:00,201.0907,77.0,-124.0906982421875
2019-01-26 03:00:00,176.54713,81.0,-95.54713439941406
2019-01-26 06:00:00,169.58945,108.0,-61.589447021484375
2019-01-26 09:00:00,165.39911,76.0,-89.39910888671875
2019-01-26 12:00:00,170.46512,73.0,-97.46511840820312
2019-01-26 15:00:00,188.78041,74.0,-114.78041076660156
2019-01-26 18:00:00,178.71582,78.0,-100.7158203125
2019-01-26 21:00:00,154.85648,30.0,-124.85647583007812
2019-01-27 00:00:00,150.56155,33.0,-117.56155395507812
2019-01-27 03:00:00,129.75409,30.0,-99.75408935546875
2019-01-27 06:00:00,103.010056,42.0,-61.01005554199219
2019-01-27 09:00:00,101.19805,44.0,-57.19805145263672
2019-01-27 12:00:00,129.80609,43.0,-86.80609130859375
2019-01-27 15:00:00,110.599785,42.0,-68.59978485107422
2019-01-27 18:00:00,97.4523,34.0,-63.452301025390625
2019-01-27 21:00:00,88.76384,29.0,-59.76383972167969
2019-01-28 00:00:00,92.09998,31.0,-61.09998321533203
2019-01-28 03:00:00,143.49643,34.0,-109.49642944335938
2019-01-28 06:00:00,201.5363,40.0,-161.5363006591797
2019-01-28 09:00:00,231.35184,44.0,-187.35183715820312
2019-01-28 12:00:00,245.77324,45.0,-200.7732391357422
2019-01-28 15:00:00,197.94652,63.0,-134.94651794433594
2019-01-28 18:00:00,175.68971,34.0,-141.68971252441406
2019-01-28 21:00:00,287.66885,219.0,-68.66885375976562
2019-01-29 00:00:00,190.32712,115.0,-75.32711791992188
2019-01-29 03:00:00,107.596176,38.0,-69.59617614746094
2019-01-29 06:00:00,108.81774,31.0,-77.81774139404297
2019-01-29 09:00:00,81.00849,31.0,-50.00849151611328
2019-01-29 12:00:00,79.10296,22.0,-57.10295867919922
2019-01-29 15:00:00,107.90052,17.0,-90.90052032470703
2019-01-29 18:00:00,150.93343,19.0,-131.9334259033203
2019-01-29 21:00:00,144.46767,22.0,-122.46766662597656
2019-01-30 00:00:00,134.3809,19.0,-115.38090515136719
2019-01-30 03:00:00,127.04925,15.0,-112.04924774169922
2019-01-30 06:00:00,126.814026,43.0,-83.81402587890625
2019-01-30 09:00:00,99.402084,37.0,-62.40208435058594
2019-01-30 12:00:00,88.65459,31.0,-57.65458679199219
2019-01-30 15:00:00,117.95015,24.0,-93.95014953613281
2019-01-30 18:00:00,141.66307,38.0,-103.66307067871094
2019-01-30 21:00:00,160.60226,36.0,-124.60226440429688
2019-01-31 00:00:00,150.79514,36.0,-114.79513549804688
2019-01-31 03:00:00,170.48189,45.0,-125.48188781738281
2019-01-31 06:00:00,141.94257,36.0,-105.94256591796875
2019-01-31 09:00:00,78.76508,30.0,-48.76508331298828
2019-01-31 12:00:00,60.63095,35.0,-25.630950927734375
2019-01-31 15:00:00,84.10223,32.0,-52.10222625732422
2019-01-31 18:00:00,125.59724,34.0,-91.59723663330078
2019-01-31 21:00:00,143.95448,38.0,-105.95448303222656
2019-02-01 00:00:00,125.151306,43.0,-82.15130615234375
2019-02-01 03:00:00,99.106384,52.0,-47.10638427734375
2019-02-01 06:00:00,81.151596,39.0,-42.15159606933594
2019-02-01 09:00:00,51.34689,32.0,-19.34688949584961
2019-02-01 12:00:00,25.76826,84.0,58.231740951538086
2019-02-01 15:00:00,60.640274,44.0,-16.640274047851562
2019-02-01 18:00:00,82.094345,47.0,-35.09434509277344
2019-02-01 21:00:00,92.98219,26.0,-66.98219299316406
2019-02-02 00:00:00,53.908024,40.0,-13.908023834228516
2019-02-02 03:00:00,58.737953,42.0,-16.737953186035156
2019-02-02 06:00:00,55.207863,36.0,-19.207862854003906
2019-02-02 09:00:00,44.499046,34.0,-10.499046325683594
2019-02-02 12:00:00,42.467773,36.0,-6.4677734375
2019-02-02 15:00:00,56.1771,31.0,-25.177101135253906
2019-02-02 18:00:00,78.62639,32.0,-46.62638854980469
2019-02-02 21:00:00,87.14369,30.0,-57.14369201660156
2019-02-03 00:00:00,79.1224,30.0,-49.122398376464844
2019-02-03 03:00:00,72.65362,29.0,-43.65361785888672
2019-02-03 06:00:00,66.33852,31.0,-35.33851623535156
2019-02-03 09:00:00,33.044273,37.0,3.9557266235351562
2019-02-03 12:00:00,24.388329,15.0,-9.388328552246094
2019-02-03 15:00:00,41.10325,10.0,-31.103248596191406
2019-02-03 18:00:00,55.658573,15.0,-40.658573150634766
2019-02-03 21:00:00,61.7747,17.0,-44.77470016479492
2019-02-04 00:00:00,48.13853,17.0,-31.138530731201172
2019-02-04 03:00:00,50.18478,16.0,-34.18478012084961
2019-02-04 06:00:00,43.429794,24.0,-19.429794311523438
2019-02-04 09:00:00,30.009573,30.0,-0.009572982788085938
2019-02-04 12:00:00,24.355642,18.0,-6.355642318725586
2019-02-04 15:00:00,39.512714,19.0,-20.512714385986328
2019-02-04 18:00:00,68.900536,21.0,-47.900535583496094
2019-02-04 21:00:00,76.050125,22.0,-54.05012512207031
2019-02-05 00:00:00,47.438335,18.0,-29.438335418701172
2019-02-05 03:00:00,48.338734,14.0,-34.3387336730957
2019-02-05 06:00:00,44.993385,31.0,-13.993385314941406
2019-02-05 09:00:00,23.272606,34.0,10.727394104003906
2019-02-05 12:00:00,13.631734,25.0,11.368266105651855
2019-02-05 15:00:00,30.217052,14.0,-16.217052459716797
2019-02-05 18:00:00,60.824734,28.0,-32.82473373413086
2019-02-05 21:00:00,65.40199,24.0,-41.40199279785156
2019-02-06 00:00:00,57.374336,24.0,-33.37433624267578
2019-02-06 03:00:00,70.72856,22.0,-48.72856140136719
2019-02-06 06:00:00,66.921074,33.0,-33.92107391357422
2019-02-06 09:00:00,30.300442,38.0,7.699558258056641
2019-02-06 12:00:00,22.178143,27.0,4.821857452392578
2019-02-06 15:00:00,49.503796,51.0,1.4962043762207031
2019-02-06 18:00:00,106.715675,54.0,-52.715675354003906
2019-02-06 21:00:00,129.63489,66.0,-63.6348876953125
2019-02-07 00:00:00,126.65987,57.0,-69.65986633300781
2019-02-07 03:00:00,140.7787,41.0,-99.77870178222656
2019-02-07 06:00:00,105.26412,60.0,-45.264122009277344
2019-02-07 09:00:00,27.29621,37.0,9.703790664672852
2019-02-07 12:00:00,25.000105,50.0,24.999895095825195
2019-02-07 15:00:00,43.76858,52.0,8.23141860961914
2019-02-07 18:00:00,56.831085,69.0,12.168914794921875
2019-02-07 21:00:00,52.566635,44.0,-8.566635131835938
2019-02-08 00:00:00,47.33255,63.0,15.667449951171875
2019-02-08 03:00:00,46.605236,56.0,9.394763946533203
2019-02-08 06:00:00,38.820587,24.0,-14.820587158203125
2019-02-08 09:00:00,32.21291,43.0,10.787090301513672
2019-02-08 12:00:00,41.39815,42.0,0.6018486022949219
2019-02-08 15:00:00,49.043137,47.0,-2.0431365966796875
2019-02-08 18:00:00,48.330433,58.0,9.669567108154297
2019-02-08 21:00:00,42.649788,51.0,8.350212097167969
2019-02-09 00:00:00,7.553808,36.0,28.446191787719727
2019-02-09 03:00:00,15.30816,28.0,12.691840171813965
2019-02-09 06:00:00,25.62939,46.0,20.370609283447266
2019-02-09 09:00:00,50.087124,39.0,-11.08712387084961
2019-02-09 12:00:00,57.86643,49.0,-8.86642837524414
2019-02-09 15:00:00,51.80172,34.0,-17.801719665527344
2019-02-09 18:00:00,36.367737,38.0,1.63226318359375
2019-02-09 21:00:00,39.12072,37.0,-2.1207199096679688
2019-02-10 00:00:00,68.00838,35.0,-33.00837707519531
2019-02-10 03:00:00,117.37518,35.0,-82.37518310546875
2019-02-10 06:00:00,95.318115,32.0,-63.318115234375
2019-02-10 09:00:00,73.39651,61.0,-12.396507263183594
2019-02-10 12:00:00,109.00152,50.0,-59.00151824951172
2019-02-10 15:00:00,105.94766,87.0,-18.947662353515625
2019-02-10 18:00:00,118.32242,19.0,-99.32241821289062
2019-02-10 21:00:00,122.60864,29.0,-93.608642578125
2019-02-11 00:00:00,125.94893,49.0,-76.94892883300781
2019-02-11 03:00:00,105.72967,38.0,-67.72966766357422
2019-02-11 06:00:00,82.40158,66.0,-16.401580810546875
2019-02-11 09:00:00,67.59308,58.0,-9.59307861328125
2019-02-11 12:00:00,65.47662,58.0,-7.47662353515625
2019-02-11 15:00:00,75.142624,40.0,-35.14262390136719
2019-02-11 18:00:00,93.9217,37.0,-56.92169952392578
2019-02-11 21:00:00,88.76753,51.0,-37.76753234863281
2019-02-12 00:00:00,79.19778,18.0,-61.197776794433594
2019-02-12 03:00:00,61.58439,27.0,-34.584388732910156
2019-02-12 06:00:00,41.467274,40.0,-1.4672737121582031
2019-02-12 09:00:00,22.506413,21.0,-1.5064125061035156
2019-02-12 12:00:00,30.926231,9.0,-21.926231384277344
2019-02-12 15:00:00,55.76396,18.0,-37.76396179199219
2019-02-12 18:00:00,78.51304,16.0,-62.513038635253906
2019-02-12 21:00:00,77.11242,20.0,-57.11241912841797
2019-02-13 00:00:00,70.94639,25.0,-45.946388244628906
2019-02-13 03:00:00,74.61108,19.0,-55.61107635498047
2019-02-13 06:00:00,68.15003,33.0,-35.15003204345703
2019-02-13 09:00:00,37.042355,26.0,-11.042354583740234
2019-02-13 12:00:00,35.27623,41.0,5.7237701416015625
2019-02-13 15:00:00,79.39047,53.0,-26.390472412109375
2019-02-13 18:00:00,140.24858,60.0,-80.24858093261719
2019-02-13 21:00:00,156.52927,67.0,-89.52926635742188
2019-02-14 00:00:00,141.7464,66.0,-75.74639892578125
2019-02-14 03:00:00,157.08725,69.0,-88.08724975585938
2019-02-14 06:00:00,103.63436,72.0,-31.634361267089844
2019-02-14 09:00:00,36.110462,43.0,6.889537811279297
2019-02-14 12:00:00,47.419575,37.0,-10.419574737548828
2019-02-14 15:00:00,62.4525,39.0,-23.452499389648438
2019-02-14 18:00:00,62.941467,36.0,-26.94146728515625
2019-02-14 21:00:00,60.42484,40.0,-20.42483901977539
2019-02-15 00:00:00,41.85745,27.0,-14.85744857788086
2019-02-15 03:00:00,45.141632,27.0,-18.141632080078125
2019-02-15 06:00:00,49.59878,27.0,-22.59878158569336
2019-02-15 09:00:00,78.46279,38.0,-40.462791442871094
2019-02-15 12:00:00,96.41019,144.0,47.589813232421875
2019-02-15 15:00:00,85.39916,165.0,79.60083770751953
2019-02-15 21:00:00,58.525757,48.0,-10.5257568359375
2019-02-16 00:00:00,41.241947,47.0,5.758052825927734
2019-02-16 03:00:00,37.977715,76.0,38.02228546142578
2019-02-16 06:00:00,30.92265,27.0,-3.922649383544922
2019-02-16 09:00:00,25.296913,28.0,2.7030868530273438
2019-02-16 12:00:00,28.864292,27.0,-1.8642921447753906
2019-02-16 15:00:00,54.890053,28.0,-26.890052795410156
2019-02-16 18:00:00,71.96548,30.0,-41.965476989746094
2019-02-16 21:00:00,70.35555,30.0,-40.355552673339844
2019-02-17 00:00:00,80.65047,29.0,-51.65046691894531
2019-02-17 03:00:00,77.604515,29.0,-48.604515075683594
2019-02-17 15:00:00,81.64392,26.0,-55.6439208984375
2019-02-17 18:00:00,111.79947,18.0,-93.79946899414062
2019-02-17 21:00:00,108.39972,26.0,-82.39971923828125
2019-02-18 00:00:00,104.53573,18.0,-86.53572845458984
2019-02-18 03:00:00,117.50558,16.0,-101.50557708740234
2019-02-18 06:00:00,104.10213,38.0,-66.10212707519531
2019-02-18 09:00:00,48.18844,24.0,-24.188438415527344
2019-02-18 12:00:00,28.102648,10.0,-18.10264778137207
2019-02-18 15:00:00,63.2935,17.0,-46.29349899291992
2019-02-18 18:00:00,121.83409,28.0,-93.83409118652344
2019-02-18 21:00:00,127.56402,36.0,-91.56401824951172
2019-02-19 03:00:00,114.183876,18.0,-96.18387603759766
2019-02-19 06:00:00,91.18054,26.0,-65.1805419921875
2019-02-19 09:00:00,54.479187,29.0,-25.47918701171875
2019-02-19 12:00:00,20.443792,18.0,-2.4437923431396484
2019-02-19 15:00:00,36.866596,16.0,-20.866596221923828
2019-02-19 18:00:00,64.14916,22.0,-42.14916229248047
2019-02-19 21:00:00,78.44795,21.0,-57.44795227050781
2019-02-20 03:00:00,61.66101,18.0,-43.6610107421875
2019-02-20 06:00:00,63.29981,18.0,-45.299808502197266
2019-02-20 12:00:00,28.396414,17.0,-11.396413803100586
2019-02-20 15:00:00,59.809166,19.0,-40.809165954589844
2019-02-20 18:00:00,117.911385,21.0,-96.91138458251953
2019-02-20 21:00:00,130.32115,30.0,-100.32115173339844
2019-02-21 00:00:00,90.888535,27.0,-63.88853454589844
2019-02-21 03:00:00,99.29067,54.0,-45.290672302246094
2019-02-21 06:00:00,83.90907,56.0,-27.909072875976562
2019-02-21 09:00:00,28.015676,21.0,-7.015676498413086
2019-02-21 12:00:00,42.89143,33.0,-9.891429901123047
2019-02-21 15:00:00,74.38342,35.0,-39.3834228515625
2019-02-21 18:00:00,113.19389,36.0,-77.19389343261719
2019-02-21 21:00:00,111.90525,45.0,-66.9052505493164
2019-02-22 00:00:00,99.041245,47.0,-52.04124450683594
2019-02-22 03:00:00,97.945076,51.0,-46.94507598876953
2019-02-22 06:00:00,81.18388,40.0,-41.18388366699219
2019-02-22 09:00:00,50.962826,34.0,-16.962825775146484
2019-02-22 12:00:00,42.011948,28.0,-14.011947631835938
2019-02-22 15:00:00,62.997288,39.0,-23.99728775024414
2019-02-22 18:00:00,77.36753,39.0,-38.367530822753906
2019-02-22 21:00:00,70.14887,38.0,-32.14887237548828
2019-02-23 00:00:00,26.938097,33.0,6.06190299987793
2019-02-23 03:00:00,32.697243,37.0,4.302757263183594
2019-02-23 06:00:00,21.584242,36.0,14.41575813293457
2019-02-23 09:00:00,16.01336,36.0,19.98664093017578
2019-02-23 12:00:00,12.969167,42.0,29.03083324432373
2019-02-23 15:00:00,34.66107,32.0,-2.66107177734375
2019-02-23 18:00:00,46.870808,33.0,-13.870807647705078
2019-02-23 21:00:00,73.78856,32.0,-41.78855895996094
2019-02-24 00:00:00,155.55656,36.0,-119.55656433105469
2019-02-24 06:00:00,148.01038,69.0,-79.0103759765625
2019-02-24 09:00:00,95.18578,55.0,-40.18578338623047
2019-02-24 12:00:00,74.238014,55.0,-19.238014221191406
2019-02-24 15:00:00,97.88482,53.0,-44.88481903076172
2019-02-24 18:00:00,124.45344,47.0,-77.45343780517578
2019-02-24 21:00:00,97.2625,51.0,-46.26249694824219
2019-02-27 06:00:00,90.83999,54.0,-36.839988708496094
2019-02-27 09:00:00,236.83742,102.0,-134.83741760253906
2019-02-27 12:00:00,261.89047,51.0,-210.89047241210938
2019-02-27 15:00:00,256.73932,27.0,-229.73931884765625
2019-02-27 18:00:00,240.575,29.0,-211.5749969482422
2019-02-27 21:00:00,205.67744,33.0,-172.6774444580078
2019-02-28 00:00:00,160.4941,50.0,-110.49409484863281
2019-02-28 03:00:00,172.67053,35.0,-137.6705322265625
2019-02-28 06:00:00,148.95277,50.0,-98.95277404785156
2019-02-28 09:00:00,88.15937,31.0,-57.15937042236328
2019-03-03 12:00:00,37.01621,21.0,-16.01620864868164
2019-03-03 15:00:00,42.320606,16.0,-26.320606231689453
2019-03-03 18:00:00,91.123184,30.0,-61.12318420410156
2019-03-03 21:00:00,115.83711,23.0,-92.83711242675781
2019-03-04 00:00:00,117.68339,38.0,-79.68338775634766
2019-03-04 03:00:00,143.2386,38.0,-105.23860168457031
2019-03-04 06:00:00,71.82075,37.0,-34.82074737548828
2019-03-04 09:00:00,25.375813,24.0,-1.3758125305175781
2019-03-04 12:00:00,24.540895,25.0,0.4591045379638672
2019-03-04 15:00:00,31.797981,27.0,-4.797981262207031
2019-03-04 18:00:00,69.19299,25.0,-44.1929931640625
2019-03-04 21:00:00,59.491184,25.0,-34.49118423461914
2019-03-05 00:00:00,68.42038,31.0,-37.420379638671875
2019-03-05 03:00:00,103.10373,30.0,-73.10372924804688
2019-03-05 06:00:00,83.74246,49.0,-34.742462158203125
2019-03-05 09:00:00,42.740993,23.0,-19.74099349975586
2019-03-05 12:00:00,26.287922,31.0,4.712078094482422
2019-03-05 15:00:00,40.29016,28.0,-12.2901611328125
2019-03-05 18:00:00,72.31205,32.0,-40.312049865722656
2019-03-05 21:00:00,83.57449,42.0,-41.574493408203125
2019-03-06 00:00:00,18.630318,35.0,16.36968231201172
2019-03-06 03:00:00,23.985195,35.0,11.01480484008789
2019-03-06 06:00:00,31.715445,20.0,-11.715444564819336
2019-03-06 09:00:00,66.72349,32.0,-34.723487854003906
2019-03-06 12:00:00,133.44151,27.0,-106.44151306152344
2019-03-06 15:00:00,118.30685,29.0,-89.30684661865234
2019-03-06 18:00:00,100.65674,34.0,-66.65673828125
2019-03-06 21:00:00,78.97506,24.0,-54.975059509277344
2019-03-07 00:00:00,71.233444,24.0,-47.23344421386719
2019-03-07 03:00:00,57.205624,27.0,-30.205623626708984
2019-03-07 06:00:00,40.759743,26.0,-14.759742736816406
2019-03-07 09:00:00,22.19869,13.0,-9.198690414428711
2019-03-07 12:00:00,27.92973,14.0,-13.929729461669922
2019-03-07 15:00:00,42.382908,16.0,-26.38290786743164
2019-03-07 18:00:00,74.58857,20.0,-54.58856964111328
2019-03-07 21:00:00,99.33115,25.0,-74.33114624023438
2019-03-08 00:00:00,142.8009,33.0,-109.8009033203125
2019-03-08 03:00:00,137.03334,37.0,-100.03334045410156
2019-03-08 06:00:00,103.965706,27.0,-76.96570587158203
2019-03-08 09:00:00,109.24913,23.0,-86.24913024902344
2019-03-08 12:00:00,72.44501,23.0,-49.44500732421875
2019-03-08 15:00:00,77.017944,33.0,-44.0179443359375
2019-03-08 18:00:00,108.289665,15.0,-93.28966522216797
2019-03-08 21:00:00,132.82556,17.0,-115.8255615234375
2019-03-09 00:00:00,65.96429,15.0,-50.96428680419922
2019-03-09 03:00:00,44.55069,21.0,-23.550689697265625
2019-03-09 06:00:00,21.254494,26.0,4.745506286621094
2019-03-09 09:00:00,18.964329,14.0,-4.964328765869141
2019-03-09 12:00:00,31.7566,22.0,-9.756599426269531
2019-03-09 15:00:00,40.84859,12.0,-28.848590850830078
2019-03-09 18:00:00,66.51658,22.0,-44.516578674316406
2019-03-09 21:00:00,77.79272,25.0,-52.79271697998047
2019-03-10 00:00:00,49.41603,34.0,-15.416030883789062
2019-03-10 03:00:00,63.75194,19.0,-44.7519416809082
2019-03-10 06:00:00,67.74258,26.0,-41.742576599121094
2019-03-10 09:00:00,40.859844,21.0,-19.859844207763672
2019-03-10 12:00:00,28.156706,17.0,-11.156705856323242
2019-03-10 15:00:00,41.075283,18.0,-23.07528305053711
2019-03-10 18:00:00,103.62237,19.0,-84.62236785888672
2019-03-10 21:00:00,120.69404,49.0,-71.69403839111328
2019-03-11 00:00:00,55.484634,32.0,-23.484634399414062
2019-03-11 03:00:00,77.37799,38.0,-39.37799072265625
2019-03-11 06:00:00,46.9322,49.0,2.067798614501953
2019-03-11 09:00:00,9.945097,18.0,8.054903030395508
2019-03-11 12:00:00,22.981112,37.0,14.018888473510742
2019-03-11 15:00:00,38.110783,23.0,-15.110782623291016
2019-03-11 18:00:00,82.581665,19.0,-63.5816650390625
2019-03-11 21:00:00,88.19825,26.0,-62.19824981689453
2019-03-12 00:00:00,71.20116,17.0,-54.20115661621094
2019-03-12 03:00:00,63.750805,30.0,-33.75080490112305
2019-03-12 06:00:00,49.744072,30.0,-19.74407196044922
2019-03-12 09:00:00,25.964937,32.0,6.035062789916992
2019-03-12 12:00:00,33.790913,33.0,-0.7909126281738281
2019-03-12 15:00:00,44.985313,27.0,-17.985313415527344
2019-03-12 18:00:00,96.29627,42.0,-54.29627227783203
2019-03-12 21:00:00,107.67917,28.0,-79.67916870117188
2019-03-13 00:00:00,78.77747,31.0,-47.77747344970703
2019-03-13 03:00:00,89.00429,49.0,-40.00428771972656
2019-03-13 06:00:00,76.44417,50.0,-26.444168090820312
2019-03-13 09:00:00,33.81092,44.0,10.189079284667969
2019-03-13 12:00:00,34.1347,37.0,2.8652992248535156
2019-03-13 15:00:00,42.635746,40.0,-2.6357460021972656
2019-03-13 18:00:00,47.7296,43.0,-4.7295989990234375
2019-03-13 21:00:00,42.624153,42.0,-0.6241531372070312
2019-03-14 00:00:00,48.671608,53.0,4.328392028808594
2019-03-14 03:00:00,42.27775,38.0,-4.277748107910156
2019-03-14 06:00:00,56.813007,40.0,-16.813007354736328
2019-03-14 09:00:00,60.955074,45.0,-15.955074310302734
2019-03-14 12:00:00,56.35468,40.0,-16.354679107666016
2019-03-14 15:00:00,43.151432,35.0,-8.151432037353516
2019-03-14 18:00:00,38.48436,28.0,-10.484359741210938
2019-03-14 21:00:00,66.08775,33.0,-33.08775329589844
2019-03-15 00:00:00,119.14221,40.0,-79.1422119140625
2019-03-15 03:00:00,236.94429,32.0,-204.9442901611328
2019-03-15 06:00:00,230.80588,58.0,-172.80587768554688
2019-03-15 09:00:00,134.76295,103.0,-31.762954711914062
2019-03-15 12:00:00,103.88533,118.0,14.114669799804688
2019-03-15 15:00:00,127.196014,84.0,-43.196014404296875
2019-03-15 18:00:00,162.90256,84.0,-78.90255737304688
2019-03-15 21:00:00,165.07715,84.0,-81.0771484375
2019-03-16 00:00:00,143.94527,84.0,-59.94526672363281
2019-03-16 03:00:00,159.21478,90.0,-69.21478271484375
2019-03-16 06:00:00,146.99754,93.0,-53.99754333496094
2019-03-16 09:00:00,110.618996,68.0,-42.618995666503906
2019-03-16 12:00:00,86.9174,71.0,-15.917396545410156
2019-03-16 15:00:00,101.27576,70.0,-31.2757568359375
2019-03-16 18:00:00,93.17932,55.0,-38.1793212890625
2019-03-16 21:00:00,75.150185,38.0,-37.150184631347656
2019-03-17 00:00:00,37.337486,28.0,-9.337486267089844
2019-03-17 03:00:00,58.415936,51.0,-7.415935516357422
2019-03-17 06:00:00,239.7486,25.0,-214.74859619140625
2019-03-17 09:00:00,122.81822,100.0,-22.818222045898438
2019-03-17 12:00:00,110.99098,53.0,-57.99098205566406
2019-03-17 15:00:00,162.99384,34.0,-128.99383544921875
2019-03-17 18:00:00,179.16954,16.0,-163.16954040527344
2019-03-17 21:00:00,174.71848,25.0,-149.71847534179688
2019-03-18 00:00:00,164.4412,26.0,-138.44119262695312
2019-03-18 03:00:00,175.4861,17.0,-158.48609924316406
2019-03-18 06:00:00,168.22623,46.0,-122.22622680664062
2019-03-18 09:00:00,77.80869,37.0,-40.808692932128906
2019-03-18 12:00:00,48.427296,18.0,-30.427295684814453
2019-03-18 15:00:00,53.231133,19.0,-34.23113250732422
2019-03-18 18:00:00,69.0743,13.0,-56.074302673339844
2019-03-18 21:00:00,77.985985,24.0,-53.985984802246094
2019-03-19 00:00:00,63.063,15.0,-48.0629997253418
2019-03-19 03:00:00,72.584496,24.0,-48.584495544433594
2019-03-19 06:00:00,41.457497,18.0,-23.457496643066406
2019-03-19 09:00:00,32.742832,13.0,-19.74283218383789
2019-03-19 12:00:00,28.39954,17.0,-11.399539947509766
2019-03-19 15:00:00,37.89728,19.0,-18.897281646728516
2019-03-19 18:00:00,67.06614,20.0,-47.066139221191406
2019-03-19 21:00:00,84.70079,16.0,-68.70079040527344
2019-03-20 00:00:00,26.418093,19.0,-7.418092727661133
2019-03-20 03:00:00,44.09435,40.0,-4.094348907470703
2019-03-20 06:00:00,22.633003,51.0,28.36699676513672
2019-03-20 09:00:00,13.321256,27.0,13.678744316101074
2019-03-20 12:00:00,4.7413096,18.0,13.258690357208252
2019-03-20 15:00:00,24.30363,17.0,-7.303630828857422
2019-03-20 18:00:00,73.44636,24.0,-49.44635772705078
2019-03-20 21:00:00,101.701065,32.0,-69.70106506347656
2019-03-21 00:00:00,84.7042,46.0,-38.704200744628906
2019-03-21 03:00:00,78.295555,43.0,-35.295555114746094
2019-03-21 06:00:00,52.410313,25.0,-27.41031265258789
2019-03-21 09:00:00,28.566603,33.0,4.43339729309082
2019-03-21 12:00:00,18.12873,28.0,9.871269226074219
2019-03-21 15:00:00,32.394382,19.0,-13.39438247680664
2019-03-21 18:00:00,66.30035,25.0,-41.30034637451172
2019-03-21 21:00:00,81.29155,21.0,-60.29154968261719
2019-03-22 00:00:00,20.268772,25.0,4.731227874755859
2019-03-22 03:00:00,30.031061,30.0,-0.031061172485351562
2019-03-22 06:00:00,26.682016,30.0,3.317983627319336
2019-03-22 09:00:00,22.871006,30.0,7.128993988037109
2019-03-22 15:00:00,39.205475,24.0,-15.205474853515625
2019-03-22 18:00:00,69.34101,33.0,-36.34101104736328
2019-03-22 21:00:00,93.64453,38.0,-55.64453125
2019-03-23 00:00:00,51.66021,26.0,-25.66020965576172
2019-03-23 03:00:00,40.37929,19.0,-21.379291534423828
2019-03-23 06:00:00,16.03587,29.0,12.964130401611328
2019-03-23 09:00:00,6.0965137,31.0,24.903486251831055
2019-03-23 12:00:00,24.042492,32.0,7.957508087158203
2019-03-23 15:00:00,31.608124,32.0,0.391876220703125
2019-03-23 18:00:00,68.33534,30.0,-38.33534240722656
2019-03-23 21:00:00,71.705925,29.0,-42.70592498779297
2019-03-24 00:00:00,86.058205,31.0,-55.058204650878906
2019-03-24 03:00:00,90.16457,35.0,-55.164573669433594
2019-03-24 06:00:00,82.47457,35.0,-47.474571228027344
2019-03-24 09:00:00,121.44318,33.0,-88.44317626953125
2019-03-24 12:00:00,126.72933,28.0,-98.72933197021484
2019-03-24 15:00:00,142.68858,29.0,-113.68858337402344
2019-03-24 18:00:00,157.44536,26.0,-131.4453582763672
2019-03-24 21:00:00,163.23656,41.0,-122.23655700683594
2019-03-25 00:00:00,147.62782,50.0,-97.62782287597656
2019-03-25 03:00:00,291.70462,135.0,-156.70462036132812
2019-03-25 06:00:00,468.41025,38.0,-430.4102478027344
2019-03-25 09:00:00,306.12283,137.0,-169.12283325195312
2019-03-25 12:00:00,375.72977,130.0,-245.72976684570312
2019-03-25 15:00:00,306.2162,34.0,-272.2161865234375
2019-03-25 18:00:00,257.60208,27.0,-230.60208129882812
2019-03-25 21:00:00,229.38048,32.0,-197.38047790527344
2019-03-26 00:00:00,218.93448,74.0,-144.93447875976562
2019-03-26 03:00:00,189.47435,101.0,-88.47434997558594
2019-03-26 06:00:00,222.10828,197.0,-25.1082763671875
2019-03-26 09:00:00,136.60394,23.0,-113.60394287109375
2019-03-26 12:00:00,72.1983,24.0,-48.19830322265625
2019-03-26 15:00:00,67.472,22.0,-45.47200012207031
2019-03-26 18:00:00,105.27515,23.0,-82.275146484375
2019-03-26 21:00:00,123.87591,31.0,-92.87590789794922
2019-03-27 00:00:00,59.302692,33.0,-26.302692413330078
2019-03-27 03:00:00,82.69126,46.0,-36.691261291503906
2019-03-27 06:00:00,54.711678,41.0,-13.711677551269531
2019-03-27 12:00:00,50.641804,20.0,-30.641803741455078
2019-03-27 15:00:00,68.05749,27.0,-41.05748748779297
2019-03-27 18:00:00,82.1151,24.0,-58.11509704589844
2019-03-27 21:00:00,71.30211,29.0,-42.30210876464844
2019-03-28 06:00:00,147.09866,27.0,-120.09866333007812
2019-03-28 09:00:00,69.97976,18.0,-51.979759216308594
2019-03-28 12:00:00,46.188175,14.0,-32.188175201416016
2019-03-28 15:00:00,64.776146,14.0,-50.776145935058594
2019-03-28 18:00:00,81.12715,17.0,-64.12715148925781
2019-03-28 21:00:00,76.86731,19.0,-57.8673095703125
2019-03-29 00:00:00,24.549763,19.0,-5.549762725830078
2019-03-29 03:00:00,42.78945,28.0,-14.789451599121094
2019-03-29 06:00:00,34.294205,22.0,-12.294204711914062
2019-03-29 09:00:00,27.269665,27.0,-0.2696647644042969
2019-03-29 12:00:00,32.03013,21.0,-11.030128479003906
2019-03-29 15:00:00,47.57385,21.0,-26.573848724365234
2019-03-29 18:00:00,50.41238,21.0,-29.41238021850586
2019-03-29 21:00:00,45.84217,10.0,-35.84217071533203
2019-03-30 00:00:00,55.66335,18.0,-37.66334915161133
2019-03-30 03:00:00,59.511192,17.0,-42.511192321777344
2019-03-30 06:00:00,43.19537,17.0,-26.195369720458984
2019-03-30 09:00:00,40.280666,18.0,-22.28066635131836
2019-03-30 12:00:00,30.679985,30.0,-0.6799850463867188
2019-03-30 15:00:00,37.67059,23.0,-14.670589447021484
2019-03-30 18:00:00,51.67726,20.0,-31.677261352539062
2019-03-30 21:00:00,79.83954,14.0,-65.83953857421875
2019-03-31 00:00:00,72.92374,238.0,165.07626342773438
2019-03-31 03:00:00,30.108595,30.0,-0.10859489440917969
2019-03-31 06:00:00,39.885437,29.0,-10.88543701171875
2019-03-31 09:00:00,70.406715,27.0,-43.406715393066406
2019-03-31 12:00:00,83.39475,26.0,-57.394752502441406
2019-03-31 15:00:00,92.48743,25.0,-67.4874267578125
2019-03-31 18:00:00,85.71988,27.0,-58.719879150390625
2019-03-31 21:00:00,110.37764,30.0,-80.37763977050781
2019-04-01 00:00:00,104.57552,46.0,-58.575523376464844
2019-04-01 03:00:00,121.47848,49.0,-72.47847747802734
2019-04-01 09:00:00,196.52798,313.0,116.47201538085938
2019-04-01 12:00:00,226.672,135.0,-91.6719970703125
2019-04-01 15:00:00,192.95384,47.0,-145.95384216308594
2019-04-01 18:00:00,189.92181,23.0,-166.92181396484375
2019-04-01 21:00:00,191.8902,30.0,-161.89019775390625
2019-04-02 00:00:00,150.79787,30.0,-120.79786682128906
2019-04-02 03:00:00,137.39009,29.0,-108.39009094238281
2019-04-02 06:00:00,97.21645,28.0,-69.2164535522461
2019-04-02 09:00:00,54.96827,20.0,-34.96826934814453
2019-04-02 12:00:00,50.2788,16.0,-34.27880096435547
2019-04-02 15:00:00,57.387978,21.0,-36.387977600097656
2019-04-02 18:00:00,79.515755,18.0,-61.51575469970703
2019-04-02 21:00:00,75.9967,17.0,-58.99669647216797
2019-04-03 00:00:00,33.116978,17.0,-16.11697769165039
2019-04-03 03:00:00,41.471596,19.0,-22.471595764160156
2019-04-03 06:00:00,39.6347,23.0,-16.634700775146484
2019-04-03 09:00:00,31.38723,20.0,-11.387229919433594
2019-04-03 12:00:00,45.525894,22.0,-23.525894165039062
2019-04-03 15:00:00,66.478836,30.0,-36.47883605957031
2019-04-03 18:00:00,88.48838,28.0,-60.488380432128906
2019-04-03 21:00:00,92.51881,28.0,-64.51880645751953
2019-04-04 00:00:00,174.86491,36.0,-138.8649139404297
2019-04-04 03:00:00,196.74918,35.0,-161.74917602539062
2019-04-04 06:00:00,153.23079,37.0,-116.23078918457031
2019-04-04 09:00:00,103.61873,52.0,-51.61872863769531
2019-04-04 12:00:00,84.47825,56.0,-28.478248596191406
2019-04-04 15:00:00,90.96629,51.0,-39.96629333496094
2019-04-05 12:00:00,92.211,70.0,-22.21099853515625
2019-04-05 15:00:00,133.95651,12.0,-121.95651245117188
2019-04-05 18:00:00,151.22101,19.0,-132.22100830078125
2019-04-05 21:00:00,113.72344,15.0,-98.72344207763672
2019-04-06 00:00:00,58.396152,11.0,-47.39615249633789
2019-04-06 03:00:00,76.57945,17.0,-59.57945251464844
2019-04-06 06:00:00,87.904,21.0,-66.90399932861328
2019-04-06 09:00:00,89.638435,26.0,-63.63843536376953
2019-04-06 12:00:00,72.19774,24.0,-48.19773864746094
2019-04-06 15:00:00,65.98157,28.0,-37.9815673828125
2019-04-06 18:00:00,48.37034,25.0,-23.370338439941406
2019-04-06 21:00:00,53.586063,33.0,-20.586063385009766
2019-04-07 00:00:00,138.58324,32.0,-106.58323669433594
2019-04-07 03:00:00,136.59393,29.0,-107.59393310546875
2019-04-07 06:00:00,128.40155,38.0,-90.40155029296875
2019-04-07 09:00:00,102.59578,51.0,-51.59577941894531
2019-04-07 12:00:00,66.48179,46.0,-20.481788635253906
2019-04-07 15:00:00,77.93437,44.0,-33.93437194824219
2019-04-07 18:00:00,100.86922,38.0,-62.86921691894531
2019-04-07 21:00:00,123.11511,35.0,-88.1151123046875
2019-04-08 00:00:00,51.37781,29.0,-22.377811431884766
2019-04-08 03:00:00,33.58082,28.0,-5.580818176269531
2019-04-08 06:00:00,29.296814,25.0,-4.29681396484375
2019-04-08 09:00:00,40.03334,30.0,-10.033340454101562
2019-04-08 12:00:00,66.830925,30.0,-36.83092498779297
2019-04-08 15:00:00,79.398315,41.0,-38.3983154296875
2019-04-08 18:00:00,102.89591,32.0,-70.89591217041016
2019-04-08 21:00:00,94.48991,31.0,-63.489906311035156
2019-04-09 00:00:00,83.488205,36.0,-47.48820495605469
2019-04-09 03:00:00,91.112045,22.0,-69.11204528808594
2019-04-09 06:00:00,74.88432,24.0,-50.88432312011719
2019-04-09 09:00:00,72.72178,22.0,-50.721778869628906
2019-04-09 12:00:00,77.31137,21.0,-56.311370849609375
2019-04-09 15:00:00,85.39894,23.0,-62.39894104003906
2019-04-09 18:00:00,73.109276,23.0,-50.109275817871094
2019-04-09 21:00:00,67.32262,25.0,-42.32261657714844
2019-04-10 00:00:00,28.20252,22.0,-6.202520370483398
2019-04-10 03:00:00,48.63091,27.0,-21.630908966064453
2019-04-10 06:00:00,50.623386,29.0,-21.62338638305664
2019-04-10 09:00:00,46.846424,28.0,-18.846424102783203
2019-04-10 12:00:00,62.218533,29.0,-33.21853256225586
2019-04-10 15:00:00,75.528076,35.0,-40.528076171875
2019-04-10 18:00:00,79.36296,41.0,-38.36296081542969
2019-04-10 21:00:00,73.57585,37.0,-36.57585144042969
2019-04-11 00:00:00,94.56107,46.0,-48.561073303222656
2019-04-11 03:00:00,96.81708,38.0,-58.81707763671875
2019-04-11 06:00:00,67.04022,27.0,-40.04022216796875
2019-04-11 09:00:00,66.330475,25.0,-41.330474853515625
2019-04-11 12:00:00,78.31562,33.0,-45.31562042236328
2019-04-11 15:00:00,88.341156,35.0,-53.341156005859375
2019-04-11 18:00:00,91.43366,37.0,-54.43366241455078
2019-04-11 21:00:00,90.51837,47.0,-43.51837158203125
2019-04-12 00:00:00,73.08063,65.0,-8.08062744140625
2019-04-12 03:00:00,75.40825,67.0,-8.408248901367188
2019-04-12 06:00:00,55.894417,42.0,-13.894416809082031
2019-04-12 09:00:00,50.612473,23.0,-27.612472534179688
2019-04-12 12:00:00,57.865692,28.0,-29.865692138671875
2019-04-12 15:00:00,62.785374,31.0,-31.78537368774414
2019-04-12 18:00:00,99.85524,29.0,-70.85523986816406
2019-04-12 21:00:00,116.65407,25.0,-91.65406799316406
2019-04-13 00:00:00,97.784775,26.0,-71.78477478027344
2019-04-13 03:00:00,77.43506,25.0,-52.43505859375
2019-04-13 06:00:00,48.463165,28.0,-20.463165283203125
2019-04-13 09:00:00,49.531197,36.0,-13.531196594238281
2019-04-13 12:00:00,56.09911,29.0,-27.099109649658203
2019-04-13 15:00:00,58.988575,45.0,-13.988574981689453
2019-04-13 18:00:00,89.50292,34.0,-55.50292205810547
2019-04-13 21:00:00,89.883545,21.0,-68.883544921875
2019-04-14 00:00:00,42.499096,25.0,-17.499095916748047
2019-04-14 03:00:00,54.398014,22.0,-32.398014068603516
2019-04-14 06:00:00,54.65449,26.0,-28.654491424560547
2019-04-14 09:00:00,46.50576,27.0,-19.505760192871094
2019-04-14 12:00:00,38.307236,30.0,-8.307235717773438
2019-04-14 15:00:00,51.048347,17.0,-34.04834747314453
2019-04-14 18:00:00,82.12737,11.0,-71.12737274169922
2019-04-14 21:00:00,87.937675,27.0,-60.93767547607422
2019-04-15 00:00:00,57.2486,42.0,-15.248600006103516
2019-04-15 03:00:00,87.31831,32.0,-55.31831359863281
2019-04-15 06:00:00,47.76564,158.0,110.23435974121094
2019-04-15 09:00:00,25.350061,28.0,2.6499385833740234
2019-04-15 12:00:00,22.429049,40.0,17.570951461791992
2019-04-15 15:00:00,39.372936,33.0,-6.372936248779297
2019-04-15 18:00:00,58.35864,46.0,-12.358638763427734
2019-04-15 21:00:00,53.718395,44.0,-9.718395233154297
2019-04-16 00:00:00,73.190674,22.0,-51.190673828125
2019-04-16 03:00:00,82.351105,25.0,-57.351104736328125
2019-04-16 06:00:00,77.60127,18.0,-59.60127258300781
2019-04-16 09:00:00,52.426514,25.0,-27.426513671875
2019-04-16 12:00:00,57.154865,11.0,-46.15486526489258
2019-04-16 15:00:00,77.81807,27.0,-50.81806945800781
2019-04-16 18:00:00,81.652275,35.0,-46.65227508544922
2019-04-16 21:00:00,74.61722,43.0,-31.617218017578125
2019-04-17 00:00:00,69.861015,39.0,-30.86101531982422
2019-04-17 03:00:00,98.48577,33.0,-65.48577117919922
2019-04-17 06:00:00,133.70367,31.0,-102.70367431640625
2019-04-17 09:00:00,166.34966,55.0,-111.34965515136719
2019-04-17 12:00:00,188.26176,41.0,-147.2617645263672
2019-04-17 15:00:00,174.32478,43.0,-131.3247833251953
2019-04-17 18:00:00,159.08426,42.0,-117.08425903320312
2019-04-17 21:00:00,131.39265,39.0,-92.39265441894531
2019-04-18 00:00:00,72.196144,32.0,-40.196144104003906
2019-04-18 03:00:00,49.79461,30.0,-19.79460906982422
2019-04-18 06:00:00,52.554924,28.0,-24.55492401123047
2019-04-18 09:00:00,68.88092,30.0,-38.88092041015625
2019-04-18 12:00:00,68.9422,46.0,-22.94219970703125
2019-04-18 15:00:00,78.62081,45.0,-33.620811462402344
2019-04-18 18:00:00,89.40697,121.0,31.593032836914062
2019-04-18 21:00:00,85.27172,34.0,-51.27172088623047
2019-04-19 00:00:00,142.62718,45.0,-97.62718200683594
2019-04-19 03:00:00,172.46805,74.0,-98.46804809570312
2019-04-19 06:00:00,108.746124,34.0,-74.74612426757812
2019-04-19 09:00:00,77.215645,64.0,-13.215644836425781
2019-04-19 12:00:00,47.826916,48.0,0.17308425903320312
2019-04-19 15:00:00,56.798855,38.0,-18.79885482788086
2019-04-19 18:00:00,75.68815,31.0,-44.688148498535156
2019-04-19 21:00:00,72.99923,24.0,-48.999229431152344
2019-04-20 00:00:00,79.64718,32.0,-47.647178649902344
2019-04-20 03:00:00,87.632545,35.0,-52.632545471191406
2019-04-20 06:00:00,76.96997,32.0,-44.969970703125
2019-04-20 09:00:00,51.90748,35.0,-16.90747833251953
2019-04-20 12:00:00,48.52154,39.0,-9.521541595458984
2019-04-20 15:00:00,56.30011,32.0,-24.30010986328125
2019-04-20 18:00:00,64.72851,18.0,-46.72850799560547
2019-04-20 21:00:00,56.339104,26.0,-30.33910369873047
2019-04-21 00:00:00,23.125721,22.0,-1.1257209777832031
2019-04-21 03:00:00,28.947851,22.0,-6.947851181030273
2019-04-21 06:00:00,27.319118,27.0,-0.3191184997558594
2019-04-21 09:00:00,31.848856,20.0,-11.848855972290039
2019-04-21 12:00:00,34.267258,21.0,-13.267257690429688
2019-04-21 15:00:00,37.800648,21.0,-16.800647735595703
2019-04-21 18:00:00,69.241196,24.0,-45.24119567871094
2019-04-21 21:00:00,70.911934,15.0,-55.91193389892578
2019-04-22 00:00:00,99.83796,20.0,-79.83795928955078
2019-04-22 03:00:00,200.93262,140.0,-60.9326171875
2019-04-22 06:00:00,217.43816,40.0,-177.4381561279297
2019-04-22 09:00:00,130.21101,65.0,-65.21101379394531
2019-04-22 12:00:00,76.636925,28.0,-48.636924743652344
2019-04-22 15:00:00,55.638737,23.0,-32.638736724853516
2019-04-22 18:00:00,52.94754,21.0,-31.947540283203125
2019-04-22 21:00:00,53.241592,20.0,-33.24159240722656
2019-04-23 00:00:00,52.89712,17.0,-35.89712142944336
2019-04-23 03:00:00,64.046844,30.0,-34.046844482421875
2019-04-23 06:00:00,35.584778,31.0,-4.58477783203125
2019-04-23 09:00:00,33.472134,19.0,-14.47213363647461
2019-04-23 12:00:00,32.376648,19.0,-13.37664794921875
2019-04-23 15:00:00,36.332607,32.0,-4.332607269287109
2019-04-23 18:00:00,56.938915,21.0,-35.93891525268555
2019-04-23 21:00:00,66.738266,20.0,-46.73826599121094
2019-04-24 00:00:00,99.26589,26.0,-73.2658920288086
2019-04-24 03:00:00,81.37158,28.0,-53.37158203125
2019-04-24 06:00:00,42.055717,21.0,-21.05571746826172
2019-04-24 09:00:00,23.776693,16.0,-7.776693344116211
2019-04-24 12:00:00,27.813484,15.0,-12.813484191894531
2019-04-24 15:00:00,36.052597,19.0,-17.052597045898438
2019-04-24 18:00:00,57.498936,29.0,-28.49893569946289
2019-04-24 21:00:00,65.07821,25.0,-40.078208923339844
2019-04-25 00:00:00,52.796963,17.0,-35.79696273803711
2019-04-25 03:00:00,50.813698,16.0,-34.813697814941406
2019-04-25 06:00:00,30.144066,20.0,-10.144065856933594
2019-04-25 09:00:00,27.599413,15.0,-12.59941291809082
2019-04-25 12:00:00,50.19706,18.0,-32.197059631347656
2019-04-25 15:00:00,59.16331,19.0,-40.16331100463867
2019-04-25 18:00:00,84.370865,20.0,-64.37086486816406
2019-04-25 21:00:00,88.62526,32.0,-56.62525939941406
2019-04-26 03:00:00,77.71428,28.0,-49.71427917480469
2019-04-26 06:00:00,42.30162,26.0,-16.301620483398438
2019-04-26 09:00:00,21.728851,25.0,3.271148681640625
2019-04-26 12:00:00,26.337603,15.0,-11.337602615356445
2019-04-26 15:00:00,32.767277,14.0,-18.767276763916016
2019-04-26 18:00:00,73.18704,37.0,-36.187042236328125
2019-04-26 21:00:00,83.74332,37.0,-46.743316650390625
2019-04-27 00:00:00,87.00056,43.0,-44.00055694580078
2019-04-27 03:00:00,103.68484,45.0,-58.684837341308594
2019-04-27 06:00:00,70.15729,42.0,-28.15728759765625
2019-04-27 09:00:00,40.001167,25.0,-15.001167297363281
2019-04-27 12:00:00,65.47043,33.0,-32.470428466796875
2019-04-27 15:00:00,68.22165,29.0,-39.221649169921875
2019-04-27 18:00:00,93.25925,30.0,-63.259246826171875
2019-04-27 21:00:00,98.9055,33.0,-65.90550231933594
2019-04-28 00:00:00,73.46603,38.0,-35.466026306152344
2019-04-28 03:00:00,99.0691,28.0,-71.06909942626953
2019-04-28 06:00:00,224.749,28.0,-196.74899291992188
2019-04-28 09:00:00,288.35757,27.0,-261.3575744628906
2019-04-29 09:00:00,82.11049,28.0,-54.11048889160156
2019-04-29 12:00:00,69.52064,43.0,-26.52063751220703
2019-04-29 15:00:00,76.28296,49.0,-27.282958984375
2019-04-29 18:00:00,120.53943,51.0,-69.5394287109375
2019-04-29 21:00:00,130.24533,41.0,-89.24533081054688
2019-04-30 00:00:00,95.259796,40.0,-55.259796142578125
2019-04-30 03:00:00,90.19834,47.0,-43.198341369628906
2019-04-30 06:00:00,40.571537,41.0,0.4284629821777344
2019-04-30 09:00:00,28.601732,38.0,9.39826774597168
2019-04-30 12:00:00,54.264545,32.0,-22.264545440673828
2019-04-30 15:00:00,68.12297,36.0,-32.12297058105469
2019-04-30 18:00:00,102.3086,48.0,-54.30860137939453
2019-05-01 06:00:00,112.611534,64.0,-48.611534118652344
2019-05-01 09:00:00,67.49656,40.0,-27.496559143066406
2019-05-01 12:00:00,59.23221,55.0,-4.232208251953125
2019-05-01 15:00:00,67.76554,42.0,-25.765541076660156
2019-05-01 18:00:00,120.18836,53.0,-67.18836212158203
2019-05-01 21:00:00,139.25523,67.0,-72.25523376464844
2019-05-02 00:00:00,126.80539,78.0,-48.805389404296875
2019-05-02 03:00:00,156.6209,80.0,-76.62089538574219
2019-05-02 06:00:00,80.192535,59.0,-21.192535400390625
2019-05-02 09:00:00,48.661095,43.0,-5.661094665527344
2019-05-02 12:00:00,65.70417,39.0,-26.70417022705078
2019-05-02 15:00:00,74.88734,34.0,-40.88733673095703
2019-05-02 18:00:00,114.082466,39.0,-75.08246612548828
2019-05-02 21:00:00,124.707184,46.0,-78.70718383789062
2019-05-03 00:00:00,98.13675,56.0,-42.136749267578125
2019-05-03 03:00:00,103.20468,69.0,-34.204681396484375
2019-05-03 06:00:00,78.69466,51.0,-27.694656372070312
2019-05-03 09:00:00,57.708973,49.0,-8.708972930908203
2019-05-03 12:00:00,68.91151,53.0,-15.911506652832031
2019-05-03 15:00:00,86.14006,48.0,-38.14006042480469
2019-05-03 18:00:00,106.97272,46.0,-60.97271728515625
2019-05-03 21:00:00,106.062996,58.0,-48.06299591064453
2019-05-04 00:00:00,144.8526,504.0,359.14739990234375
2019-05-04 03:00:00,160.81474,540.0,379.1852569580078
2019-05-04 06:00:00,134.07657,88.0,-46.076568603515625
2019-05-04 09:00:00,119.291595,209.0,89.70840454101562
2019-05-04 12:00:00,127.37541,112.0,-15.375411987304688
2019-05-04 15:00:00,123.68025,172.0,48.31974792480469
2019-05-04 18:00:00,129.87152,84.0,-45.87152099609375
2019-05-04 21:00:00,157.9142,54.0,-103.91419982910156
2019-05-05 00:00:00,178.03767,64.0,-114.03767395019531
2019-05-05 03:00:00,113.8111,38.0,-75.81109619140625
2019-05-05 06:00:00,58.484375,39.0,-19.484375
2019-05-05 09:00:00,56.747353,33.0,-23.747352600097656
2019-05-05 12:00:00,86.94451,46.0,-40.94451141357422
2019-05-05 15:00:00,88.10048,60.0,-28.100479125976562
2019-05-05 18:00:00,119.6197,73.0,-46.61969757080078
2019-05-05 21:00:00,85.437935,25.0,-60.43793487548828
2019-05-06 00:00:00,58.74847,19.0,-39.748470306396484
2019-05-06 03:00:00,59.467083,33.0,-26.467082977294922
2019-05-06 06:00:00,53.39791,32.0,-21.397911071777344
2019-05-06 09:00:00,41.867905,26.0,-15.867904663085938
2019-05-06 12:00:00,70.03428,19.0,-51.034278869628906
2019-05-06 15:00:00,79.36057,22.0,-57.360572814941406
2019-05-06 18:00:00,106.82038,29.0,-77.82038116455078
2019-05-06 21:00:00,120.96211,45.0,-75.96211242675781
2019-05-07 03:00:00,78.75582,32.0,-46.755821228027344
2019-05-07 06:00:00,65.428085,38.0,-27.428085327148438
2019-05-07 09:00:00,45.925846,27.0,-18.925846099853516
2019-05-07 12:00:00,44.58923,23.0,-21.589229583740234
2019-05-07 15:00:00,50.147945,52.0,1.8520545959472656
2019-05-07 18:00:00,106.62859,57.0,-49.62859344482422
2019-05-07 21:00:00,123.43969,63.0,-60.43968963623047
2019-05-08 00:00:00,140.06969,65.0,-75.06968688964844
2019-05-08 03:00:00,116.12514,65.0,-51.12513732910156
2019-05-08 06:00:00,84.06818,38.0,-46.06817626953125
2019-05-08 09:00:00,56.338306,27.0,-29.338306427001953
2019-05-08 15:00:00,57.90662,29.0,-28.906620025634766
2019-05-08 18:00:00,94.64008,32.0,-62.64008331298828
2019-05-08 21:00:00,105.46046,34.0,-71.46045684814453
2019-05-09 00:00:00,97.26699,43.0,-54.266990661621094
2019-05-09 03:00:00,75.91285,68.0,-7.912849426269531
2019-05-09 06:00:00,73.957436,48.0,-25.957435607910156
2019-05-09 09:00:00,74.49569,54.0,-20.495689392089844
2019-05-09 12:00:00,69.0585,54.0,-15.058502197265625
2019-05-09 15:00:00,78.746666,59.0,-19.746665954589844
2019-05-09 18:00:00,101.15576,55.0,-46.15576171875
2019-05-09 21:00:00,114.579735,67.0,-47.579734802246094
2019-05-10 00:00:00,114.15682,32.0,-82.15682220458984
2019-05-10 03:00:00,126.39561,36.0,-90.3956069946289
2019-05-10 06:00:00,121.24821,158.0,36.751792907714844
2019-05-10 12:00:00,88.318985,161.0,72.68101501464844
2019-05-10 15:00:00,98.13573,56.0,-42.13572692871094
2019-05-10 18:00:00,90.63206,36.0,-54.632057189941406
2019-05-10 21:00:00,61.28903,31.0,-30.28902816772461
2019-05-11 00:00:00,53.582424,27.0,-26.58242416381836
2019-05-11 03:00:00,55.153122,20.0,-35.15312194824219
2019-05-11 06:00:00,42.86204,30.0,-12.862041473388672
2019-05-11 09:00:00,35.23337,20.0,-15.23337173461914
2019-05-11 12:00:00,52.916336,24.0,-28.916336059570312
2019-05-11 15:00:00,50.525616,15.0,-35.52561569213867
2019-05-11 18:00:00,76.382774,21.0,-55.382774353027344
2019-05-11 21:00:00,72.34553,19.0,-53.34552764892578
2019-05-12 00:00:00,41.485237,18.0,-23.48523712158203
2019-05-12 03:00:00,43.611065,20.0,-23.611064910888672
2019-05-12 06:00:00,29.419994,26.0,-3.419994354248047
2019-05-12 09:00:00,27.67996,27.0,-0.6799602508544922
2019-05-12 12:00:00,38.813824,33.0,-5.813823699951172
2019-05-12 15:00:00,48.16138,26.0,-22.161380767822266
2019-05-12 18:00:00,78.426636,34.0,-44.4266357421875
2019-05-12 21:00:00,71.41136,68.0,-3.4113616943359375
2019-05-13 00:00:00,66.724625,38.0,-28.724624633789062
2019-05-13 03:00:00,86.7322,36.0,-50.732200622558594
2019-05-13 06:00:00,102.277115,94.0,-8.277114868164062
2019-05-13 09:00:00,83.699776,80.0,-3.6997756958007812
2019-05-13 12:00:00,71.73673,56.0,-15.736732482910156
2019-05-13 15:00:00,64.91678,68.0,3.083221435546875
2019-05-13 18:00:00,86.2799,74.0,-12.279899597167969
2019-05-13 21:00:00,82.04211,29.0,-53.04210662841797
2019-05-14 00:00:00,47.399906,96.0,48.600093841552734
2019-05-14 03:00:00,50.744175,45.0,-5.744174957275391
2019-05-14 06:00:00,33.176888,35.0,1.8231124877929688
2019-05-14 09:00:00,13.765827,30.0,16.234172821044922
2019-05-14 12:00:00,21.876986,26.0,4.123014450073242
2019-05-14 15:00:00,34.039433,32.0,-2.0394325256347656
2019-05-14 18:00:00,73.175896,18.0,-55.17589569091797
2019-05-14 21:00:00,84.94385,35.0,-49.94384765625
2019-05-15 00:00:00,85.88177,36.0,-49.88176727294922
2019-05-15 03:00:00,90.880295,29.0,-61.88029479980469
2019-05-15 06:00:00,75.431786,43.0,-32.431785583496094
2019-05-15 09:00:00,40.713245,26.0,-14.713245391845703
2019-05-15 12:00:00,36.535538,32.0,-4.5355377197265625
2019-05-15 15:00:00,48.71822,17.0,-31.718219757080078
2019-05-15 18:00:00,84.4816,23.0,-61.481597900390625
2019-05-15 21:00:00,85.17691,30.0,-55.176910400390625
2019-05-16 00:00:00,61.17625,32.0,-29.176250457763672
2019-05-16 03:00:00,72.34456,35.0,-37.34455871582031
2019-05-16 06:00:00,52.903828,42.0,-10.903827667236328
2019-05-16 09:00:00,34.07865,63.0,28.921348571777344
2019-05-16 12:00:00,25.872396,45.0,19.12760353088379
2019-05-16 15:00:00,33.46497,58.0,24.535030364990234
2019-05-16 18:00:00,74.17623,84.0,9.823768615722656
2019-05-16 21:00:00,110.20961,79.0,-31.209609985351562
2019-05-17 00:00:00,95.73432,61.0,-34.73432159423828
2019-05-17 03:00:00,90.17304,68.0,-22.17304229736328
2019-05-17 06:00:00,86.35624,53.0,-33.356239318847656
2019-05-17 09:00:00,68.123085,63.0,-5.123085021972656
2019-05-17 12:00:00,32.982086,70.0,37.017913818359375
2019-05-17 15:00:00,62.68317,73.0,10.316829681396484
2019-05-17 18:00:00,69.78018,68.0,-1.780181884765625
2019-05-17 21:00:00,68.812996,69.0,0.18700408935546875
2019-05-18 00:00:00,77.16176,65.0,-12.161758422851562
2019-05-18 03:00:00,94.45472,63.0,-31.45471954345703
2019-05-18 06:00:00,72.03693,47.0,-25.03692626953125
2019-05-18 09:00:00,71.1633,41.0,-30.163299560546875
2019-05-18 12:00:00,73.62007,46.0,-27.620071411132812
2019-05-18 15:00:00,83.483086,67.0,-16.48308563232422
2019-05-18 18:00:00,98.02591,59.0,-39.025909423828125
2019-05-18 21:00:00,102.574005,56.0,-46.574005126953125
2019-05-19 00:00:00,98.22986,46.0,-52.2298583984375
2019-05-19 03:00:00,110.62252,58.0,-52.622520446777344
2019-05-19 06:00:00,105.576195,164.0,58.423805236816406
2019-05-19 09:00:00,121.769516,101.0,-20.769515991210938
2019-05-19 12:00:00,130.86833,65.0,-65.86833190917969
2019-05-19 15:00:00,130.62288,41.0,-89.62287902832031
2019-05-19 18:00:00,115.78334,26.0,-89.78334045410156
2019-05-19 21:00:00,122.78281,26.0,-96.78280639648438
2019-05-20 00:00:00,142.36331,37.0,-105.36331176757812
2019-05-20 03:00:00,138.90668,29.0,-109.90667724609375
2019-05-20 06:00:00,130.99168,26.0,-104.99168395996094
2019-05-20 09:00:00,115.746506,29.0,-86.74650573730469
2019-05-20 12:00:00,93.21707,34.0,-59.217071533203125
2019-05-20 15:00:00,90.433784,39.0,-51.43378448486328
2019-05-20 18:00:00,93.04699,31.0,-62.04698944091797
2019-05-20 21:00:00,101.98926,32.0,-69.9892578125
2019-05-21 00:00:00,81.335655,89.0,7.664344787597656
2019-05-21 03:00:00,96.473625,34.0,-62.47362518310547
2019-05-21 06:00:00,71.05291,45.0,-26.05290985107422
2019-05-21 15:00:00,98.452805,16.0,-82.45280456542969
2019-05-21 18:00:00,96.6744,4.0,-92.67440032958984
2019-05-21 21:00:00,111.34307,1.0,-110.34307098388672
2019-05-22 00:00:00,77.3839,6.0,-71.38390350341797
2019-05-22 03:00:00,91.82759,8.0,-83.82759094238281
2019-05-22 06:00:00,84.28174,8.0,-76.28173828125
2019-05-22 09:00:00,40.144413,6.0,-34.144412994384766
2019-05-22 12:00:00,44.335136,5.0,-39.33513641357422
2019-05-22 15:00:00,58.555317,2.0,-56.55531692504883
2019-05-22 18:00:00,84.95806,6.0,-78.95806121826172
2019-05-22 21:00:00,96.800705,9.0,-87.80070495605469
2019-05-23 00:00:00,55.98804,9.0,-46.988040924072266
2019-05-23 03:00:00,56.20609,5.0,-51.20608901977539
2019-05-23 06:00:00,23.475878,6.0,-17.47587776184082
2019-05-23 09:00:00,28.912836,6.0,-22.9128360748291
2019-05-23 12:00:00,30.847559,7.0,-23.847558975219727
2019-05-23 15:00:00,41.190334,4.0,-37.19033432006836
2019-05-23 18:00:00,73.29072,7.0,-66.29071807861328
2019-05-23 21:00:00,88.39561,6.0,-82.3956069946289
2019-05-24 00:00:00,61.176025,8.0,-53.176025390625
2019-05-24 03:00:00,73.78606,7.0,-66.78605651855469
2019-05-24 06:00:00,70.15956,8.0,-62.15956115722656
2019-05-24 09:00:00,55.758163,5.0,-50.75816345214844
2019-05-24 12:00:00,51.25321,7.0,-44.25320816040039
2019-05-24 15:00:00,54.90722,6.0,-48.90721893310547
2019-05-24 18:00:00,74.761826,10.0,-64.76182556152344
2019-05-24 21:00:00,75.50307,3.0,-72.50306701660156
2019-05-25 00:00:00,53.24506,4.0,-49.245059967041016
2019-05-25 03:00:00,69.28269,6.0,-63.282691955566406
2019-05-25 06:00:00,47.875004,8.0,-39.875003814697266
2019-05-25 09:00:00,38.84702,6.0,-32.84701919555664
2019-05-25 12:00:00,46.193916,4.0,-42.19391632080078
2019-05-25 15:00:00,51.011284,7.0,-44.01128387451172
2019-05-25 18:00:00,73.14344,6.0,-67.14344024658203
2019-05-25 21:00:00,74.76365,7.0,-67.7636489868164
2019-05-26 00:00:00,75.43235,5.0,-70.4323501586914
2019-05-26 03:00:00,81.84634,4.0,-77.8463363647461
2019-05-26 06:00:00,61.63782,9.0,-52.637821197509766
2019-05-26 09:00:00,50.46286,8.0,-42.462860107421875
2019-05-26 12:00:00,42.89086,5.0,-37.89086151123047
2019-05-26 15:00:00,55.319786,7.0,-48.319786071777344
2019-05-26 18:00:00,64.39928,2.0,-62.39927673339844
2019-05-26 21:00:00,72.197395,11.0,-61.19739532470703
2019-05-27 00:00:00,70.024155,6.0,-64.02415466308594
2019-05-27 03:00:00,98.832855,7.0,-91.83285522460938
2019-05-27 06:00:00,68.94311,6.0,-62.94310760498047
2019-05-27 09:00:00,40.773785,6.0,-34.77378463745117
2019-05-27 12:00:00,52.82959,8.0,-44.82958984375
2019-05-27 15:00:00,61.283115,8.0,-53.28311538696289
2019-05-27 18:00:00,78.96313,7.0,-71.96312713623047
2019-05-27 21:00:00,89.53589,7.0,-82.535888671875
2019-05-28 00:00:00,100.81658,6.0,-94.81658172607422
2019-05-28 03:00:00,110.88605,1.0,-109.88604736328125
2019-05-28 06:00:00,76.92961,9.0,-67.92961120605469
2019-05-28 09:00:00,54.93439,9.0,-45.934391021728516
2019-05-28 12:00:00,49.721622,5.0,-44.721622467041016
2019-05-28 15:00:00,46.875813,8.0,-38.87581253051758
2019-05-28 18:00:00,54.463272,7.0,-47.46327209472656
2019-05-28 21:00:00,79.949585,12.0,-67.9495849609375
2019-05-29 00:00:00,105.82971,11.0,-94.8297119140625
2019-05-29 03:00:00,106.34563,7.0,-99.34562683105469
2019-05-29 06:00:00,88.79306,7.0,-81.79306030273438
2019-05-29 09:00:00,46.53748,5.0,-41.537479400634766
2019-05-29 12:00:00,53.484653,8.0,-45.48465347290039
2019-05-29 15:00:00,57.378883,2.0,-55.378883361816406
2019-05-29 18:00:00,96.58675,5.0,-91.58674621582031
2019-05-29 21:00:00,96.22499,6.0,-90.22499084472656
2019-05-30 03:00:00,106.03833,12.0,-94.038330078125
2019-05-30 09:00:00,31.027866,25.0,-6.027866363525391
2019-05-30 12:00:00,28.52562,32.0,3.4743804931640625
2019-05-30 15:00:00,43.151375,20.0,-23.15137481689453
2019-05-30 18:00:00,74.558556,25.0,-49.558555603027344
2019-05-30 21:00:00,83.49707,36.0,-47.4970703125
2019-05-31 00:00:00,55.371628,38.0,-17.371627807617188
2019-05-31 03:00:00,62.806065,69.0,6.193935394287109
2019-05-31 06:00:00,40.544136,28.0,-12.544136047363281
2019-05-31 09:00:00,26.505404,25.0,-1.5054035186767578
2019-05-31 12:00:00,35.720177,23.0,-12.720176696777344
2019-05-31 15:00:00,52.856647,20.0,-32.85664749145508
2019-05-31 18:00:00,83.37679,34.0,-49.376792907714844
2019-05-31 21:00:00,85.235115,49.0,-36.23511505126953
2019-06-01 00:00:00,50.473774,53.0,2.526226043701172
2019-06-01 03:00:00,58.058617,50.0,-8.058616638183594
2019-06-01 06:00:00,39.954388,39.0,-0.9543876647949219
2019-06-01 09:00:00,34.91732,17.0,-17.917320251464844
2019-06-01 12:00:00,42.231934,22.0,-20.23193359375
2019-06-01 15:00:00,58.706062,19.0,-39.70606231689453
2019-06-01 18:00:00,91.11585,33.0,-58.11585235595703
2019-06-01 21:00:00,93.08588,28.0,-65.08587646484375
2019-06-02 00:00:00,81.96275,27.0,-54.96275329589844
2019-06-02 03:00:00,74.15986,28.0,-46.15985870361328
2019-06-02 06:00:00,47.622505,27.0,-20.62250518798828
2019-06-02 09:00:00,30.919352,23.0,-7.919351577758789
2019-06-02 12:00:00,37.185658,29.0,-8.185657501220703
2019-06-02 15:00:00,44.636665,40.0,-4.636665344238281
2019-06-02 18:00:00,68.44698,28.0,-40.446983337402344
2019-06-02 21:00:00,73.091995,32.0,-41.09199523925781
2019-06-03 00:00:00,74.63632,46.0,-28.636322021484375
2019-06-03 03:00:00,76.847984,34.0,-42.847984313964844
2019-06-03 06:00:00,63.51047,29.0,-34.51047134399414
2019-06-03 09:00:00,25.08591,22.0,-3.0859107971191406
2019-06-03 12:00:00,22.595715,43.0,20.404285430908203
2019-06-03 15:00:00,28.343834,44.0,15.656166076660156
2019-06-03 18:00:00,74.01206,52.0,-22.012062072753906
2019-06-03 21:00:00,92.43456,48.0,-44.43456268310547
2019-06-04 00:00:00,60.136303,56.0,-4.136302947998047
2019-06-04 03:00:00,51.69227,61.0,9.307731628417969
2019-06-04 06:00:00,32.23539,45.0,12.764610290527344
2019-06-04 09:00:00,18.370144,47.0,28.62985610961914
2019-06-04 12:00:00,31.39715,83.0,51.60284996032715
2019-06-04 15:00:00,42.49796,51.0,8.50204086303711
2019-06-04 18:00:00,63.927986,56.0,-7.927986145019531
2019-06-04 21:00:00,67.76804,53.0,-14.768043518066406
2019-06-05 00:00:00,53.178154,50.0,-3.1781539916992188
2019-06-05 03:00:00,78.78157,45.0,-33.78157043457031
2019-06-05 06:00:00,74.59789,41.0,-33.59789276123047
2019-06-05 09:00:00,44.189278,43.0,-1.1892776489257812
2019-06-05 12:00:00,36.446835,38.0,1.5531654357910156
2019-06-05 15:00:00,50.835327,39.0,-11.8353271484375
2019-06-05 18:00:00,74.412125,54.0,-20.412124633789062
2019-06-05 21:00:00,76.963264,45.0,-31.96326446533203
2019-06-06 00:00:00,59.515285,44.0,-15.51528549194336
2019-06-06 03:00:00,72.84405,41.0,-31.84404754638672
2019-06-06 06:00:00,66.127426,58.0,-8.127426147460938
2019-06-06 09:00:00,40.264866,87.0,46.73513412475586
2019-06-06 12:00:00,31.723545,43.0,11.27645492553711
2019-06-06 15:00:00,39.22264,38.0,-1.2226409912109375
2019-06-06 18:00:00,83.25503,41.0,-42.255027770996094
2019-06-06 21:00:00,102.79279,49.0,-53.79279327392578
2019-06-07 00:00:00,83.09553,85.0,1.9044723510742188
2019-06-07 03:00:00,87.522156,68.0,-19.52215576171875
2019-06-07 06:00:00,83.43909,48.0,-35.4390869140625
2019-06-07 09:00:00,55.82922,60.0,4.170780181884766
2019-06-07 12:00:00,53.045597,112.0,58.954402923583984
2019-06-07 15:00:00,58.81634,72.0,13.183658599853516
2019-06-07 18:00:00,98.62117,99.0,0.3788299560546875
2019-06-07 21:00:00,102.73413,60.0,-42.734130859375
2019-06-08 00:00:00,83.59086,57.0,-26.590858459472656
2019-06-08 03:00:00,85.26831,50.0,-35.268310546875
2019-06-08 06:00:00,83.97956,54.0,-29.97956085205078
2019-06-08 09:00:00,54.2135,39.0,-15.2135009765625
2019-06-08 12:00:00,31.141497,74.0,42.858503341674805
2019-06-08 15:00:00,34.4765,80.0,45.52349853515625
2019-06-08 18:00:00,75.06299,66.0,-9.06298828125
2019-06-08 21:00:00,86.118805,75.0,-11.118804931640625
2019-06-09 00:00:00,70.362144,96.0,25.637855529785156
2019-06-09 03:00:00,75.0224,46.0,-29.02239990234375
2019-06-09 06:00:00,67.67084,104.0,36.32916259765625
2019-06-09 09:00:00,49.7451,85.0,35.25490188598633
2019-06-09 12:00:00,42.49398,64.0,21.506019592285156
2019-06-09 15:00:00,49.0063,59.0,9.993698120117188
2019-06-09 18:00:00,81.723785,65.0,-16.723785400390625
2019-06-09 21:00:00,74.48125,88.0,13.518753051757812
2019-06-10 00:00:00,47.796677,54.0,6.2033233642578125
2019-06-10 03:00:00,57.10808,122.0,64.89191818237305
2019-06-10 06:00:00,58.00416,52.0,-6.004161834716797
2019-06-10 09:00:00,46.142815,47.0,0.8571853637695312
2019-06-10 12:00:00,38.10027,44.0,5.899730682373047
2019-06-10 15:00:00,44.946774,38.0,-6.946773529052734
2019-06-10 18:00:00,72.78209,43.0,-29.782089233398438
2019-06-10 21:00:00,65.50044,67.0,1.4995574951171875
2019-06-11 00:00:00,53.139503,49.0,-4.139503479003906
2019-06-11 03:00:00,59.81792,110.0,50.18207931518555
2019-06-11 06:00:00,54.013527,56.0,1.9864730834960938
2019-06-11 09:00:00,47.3201,51.0,3.679901123046875
2019-06-11 12:00:00,40.553856,51.0,10.446144104003906
2019-06-11 15:00:00,47.64331,46.0,-1.643310546875
2019-06-11 18:00:00,71.466385,46.0,-25.466384887695312
2019-06-11 21:00:00,76.78443,39.0,-37.78443145751953
2019-06-12 00:00:00,108.51181,45.0,-63.511810302734375
2019-06-12 03:00:00,107.54797,52.0,-55.5479736328125
2019-06-12 06:00:00,90.818504,51.0,-39.818504333496094
2019-06-12 09:00:00,53.167015,42.0,-11.167015075683594
2019-06-12 12:00:00,41.710793,39.0,-2.7107925415039062
2019-06-12 15:00:00,49.322693,29.0,-20.32269287109375
2019-06-12 18:00:00,60.301544,23.0,-37.301544189453125
2019-06-12 21:00:00,49.028587,32.0,-17.028587341308594
2019-06-13 00:00:00,31.584705,38.0,6.415294647216797
2019-06-13 03:00:00,26.609768,37.0,10.39023208618164
2019-06-13 06:00:00,27.102488,62.0,34.897512435913086
2019-06-13 09:00:00,33.486004,72.0,38.51399612426758
2019-06-13 12:00:00,38.529152,68.0,29.470848083496094
2019-06-13 15:00:00,47.384445,34.0,-13.384445190429688
2019-06-13 18:00:00,70.21345,28.0,-42.21344757080078
2019-06-13 21:00:00,73.90736,35.0,-38.90735626220703
2019-06-14 00:00:00,89.09478,29.0,-60.09477996826172
2019-06-14 03:00:00,81.82678,39.0,-42.8267822265625
2019-06-14 06:00:00,60.017555,39.0,-21.017555236816406
2019-06-14 09:00:00,30.546516,36.0,5.453483581542969
2019-06-14 12:00:00,31.981358,30.0,-1.9813575744628906
2019-06-14 15:00:00,35.471203,58.0,22.528797149658203
2019-06-14 18:00:00,79.51689,54.0,-25.516891479492188
2019-06-14 21:00:00,88.696655,24.0,-64.6966552734375
2019-06-15 00:00:00,50.11111,66.0,15.88888931274414
2019-06-15 03:00:00,63.31129,69.0,5.688709259033203
2019-06-15 06:00:00,41.635757,52.0,10.364242553710938
2019-06-15 09:00:00,31.06686,57.0,25.93313980102539
2019-06-15 12:00:00,46.294987,48.0,1.7050132751464844
2019-06-15 15:00:00,49.38329,35.0,-14.383289337158203
2019-06-15 18:00:00,85.27286,45.0,-40.272857666015625
2019-06-15 21:00:00,104.95569,48.0,-56.9556884765625
2019-06-16 00:00:00,130.87196,57.0,-73.87196350097656
2019-06-16 03:00:00,127.35325,71.0,-56.353248596191406
2019-06-16 06:00:00,109.17006,50.0,-59.17005920410156
2019-06-16 09:00:00,69.472435,55.0,-14.472434997558594
2019-06-16 12:00:00,69.79485,56.0,-13.794853210449219
2019-06-16 15:00:00,66.27033,61.0,-5.270332336425781
2019-06-16 18:00:00,105.04755,96.0,-9.04754638671875
2019-06-16 21:00:00,116.19545,64.0,-52.19544982910156
2019-06-17 00:00:00,38.249027,186.0,147.75097274780273
2019-06-17 03:00:00,39.507996,83.0,43.49200439453125
2019-06-17 06:00:00,38.456734,41.0,2.5432662963867188
2019-06-17 09:00:00,27.82383,26.0,-1.8238296508789062
2019-06-17 12:00:00,36.275196,29.0,-7.275196075439453
2019-06-17 15:00:00,45.412663,34.0,-11.412662506103516
2019-06-17 18:00:00,69.556335,28.0,-41.55633544921875
2019-06-17 21:00:00,69.02735,28.0,-41.02735137939453
2019-06-18 00:00:00,69.03224,51.0,-18.032241821289062
2019-06-18 03:00:00,51.227062,36.0,-15.227062225341797
2019-06-18 06:00:00,34.562843,30.0,-4.562843322753906
2019-06-18 09:00:00,26.861244,33.0,6.138755798339844
2019-06-18 12:00:00,40.190685,37.0,-3.190685272216797
2019-06-18 15:00:00,47.014168,23.0,-24.01416778564453
2019-06-18 18:00:00,62.922028,37.0,-25.922027587890625
2019-06-18 21:00:00,54.26227,36.0,-18.262271881103516
2019-06-19 00:00:00,53.121765,38.0,-15.12176513671875
2019-06-19 03:00:00,52.12087,33.0,-19.120868682861328
2019-06-19 06:00:00,35.329094,32.0,-3.3290939331054688
2019-06-19 09:00:00,33.231346,65.0,31.768653869628906
2019-06-19 12:00:00,50.49128,49.0,-1.4912796020507812
2019-06-19 18:00:00,88.46791,32.0,-56.46791076660156
2019-06-19 21:00:00,82.04461,27.0,-55.04460906982422
2019-06-20 00:00:00,58.555656,32.0,-26.55565643310547
2019-06-20 03:00:00,50.56313,29.0,-21.563129425048828
2019-06-20 06:00:00,31.126774,28.0,-3.1267738342285156
2019-06-20 09:00:00,33.497257,32.0,-1.4972572326660156
2019-06-20 12:00:00,44.896523,27.0,-17.896522521972656
2019-06-20 15:00:00,57.41049,24.0,-33.41048812866211
2019-06-20 18:00:00,81.548706,27.0,-54.5487060546875
2019-06-20 21:00:00,87.49567,36.0,-51.49566650390625
2019-06-21 00:00:00,75.0108,35.0,-40.01080322265625
2019-06-21 03:00:00,74.40031,17.0,-57.400306701660156
2019-06-21 06:00:00,62.162598,36.0,-26.16259765625
2019-06-21 09:00:00,45.2348,26.0,-19.234798431396484
2019-06-21 12:00:00,57.00997,31.0,-26.009971618652344
2019-06-21 15:00:00,65.95656,23.0,-42.95655822753906
2019-06-21 18:00:00,89.52065,28.0,-61.520652770996094
2019-06-21 21:00:00,84.073006,33.0,-51.07300567626953
2019-06-22 00:00:00,32.331173,32.0,-0.3311729431152344
2019-06-22 03:00:00,33.813194,29.0,-4.813194274902344
2019-06-22 06:00:00,29.07143,32.0,2.928569793701172
2019-06-22 09:00:00,27.219812,30.0,2.7801876068115234
2019-06-22 12:00:00,28.96934,29.0,0.030660629272460938
2019-06-22 15:00:00,32.17292,35.0,2.8270797729492188
2019-06-22 18:00:00,68.70437,53.0,-15.704368591308594
2019-06-22 21:00:00,92.270966,34.0,-58.270965576171875
2019-06-23 00:00:00,68.148834,37.0,-31.148834228515625
2019-06-23 03:00:00,69.7271,41.0,-28.727096557617188
2019-06-23 06:00:00,61.032326,48.0,-13.032325744628906
2019-06-23 09:00:00,38.22902,46.0,7.7709808349609375
2019-06-23 12:00:00,42.601643,55.0,12.398357391357422
2019-06-23 15:00:00,47.306004,38.0,-9.30600357055664
2019-06-23 18:00:00,80.98778,51.0,-29.987777709960938
2019-06-23 21:00:00,92.82826,61.0,-31.828262329101562
2019-06-24 00:00:00,69.24006,53.0,-16.24005889892578
2019-06-24 03:00:00,42.439297,37.0,-5.439296722412109
2019-06-24 06:00:00,31.642458,39.0,7.357542037963867
2019-06-24 09:00:00,22.68689,48.0,25.3131103515625
2019-06-24 12:00:00,37.113865,69.0,31.88613510131836
2019-06-24 15:00:00,43.863224,42.0,-1.8632240295410156
2019-06-24 18:00:00,72.57176,48.0,-24.571762084960938
2019-06-24 21:00:00,78.75497,75.0,-3.7549667358398438
2019-06-25 00:00:00,67.78475,38.0,-29.784751892089844
2019-06-25 03:00:00,72.031525,35.0,-37.031524658203125
2019-06-25 06:00:00,58.73062,45.0,-13.730621337890625
2019-06-25 09:00:00,36.58312,65.0,28.416881561279297
2019-06-25 12:00:00,36.938446,34.0,-2.938446044921875
2019-06-25 15:00:00,43.202477,27.0,-16.202476501464844
2019-06-25 18:00:00,63.35381,31.0,-32.35380935668945
2019-06-25 21:00:00,62.02754,38.0,-24.027538299560547
2019-06-26 00:00:00,45.250317,34.0,-11.250316619873047
2019-06-26 03:00:00,64.494774,39.0,-25.494773864746094
2019-06-26 06:00:00,50.03892,39.0,-11.038921356201172
2019-06-26 09:00:00,23.271128,35.0,11.728872299194336
2019-06-26 12:00:00,37.41002,57.0,19.589981079101562
2019-06-26 15:00:00,57.350918,51.0,-6.350917816162109
2019-06-26 18:00:00,94.26549,33.0,-61.26548767089844
2019-06-26 21:00:00,87.04569,42.0,-45.045692443847656
2019-06-27 00:00:00,82.61509,34.0,-48.615089416503906
2019-06-27 06:00:00,50.30256,42.0,-8.302558898925781
2019-06-27 09:00:00,28.586102,47.0,18.413898468017578
2019-06-27 12:00:00,25.047712,95.0,69.9522876739502
2019-06-27 15:00:00,41.054817,45.0,3.9451828002929688
2019-06-27 18:00:00,85.784676,41.0,-44.78467559814453
2019-06-27 21:00:00,87.65778,58.0,-29.65778350830078
2019-06-28 00:00:00,55.20451,49.0,-6.204509735107422
2019-06-28 03:00:00,69.31157,38.0,-31.311569213867188
2019-06-28 06:00:00,81.76221,29.0,-52.76220703125
2019-06-28 09:00:00,46.10456,29.0,-17.10456085205078
2019-06-28 12:00:00,40.000713,21.0,-19.000713348388672
2019-06-28 15:00:00,49.043365,17.0,-32.043365478515625
2019-06-28 18:00:00,87.069565,25.0,-62.06956481933594
2019-06-30 09:00:00,48.277115,32.0,-16.277114868164062
2019-06-30 12:00:00,48.299854,25.0,-23.299854278564453
2019-06-30 15:00:00,55.269085,20.0,-35.26908493041992
2019-06-30 18:00:00,80.669,65.0,-15.668998718261719
2019-06-30 21:00:00,77.543976,49.0,-28.543975830078125
2019-07-01 00:00:00,11.362204,51.0,39.63779640197754
2019-07-01 03:00:00,14.683792,37.0,22.316207885742188
2019-07-01 06:00:00,23.13584,36.0,12.864160537719727
2019-07-01 09:00:00,33.409832,30.0,-3.409832000732422
2019-07-01 12:00:00,45.502247,33.0,-12.502246856689453
2019-07-01 15:00:00,72.21161,33.0,-39.21160888671875
2019-07-01 18:00:00,93.49014,31.0,-62.490142822265625
2019-07-01 21:00:00,76.90505,32.0,-44.905052185058594
2019-07-02 00:00:00,57.44141,35.0,-22.441410064697266
2019-07-02 03:00:00,60.623962,22.0,-38.62396240234375
2019-07-02 06:00:00,57.990974,48.0,-9.990974426269531
2019-07-02 09:00:00,50.37265,133.0,82.62734985351562
2019-07-02 12:00:00,50.168865,87.0,36.83113479614258
2019-07-02 15:00:00,62.42408,49.0,-13.424079895019531
2019-07-02 18:00:00,93.12566,38.0,-55.12566375732422
2019-07-03 00:00:00,58.27633,23.0,-35.276329040527344
2019-07-03 03:00:00,51.962387,27.0,-24.962387084960938
2019-07-03 06:00:00,39.865654,33.0,-6.865653991699219
2019-07-03 09:00:00,25.309874,31.0,5.690126419067383
2019-07-03 12:00:00,33.07423,35.0,1.9257698059082031
2019-07-03 15:00:00,49.011078,35.0,-14.011077880859375
2019-07-03 18:00:00,73.24365,29.0,-44.24365234375
2019-07-03 21:00:00,66.14823,32.0,-34.148231506347656
2019-07-05 00:00:00,69.41878,27.0,-42.41877746582031
2019-07-05 03:00:00,62.68192,26.0,-36.68191909790039
2019-07-05 06:00:00,44.571037,29.0,-15.571037292480469
2019-07-05 09:00:00,38.66876,35.0,-3.6687583923339844
2019-07-05 12:00:00,57.095802,59.0,1.9041976928710938
2019-07-05 15:00:00,70.85987,43.0,-27.85987091064453
2019-07-05 18:00:00,101.072945,48.0,-53.07294464111328
2019-07-05 21:00:00,109.497025,36.0,-73.49702453613281
2019-07-06 00:00:00,94.22706,40.0,-54.22705841064453
2019-07-06 06:00:00,44.15483,39.0,-5.1548309326171875
2019-07-06 12:00:00,31.918034,96.0,64.08196640014648
2019-07-06 21:00:00,96.15496,35.0,-61.15496063232422
2019-07-07 00:00:00,85.95771,30.0,-55.95771026611328
2019-07-07 03:00:00,79.50473,38.0,-41.504730224609375
2019-07-07 06:00:00,62.92487,41.0,-21.924869537353516
2019-07-07 09:00:00,35.72268,138.0,102.2773208618164
2019-07-07 12:00:00,48.400806,27.0,-21.400806427001953
2019-07-07 15:00:00,52.76979,31.0,-21.769790649414062
2019-07-07 18:00:00,75.55537,77.0,1.4446334838867188
2019-07-07 21:00:00,80.00029,55.0,-25.000289916992188
2019-07-08 00:00:00,45.013054,35.0,-10.013053894042969
2019-07-08 03:00:00,41.96761,48.0,6.032390594482422
2019-07-08 06:00:00,31.840273,84.0,52.15972709655762
2019-07-08 09:00:00,32.413254,40.0,7.5867462158203125
2019-07-08 12:00:00,41.460907,25.0,-16.460906982421875
2019-07-08 15:00:00,47.293724,26.0,-21.293724060058594
2019-07-08 18:00:00,67.42561,20.0,-47.42561340332031
2019-07-08 21:00:00,71.55654,24.0,-47.556541442871094
2019-07-09 00:00:00,69.886826,23.0,-46.88682556152344
2019-07-09 03:00:00,71.987526,28.0,-43.987525939941406
2019-07-09 06:00:00,63.60392,32.0,-31.603919982910156
2019-07-09 09:00:00,40.033455,26.0,-14.033454895019531
2019-07-09 12:00:00,53.537407,27.0,-26.53740692138672
2019-07-09 15:00:00,72.02561,24.0,-48.025611877441406
2019-07-09 18:00:00,99.992805,40.0,-59.99280548095703
2019-07-09 21:00:00,113.504715,33.0,-80.50471496582031
2019-07-10 00:00:00,66.571144,33.0,-33.571144104003906
2019-07-10 03:00:00,81.21049,31.0,-50.210487365722656
2019-07-10 06:00:00,72.42852,31.0,-41.42852020263672
2019-07-10 09:00:00,33.074913,45.0,11.925086975097656
2019-07-10 12:00:00,33.17882,34.0,0.8211784362792969
2019-07-10 15:00:00,52.114048,27.0,-25.11404800415039
2019-07-10 18:00:00,97.67791,23.0,-74.67790985107422
2019-07-10 21:00:00,121.66379,25.0,-96.66378784179688
2019-07-11 00:00:00,93.22798,29.0,-64.22798156738281
2019-07-11 03:00:00,94.039024,38.0,-56.039024353027344
2019-07-11 06:00:00,76.900734,36.0,-40.900733947753906
2019-07-11 09:00:00,40.278336,28.0,-12.278335571289062
2019-07-11 12:00:00,49.118626,26.0,-23.11862564086914
2019-07-11 15:00:00,57.172203,24.0,-33.172203063964844
2019-07-11 18:00:00,81.78631,33.0,-48.78630828857422
2019-07-11 21:00:00,88.623436,35.0,-53.623435974121094
2019-07-12 00:00:00,68.26417,34.0,-34.26416778564453
2019-07-12 03:00:00,74.01866,34.0,-40.01866149902344
2019-07-12 06:00:00,62.52458,26.0,-36.52457809448242
2019-07-12 09:00:00,35.092968,29.0,-6.092967987060547
2019-07-12 12:00:00,44.904938,30.0,-14.904937744140625
2019-07-12 15:00:00,61.123955,25.0,-36.12395477294922
2019-07-12 18:00:00,95.31982,28.0,-67.31981658935547
2019-07-12 21:00:00,93.60747,38.0,-55.60746765136719
2019-07-13 00:00:00,76.774086,27.0,-49.774085998535156
2019-07-13 03:00:00,73.83909,32.0,-41.839088439941406
2019-07-13 06:00:00,62.356434,39.0,-23.356433868408203
2019-07-13 09:00:00,45.84058,53.0,7.159420013427734
2019-07-13 12:00:00,54.656654,133.0,78.34334564208984
2019-07-13 15:00:00,70.3883,44.0,-26.38829803466797
2019-07-13 18:00:00,97.63949,46.0,-51.639488220214844
2019-07-13 21:00:00,91.8817,63.0,-28.881698608398438
2019-07-14 00:00:00,73.403496,89.0,15.596504211425781
2019-07-14 03:00:00,79.26076,38.0,-41.26075744628906
2019-07-14 06:00:00,64.42338,31.0,-33.423377990722656
2019-07-14 09:00:00,41.543728,28.0,-13.54372787475586
2019-07-14 12:00:00,54.013298,26.0,-28.01329803466797
2019-07-14 15:00:00,69.65752,24.0,-45.65751647949219
2019-07-14 18:00:00,96.212265,67.0,-29.212265014648438
2019-07-14 21:00:00,96.78911,65.0,-31.789108276367188
2019-07-15 00:00:00,32.434742,69.0,36.56525802612305
2019-07-15 03:00:00,26.364433,26.0,-0.36443328857421875
2019-07-15 06:00:00,25.715963,49.0,23.28403663635254
2019-07-15 09:00:00,31.158037,31.0,-0.1580371856689453
2019-07-15 12:00:00,41.699535,28.0,-13.699535369873047
2019-07-15 15:00:00,59.05781,33.0,-26.057811737060547
2019-07-15 18:00:00,93.864174,25.0,-68.86417388916016
2019-07-15 21:00:00,95.894165,32.0,-63.8941650390625
2019-07-16 00:00:00,75.83219,50.0,-25.832191467285156
2019-07-16 03:00:00,74.72863,36.0,-38.72863006591797
2019-07-16 06:00:00,67.5584,27.0,-40.55840301513672
2019-07-16 09:00:00,50.544144,72.0,21.455856323242188
2019-07-16 12:00:00,64.18338,114.0,49.816619873046875
2019-07-16 15:00:00,91.72732,42.0,-49.727317810058594
2019-07-16 18:00:00,110.58,55.0,-55.58000183105469
2019-07-16 21:00:00,98.50669,80.0,-18.506690979003906
2019-07-17 00:00:00,60.691944,32.0,-28.691944122314453
2019-07-17 03:00:00,64.31548,24.0,-40.31548309326172
2019-07-17 06:00:00,58.940884,27.0,-31.94088363647461
2019-07-17 09:00:00,60.203434,27.0,-33.203433990478516
2019-07-17 12:00:00,73.07267,78.0,4.927330017089844
2019-07-17 15:00:00,90.682304,32.0,-58.68230438232422
2019-07-17 18:00:00,118.36505,69.0,-49.36505126953125
2019-07-17 21:00:00,119.855484,29.0,-90.85548400878906
2019-07-18 00:00:00,86.47237,32.0,-54.47236633300781
2019-07-18 03:00:00,85.18737,32.0,-53.18737030029297
2019-07-18 06:00:00,87.59161,29.0,-58.59161376953125
2019-07-18 09:00:00,76.78955,48.0,-28.78955078125
2019-07-18 12:00:00,56.551697,122.0,65.44830322265625
2019-07-18 15:00:00,69.37603,76.0,6.623970031738281
2019-07-18 18:00:00,103.82928,85.0,-18.82927703857422
2019-07-18 21:00:00,89.21825,104.0,14.781753540039062
2019-07-19 00:00:00,79.497116,77.0,-2.4971160888671875
2019-07-19 03:00:00,91.10363,43.0,-48.10363006591797
2019-07-19 06:00:00,93.05893,91.0,-2.058929443359375
2019-07-19 09:00:00,83.6269,183.0,99.37310028076172
2019-07-19 12:00:00,98.18427,382.0,283.8157272338867
2019-07-19 15:00:00,115.931015,151.0,35.06898498535156
2019-07-19 18:00:00,129.36221,143.0,13.637786865234375
2019-07-19 21:00:00,111.6025,49.0,-62.602500915527344
2019-07-20 00:00:00,87.11754,22.0,-65.11753845214844
2019-07-20 03:00:00,96.58424,25.0,-71.58424377441406
2019-07-20 06:00:00,87.2285,30.0,-57.22850036621094
2019-07-20 09:00:00,64.35971,36.0,-28.359710693359375
2019-07-20 12:00:00,56.253838,29.0,-27.25383758544922
2019-07-20 15:00:00,65.35879,24.0,-41.358787536621094
2019-07-20 18:00:00,94.28913,34.0,-60.28913116455078
2019-07-20 21:00:00,100.30248,27.0,-73.30248260498047
2019-07-21 00:00:00,103.21082,29.0,-74.21082305908203
2019-07-21 03:00:00,108.21395,29.0,-79.21395111083984
2019-07-21 06:00:00,90.34511,26.0,-64.34510803222656
2019-07-21 09:00:00,63.18919,25.0,-38.18918991088867
2019-07-21 12:00:00,60.54597,23.0,-37.54597091674805
2019-07-21 15:00:00,68.90627,29.0,-39.906272888183594
2019-07-21 18:00:00,97.09311,30.0,-67.09310913085938
2019-07-21 21:00:00,109.95882,35.0,-74.95881652832031
2019-07-22 00:00:00,106.99887,29.0,-77.99887084960938
2019-07-22 03:00:00,102.02109,31.0,-71.02108764648438
2019-07-22 06:00:00,81.66308,30.0,-51.66307830810547
2019-07-22 09:00:00,56.48553,27.0,-29.485530853271484
2019-07-22 12:00:00,51.697723,34.0,-17.697723388671875
2019-07-22 15:00:00,61.228775,27.0,-34.22877502441406
2019-07-22 18:00:00,92.90556,33.0,-59.90556335449219
2019-07-23 09:00:00,70.50062,49.0,-21.50061798095703
2019-07-23 12:00:00,68.39218,42.0,-26.392181396484375
2019-07-23 18:00:00,94.52788,33.0,-61.52787780761719
2019-07-23 21:00:00,74.34301,42.0,-32.34300994873047
2019-07-24 00:00:00,34.64811,37.0,2.3518905639648438
2019-07-24 03:00:00,28.225258,44.0,15.774742126464844
2019-07-24 06:00:00,24.880365,45.0,20.1196346282959
2019-07-24 09:00:00,23.40812,62.0,38.591880798339844
2019-07-24 12:00:00,38.194683,39.0,0.8053169250488281
2019-07-24 15:00:00,45.747128,37.0,-8.747127532958984
2019-07-24 18:00:00,77.55216,39.0,-38.552162170410156
2019-07-24 21:00:00,74.880974,33.0,-41.88097381591797
2019-07-25 00:00:00,95.436005,46.0,-49.436004638671875
2019-07-25 03:00:00,87.36584,44.0,-43.36583709716797
2019-07-25 06:00:00,72.206375,44.0,-28.206375122070312
2019-07-25 09:00:00,38.62124,45.0,6.378761291503906
2019-07-25 12:00:00,45.0525,43.0,-2.052501678466797
2019-07-25 15:00:00,54.28319,37.0,-17.283191680908203
2019-07-25 18:00:00,78.51395,26.0,-52.513946533203125
2019-07-25 21:00:00,67.36218,36.0,-31.3621826171875
2019-07-26 00:00:00,32.28297,32.0,-0.2829704284667969
2019-07-26 03:00:00,44.37925,23.0,-21.379249572753906
2019-07-26 06:00:00,41.86427,24.0,-17.864269256591797
2019-07-26 09:00:00,39.348606,69.0,29.65139389038086
2019-07-26 12:00:00,52.98625,166.0,113.01374816894531
2019-07-26 15:00:00,89.87445,112.0,22.12554931640625
2019-07-26 18:00:00,118.84458,106.0,-12.844581604003906
2019-07-26 21:00:00,107.077995,101.0,-6.077995300292969
2019-07-27 00:00:00,72.1459,52.0,-20.145896911621094
2019-07-27 03:00:00,70.16365,34.0,-36.16365051269531
2019-07-27 06:00:00,63.907806,34.0,-29.907806396484375
2019-07-27 09:00:00,50.414883,26.0,-24.41488265991211
2019-07-27 12:00:00,53.502163,28.0,-25.50216293334961
2019-07-27 15:00:00,70.525856,35.0,-35.525856018066406
2019-07-27 18:00:00,92.75277,44.0,-48.752769470214844
2019-07-27 21:00:00,84.373825,44.0,-40.37382507324219
2019-07-28 00:00:00,61.48207,45.0,-16.482070922851562
2019-07-28 03:00:00,62.21808,63.0,0.78192138671875
2019-07-28 06:00:00,56.324894,72.0,15.675106048583984
2019-07-28 09:00:00,38.29746,48.0,9.70254135131836
2019-07-28 12:00:00,37.91183,39.0,1.0881690979003906
2019-07-28 15:00:00,44.1014,32.0,-12.101398468017578
2019-07-28 18:00:00,83.425224,39.0,-44.42522430419922
2019-07-28 21:00:00,99.08558,33.0,-66.08557891845703
2019-07-29 00:00:00,115.15977,60.0,-55.159767150878906
2019-07-29 03:00:00,132.64241,49.0,-83.64241027832031
2019-07-29 06:00:00,91.73664,53.0,-38.73664093017578
2019-07-29 09:00:00,53.53945,38.0,-15.539451599121094
2019-07-29 12:00:00,46.635704,66.0,19.364295959472656
2019-07-29 15:00:00,49.137726,54.0,4.862274169921875
2019-07-29 18:00:00,95.67157,51.0,-44.67156982421875
2019-07-29 21:00:00,96.48374,53.0,-43.483741760253906
2019-07-30 00:00:00,129.08322,60.0,-69.08322143554688
2019-07-30 03:00:00,139.79047,77.0,-62.79046630859375
2019-07-30 06:00:00,128.14212,59.0,-69.14212036132812
2019-07-30 09:00:00,76.097305,43.0,-33.09730529785156
2019-07-30 12:00:00,62.92953,46.0,-16.92953109741211
2019-07-30 15:00:00,57.31363,54.0,-3.313629150390625
2019-07-30 18:00:00,70.71094,62.0,-8.7109375
2019-07-30 21:00:00,64.71282,118.0,53.28717803955078
2019-07-31 00:00:00,63.259903,97.0,33.74009704589844
2019-07-31 03:00:00,67.021805,78.0,10.978195190429688
2019-07-31 06:00:00,40.304714,44.0,3.6952857971191406
2019-07-31 09:00:00,26.002794,30.0,3.9972057342529297
2019-07-31 12:00:00,31.569357,31.0,-0.5693569183349609
2019-07-31 15:00:00,47.580215,29.0,-18.580215454101562
2019-07-31 18:00:00,79.5842,36.0,-43.584197998046875
2019-07-31 21:00:00,87.30922,39.0,-48.30921936035156
2019-08-01 03:00:00,66.10162,58.0,-8.10162353515625
2019-08-01 06:00:00,58.585102,41.0,-17.585102081298828
2019-08-01 09:00:00,44.52272,33.0,-11.522720336914062
2019-08-01 12:00:00,53.733627,29.0,-24.733627319335938
2019-08-01 15:00:00,64.701454,30.0,-34.701454162597656
2019-08-01 18:00:00,101.4223,31.0,-70.42230224609375
2019-08-01 21:00:00,97.75886,538.0,440.2411422729492
2019-08-02 00:00:00,55.52852,30.0,-25.528518676757812
2019-08-02 03:00:00,61.79266,21.0,-40.792659759521484
2019-08-02 06:00:00,52.13951,58.0,5.8604888916015625
2019-08-02 09:00:00,33.900505,41.0,7.099494934082031
2019-08-02 12:00:00,43.37153,36.0,-7.371528625488281
2019-08-02 15:00:00,56.92618,25.0,-31.92618179321289
2019-08-02 18:00:00,80.571,34.0,-46.57099914550781
2019-08-02 21:00:00,85.01593,36.0,-49.01593017578125
2019-08-03 00:00:00,104.943634,25.0,-79.94363403320312
2019-08-03 03:00:00,125.56484,40.0,-85.5648422241211
2019-08-03 06:00:00,111.74461,50.0,-61.74461364746094
2019-08-03 09:00:00,46.56738,43.0,-3.5673789978027344
2019-08-03 12:00:00,45.15505,29.0,-16.155048370361328
2019-08-03 15:00:00,64.153595,27.0,-37.153594970703125
2019-08-03 18:00:00,106.37859,70.0,-36.37859344482422
2019-08-03 21:00:00,109.833084,34.0,-75.83308410644531
2019-08-04 00:00:00,79.7138,30.0,-49.71379852294922
2019-08-04 03:00:00,94.136,29.0,-65.13600158691406
2019-08-04 06:00:00,89.222855,29.0,-60.22285461425781
2019-08-04 09:00:00,38.459404,23.0,-15.459403991699219
2019-08-04 12:00:00,46.37127,22.0,-24.37126922607422
2019-08-04 15:00:00,55.11356,24.0,-31.11355972290039
2019-08-04 18:00:00,83.42658,50.0,-33.42658233642578
2019-08-04 21:00:00,89.94766,275.0,185.05233764648438
2019-08-05 00:00:00,61.141235,42.0,-19.1412353515625
2019-08-05 03:00:00,72.66749,101.0,28.33251190185547
2019-08-05 06:00:00,72.443985,39.0,-33.44398498535156
2019-08-05 09:00:00,44.027958,26.0,-18.027957916259766
2019-08-05 12:00:00,50.997868,30.0,-20.997867584228516
2019-08-05 15:00:00,61.294033,26.0,-35.29403305053711
2019-08-05 18:00:00,87.14915,37.0,-50.149147033691406
2019-08-05 21:00:00,88.42562,46.0,-42.425621032714844
2019-08-06 00:00:00,84.47659,38.0,-46.476593017578125
2019-08-06 03:00:00,101.14093,41.0,-60.14093017578125
2019-08-06 06:00:00,95.09551,41.0,-54.09551239013672
2019-08-06 09:00:00,53.34857,36.0,-17.34857177734375
2019-08-06 12:00:00,62.83676,36.0,-26.836761474609375
2019-08-06 15:00:00,72.70773,42.0,-30.707733154296875
2019-08-06 18:00:00,104.77697,34.0,-70.77696990966797
2019-08-06 21:00:00,107.757385,37.0,-70.75738525390625
2019-08-07 00:00:00,126.47388,33.0,-93.473876953125
2019-08-07 03:00:00,124.99072,38.0,-86.99072265625
2019-08-07 06:00:00,100.311584,36.0,-64.31158447265625
2019-08-07 09:00:00,61.96751,53.0,-8.967510223388672
2019-08-07 12:00:00,61.656693,31.0,-30.656692504882812
2019-08-07 15:00:00,84.558,73.0,-11.557998657226562
2019-08-07 18:00:00,122.35569,68.0,-54.355690002441406
2019-08-07 21:00:00,139.31776,32.0,-107.31776428222656
2019-08-08 00:00:00,179.4333,28.0,-151.4333038330078
2019-08-08 03:00:00,168.85246,28.0,-140.8524627685547
2019-08-08 06:00:00,134.1108,39.0,-95.11079406738281
2019-08-08 09:00:00,94.49605,119.0,24.503952026367188
2019-08-08 12:00:00,71.31461,75.0,3.6853866577148438
2019-08-08 15:00:00,96.370056,88.0,-8.37005615234375
2019-08-08 18:00:00,141.18587,49.0,-92.18586730957031
2019-08-08 21:00:00,144.6524,36.0,-108.65240478515625
2019-08-09 00:00:00,102.46709,25.0,-77.46708679199219
2019-08-09 03:00:00,114.93444,32.0,-82.93444061279297
2019-08-09 06:00:00,107.834694,28.0,-79.8346939086914
2019-08-09 09:00:00,77.69063,52.0,-25.690628051757812
2019-08-09 12:00:00,85.38837,43.0,-42.38836669921875
2019-08-09 15:00:00,100.9671,45.0,-55.96710205078125
2019-08-09 18:00:00,126.008675,28.0,-98.00867462158203
2019-08-09 21:00:00,121.720406,27.0,-94.72040557861328
2019-08-10 00:00:00,100.689476,18.0,-82.6894760131836
2019-08-10 03:00:00,100.482796,28.0,-72.48279571533203
2019-08-10 06:00:00,100.88729,25.0,-75.88729095458984
2019-08-10 09:00:00,72.23616,18.0,-54.23616027832031
2019-08-10 12:00:00,83.77378,24.0,-59.773780822753906
2019-08-10 15:00:00,105.33472,22.0,-83.334716796875
2019-08-10 18:00:00,136.69365,22.0,-114.69364929199219
2019-08-10 21:00:00,135.3701,27.0,-108.37010192871094
2019-08-11 00:00:00,106.27218,24.0,-82.27217864990234
2019-08-11 03:00:00,106.11711,41.0,-65.11711120605469
2019-08-11 06:00:00,95.66861,33.0,-62.668609619140625
2019-08-11 09:00:00,47.34443,27.0,-20.34442901611328
2019-08-11 12:00:00,43.879253,20.0,-23.879253387451172
2019-08-11 15:00:00,58.719933,23.0,-35.719932556152344
2019-08-11 18:00:00,95.86324,19.0,-76.86324310302734
2019-08-11 21:00:00,121.566925,429.0,307.4330749511719
2019-08-12 00:00:00,108.07684,26.0,-82.07684326171875
2019-08-12 03:00:00,144.18265,19.0,-125.18264770507812
2019-08-12 06:00:00,156.51266,29.0,-127.51266479492188
2019-08-12 09:00:00,89.135254,30.0,-59.13525390625
2019-08-12 12:00:00,63.79628,68.0,4.2037200927734375
2019-08-12 15:00:00,67.00998,75.0,7.990020751953125
2019-08-12 18:00:00,94.55562,129.0,34.44438171386719
2019-08-12 21:00:00,96.49557,78.0,-18.495567321777344
2019-08-13 00:00:00,114.11839,123.0,8.881607055664062
2019-08-13 03:00:00,120.68676,30.0,-90.68675994873047
2019-08-13 06:00:00,119.97781,29.0,-90.97781372070312
2019-08-13 09:00:00,92.88146,31.0,-61.88146209716797
2019-08-13 12:00:00,99.37048,35.0,-64.3704833984375
2019-08-13 15:00:00,111.39719,60.0,-51.397186279296875
2019-08-13 18:00:00,133.46289,64.0,-69.462890625
2019-08-13 21:00:00,136.68614,64.0,-72.68614196777344
2019-08-14 00:00:00,138.38826,50.0,-88.38825988769531
2019-08-14 03:00:00,134.49107,96.0,-38.49107360839844
2019-08-14 06:00:00,125.97775,37.0,-88.97775268554688
2019-08-14 09:00:00,105.68306,38.0,-67.68305969238281
2019-08-14 12:00:00,76.476685,67.0,-9.4766845703125
2019-08-14 15:00:00,84.716705,68.0,-16.716705322265625
2019-08-14 18:00:00,107.78786,71.0,-36.78785705566406
2019-08-14 21:00:00,116.67134,90.0,-26.671340942382812
2019-08-15 00:00:00,116.36803,85.0,-31.368026733398438
2019-08-15 03:00:00,115.89782,70.0,-45.89781951904297
2019-08-15 06:00:00,108.64915,40.0,-68.6491470336914
2019-08-15 09:00:00,82.4889,45.0,-37.48889923095703
2019-08-15 12:00:00,68.43743,97.0,28.56256866455078
2019-08-15 15:00:00,81.30678,52.0,-29.306777954101562
2019-08-15 18:00:00,104.31222,48.0,-56.312217712402344
2019-08-15 21:00:00,104.63032,41.0,-63.63031768798828
2019-08-16 00:00:00,84.10961,26.0,-58.10961151123047
2019-08-16 03:00:00,85.334366,26.0,-59.33436584472656
2019-08-16 06:00:00,67.37741,29.0,-38.377410888671875
2019-08-16 09:00:00,40.96637,30.0,-10.96636962890625
2019-08-16 12:00:00,46.77736,29.0,-17.777359008789062
2019-08-16 15:00:00,62.22524,22.0,-40.22523880004883
2019-08-16 18:00:00,91.803375,20.0,-71.80337524414062
2019-08-16 21:00:00,103.7663,24.0,-79.76629638671875
2019-08-17 00:00:00,80.52234,24.0,-56.5223388671875
2019-08-17 03:00:00,85.50978,29.0,-56.50978088378906
2019-08-17 06:00:00,75.19498,32.0,-43.194976806640625
2019-08-17 09:00:00,57.26406,29.0,-28.264060974121094
2019-08-17 12:00:00,64.764435,41.0,-23.764434814453125
2019-08-17 15:00:00,74.55924,32.0,-42.559242248535156
2019-08-17 18:00:00,94.15328,97.0,2.8467178344726562
2019-08-17 21:00:00,97.070595,139.0,41.929405212402344
2019-08-18 00:00:00,60.27392,83.0,22.72608184814453
2019-08-18 03:00:00,71.88743,89.0,17.112571716308594
2019-08-18 06:00:00,58.203453,162.0,103.79654693603516
2019-08-18 09:00:00,34.48923,36.0,1.5107688903808594
2019-08-18 12:00:00,39.687508,34.0,-5.687507629394531
2019-08-18 15:00:00,45.692333,191.0,145.30766677856445
2019-08-18 18:00:00,74.12518,88.0,13.87481689453125
2019-08-18 21:00:00,86.16393,58.0,-28.16393280029297
2019-08-19 00:00:00,68.418785,59.0,-9.418785095214844
2019-08-19 03:00:00,69.75802,69.0,-0.7580184936523438
2019-08-19 06:00:00,65.39778,174.0,108.60221862792969
2019-08-19 09:00:00,46.551804,47.0,0.4481964111328125
2019-08-19 12:00:00,49.918526,95.0,45.08147430419922
2019-08-19 15:00:00,52.802307,107.0,54.19769287109375
2019-08-19 18:00:00,78.402534,64.0,-14.402534484863281
2019-08-19 21:00:00,73.066986,106.0,32.933013916015625
2019-08-20 00:00:00,42.66053,93.0,50.33946990966797
2019-08-20 03:00:00,55.959846,62.0,6.040153503417969
2019-08-20 06:00:00,46.72279,56.0,9.277210235595703
2019-08-20 09:00:00,24.548967,52.0,27.451032638549805
2019-08-20 12:00:00,25.632175,39.0,13.36782455444336
2019-08-20 15:00:00,35.96108,120.0,84.03892135620117
2019-08-20 18:00:00,84.29208,59.0,-25.292083740234375
2019-08-20 21:00:00,87.8756,69.0,-18.87560272216797
2019-08-21 00:00:00,65.817406,60.0,-5.817405700683594
2019-08-21 03:00:00,62.99149,81.0,18.00851058959961
2019-08-21 06:00:00,54.637554,59.0,4.362445831298828
2019-08-21 09:00:00,38.837185,59.0,20.16281509399414
2019-08-21 12:00:00,21.915525,66.0,44.08447456359863
2019-08-21 15:00:00,37.679,60.0,22.320999145507812
2019-08-21 18:00:00,82.78676,63.0,-19.786758422851562
2019-08-21 21:00:00,78.53089,94.0,15.469108581542969
2019-08-22 00:00:00,46.31977,39.0,-7.319770812988281
2019-08-22 03:00:00,48.408993,52.0,3.5910072326660156
2019-08-22 06:00:00,69.08135,43.0,-26.08135223388672
2019-08-22 09:00:00,47.49711,29.0,-18.497108459472656
2019-08-22 12:00:00,48.622498,27.0,-21.62249755859375
2019-08-22 15:00:00,64.411896,20.0,-44.411895751953125
2019-08-22 18:00:00,98.77033,60.0,-38.77033233642578
2019-08-22 21:00:00,99.0708,47.0,-52.07080078125
2019-08-23 00:00:00,77.41914,30.0,-47.41914367675781
2019-08-23 03:00:00,65.64233,30.0,-35.64232635498047
2019-08-23 06:00:00,52.22546,28.0,-24.225460052490234
2019-08-23 09:00:00,38.686268,33.0,-5.686267852783203
2019-08-23 12:00:00,44.441093,25.0,-19.44109344482422
2019-08-23 15:00:00,54.04206,54.0,-0.04206085205078125
2019-08-23 18:00:00,84.24843,51.0,-33.24842834472656
2019-08-23 21:00:00,103.54756,58.0,-45.54756164550781
2019-08-24 00:00:00,94.517075,33.0,-61.51707458496094
2019-08-24 03:00:00,111.36365,54.0,-57.3636474609375
2019-08-24 06:00:00,87.43655,102.0,14.563453674316406
2019-08-24 09:00:00,59.988678,100.0,40.011322021484375
2019-08-24 12:00:00,41.972042,90.0,48.027957916259766
2019-08-24 15:00:00,43.885166,97.0,53.11483383178711
2019-08-24 18:00:00,59.04667,92.0,32.953330993652344
2019-08-24 21:00:00,71.1749,100.0,28.825103759765625
2019-08-25 00:00:00,53.613804,116.0,62.38619613647461
2019-08-25 03:00:00,82.092926,126.0,43.907073974609375
2019-08-25 06:00:00,36.37581,106.0,69.62419128417969
2019-08-25 09:00:00,16.90728,90.0,73.09272003173828
2019-08-25 12:00:00,48.758694,80.0,31.24130630493164
2019-08-25 15:00:00,60.606907,67.0,6.393093109130859
2019-08-25 18:00:00,85.06322,65.0,-20.063217163085938
2019-08-25 21:00:00,88.38356,83.0,-5.3835601806640625
2019-08-26 00:00:00,67.61639,53.0,-14.616386413574219
2019-08-26 03:00:00,85.42349,80.0,-5.423492431640625
2019-08-26 06:00:00,77.71211,61.0,-16.712112426757812
2019-08-26 09:00:00,46.171295,58.0,11.828704833984375
2019-08-26 12:00:00,53.43804,44.0,-9.438041687011719
2019-08-26 15:00:00,71.88168,43.0,-28.881683349609375
2019-08-26 18:00:00,104.89111,55.0,-49.89111328125
2019-08-26 21:00:00,107.19771,81.0,-26.197708129882812
2019-08-27 00:00:00,63.46886,89.0,25.531139373779297
2019-08-27 03:00:00,67.53203,90.0,22.467971801757812
2019-08-27 06:00:00,52.59045,56.0,3.4095497131347656
2019-08-27 09:00:00,39.82643,63.0,23.173568725585938
2019-08-27 12:00:00,49.09964,65.0,15.900360107421875
2019-08-27 15:00:00,62.503716,78.0,15.496284484863281
2019-08-27 18:00:00,78.53419,90.0,11.465812683105469
2019-08-27 21:00:00,81.305305,88.0,6.694694519042969
2019-08-28 00:00:00,72.71592,91.0,18.284080505371094
2019-08-28 03:00:00,85.496025,80.0,-5.496025085449219
2019-08-28 06:00:00,82.249756,90.0,7.750244140625
2019-08-28 09:00:00,61.550167,77.0,15.449832916259766
2019-08-28 12:00:00,60.822002,126.0,65.17799758911133
2019-08-28 15:00:00,76.4137,87.0,10.5863037109375
2019-08-28 18:00:00,98.06149,97.0,-1.061492919921875
2019-08-28 21:00:00,112.3351,104.0,-8.335098266601562
2019-08-29 03:00:00,77.66766,105.0,27.33233642578125
2019-08-29 06:00:00,59.10897,42.0,-17.108970642089844
2019-08-29 09:00:00,37.653534,86.0,48.346466064453125
2019-08-29 12:00:00,39.487076,95.0,55.51292419433594
2019-08-29 15:00:00,59.141712,182.0,122.8582878112793
2019-08-29 18:00:00,95.256836,105.0,9.7431640625
2019-08-29 21:00:00,105.80004,110.0,4.199958801269531
2019-08-30 00:00:00,84.00047,83.0,-1.0004730224609375
2019-08-30 03:00:00,71.4262,38.0,-33.42620086669922
2019-08-30 06:00:00,53.707195,73.0,19.292804718017578
2019-08-30 09:00:00,43.29513,77.0,33.70486831665039
2019-08-30 12:00:00,28.100828,207.0,178.89917182922363
2019-08-30 15:00:00,46.078754,88.0,41.92124557495117
2019-08-30 18:00:00,82.072464,76.0,-6.0724639892578125
2019-08-30 21:00:00,93.64362,82.0,-11.643623352050781
2019-08-31 00:00:00,80.24642,94.0,13.753578186035156
2019-08-31 03:00:00,102.61942,118.0,15.380577087402344
2019-08-31 06:00:00,97.07077,100.0,2.929229736328125
2019-08-31 09:00:00,68.41191,85.0,16.588088989257812
2019-08-31 12:00:00,47.091816,107.0,59.90818405151367
2019-08-31 15:00:00,63.12922,138.0,74.87078094482422
2019-08-31 18:00:00,104.18887,115.0,10.811126708984375
2019-08-31 21:00:00,108.56115,58.0,-50.56114959716797
2019-09-01 00:00:00,77.24918,50.0,-27.249183654785156
2019-09-01 03:00:00,68.679245,54.0,-14.679244995117188
2019-09-01 06:00:00,46.948,53.0,6.051998138427734
2019-09-01 09:00:00,25.806116,43.0,17.193883895874023
2019-09-01 12:00:00,45.262596,38.0,-7.262596130371094
2019-09-01 15:00:00,64.367325,35.0,-29.367324829101562
2019-09-01 18:00:00,79.04487,28.0,-51.04486846923828
2019-09-01 21:00:00,68.876945,43.0,-25.87694549560547
2019-09-02 00:00:00,54.476574,42.0,-12.476573944091797
2019-09-02 03:00:00,63.03651,43.0,-20.036510467529297
2019-09-02 06:00:00,62.16777,32.0,-30.167770385742188
2019-09-02 09:00:00,48.520123,47.0,-1.5201225280761719
2019-09-02 12:00:00,54.867428,65.0,10.132572174072266
2019-09-02 15:00:00,76.23703,31.0,-45.237030029296875
2019-09-02 18:00:00,94.93283,29.0,-65.93283081054688
2019-09-02 21:00:00,93.50424,43.0,-50.504241943359375
2019-09-03 00:00:00,34.676987,36.0,1.3230133056640625
2019-09-03 03:00:00,36.747677,44.0,7.252323150634766
2019-09-03 06:00:00,36.020653,59.0,22.979347229003906
2019-09-03 09:00:00,34.571712,51.0,16.428287506103516
2019-09-03 12:00:00,49.011078,44.0,-5.011077880859375
2019-09-03 15:00:00,61.938694,39.0,-22.93869400024414
2019-09-03 18:00:00,83.162605,45.0,-38.16260528564453
2019-09-03 21:00:00,85.37154,47.0,-38.37153625488281
2019-09-04 00:00:00,82.597694,38.0,-44.597694396972656
2019-09-04 03:00:00,73.26093,36.0,-37.26093292236328
2019-09-04 06:00:00,61.118046,54.0,-7.118045806884766
2019-09-04 09:00:00,47.38888,31.0,-16.38888168334961
2019-09-04 12:00:00,61.4981,30.0,-31.49810028076172
2019-09-04 15:00:00,75.58026,34.0,-41.58026123046875
2019-09-04 18:00:00,87.66722,41.0,-46.66722106933594
2019-09-04 21:00:00,78.80931,38.0,-40.80931091308594
2019-09-05 00:00:00,42.96464,37.0,-5.964641571044922
2019-09-05 03:00:00,47.654907,41.0,-6.6549072265625
2019-09-05 06:00:00,41.61541,44.0,2.3845901489257812
2019-09-05 09:00:00,29.47064,33.0,3.529359817504883
2019-09-05 12:00:00,43.819283,29.0,-14.819282531738281
2019-09-05 15:00:00,60.513573,27.0,-33.513572692871094
2019-09-05 18:00:00,84.38917,31.0,-53.38916778564453
2019-09-05 21:00:00,86.059235,31.0,-55.059234619140625
2019-09-06 00:00:00,72.30187,34.0,-38.30187225341797
2019-09-06 03:00:00,73.15077,40.0,-33.15077209472656
2019-09-06 06:00:00,58.919342,49.0,-9.919342041015625
2019-09-06 09:00:00,44.58002,46.0,1.4199790954589844
2019-09-06 12:00:00,47.218803,45.0,-2.2188034057617188
2019-09-06 15:00:00,56.976887,40.0,-16.976886749267578
2019-09-06 18:00:00,71.82643,90.0,18.173568725585938
2019-09-06 21:00:00,70.07372,57.0,-13.073722839355469
2019-09-07 00:00:00,57.431633,62.0,4.568367004394531
2019-09-07 03:00:00,64.258644,55.0,-9.258644104003906
2019-09-07 06:00:00,56.05989,45.0,-11.059890747070312
2019-09-07 09:00:00,38.369534,29.0,-9.36953353881836
2019-09-07 12:00:00,57.758144,27.0,-30.75814437866211
2019-09-07 15:00:00,74.77502,23.0,-51.77501678466797
2019-09-07 18:00:00,93.9832,34.0,-59.98320007324219
2019-09-07 21:00:00,91.02996,52.0,-39.02996063232422
2019-09-08 00:00:00,50.595646,43.0,-7.595645904541016
2019-09-08 03:00:00,50.598373,49.0,-1.5983734130859375
2019-09-08 06:00:00,33.803303,37.0,3.196697235107422
2019-09-08 09:00:00,32.08902,40.0,7.910980224609375
2019-09-08 12:00:00,42.49489,60.0,17.505111694335938
2019-09-08 15:00:00,51.93681,62.0,10.063190460205078
2019-09-08 18:00:00,73.89633,37.0,-36.896331787109375
2019-09-08 21:00:00,77.74634,48.0,-29.746337890625
2019-09-09 00:00:00,51.075176,56.0,4.924823760986328
2019-09-09 03:00:00,58.25723,40.0,-18.25722885131836
2019-09-09 06:00:00,49.28006,43.0,-6.280059814453125
2019-09-09 09:00:00,40.164196,27.0,-13.164196014404297
2019-09-09 12:00:00,64.532745,31.0,-33.532745361328125
2019-09-09 15:00:00,84.598694,29.0,-55.59869384765625
2019-09-09 18:00:00,107.617096,27.0,-80.61709594726562
2019-09-09 21:00:00,97.40461,39.0,-58.40460968017578
2019-09-10 00:00:00,33.72031,36.0,2.2796897888183594
2019-09-10 03:00:00,29.146576,36.0,6.853424072265625
2019-09-10 06:00:00,19.840797,32.0,12.159202575683594
2019-09-10 09:00:00,20.3255,25.0,4.67449951171875
2019-09-10 12:00:00,36.24257,30.0,-6.2425689697265625
2019-09-10 15:00:00,54.90574,68.0,13.094261169433594
2019-09-10 18:00:00,77.93414,45.0,-32.93414306640625
2019-09-10 21:00:00,73.59711,35.0,-38.59710693359375
2019-09-11 00:00:00,54.596058,39.0,-15.596057891845703
2019-09-11 03:00:00,57.525085,40.0,-17.52508544921875
2019-09-11 06:00:00,43.8248,37.0,-6.824798583984375
2019-09-11 09:00:00,32.38688,28.0,-4.386878967285156
2019-09-11 12:00:00,50.479004,48.0,-2.47900390625
2019-09-11 15:00:00,67.81079,29.0,-38.810791015625
2019-09-11 18:00:00,83.137596,31.0,-52.137596130371094
2019-09-11 21:00:00,68.658325,45.0,-23.6583251953125
2019-09-12 00:00:00,29.874855,43.0,13.125144958496094
2019-09-12 03:00:00,35.585346,39.0,3.414653778076172
2019-09-12 06:00:00,26.592602,42.0,15.407398223876953
2019-09-12 09:00:00,24.671408,26.0,1.328592300415039
2019-09-12 12:00:00,34.510777,34.0,-0.5107765197753906
2019-09-12 15:00:00,53.69202,29.0,-24.692020416259766
2019-09-12 18:00:00,76.0034,27.0,-49.00340270996094
2019-09-12 21:00:00,78.053856,38.0,-40.053855895996094
2019-09-13 00:00:00,72.594955,32.0,-40.59495544433594
2019-09-13 03:00:00,78.08421,50.0,-28.084213256835938
2019-09-13 06:00:00,52.69328,82.0,29.306720733642578
2019-09-13 09:00:00,35.407993,34.0,-1.4079933166503906
2019-09-13 12:00:00,43.293766,38.0,-5.293766021728516
2019-09-13 15:00:00,54.804333,52.0,-2.804332733154297
2019-09-13 18:00:00,79.9464,60.0,-19.94640350341797
2019-09-13 21:00:00,87.839905,46.0,-41.83990478515625
2019-09-14 00:00:00,105.46671,68.0,-37.466712951660156
2019-09-14 03:00:00,138.11586,66.0,-72.11585998535156
2019-09-14 06:00:00,89.77622,50.0,-39.776222229003906
2019-09-14 09:00:00,44.93427,54.0,9.065731048583984
2019-09-14 12:00:00,43.866978,46.0,2.1330223083496094
2019-09-14 15:00:00,53.680653,135.0,81.3193473815918
2019-09-14 18:00:00,93.56427,65.0,-28.56427001953125
2019-09-14 21:00:00,106.20897,69.0,-37.20896911621094
2019-09-15 00:00:00,99.338875,61.0,-38.33887481689453
2019-09-15 03:00:00,126.148506,75.0,-51.14850616455078
2019-09-15 06:00:00,85.01445,61.0,-24.014450073242188
2019-09-15 09:00:00,39.675343,52.0,12.324657440185547
2019-09-15 12:00:00,42.68543,45.0,2.3145713806152344
2019-09-15 15:00:00,57.87183,156.0,98.12817001342773
2019-09-15 18:00:00,82.42011,45.0,-37.42011260986328
2019-09-15 21:00:00,76.98077,52.0,-24.98076629638672
2019-09-16 00:00:00,103.76732,91.0,-12.767318725585938
2019-09-16 03:00:00,113.94229,75.0,-38.942291259765625
2019-09-16 06:00:00,106.665085,67.0,-39.66508483886719
2019-09-16 09:00:00,60.626007,55.0,-5.626007080078125
2019-09-16 12:00:00,53.84595,69.0,15.154048919677734
2019-09-16 15:00:00,73.85961,51.0,-22.85961151123047
2019-09-16 18:00:00,102.63739,68.0,-34.63739013671875
2019-09-16 21:00:00,104.56301,113.0,8.436988830566406
2019-09-17 09:00:00,30.716024,93.0,62.28397560119629
2019-09-17 12:00:00,46.784523,60.0,13.215476989746094
2019-09-17 15:00:00,72.89339,55.0,-17.893386840820312
2019-09-17 18:00:00,103.10839,58.0,-45.10839080810547
2019-09-17 21:00:00,108.775,68.0,-40.775001525878906
2019-09-18 00:00:00,68.96289,64.0,-4.962890625
2019-09-18 03:00:00,70.61999,61.0,-9.619987487792969
2019-09-18 06:00:00,65.28057,55.0,-10.280570983886719
2019-09-18 09:00:00,60.491856,61.0,0.5081443786621094
2019-09-18 12:00:00,50.188873,41.0,-9.188873291015625
2019-09-18 15:00:00,68.06493,41.0,-27.06493377685547
2019-09-18 18:00:00,98.909485,49.0,-49.90948486328125
2019-09-18 21:00:00,92.98447,35.0,-57.984466552734375
2019-09-19 00:00:00,56.64333,31.0,-25.643329620361328
2019-09-19 03:00:00,69.89876,29.0,-40.89875793457031
2019-09-19 06:00:00,70.08009,28.0,-42.08009338378906
2019-09-19 09:00:00,53.420307,45.0,-8.420307159423828
2019-09-19 12:00:00,47.92196,74.0,26.078041076660156
2019-09-19 15:00:00,65.04058,43.0,-22.04058074951172
2019-09-19 18:00:00,86.19179,48.0,-38.19178771972656
2019-09-19 21:00:00,85.9161,81.0,-4.916099548339844
2019-09-20 00:00:00,85.7267,49.0,-36.72669982910156
2019-09-20 03:00:00,93.18046,38.0,-55.180458068847656
2019-09-20 06:00:00,83.26288,47.0,-36.26287841796875
2019-09-20 09:00:00,62.987167,64.0,1.0128326416015625
2019-09-20 12:00:00,43.48942,62.0,18.510578155517578
2019-09-20 18:00:00,116.61473,75.0,-41.61473083496094
2019-09-20 21:00:00,147.73286,93.0,-54.73286437988281
2019-09-21 00:00:00,124.66035,88.0,-36.66034698486328
2019-09-21 03:00:00,132.70688,102.0,-30.706878662109375
2019-09-21 06:00:00,105.66555,58.0,-47.665550231933594
2019-09-21 09:00:00,59.828266,53.0,-6.828266143798828
2019-09-21 12:00:00,42.59357,52.0,9.406429290771484
2019-09-21 15:00:00,59.178604,60.0,0.8213958740234375
2019-09-21 18:00:00,80.93116,49.0,-31.93115997314453
2019-09-21 21:00:00,88.31182,42.0,-46.31182098388672
2019-09-22 00:00:00,88.71484,56.0,-32.71484375
2019-09-22 03:00:00,101.56686,58.0,-43.566856384277344
2019-09-22 06:00:00,65.70969,54.0,-11.709686279296875
2019-09-22 09:00:00,49.737877,59.0,9.262123107910156
2019-09-22 12:00:00,49.15938,117.0,67.84061813354492
2019-09-22 15:00:00,64.83492,60.0,-4.834922790527344
2019-09-22 18:00:00,90.78872,60.0,-30.788719177246094
2019-09-22 21:00:00,98.40619,71.0,-27.40618896484375
2019-09-23 00:00:00,72.19842,64.0,-8.198417663574219
2019-09-23 03:00:00,80.446625,64.0,-16.446624755859375
2019-09-23 06:00:00,63.880974,57.0,-6.880973815917969
2019-09-23 09:00:00,40.312614,42.0,1.6873855590820312
2019-09-23 12:00:00,48.770744,34.0,-14.770744323730469
2019-09-23 15:00:00,64.928825,29.0,-35.92882537841797
2019-09-23 18:00:00,82.46661,41.0,-41.46661376953125
2019-09-23 21:00:00,75.902336,37.0,-38.90233612060547
2019-09-24 00:00:00,47.883533,32.0,-15.883533477783203
2019-09-24 03:00:00,52.829365,40.0,-12.829364776611328
2019-09-24 06:00:00,46.41822,48.0,1.5817794799804688
2019-09-24 09:00:00,38.644997,44.0,5.355003356933594
2019-09-24 12:00:00,44.45212,37.0,-7.452121734619141
2019-09-24 15:00:00,62.581932,49.0,-13.581932067871094
2019-09-24 18:00:00,83.703186,39.0,-44.70318603515625
2019-09-24 21:00:00,81.4498,41.0,-40.449798583984375
2019-09-25 00:00:00,51.74843,37.0,-14.748428344726562
2019-09-25 03:00:00,67.8333,37.0,-30.833297729492188
2019-09-25 06:00:00,65.86032,38.0,-27.860321044921875
2019-09-25 09:00:00,52.65463,39.0,-13.65462875366211
2019-09-25 12:00:00,50.348263,41.0,-9.348262786865234
2019-09-25 15:00:00,73.49184,37.0,-36.49183654785156
2019-09-25 18:00:00,122.17743,47.0,-75.17742919921875
2019-09-25 21:00:00,136.24731,82.0,-54.247314453125
2019-09-26 00:00:00,119.31297,58.0,-61.31297302246094
2019-09-26 03:00:00,129.3413,74.0,-55.34129333496094
2019-09-26 06:00:00,111.15015,66.0,-45.150146484375
2019-09-26 09:00:00,72.73286,45.0,-27.73285675048828
2019-09-26 12:00:00,71.69968,46.0,-25.699676513671875
2019-09-26 15:00:00,87.39823,42.0,-45.398231506347656
2019-09-26 18:00:00,108.317406,81.0,-27.317405700683594
2019-09-26 21:00:00,105.996376,114.0,8.003623962402344
2019-09-27 00:00:00,103.87794,99.0,-4.877937316894531
2019-09-27 03:00:00,105.19807,107.0,1.8019332885742188
2019-09-27 06:00:00,100.38701,108.0,7.6129913330078125
2019-09-27 09:00:00,74.55862,58.0,-16.558616638183594
2019-09-27 12:00:00,69.74369,118.0,48.256309509277344
2019-09-27 15:00:00,89.052376,73.0,-16.05237579345703
2019-09-27 18:00:00,115.04301,86.0,-29.043006896972656
2019-09-27 21:00:00,121.03555,112.0,-9.035552978515625
2019-09-28 00:00:00,116.22978,80.0,-36.22978210449219
2019-09-28 03:00:00,110.80192,80.0,-30.801918029785156
2019-09-28 06:00:00,93.9051,70.0,-23.90509796142578
2019-09-28 09:00:00,66.82285,64.0,-2.8228530883789062
2019-09-28 12:00:00,54.906082,46.0,-8.906082153320312
2019-09-28 15:00:00,77.24259,80.0,2.7574081420898438
2019-09-28 18:00:00,109.6414,44.0,-65.64140319824219
2019-09-28 21:00:00,103.098045,42.0,-61.098045349121094
2019-09-29 00:00:00,98.973946,119.0,20.02605438232422
2019-09-29 03:00:00,111.87331,73.0,-38.87330627441406
2019-09-29 06:00:00,108.78227,88.0,-20.782272338867188
2019-09-29 09:00:00,57.75013,68.0,10.249870300292969
2019-09-29 12:00:00,36.65309,31.0,-5.6530914306640625
2019-09-29 15:00:00,66.880486,49.0,-17.88048553466797
2019-09-29 18:00:00,117.20044,63.0,-54.200439453125
2019-09-29 21:00:00,129.35379,81.0,-48.353790283203125
2019-09-30 00:00:00,115.654076,110.0,-5.654075622558594
2019-09-30 03:00:00,117.62586,88.0,-29.62586212158203
2019-09-30 06:00:00,96.905754,51.0,-45.90575408935547
2019-09-30 09:00:00,52.766495,45.0,-7.7664947509765625
2019-09-30 12:00:00,45.942898,46.0,0.057102203369140625
2019-09-30 15:00:00,74.22341,63.0,-11.223411560058594
2019-09-30 18:00:00,122.57306,68.0,-54.57305908203125
2019-09-30 21:00:00,129.79512,94.0,-35.79512023925781
2019-10-01 00:00:00,98.872986,84.0,-14.87298583984375
2019-10-01 03:00:00,107.0332,90.0,-17.033203125
2019-10-01 06:00:00,98.217354,59.0,-39.21735382080078
2019-10-01 09:00:00,63.38496,80.0,16.615039825439453
2019-10-01 12:00:00,62.093704,78.0,15.906295776367188
2019-10-01 15:00:00,86.24471,90.0,3.7552871704101562
2019-10-01 18:00:00,125.371796,83.0,-42.371795654296875
2019-10-01 21:00:00,135.80553,110.0,-25.805526733398438
2019-10-02 00:00:00,129.55206,131.0,1.44793701171875
2019-10-02 03:00:00,135.60577,81.0,-54.60577392578125
2019-10-02 06:00:00,121.52566,245.0,123.4743423461914
2019-10-02 09:00:00,72.00253,86.0,13.997467041015625
2019-10-02 12:00:00,67.37128,85.0,17.62872314453125
2019-10-02 15:00:00,85.08198,156.0,70.91802215576172
2019-10-02 18:00:00,89.47302,95.0,5.5269775390625
2019-10-02 21:00:00,96.040825,151.0,54.95917510986328
2019-10-03 00:00:00,80.49466,242.0,161.50534057617188
2019-10-03 03:00:00,81.04842,280.0,198.95157623291016
2019-10-03 06:00:00,65.35236,341.0,275.6476364135742
2019-10-03 09:00:00,34.08843,238.0,203.91157150268555
2019-10-03 12:00:00,39.44035,181.0,141.55965042114258
2019-10-03 15:00:00,70.60993,98.0,27.39006805419922
2019-10-03 18:00:00,108.47191,64.0,-44.47190856933594
2019-10-03 21:00:00,129.58867,55.0,-74.58866882324219
2019-10-04 00:00:00,94.14339,182.0,87.85661315917969
2019-10-04 03:00:00,109.94222,102.0,-7.942222595214844
2019-10-04 06:00:00,103.60998,92.0,-11.609977722167969
2019-10-04 09:00:00,81.668076,97.0,15.331924438476562
2019-10-04 12:00:00,65.84077,83.0,17.15923309326172
2019-10-04 15:00:00,77.78311,88.0,10.216888427734375
2019-10-04 18:00:00,91.030075,122.0,30.969924926757812
2019-10-04 21:00:00,86.826614,125.0,38.17338562011719
2019-10-05 00:00:00,57.289753,93.0,35.71024703979492
2019-10-05 03:00:00,54.885277,64.0,9.114723205566406
2019-10-05 06:00:00,40.85291,94.0,53.147090911865234
2019-10-05 09:00:00,34.433243,114.0,79.56675720214844
2019-10-05 12:00:00,48.42252,119.0,70.57748031616211
2019-10-05 15:00:00,66.88964,71.0,4.110359191894531
2019-10-05 18:00:00,90.88774,70.0,-20.887741088867188
2019-10-05 21:00:00,91.72493,53.0,-38.72492980957031
2019-10-06 00:00:00,87.77829,61.0,-26.778289794921875
2019-10-06 03:00:00,94.21262,141.0,46.787376403808594
2019-10-06 06:00:00,73.759224,108.0,34.24077606201172
2019-10-06 09:00:00,50.253788,87.0,36.746212005615234
2019-10-06 12:00:00,51.122753,95.0,43.87724685668945
2019-10-06 15:00:00,68.476364,80.0,11.523635864257812
2019-10-06 18:00:00,104.657715,65.0,-39.65771484375
2019-10-06 21:00:00,103.99367,66.0,-37.99366760253906
2019-10-07 00:00:00,99.09422,54.0,-45.09422302246094
2019-10-07 03:00:00,126.227974,48.0,-78.22797393798828
2019-10-07 09:00:00,47.060555,51.0,3.9394454956054688
2019-10-07 12:00:00,36.74597,53.0,16.2540283203125
2019-10-07 15:00:00,49.23049,40.0,-9.230491638183594
2019-10-07 18:00:00,59.842022,41.0,-18.842021942138672
2019-10-07 21:00:00,61.804714,46.0,-15.80471420288086
2019-10-08 00:00:00,47.537697,46.0,-1.5376968383789062
2019-10-08 03:00:00,66.23304,41.0,-25.23303985595703
2019-10-08 06:00:00,60.51505,40.0,-20.51504898071289
2019-10-08 09:00:00,65.31786,46.0,-19.31786346435547
2019-10-08 12:00:00,71.86395,50.0,-21.86395263671875
2019-10-08 15:00:00,78.196304,43.0,-35.19630432128906
2019-10-08 18:00:00,105.330284,45.0,-60.330284118652344
2019-10-08 21:00:00,125.63362,82.0,-43.63362121582031
2019-10-09 00:00:00,156.96288,42.0,-114.96287536621094
2019-10-09 03:00:00,158.67136,53.0,-105.67135620117188
2019-10-09 06:00:00,132.68948,72.0,-60.689483642578125
2019-10-09 09:00:00,80.9764,84.0,3.0235977172851562
2019-10-10 00:00:00,64.40155,42.0,-22.40155029296875
2019-10-10 03:00:00,60.35327,76.0,15.646728515625
2019-10-10 06:00:00,46.736546,49.0,2.2634544372558594
2019-10-10 09:00:00,30.90753,68.0,37.09247016906738
2019-10-10 12:00:00,45.549145,46.0,0.4508552551269531
2019-10-10 15:00:00,65.97406,46.0,-19.97406005859375
2019-10-10 18:00:00,106.46886,46.0,-60.46885681152344
2019-10-10 21:00:00,121.70517,64.0,-57.705169677734375
2019-10-11 00:00:00,93.96717,76.0,-17.96717071533203
2019-10-12 03:00:00,82.6858,84.0,1.3142013549804688
2019-10-12 06:00:00,64.248184,81.0,16.751815795898438
2019-10-12 09:00:00,50.39453,67.0,16.60546875
2019-10-12 12:00:00,80.29144,71.0,-9.29144287109375
2019-10-12 15:00:00,92.18013,62.0,-30.180130004882812
2019-10-12 18:00:00,108.888115,60.0,-48.88811492919922
2019-10-12 21:00:00,108.999756,63.0,-45.999755859375
2019-10-13 00:00:00,109.69143,88.0,-21.691429138183594
2019-10-13 03:00:00,113.81599,90.0,-23.81598663330078
2019-10-13 06:00:00,101.15741,83.0,-18.15740966796875
2019-10-13 09:00:00,73.732056,73.0,-0.7320556640625
2019-10-13 12:00:00,64.695656,88.0,23.304344177246094
2019-10-13 15:00:00,81.39227,68.0,-13.39227294921875
2019-10-13 18:00:00,98.99156,66.0,-32.99156188964844
2019-10-13 21:00:00,120.01737,58.0,-62.017372131347656
2019-10-14 00:00:00,73.54993,61.0,-12.5499267578125
2019-10-14 03:00:00,92.769424,62.0,-30.769424438476562
2019-10-14 06:00:00,78.46324,64.0,-14.463241577148438
2019-10-14 09:00:00,42.096077,70.0,27.90392303466797
2019-10-14 12:00:00,46.77753,70.0,23.222469329833984
2019-10-14 15:00:00,69.70714,82.0,12.292861938476562
2019-10-14 18:00:00,106.56845,88.0,-18.568450927734375
2019-10-14 21:00:00,108.47907,71.0,-37.47907257080078
2019-10-15 00:00:00,103.46048,75.0,-28.460479736328125
2019-10-15 03:00:00,102.56122,72.0,-30.56121826171875
2019-10-15 06:00:00,84.51252,111.0,26.48748016357422
2019-10-15 09:00:00,52.62291,56.0,3.3770904541015625
2019-10-15 12:00:00,36.05169,73.0,36.94831085205078
2019-10-15 15:00:00,55.84525,41.0,-14.84524917602539
2019-10-15 18:00:00,81.41751,51.0,-30.417510986328125
2019-10-15 21:00:00,87.82626,89.0,1.173736572265625
2019-10-16 00:00:00,131.9895,90.0,-41.989501953125
2019-10-16 03:00:00,137.9035,92.0,-45.90350341796875
2019-10-16 06:00:00,123.241875,77.0,-46.24187469482422
2019-10-16 09:00:00,71.94302,57.0,-14.943023681640625
2019-10-16 12:00:00,36.21267,64.0,27.787330627441406
2019-10-16 15:00:00,46.56266,55.0,8.437339782714844
2019-10-16 18:00:00,73.73046,48.0,-25.73046112060547
2019-10-16 21:00:00,68.49405,51.0,-17.494049072265625
2019-10-17 00:00:00,74.01468,93.0,18.985321044921875
2019-10-17 03:00:00,80.226524,78.0,-2.2265243530273438
2019-10-17 06:00:00,68.475746,65.0,-3.4757461547851562
2019-10-17 09:00:00,36.97801,43.0,6.021991729736328
2019-10-17 12:00:00,21.220842,63.0,41.779157638549805
2019-10-17 15:00:00,48.77609,37.0,-11.77608871459961
2019-10-17 18:00:00,92.2139,42.0,-50.213897705078125
2019-10-17 21:00:00,94.62588,90.0,-4.625877380371094
2019-10-18 00:00:00,56.068073,62.0,5.931926727294922
2019-10-18 03:00:00,66.77464,59.0,-7.7746429443359375
2019-10-18 06:00:00,66.17808,52.0,-14.178077697753906
2019-10-18 09:00:00,56.55704,40.0,-16.55704116821289
2019-10-18 12:00:00,43.24488,37.0,-6.244880676269531
2019-10-18 15:00:00,70.97185,35.0,-35.97184753417969
2019-10-18 18:00:00,103.76221,35.0,-68.76220703125
2019-10-18 21:00:00,89.88923,43.0,-46.88922882080078
2019-10-19 00:00:00,54.8539,65.0,10.146099090576172
2019-10-19 03:00:00,63.688618,92.0,28.311382293701172
2019-10-19 06:00:00,56.249634,81.0,24.7503662109375
2019-10-19 09:00:00,35.930496,40.0,4.0695037841796875
2019-10-19 12:00:00,55.227703,36.0,-19.227703094482422
2019-10-19 15:00:00,77.71871,46.0,-31.718711853027344
2019-10-19 18:00:00,121.20376,55.0,-66.2037582397461
2019-10-19 21:00:00,132.54488,64.0,-68.54487609863281
2019-10-20 00:00:00,122.046455,54.0,-68.04645538330078
2019-10-20 03:00:00,128.96976,101.0,-27.969757080078125
2019-10-20 06:00:00,103.15045,48.0,-55.15045166015625
2019-10-20 09:00:00,49.803135,54.0,4.196865081787109
2019-10-20 12:00:00,41.76434,48.0,6.235660552978516
2019-10-20 15:00:00,51.45205,79.0,27.547950744628906
2019-10-20 18:00:00,56.5783,51.0,-5.578300476074219
2019-10-20 21:00:00,64.186676,48.0,-16.186676025390625
2019-10-21 00:00:00,75.251595,64.0,-11.251594543457031
2019-10-21 03:00:00,100.29362,32.0,-68.29361724853516
2019-10-21 06:00:00,73.81482,62.0,-11.8148193359375
2019-10-21 09:00:00,51.37241,39.0,-12.37240982055664
2019-10-21 12:00:00,54.204803,35.0,-19.204803466796875
2019-10-21 15:00:00,64.23511,36.0,-28.235107421875
2019-10-21 18:00:00,65.22566,35.0,-30.225662231445312
2019-10-21 21:00:00,61.53118,31.0,-30.53118133544922
2019-10-22 00:00:00,16.916147,32.0,15.083852767944336
2019-10-22 03:00:00,24.80283,44.0,19.19717025756836
2019-10-22 06:00:00,71.00942,27.0,-44.009422302246094
2019-10-22 09:00:00,112.724594,50.0,-62.72459411621094
2019-10-22 12:00:00,101.12467,39.0,-62.124671936035156
2019-10-22 15:00:00,130.45679,56.0,-74.456787109375
2019-10-22 18:00:00,108.80831,70.0,-38.808311462402344
2019-10-22 21:00:00,97.92416,60.0,-37.924156188964844
2019-10-23 00:00:00,59.487434,64.0,4.512565612792969
2019-10-23 03:00:00,108.25897,51.0,-57.25897216796875
2019-10-23 06:00:00,107.284676,63.0,-44.28467559814453
2019-10-23 09:00:00,84.95789,76.0,-8.957893371582031
2019-10-23 12:00:00,66.528625,85.0,18.47137451171875
2019-10-23 15:00:00,90.02349,68.0,-22.02349090576172
2019-10-23 18:00:00,115.897026,78.0,-37.89702606201172
2019-10-23 21:00:00,114.45831,80.0,-34.45831298828125
2019-10-24 00:00:00,83.285385,54.0,-29.285385131835938
2019-10-24 03:00:00,91.55838,48.0,-43.558380126953125
2019-10-24 06:00:00,93.821655,50.0,-43.8216552734375
2019-10-24 09:00:00,94.31551,43.0,-51.315513610839844
2019-10-24 12:00:00,69.42696,48.0,-21.426963806152344
2019-10-24 15:00:00,88.20461,48.0,-40.204612731933594
2019-10-24 18:00:00,72.60746,42.0,-30.607460021972656
2019-10-24 21:00:00,70.78393,55.0,-15.783927917480469
2019-10-25 00:00:00,92.17274,54.0,-38.17273712158203
2019-10-25 03:00:00,116.819595,53.0,-63.81959533691406
2019-10-25 06:00:00,120.0658,68.0,-52.06580352783203
2019-10-25 09:00:00,102.76256,46.0,-56.76255798339844
2019-10-25 15:00:00,75.89631,45.0,-30.89630889892578
2019-10-25 18:00:00,92.03893,39.0,-53.03893280029297
2019-10-25 21:00:00,85.79309,44.0,-41.7930908203125
2019-10-26 00:00:00,68.41742,33.0,-35.41741943359375
2019-10-26 03:00:00,72.349846,35.0,-37.34984588623047
2019-10-26 06:00:00,61.171932,33.0,-28.171932220458984
2019-10-26 09:00:00,57.228703,29.0,-28.228702545166016
2019-10-26 12:00:00,50.034943,31.0,-19.034942626953125
2019-10-26 15:00:00,59.49164,29.0,-30.49163818359375
2019-10-26 18:00:00,49.30564,28.0,-21.305641174316406
2019-10-26 21:00:00,56.00259,70.0,13.99740982055664
2019-10-27 00:00:00,67.497696,46.0,-21.497695922851562
2019-10-27 03:00:00,53.418262,22.0,-31.418262481689453
2019-10-27 06:00:00,52.033783,25.0,-27.033782958984375
2019-10-27 09:00:00,52.56544,27.0,-25.565441131591797
2019-10-27 12:00:00,38.014717,25.0,-13.014717102050781
2019-10-27 15:00:00,58.815315,18.0,-40.81531524658203
2019-10-27 18:00:00,68.43811,21.0,-47.4381103515625
2019-10-27 21:00:00,80.449356,18.0,-62.44935607910156
2019-10-28 00:00:00,58.927982,14.0,-44.927982330322266
2019-10-28 03:00:00,71.80824,20.0,-51.80824279785156
2019-10-28 06:00:00,68.011444,18.0,-50.011444091796875
2019-10-28 09:00:00,57.259056,25.0,-32.259056091308594
2019-10-28 12:00:00,61.178185,27.0,-34.178184509277344
2019-10-28 15:00:00,57.731087,29.0,-28.73108673095703
2019-10-28 18:00:00,47.203457,24.0,-23.20345687866211
2019-10-28 21:00:00,40.128727,23.0,-17.128726959228516
2019-10-29 00:00:00,72.05608,27.0,-45.05608367919922
2019-10-29 03:00:00,83.953865,28.0,-55.95386505126953
2019-10-29 06:00:00,80.261086,31.0,-49.261085510253906
2019-10-29 09:00:00,74.927414,30.0,-44.92741394042969
2019-10-29 12:00:00,60.274487,34.0,-26.274486541748047
2019-10-29 15:00:00,71.956604,32.0,-39.95660400390625
2019-10-29 18:00:00,81.76767,31.0,-50.767669677734375
2019-10-29 21:00:00,88.723595,47.0,-41.723594665527344
2019-10-30 00:00:00,108.2692,39.0,-69.26920318603516
2019-10-30 03:00:00,111.19971,38.0,-73.19970703125
2019-10-30 06:00:00,83.96734,41.0,-42.96733856201172
2019-10-30 09:00:00,49.709,31.0,-18.708999633789062
2019-10-30 12:00:00,48.24477,25.0,-23.244770050048828
2019-10-30 15:00:00,67.15686,25.0,-42.1568603515625
2019-10-30 18:00:00,87.1687,38.0,-49.168701171875
2019-10-30 21:00:00,88.69188,49.0,-39.69187927246094
2019-10-31 00:00:00,100.95437,45.0,-55.954368591308594
2019-10-31 03:00:00,97.276825,38.0,-59.276824951171875
2019-10-31 06:00:00,82.767654,52.0,-30.767654418945312
2019-10-31 09:00:00,63.353752,48.0,-15.353752136230469
2019-10-31 12:00:00,60.616344,43.0,-17.616344451904297
2019-10-31 15:00:00,75.814964,29.0,-46.814964294433594
2019-10-31 18:00:00,74.849144,20.0,-54.849143981933594
2019-10-31 21:00:00,63.590733,33.0,-30.59073257446289
2019-11-01 00:00:00,33.849117,41.0,7.150882720947266
2019-11-01 03:00:00,44.1496,45.0,0.8503990173339844
2019-11-01 06:00:00,43.408024,37.0,-6.408023834228516
2019-11-01 09:00:00,42.256203,25.0,-17.256202697753906
2019-11-01 12:00:00,36.60597,25.0,-11.605968475341797
2019-11-01 15:00:00,53.309917,33.0,-20.309917449951172
2019-11-01 18:00:00,71.67932,28.0,-43.6793212890625
2019-11-01 21:00:00,73.67362,32.0,-41.673622131347656
2019-11-02 00:00:00,65.72282,38.0,-27.722816467285156
2019-11-02 03:00:00,68.93424,26.0,-42.934242248535156
2019-11-02 06:00:00,46.448578,46.0,-0.448577880859375
2019-11-02 09:00:00,23.474854,48.0,24.525146484375
2019-11-02 12:00:00,34.274082,44.0,9.72591781616211
2019-11-02 15:00:00,53.282745,66.0,12.717254638671875
2019-11-02 18:00:00,88.19086,42.0,-46.19085693359375
2019-11-02 21:00:00,106.67395,40.0,-66.6739501953125
2019-11-03 00:00:00,90.26394,115.0,24.736061096191406
2019-11-03 03:00:00,103.521416,81.0,-22.52141571044922
2019-11-03 06:00:00,62.637924,41.0,-21.637924194335938
2019-11-03 09:00:00,36.323967,36.0,-0.32396697998046875
2019-11-03 12:00:00,36.934124,38.0,1.0658760070800781
2019-11-03 15:00:00,61.630543,41.0,-20.630542755126953
2019-11-03 18:00:00,105.964775,39.0,-66.96477508544922
2019-11-03 21:00:00,131.61787,44.0,-87.61787414550781
2019-11-04 00:00:00,86.02115,49.0,-37.021148681640625
2019-11-04 03:00:00,85.50342,42.0,-43.50341796875
2019-11-04 06:00:00,55.66778,43.0,-12.667781829833984
2019-11-04 09:00:00,44.239643,27.0,-17.239643096923828
2019-11-04 12:00:00,35.865925,27.0,-8.865924835205078
2019-11-04 15:00:00,39.343376,46.0,6.656623840332031
2019-11-04 18:00:00,63.681454,37.0,-26.681453704833984
2019-11-04 21:00:00,98.6256,36.0,-62.62560272216797
2019-11-05 00:00:00,94.822556,38.0,-56.82255554199219
2019-11-05 03:00:00,88.17506,34.0,-54.17505645751953
2019-11-05 06:00:00,68.24718,33.0,-35.24717712402344
2019-11-05 09:00:00,44.351795,37.0,-7.351795196533203
2019-11-05 12:00:00,38.908466,27.0,-11.908466339111328
2019-11-05 15:00:00,58.62688,27.0,-31.626880645751953
2019-11-05 18:00:00,74.92855,30.0,-44.928550720214844
2019-11-05 21:00:00,76.67836,30.0,-46.67835998535156
2019-11-06 00:00:00,67.80124,29.0,-38.801239013671875
2019-11-06 03:00:00,75.50466,32.0,-43.504661560058594
2019-11-06 06:00:00,74.46522,31.0,-43.46521759033203
2019-11-06 09:00:00,55.149372,32.0,-23.149372100830078
2019-11-06 12:00:00,65.06178,49.0,-16.061782836914062
2019-11-06 15:00:00,86.33606,38.0,-48.3360595703125
2019-11-06 18:00:00,99.60206,38.0,-61.60205841064453
2019-11-06 21:00:00,100.18334,41.0,-59.18334197998047
2019-11-07 00:00:00,88.52612,40.0,-48.526123046875
2019-11-07 03:00:00,89.28419,52.0,-37.28418731689453
2019-11-07 06:00:00,80.98027,40.0,-40.98027038574219
2019-11-07 09:00:00,58.86022,32.0,-26.86022186279297
2019-11-07 12:00:00,52.77366,36.0,-16.773658752441406
2019-11-07 15:00:00,74.12564,40.0,-34.125640869140625
2019-11-07 18:00:00,89.49291,42.0,-47.49291229248047
2019-11-07 21:00:00,102.59168,48.0,-54.59168243408203
2019-11-08 00:00:00,108.06298,51.0,-57.06298065185547
2019-11-08 03:00:00,96.07197,58.0,-38.07196807861328
2019-11-08 06:00:00,91.27552,49.0,-42.27552032470703
2019-11-08 09:00:00,71.411476,33.0,-38.411476135253906
2019-11-08 12:00:00,55.414604,36.0,-19.41460418701172
2019-11-08 15:00:00,90.381035,41.0,-49.38103485107422
2019-11-08 18:00:00,142.82022,42.0,-100.82022094726562
2019-11-08 21:00:00,159.39214,58.0,-101.39213562011719
2019-11-09 00:00:00,144.99028,53.0,-91.99028015136719
2019-11-09 03:00:00,138.35779,52.0,-86.3577880859375
2019-11-09 06:00:00,105.36107,58.0,-47.36106872558594
2019-11-09 09:00:00,56.76668,82.0,25.233318328857422
2019-11-09 12:00:00,53.26365,83.0,29.736351013183594
2019-11-09 15:00:00,77.22792,66.0,-11.227920532226562
2019-11-09 18:00:00,127.37132,62.0,-65.37132263183594
2019-11-09 21:00:00,122.689926,87.0,-35.68992614746094
2019-11-10 00:00:00,103.81882,82.0,-21.818817138671875
2019-11-10 03:00:00,97.59378,80.0,-17.593780517578125
2019-11-10 06:00:00,73.97295,74.0,0.02704620361328125
2019-11-10 09:00:00,43.370846,61.0,17.629154205322266
2019-11-10 12:00:00,39.172848,60.0,20.827152252197266
2019-11-10 15:00:00,70.494026,54.0,-16.49402618408203
2019-11-10 18:00:00,97.03399,55.0,-42.03398895263672
2019-11-10 21:00:00,102.26631,81.0,-21.266311645507812
2019-11-11 00:00:00,134.93468,76.0,-58.93467712402344
2019-11-11 03:00:00,144.2636,85.0,-59.26359558105469
2019-11-11 06:00:00,115.554146,66.0,-49.55414581298828
2019-11-11 09:00:00,35.256905,23.0,-12.256904602050781
2019-11-11 12:00:00,26.220505,29.0,2.7794952392578125
2019-11-11 15:00:00,65.876976,31.0,-34.876976013183594
2019-11-11 18:00:00,113.67206,29.0,-84.67205810546875
2019-11-11 21:00:00,131.1048,76.0,-55.10479736328125
2019-11-12 00:00:00,112.552246,81.0,-31.55224609375
2019-11-12 03:00:00,124.09964,53.0,-71.09963989257812
2019-11-12 06:00:00,93.20041,47.0,-46.200408935546875
2019-11-12 09:00:00,27.56974,38.0,10.430259704589844
2019-11-12 12:00:00,20.886774,32.0,11.113225936889648
2019-11-12 15:00:00,66.51271,33.0,-33.51271057128906
2019-11-12 18:00:00,122.07966,45.0,-77.07965850830078
2019-11-12 21:00:00,137.4549,55.0,-82.45489501953125
2019-11-13 00:00:00,103.66602,55.0,-48.66602325439453
2019-11-13 03:00:00,101.08033,66.0,-35.08032989501953
2019-11-13 06:00:00,84.54276,78.0,-6.542762756347656
2019-11-13 09:00:00,34.309208,82.0,47.690792083740234
2019-11-13 12:00:00,28.752993,80.0,51.24700736999512
2019-11-13 15:00:00,74.6611,90.0,15.338897705078125
2019-11-13 18:00:00,121.40026,92.0,-29.40026092529297
2019-11-13 21:00:00,124.24857,118.0,-6.248573303222656
2019-11-14 00:00:00,95.70635,59.0,-36.70635223388672
2019-11-14 03:00:00,88.85899,54.0,-34.85899353027344
2019-11-14 06:00:00,81.116806,55.0,-26.116806030273438
2019-11-14 09:00:00,29.467402,48.0,18.5325984954834
2019-11-14 12:00:00,32.6404,54.0,21.359600067138672
2019-11-14 15:00:00,59.912052,64.0,4.087947845458984
2019-11-14 18:00:00,100.41094,62.0,-38.41094207763672
2019-11-14 21:00:00,98.67972,90.0,-8.679718017578125
2019-11-15 00:00:00,95.00673,80.0,-15.006729125976562
2019-11-15 03:00:00,89.95463,100.0,10.045372009277344
2019-11-15 06:00:00,76.51409,46.0,-30.51409149169922
2019-11-15 09:00:00,45.863094,38.0,-7.863094329833984
2019-11-15 12:00:00,44.684937,41.0,-3.6849365234375
2019-11-15 15:00:00,78.97211,54.0,-24.97210693359375
2019-11-15 18:00:00,98.164604,57.0,-41.16460418701172
2019-11-15 21:00:00,112.08615,54.0,-58.086151123046875
2019-11-16 00:00:00,126.34655,62.0,-64.34654998779297
2019-11-16 03:00:00,147.9757,60.0,-87.97569274902344
2019-11-16 06:00:00,133.92128,65.0,-68.92127990722656
2019-11-16 09:00:00,74.24967,45.0,-29.249671936035156
2019-11-16 12:00:00,47.956463,58.0,10.043537139892578
2019-11-16 15:00:00,63.57095,59.0,-4.570949554443359
2019-11-16 18:00:00,67.83853,46.0,-21.838531494140625
2019-11-16 21:00:00,65.76522,50.0,-15.765220642089844
2019-11-17 00:00:00,56.36383,44.0,-12.36383056640625
2019-11-17 03:00:00,55.29904,44.0,-11.299041748046875
2019-11-17 06:00:00,51.21882,29.0,-22.21881866455078
2019-11-17 09:00:00,50.23412,25.0,-25.234119415283203
2019-11-17 12:00:00,51.69568,25.0,-26.6956787109375
2019-11-17 15:00:00,68.65798,36.0,-32.657981872558594
2019-11-17 18:00:00,84.48694,23.0,-61.4869384765625
2019-11-17 21:00:00,110.77668,35.0,-75.77667999267578
2019-11-18 00:00:00,108.0557,30.0,-78.05570220947266
2019-11-18 03:00:00,92.10453,44.0,-48.104530334472656
2019-11-18 06:00:00,74.53928,57.0,-17.539283752441406
2019-11-18 09:00:00,63.25922,47.0,-16.259220123291016
2019-11-18 12:00:00,71.49083,33.0,-38.49082946777344
2019-11-18 15:00:00,78.1547,31.0,-47.154701232910156
2019-11-18 18:00:00,69.391945,42.0,-27.391944885253906
2019-11-18 21:00:00,63.931564,22.0,-41.93156433105469
2019-11-19 00:00:00,67.08115,40.0,-27.081146240234375
2019-11-19 03:00:00,59.088505,43.0,-16.088504791259766
2019-11-19 06:00:00,60.29586,38.0,-22.295860290527344
2019-11-19 09:00:00,57.035324,39.0,-18.035324096679688
2019-11-19 12:00:00,37.790188,30.0,-7.790187835693359
2019-11-19 15:00:00,60.56848,16.0,-44.5684814453125
2019-11-19 18:00:00,67.26168,20.0,-47.261680603027344
2019-11-19 21:00:00,71.15932,27.0,-44.15931701660156
2019-11-20 00:00:00,64.4518,27.0,-37.45179748535156
2019-11-20 03:00:00,75.94372,25.0,-50.94371795654297
2019-11-20 06:00:00,73.16305,26.0,-47.163047790527344
2019-11-20 09:00:00,55.926876,33.0,-22.926876068115234
2019-11-20 12:00:00,40.7631,23.0,-17.763099670410156
2019-11-20 15:00:00,68.5136,34.0,-34.51360321044922
2019-11-20 18:00:00,78.468925,29.0,-49.46892547607422
2019-11-20 21:00:00,85.25285,33.0,-52.25285339355469
2019-11-21 00:00:00,82.74219,25.0,-57.7421875
2019-11-21 03:00:00,84.279236,26.0,-58.27923583984375
2019-11-21 06:00:00,77.48474,33.0,-44.4847412109375
2019-11-21 09:00:00,49.266304,37.0,-12.266304016113281
2019-11-21 12:00:00,32.09982,20.0,-12.09981918334961
2019-11-21 15:00:00,68.22825,23.0,-45.228248596191406
2019-11-21 18:00:00,98.44052,24.0,-74.44052124023438
2019-11-21 21:00:00,119.310585,34.0,-85.31058502197266
2019-11-22 00:00:00,118.017624,84.0,-34.01762390136719
2019-11-22 03:00:00,121.46711,55.0,-66.46710968017578
2019-11-22 06:00:00,102.495674,40.0,-62.49567413330078
2019-11-22 09:00:00,31.648369,42.0,10.351631164550781
2019-11-22 12:00:00,27.454235,34.0,6.545764923095703
2019-11-22 15:00:00,67.42448,53.0,-14.424476623535156
2019-11-22 18:00:00,95.00036,51.0,-44.00035858154297
2019-11-22 21:00:00,102.25676,48.0,-54.25675964355469
2019-11-23 00:00:00,117.79156,34.0,-83.79155731201172
2019-11-23 03:00:00,142.0558,41.0,-101.05580139160156
2019-11-23 06:00:00,124.83378,58.0,-66.83377838134766
2019-11-23 09:00:00,35.803963,122.0,86.19603729248047
2019-11-23 12:00:00,25.086308,31.0,5.913692474365234
2019-11-23 15:00:00,43.75795,28.0,-15.757949829101562
2019-11-23 18:00:00,49.504932,36.0,-13.504932403564453
2019-11-23 21:00:00,53.929794,42.0,-11.929794311523438
2019-11-24 00:00:00,66.84877,37.0,-29.848770141601562
2019-11-24 03:00:00,89.80464,49.0,-40.80464172363281
2019-11-24 06:00:00,65.58179,56.0,-9.581787109375
2019-11-24 09:00:00,40.849983,45.0,4.150016784667969
2019-11-24 12:00:00,24.134237,48.0,23.86576271057129
2019-11-24 15:00:00,38.76494,51.0,12.235061645507812
2019-11-24 18:00:00,45.69779,43.0,-2.6977882385253906
2019-11-24 21:00:00,49.013805,53.0,3.986194610595703
2019-11-25 00:00:00,47.647747,45.0,-2.647747039794922
2019-11-25 03:00:00,61.206947,51.0,-10.206947326660156
2019-11-25 06:00:00,49.407505,55.0,5.592494964599609
2019-11-25 09:00:00,48.450035,35.0,-13.450035095214844
2019-11-25 12:00:00,29.507647,27.0,-2.5076465606689453
2019-11-25 15:00:00,33.18246,33.0,-0.18246078491210938
2019-11-25 18:00:00,39.751286,33.0,-6.751285552978516
2019-11-25 21:00:00,59.250168,34.0,-25.250167846679688
2019-11-26 00:00:00,63.384617,39.0,-24.38461685180664
2019-11-26 03:00:00,74.86903,38.0,-36.86903381347656
2019-11-26 06:00:00,53.37438,33.0,-20.374378204345703
2019-11-26 09:00:00,41.586533,27.0,-14.586532592773438
2019-11-26 12:00:00,43.404385,33.0,-10.40438461303711
2019-11-26 15:00:00,63.3338,31.0,-32.33380126953125
2019-11-26 18:00:00,82.10645,31.0,-51.10645294189453
2019-11-26 21:00:00,106.73546,30.0,-76.73545837402344
2019-11-27 00:00:00,125.13965,40.0,-85.1396484375
2019-11-27 03:00:00,137.80482,41.0,-96.80482482910156
2019-11-27 06:00:00,98.41733,39.0,-59.417327880859375
2019-11-27 09:00:00,36.86546,34.0,-2.865459442138672
2019-11-27 12:00:00,44.092075,37.0,-7.092075347900391
2019-11-27 15:00:00,68.361145,49.0,-19.36114501953125
2019-11-27 18:00:00,73.43545,60.0,-13.435447692871094
2019-11-27 21:00:00,75.52547,38.0,-37.52546691894531
2019-11-28 00:00:00,93.8212,37.0,-56.821197509765625
2019-11-28 03:00:00,90.56567,86.0,-4.565666198730469
2019-11-28 06:00:00,62.66794,48.0,-14.667938232421875
2019-11-28 09:00:00,49.804157,37.0,-12.804157257080078
2019-11-28 12:00:00,36.245583,41.0,4.754417419433594
2019-11-28 15:00:00,43.503407,59.0,15.496593475341797
2019-11-28 18:00:00,43.35044,52.0,8.649559020996094
2019-11-28 21:00:00,53.38785,19.0,-34.38785171508789
2019-11-29 00:00:00,54.414387,15.0,-39.41438674926758
2019-11-29 03:00:00,60.011986,24.0,-36.011985778808594
2019-11-29 06:00:00,47.69731,17.0,-30.697311401367188
2019-11-29 09:00:00,44.65164,28.0,-16.651641845703125
2019-11-29 12:00:00,46.945614,32.0,-14.945613861083984
2019-11-29 15:00:00,46.133663,38.0,-8.133663177490234
2019-11-29 18:00:00,51.545383,38.0,-13.54538345336914
2019-11-29 21:00:00,80.47835,40.0,-40.47834777832031
2019-11-30 00:00:00,96.60289,32.0,-64.60289001464844
2019-11-30 03:00:00,152.46826,33.0,-119.46826171875
2019-11-30 06:00:00,122.106766,34.0,-88.10676574707031
2019-11-30 09:00:00,62.36104,27.0,-35.36103820800781
2019-11-30 12:00:00,50.443363,25.0,-25.443363189697266
2019-11-30 15:00:00,80.04378,31.0,-49.04377746582031
2019-11-30 18:00:00,103.067406,39.0,-64.0674057006836
2019-11-30 21:00:00,119.56581,61.0,-58.56581115722656
2019-12-01 00:00:00,132.24872,60.0,-72.24871826171875
2019-12-01 03:00:00,145.9448,51.0,-94.94479370117188
2019-12-01 06:00:00,135.8569,54.0,-81.85690307617188
2019-12-01 09:00:00,85.91303,50.0,-35.91303253173828
2019-12-01 12:00:00,79.35864,62.0,-17.358642578125
2019-12-01 15:00:00,103.34151,52.0,-51.34150695800781
2019-12-01 18:00:00,110.42971,48.0,-62.429710388183594
2019-12-01 21:00:00,99.79522,49.0,-50.79521942138672
2019-12-02 00:00:00,73.37121,47.0,-26.37120819091797
2019-12-02 03:00:00,67.84012,50.0,-17.840118408203125
2019-12-02 09:00:00,55.89425,44.0,-11.894248962402344
2019-12-02 12:00:00,73.98995,48.0,-25.989952087402344
2019-12-02 15:00:00,90.91468,55.0,-35.91468048095703
2019-12-02 18:00:00,102.55167,46.0,-56.551666259765625
2019-12-02 21:00:00,135.12158,48.0,-87.12158203125
2019-12-03 00:00:00,180.95671,42.0,-138.9567108154297
2019-12-03 03:00:00,142.88206,43.0,-99.88206481933594
2019-12-03 06:00:00,118.372665,37.0,-81.37266540527344
2019-12-03 09:00:00,73.975,31.0,-42.974998474121094
2019-12-03 12:00:00,58.422756,52.0,-6.422756195068359
2019-12-03 15:00:00,72.033455,46.0,-26.03345489501953
2019-12-03 18:00:00,75.4219,34.0,-41.421897888183594
2019-12-03 21:00:00,73.77184,32.0,-41.77184295654297
2019-12-04 00:00:00,86.62846,30.0,-56.62846374511719
2019-12-04 03:00:00,89.12866,41.0,-48.128662109375
2019-12-04 06:00:00,77.64857,48.0,-29.64856719970703
2019-12-04 09:00:00,53.072426,38.0,-15.072425842285156
2019-12-04 12:00:00,33.267723,28.0,-5.267723083496094
2019-12-04 15:00:00,54.423027,22.0,-32.42302703857422
2019-12-04 18:00:00,87.44974,25.0,-62.449737548828125
2019-12-04 21:00:00,104.13623,28.0,-76.13623046875
2019-12-05 00:00:00,96.49193,51.0,-45.49192810058594
2019-12-05 03:00:00,101.8434,63.0,-38.84339904785156
2019-12-05 06:00:00,77.751335,60.0,-17.75133514404297
2019-12-05 09:00:00,36.17106,33.0,-3.1710586547851562
2019-12-05 12:00:00,32.825027,55.0,22.174972534179688
2019-12-05 15:00:00,52.67998,46.0,-6.679981231689453
2019-12-05 18:00:00,82.78175,43.0,-39.78175354003906
2019-12-05 21:00:00,91.50517,33.0,-58.50517272949219
2019-12-06 00:00:00,66.83831,30.0,-36.83831024169922
2019-12-06 03:00:00,55.791588,37.0,-18.791587829589844
2019-12-06 06:00:00,30.899628,37.0,6.100372314453125
2019-12-06 09:00:00,24.467909,33.0,8.53209114074707
2019-12-06 12:00:00,27.47015,36.0,8.529850006103516
2019-12-06 15:00:00,42.464535,47.0,4.535465240478516
2019-12-06 18:00:00,51.09814,57.0,5.901859283447266
2019-12-06 21:00:00,62.4118,52.0,-10.411800384521484
2019-12-07 00:00:00,67.06978,54.0,-13.069778442382812
2019-12-07 03:00:00,53.973053,40.0,-13.973052978515625
2019-12-07 06:00:00,48.887615,51.0,2.112384796142578
2019-12-07 09:00:00,61.821537,45.0,-16.821537017822266
2019-12-07 12:00:00,57.363194,46.0,-11.36319351196289
2019-12-07 15:00:00,71.86895,44.0,-27.86894989013672
2019-12-07 18:00:00,100.12536,54.0,-46.12535858154297
2019-12-07 21:00:00,98.28091,60.0,-38.280906677246094
2019-12-08 00:00:00,72.75685,69.0,-3.7568511962890625
2019-12-08 03:00:00,67.76281,55.0,-12.762809753417969
2019-12-08 06:00:00,59.851116,62.0,2.148883819580078
2019-12-08 09:00:00,36.3965,28.0,-8.396499633789062
2019-12-08 12:00:00,22.601967,19.0,-3.6019668579101562
2019-12-08 15:00:00,39.87975,24.0,-15.879749298095703
2019-12-08 18:00:00,64.45453,22.0,-42.45452880859375
2019-12-08 21:00:00,76.34617,19.0,-57.346168518066406
2019-12-09 00:00:00,96.678375,28.0,-68.67837524414062
2019-12-09 03:00:00,115.02925,90.0,-25.029251098632812
2019-12-09 06:00:00,100.90162,40.0,-60.90161895751953
2019-12-09 09:00:00,33.359127,32.0,-1.3591270446777344
2019-12-09 12:00:00,36.046116,25.0,-11.04611587524414
2019-12-09 15:00:00,40.155556,31.0,-9.155555725097656
2019-12-09 18:00:00,44.62436,25.0,-19.624359130859375
2019-12-09 21:00:00,56.882526,47.0,-9.882526397705078
2019-12-10 00:00:00,79.50257,31.0,-48.50257110595703
2019-12-10 03:00:00,82.55847,39.0,-43.5584716796875
2019-12-10 06:00:00,73.57016,34.0,-39.570159912109375
2019-12-10 09:00:00,60.40159,30.0,-30.401588439941406
2019-12-10 12:00:00,45.085697,38.0,-7.085697174072266
2019-12-10 15:00:00,55.171883,39.0,-16.17188262939453
2019-12-10 18:00:00,66.248505,37.0,-29.248504638671875
2019-12-10 21:00:00,87.11777,45.0,-42.117767333984375
2019-12-11 00:00:00,85.686226,53.0,-32.68622589111328
2019-12-11 03:00:00,85.99,53.0,-32.98999786376953
2019-12-11 06:00:00,77.44984,51.0,-26.44983673095703
2019-12-11 09:00:00,44.153694,38.0,-6.153694152832031
2019-12-11 12:00:00,25.215967,29.0,3.7840328216552734
2019-12-11 15:00:00,51.68954,43.0,-8.68954086303711
2019-12-11 18:00:00,73.35484,44.0,-29.354843139648438
2019-12-11 21:00:00,80.218346,47.0,-33.218345642089844
2019-12-12 00:00:00,113.98515,48.0,-65.98515319824219
2019-12-12 03:00:00,115.49764,52.0,-63.497642517089844
2019-12-12 06:00:00,109.6073,61.0,-48.6072998046875
2019-12-12 09:00:00,76.57627,41.0,-35.576271057128906
2019-12-12 12:00:00,58.953674,45.0,-13.95367431640625
2019-12-12 15:00:00,79.91673,43.0,-36.91673278808594
2019-12-12 18:00:00,81.89773,43.0,-38.897727966308594
2019-12-12 21:00:00,67.83603,45.0,-22.836029052734375
2019-12-13 00:00:00,41.891327,37.0,-4.891326904296875
2019-12-13 03:00:00,26.984707,21.0,-5.984706878662109
2019-12-13 06:00:00,23.582743,21.0,-2.582742691040039
2019-12-13 09:00:00,41.275826,22.0,-19.27582550048828
2019-12-13 12:00:00,82.910446,52.0,-30.910446166992188
2019-12-13 15:00:00,145.09885,35.0,-110.09884643554688
2019-12-13 18:00:00,154.83624,41.0,-113.83624267578125
2019-12-13 21:00:00,133.94537,43.0,-90.94537353515625
2019-12-14 00:00:00,112.77257,37.0,-75.77256774902344
2019-12-14 03:00:00,109.26715,43.0,-66.26715087890625
2019-12-14 06:00:00,101.020874,45.0,-56.0208740234375
2019-12-14 09:00:00,79.56873,43.0,-36.56873321533203
2019-12-14 12:00:00,72.867065,35.0,-37.8670654296875
2019-12-14 15:00:00,122.29492,33.0,-89.294921875
2019-12-14 18:00:00,148.55493,38.0,-110.554931640625
2019-12-14 21:00:00,167.41751,40.0,-127.41751098632812
2019-12-15 00:00:00,99.43676,49.0,-50.43675994873047
2019-12-15 03:00:00,89.90321,49.0,-40.90321350097656
2019-12-15 06:00:00,84.23956,46.0,-38.23956298828125
2019-12-15 09:00:00,51.956364,44.0,-7.956363677978516
2019-12-15 12:00:00,36.3857,43.0,6.614299774169922
2019-12-15 15:00:00,64.004326,45.0,-19.00432586669922
2019-12-15 18:00:00,72.21547,45.0,-27.215469360351562
2019-12-15 21:00:00,79.91707,84.0,4.0829315185546875
2019-12-16 00:00:00,76.47867,63.0,-13.478668212890625
2019-12-16 03:00:00,54.918415,58.0,3.081584930419922
2019-12-16 06:00:00,31.593401,42.0,10.406599044799805
2019-12-16 09:00:00,28.614408,29.0,0.3855915069580078
2019-12-16 12:00:00,29.74258,24.0,-5.742580413818359
2019-12-16 15:00:00,52.099834,32.0,-20.099834442138672
2019-12-16 18:00:00,48.045082,31.0,-17.045082092285156
2019-12-16 21:00:00,44.599346,36.0,-8.599346160888672
2019-12-17 00:00:00,48.376022,75.0,26.623977661132812
2019-12-17 03:00:00,55.889812,63.0,7.110187530517578
2019-12-17 06:00:00,62.537537,47.0,-15.53753662109375
2019-12-17 09:00:00,59.375935,28.0,-31.375934600830078
2019-12-17 12:00:00,36.114555,30.0,-6.114555358886719
2019-12-17 15:00:00,70.508125,23.0,-47.50812530517578
2019-12-17 18:00:00,88.91846,28.0,-60.91845703125
2019-12-17 21:00:00,87.24851,49.0,-38.248512268066406
2019-12-18 00:00:00,96.38325,46.0,-50.38324737548828
2019-12-18 03:00:00,98.81182,26.0,-72.81182098388672
2019-12-18 06:00:00,97.28734,32.0,-65.28733825683594
2019-12-18 09:00:00,70.907906,37.0,-33.90790557861328
2019-12-18 12:00:00,50.69137,27.0,-23.691368103027344
2019-12-18 15:00:00,82.364975,37.0,-45.36497497558594
2019-12-18 18:00:00,91.48903,56.0,-35.48902893066406
2019-12-18 21:00:00,84.979546,69.0,-15.979545593261719
2019-12-19 00:00:00,96.12631,61.0,-35.126312255859375
2019-12-19 03:00:00,95.54333,71.0,-24.54332733154297
2019-12-19 06:00:00,87.87629,93.0,5.123710632324219
2019-12-19 09:00:00,75.6313,42.0,-33.63130187988281
2019-12-19 12:00:00,42.974987,30.0,-12.974987030029297
2019-12-19 15:00:00,76.39687,35.0,-41.396873474121094
2019-12-19 18:00:00,84.2665,40.0,-44.266502380371094
2019-12-19 21:00:00,78.094215,35.0,-43.094215393066406
2019-12-20 00:00:00,78.75678,52.0,-26.75678253173828
2019-12-20 03:00:00,72.73684,44.0,-28.736839294433594
2019-12-20 06:00:00,74.57254,45.0,-29.572540283203125
2019-12-20 09:00:00,65.88698,37.0,-28.886978149414062
2019-12-20 12:00:00,48.348057,32.0,-16.34805679321289
2019-12-20 15:00:00,84.89622,33.0,-51.896217346191406
2019-12-20 18:00:00,98.46053,37.0,-61.460533142089844
2019-12-20 21:00:00,91.581566,38.0,-53.581565856933594
2019-12-21 00:00:00,92.06542,36.0,-56.06542205810547
2019-12-21 03:00:00,95.975334,34.0,-61.97533416748047
2019-12-21 06:00:00,94.161804,36.0,-58.16180419921875
2019-12-21 09:00:00,69.381714,45.0,-24.3817138671875
2019-12-21 12:00:00,57.666058,44.0,-13.666057586669922
2019-12-21 15:00:00,106.829704,43.0,-63.82970428466797
2019-12-21 18:00:00,131.50157,42.0,-89.50157165527344
2019-12-21 21:00:00,146.14215,53.0,-93.14215087890625
2019-12-22 00:00:00,144.58965,83.0,-61.58964538574219
2019-12-22 03:00:00,136.20047,69.0,-67.20046997070312
2019-12-22 06:00:00,113.71412,67.0,-46.71411895751953
2019-12-22 09:00:00,49.889877,50.0,0.1101226806640625
2019-12-22 12:00:00,64.40564,19.0,-45.4056396484375
2019-12-22 15:00:00,116.99626,18.0,-98.99626159667969
2019-12-22 18:00:00,148.73058,30.0,-118.73057556152344
2019-12-22 21:00:00,157.09885,37.0,-120.09884643554688
2019-12-23 00:00:00,144.10103,79.0,-65.10102844238281
2019-12-23 03:00:00,140.43712,72.0,-68.43711853027344
2019-12-23 06:00:00,127.65656,66.0,-61.65656280517578
2019-12-23 09:00:00,72.024475,27.0,-45.02447509765625
2019-12-23 12:00:00,43.779037,18.0,-25.779037475585938
2019-12-23 15:00:00,86.16871,22.0,-64.16870880126953
2019-12-23 18:00:00,110.30443,17.0,-93.30442810058594
2019-12-23 21:00:00,116.02742,29.0,-87.02742004394531
2019-12-24 00:00:00,120.4271,114.0,-6.427101135253906
2019-12-24 03:00:00,140.13312,55.0,-85.13311767578125
2019-12-24 06:00:00,127.16964,39.0,-88.16963958740234
2019-12-24 09:00:00,59.108517,33.0,-26.108516693115234
2019-12-24 12:00:00,41.841076,34.0,-7.841075897216797
2019-12-24 15:00:00,86.11835,38.0,-48.11834716796875
2019-12-24 18:00:00,103.75186,79.0,-24.751861572265625
2019-12-24 21:00:00,98.95689,92.0,-6.956886291503906
2019-12-25 00:00:00,92.404205,52.0,-40.404205322265625
2019-12-25 03:00:00,83.86678,48.0,-35.866783142089844
2019-12-25 06:00:00,58.199818,55.0,-3.199817657470703
2019-12-25 09:00:00,33.2559,50.0,16.744098663330078
2019-12-25 12:00:00,43.73402,34.0,-9.734020233154297
2019-12-25 15:00:00,55.27238,33.0,-22.272380828857422
2019-12-25 18:00:00,54.02296,37.0,-17.022960662841797
2019-12-25 21:00:00,56.267025,40.0,-16.267024993896484
2019-12-26 00:00:00,77.197685,44.0,-33.19768524169922
2019-12-26 03:00:00,80.16104,52.0,-28.161041259765625
2019-12-26 06:00:00,103.96144,39.0,-64.96144104003906
2019-12-26 09:00:00,111.526505,92.0,-19.526504516601562
2019-12-26 12:00:00,106.05396,52.0,-54.05396270751953
2019-12-26 15:00:00,128.66054,52.0,-76.66053771972656
2019-12-26 18:00:00,118.4435,65.0,-53.44349670410156
2019-12-26 21:00:00,121.23997,59.0,-62.239967346191406
2019-12-27 00:00:00,144.88751,75.0,-69.88751220703125
2019-12-27 03:00:00,174.61752,55.0,-119.61752319335938
2019-12-27 06:00:00,175.99722,70.0,-105.99722290039062
2019-12-27 09:00:00,108.241806,62.0,-46.24180603027344
2019-12-27 12:00:00,83.530266,77.0,-6.530265808105469
2019-12-27 15:00:00,119.90505,69.0,-50.905052185058594
2019-12-27 18:00:00,147.74469,62.0,-85.74468994140625
2019-12-27 21:00:00,135.82303,31.0,-104.82302856445312
2019-12-28 00:00:00,96.57606,38.0,-58.57605743408203
2019-12-28 03:00:00,91.527,44.0,-47.527000427246094
2019-12-28 06:00:00,95.59392,49.0,-46.59391784667969
2019-12-28 09:00:00,74.3654,33.0,-41.36540222167969
2019-12-28 12:00:00,67.11798,37.0,-30.11798095703125
2019-12-28 15:00:00,98.29955,58.0,-40.29955291748047
2019-12-28 18:00:00,111.698,71.0,-40.697998046875
2019-12-28 21:00:00,116.98148,73.0,-43.981483459472656
2019-12-29 00:00:00,83.68204,49.0,-34.682037353515625
2019-12-29 03:00:00,85.71328,48.0,-37.713279724121094
2019-12-29 06:00:00,77.93852,44.0,-33.93852233886719
2019-12-29 09:00:00,50.26868,49.0,-1.2686805725097656
2019-12-29 12:00:00,41.996372,35.0,-6.996372222900391
2019-12-29 15:00:00,70.163086,46.0,-24.1630859375
2019-12-29 18:00:00,93.41352,40.0,-53.41352081298828
2019-12-29 21:00:00,112.71436,43.0,-69.71436309814453
2019-12-30 00:00:00,91.77404,176.0,84.22595977783203
2019-12-30 03:00:00,105.78083,96.0,-9.780830383300781
2019-12-30 06:00:00,104.17125,55.0,-49.17124938964844
2019-12-30 09:00:00,56.792942,38.0,-18.79294204711914
2019-12-30 12:00:00,52.394173,30.0,-22.39417266845703
2019-12-30 15:00:00,68.625244,23.0,-45.625244140625
2019-12-30 18:00:00,59.267223,27.0,-32.2672233581543
2019-12-30 21:00:00,64.13689,28.0,-36.13688659667969
2019-12-31 00:00:00,40.679653,27.0,-13.67965316772461
2019-12-31 03:00:00,71.48447,54.0,-17.484466552734375
2019-12-31 06:00:00,107.85038,55.0,-52.850379943847656
2019-12-31 09:00:00,127.26116,45.0,-82.26116180419922
2019-12-31 12:00:00,108.999985,47.0,-61.99998474121094
2019-12-31 15:00:00,106.23671,57.0,-49.23670959472656
2019-12-31 18:00:00,77.35616,37.0,-40.356163024902344
2019-12-31 21:00:00,64.41997,38.0,-26.419967651367188
2020-01-01 00:00:00,58.437992,29.0,-29.437992095947266
2020-01-01 03:00:00,62.338585,27.0,-35.338584899902344
2020-01-01 06:00:00,59.514378,27.0,-32.51437759399414
2020-01-01 09:00:00,36.112396,25.0,-11.112396240234375
2020-01-01 12:00:00,45.72996,23.0,-22.729961395263672
2020-01-01 15:00:00,68.79896,22.0,-46.79895782470703
2020-01-01 18:00:00,100.25337,22.0,-78.25337219238281
2020-01-01 21:00:00,112.59772,22.0,-90.59771728515625
2020-01-02 00:00:00,71.94876,43.0,-28.948760986328125
2020-01-02 03:00:00,89.04317,35.0,-54.04316711425781
2020-01-02 06:00:00,91.91831,51.0,-40.918312072753906
2020-01-02 09:00:00,37.445263,36.0,-1.4452629089355469
2020-01-02 12:00:00,29.697958,32.0,2.302042007446289
2020-01-02 15:00:00,45.014305,35.0,-10.014305114746094
2020-01-02 18:00:00,62.125763,32.0,-30.125762939453125
2020-01-02 21:00:00,68.470856,46.0,-22.470855712890625
2020-01-03 00:00:00,76.97304,34.0,-42.97303771972656
2020-01-03 03:00:00,67.56318,37.0,-30.56317901611328
2020-01-03 06:00:00,58.93719,27.0,-31.937191009521484
2020-01-03 09:00:00,42.718285,30.0,-12.718284606933594
2020-01-03 12:00:00,52.71977,32.0,-20.719768524169922
2020-01-03 15:00:00,84.261955,30.0,-54.26195526123047
2020-01-03 18:00:00,87.80489,32.0,-55.804893493652344
2020-01-03 21:00:00,105.41271,41.0,-64.41271209716797
2020-01-04 00:00:00,132.03271,43.0,-89.03271484375
2020-01-04 03:00:00,113.34828,51.0,-62.34828186035156
2020-01-04 06:00:00,102.96367,50.0,-52.96366882324219
2020-01-04 09:00:00,80.163315,47.0,-33.16331481933594
2020-01-04 12:00:00,52.560154,22.0,-30.56015396118164
2020-01-04 15:00:00,62.03618,24.0,-38.03617858886719
2020-01-04 18:00:00,67.79055,22.0,-45.790550231933594
2020-01-04 21:00:00,70.35942,30.0,-40.35942077636719
2020-01-05 00:00:00,63.743526,40.0,-23.743526458740234
2020-01-05 03:00:00,69.95424,63.0,-6.9542388916015625
2020-01-05 06:00:00,69.11262,80.0,10.887382507324219
2020-01-05 09:00:00,44.92824,76.0,31.071758270263672
2020-01-05 12:00:00,26.266434,79.0,52.73356628417969
2020-01-05 15:00:00,45.522144,55.0,9.477855682373047
2020-01-05 18:00:00,74.434525,28.0,-46.43452453613281
2020-01-05 21:00:00,87.96996,32.0,-55.96996307373047
2020-01-06 00:00:00,83.88054,33.0,-50.88053894042969
2020-01-06 03:00:00,109.364006,71.0,-38.36400604248047
2020-01-06 06:00:00,102.8975,58.0,-44.897499084472656
2020-01-06 09:00:00,32.341404,31.0,-1.3414039611816406
2020-01-06 12:00:00,25.05226,15.0,-10.05225944519043
2020-01-06 15:00:00,55.11572,11.0,-44.115718841552734
2020-01-06 18:00:00,98.669716,17.0,-81.66971588134766
2020-01-06 21:00:00,107.66166,22.0,-85.66165924072266
2020-01-07 00:00:00,81.44912,26.0,-55.449119567871094
2020-01-07 03:00:00,86.36175,27.0,-59.36174774169922
2020-01-07 06:00:00,88.76634,57.0,-31.766342163085938
2020-01-07 09:00:00,28.606792,24.0,-4.606792449951172
2020-01-07 12:00:00,24.420559,19.0,-5.420558929443359
2020-01-07 15:00:00,62.332333,34.0,-28.332332611083984
2020-01-07 18:00:00,118.666664,32.0,-86.66666412353516
2020-01-07 21:00:00,125.33588,38.0,-87.33587646484375
2020-01-08 00:00:00,91.65683,28.0,-63.656829833984375
2020-01-08 03:00:00,85.45976,37.0,-48.45976257324219
2020-01-15 03:00:00,72.239006,56.0,-16.23900604248047
2020-01-15 06:00:00,68.12775,64.0,-4.12774658203125
2020-01-15 09:00:00,49.546543,50.0,0.4534568786621094
2020-01-15 12:00:00,37.75574,29.0,-8.755741119384766
2020-01-15 15:00:00,84.22466,25.0,-59.22466278076172
2020-01-15 18:00:00,138.46397,24.0,-114.46397399902344
2020-01-15 21:00:00,139.04697,25.0,-114.04696655273438
2020-01-16 00:00:00,118.25603,34.0,-84.25602722167969
2020-01-16 03:00:00,125.36225,141.0,15.637748718261719
2020-01-16 06:00:00,116.929695,69.0,-47.92969512939453
2020-01-16 09:00:00,37.411156,54.0,16.588844299316406
2020-01-16 12:00:00,34.923573,43.0,8.076427459716797
2020-01-16 15:00:00,66.49026,47.0,-19.490257263183594
2020-01-16 18:00:00,93.76856,38.0,-55.76856231689453
2020-01-16 21:00:00,82.53028,41.0,-41.53028106689453
2020-01-17 00:00:00,65.90994,45.0,-20.909942626953125
2020-01-17 03:00:00,61.620766,48.0,-13.620765686035156
2020-01-17 06:00:00,54.42007,52.0,-2.4200706481933594
2020-01-17 09:00:00,40.45478,60.0,19.54521942138672
2020-01-17 12:00:00,46.345745,34.0,-12.345745086669922
2020-01-17 15:00:00,51.969437,51.0,-0.9694366455078125
2020-01-17 18:00:00,61.456944,49.0,-12.45694351196289
2020-01-17 21:00:00,84.01571,61.0,-23.015708923339844
2020-01-18 00:00:00,115.70091,36.0,-79.70091247558594
2020-01-18 03:00:00,173.5816,40.0,-133.58160400390625
2020-01-18 06:00:00,223.68784,37.0,-186.68783569335938
2020-01-18 09:00:00,240.8171,42.0,-198.8170928955078
2020-01-18 12:00:00,233.65521,107.0,-126.65521240234375
2020-01-18 15:00:00,260.72052,157.0,-103.72052001953125
2020-01-18 18:00:00,273.16632,132.0,-141.16632080078125
2020-01-18 21:00:00,218.56778,111.0,-107.56777954101562
2020-01-19 00:00:00,97.34572,57.0,-40.34571838378906
2020-01-19 03:00:00,78.272705,41.0,-37.272705078125
2020-01-19 06:00:00,86.68201,45.0,-41.6820068359375
2020-01-19 09:00:00,96.90444,62.0,-34.904441833496094
2020-01-19 12:00:00,62.8809,50.0,-12.880901336669922
2020-01-19 15:00:00,95.89172,59.0,-36.8917236328125
2020-01-19 18:00:00,115.6946,43.0,-72.6946029663086
2020-01-19 21:00:00,98.07809,51.0,-47.078086853027344
2020-01-20 00:00:00,76.9661,27.0,-49.966102600097656
2020-01-20 03:00:00,97.60526,32.0,-65.60526275634766
2020-01-20 06:00:00,100.8055,42.0,-58.80549621582031
2020-01-20 09:00:00,54.135284,52.0,-2.135284423828125
2020-01-20 12:00:00,32.47675,41.0,8.523250579833984
2020-01-20 15:00:00,64.46931,28.0,-36.46930694580078
2020-01-20 18:00:00,118.16678,18.0,-100.16677856445312
2020-01-20 21:00:00,138.35518,19.0,-119.35517883300781
2020-01-21 00:00:00,120.63572,23.0,-97.6357192993164
2020-01-21 03:00:00,151.86595,23.0,-128.86595153808594
2020-01-21 06:00:00,136.4067,73.0,-63.40669250488281
2020-01-21 09:00:00,48.674225,43.0,-5.674224853515625
2020-01-21 12:00:00,31.840158,30.0,-1.840158462524414
2020-01-21 15:00:00,43.982197,36.0,-7.982196807861328
2020-01-21 18:00:00,37.652,31.0,-6.652000427246094
2020-01-21 21:00:00,31.977663,36.0,4.022336959838867
2020-01-22 00:00:00,15.184753,43.0,27.81524658203125
2020-01-22 03:00:00,18.755316,24.0,5.244684219360352
2020-01-22 06:00:00,71.906296,22.0,-49.90629577636719
2020-01-22 09:00:00,182.44077,37.0,-145.44076538085938
2020-01-22 12:00:00,111.99239,103.0,-8.992393493652344
2020-01-22 15:00:00,94.439255,35.0,-59.43925476074219
2020-01-22 18:00:00,119.70707,20.0,-99.70706939697266
2020-01-22 21:00:00,135.11266,21.0,-114.11265563964844
2020-01-23 00:00:00,89.40492,18.0,-71.40492248535156
2020-01-23 03:00:00,92.64187,23.0,-69.6418685913086
2020-01-23 06:00:00,78.44807,23.0,-55.44806671142578
2020-01-23 09:00:00,28.75305,26.0,-2.753049850463867
2020-01-23 12:00:00,36.961067,32.0,-4.961067199707031
2020-01-23 15:00:00,50.07598,23.0,-27.07598114013672
2020-01-23 18:00:00,63.300377,17.0,-46.300376892089844
2020-01-23 21:00:00,73.036064,17.0,-56.03606414794922
2020-01-24 00:00:00,55.875717,39.0,-16.875717163085938
2020-01-24 03:00:00,75.12972,40.0,-35.129722595214844
2020-01-24 06:00:00,62.666004,44.0,-18.666004180908203
2020-01-24 09:00:00,24.189262,32.0,7.810737609863281
2020-01-24 12:00:00,31.000013,16.0,-15.00001335144043
2020-01-24 15:00:00,56.83046,22.0,-34.83045959472656
2020-01-24 18:00:00,68.7287,27.0,-41.72869873046875
2020-01-24 21:00:00,47.388767,26.0,-21.38876724243164
2020-01-25 00:00:00,45.8881,28.0,-17.888099670410156
2020-01-25 03:00:00,61.036076,35.0,-26.036075592041016
2020-01-25 06:00:00,85.45419,21.0,-64.45419311523438
2020-01-25 09:00:00,99.74411,28.0,-71.74411010742188
2020-01-25 12:00:00,75.70719,17.0,-58.707191467285156
2020-01-25 15:00:00,77.20047,21.0,-56.200469970703125
2020-01-25 18:00:00,84.35859,16.0,-68.35858917236328
2020-01-25 21:00:00,84.265594,29.0,-55.265594482421875
2020-01-26 00:00:00,103.75391,30.0,-73.75390625
2020-01-26 03:00:00,124.88442,16.0,-108.8844223022461
2020-01-26 06:00:00,121.88775,26.0,-95.88774871826172
2020-01-26 09:00:00,77.26538,43.0,-34.265380859375
2020-01-26 12:00:00,49.754986,36.0,-13.754985809326172
2020-01-26 15:00:00,67.65703,66.0,-1.6570281982421875
2020-01-26 18:00:00,78.62582,32.0,-46.625816345214844
2020-01-26 21:00:00,76.58434,25.0,-51.58434295654297
2020-01-27 00:00:00,54.452244,25.0,-29.45224380493164
2020-01-27 03:00:00,59.280636,23.0,-36.280635833740234
2020-01-27 06:00:00,59.883633,18.0,-41.88363265991211
2020-01-27 09:00:00,40.540386,25.0,-15.540386199951172
2020-01-27 12:00:00,28.716385,26.0,-2.7163848876953125
2020-01-27 15:00:00,50.29051,21.0,-29.290508270263672
2020-01-27 18:00:00,74.775246,24.0,-50.775245666503906
2020-01-27 21:00:00,80.80451,23.0,-57.80451202392578
2020-01-28 00:00:00,94.26526,28.0,-66.2652587890625
2020-01-28 03:00:00,95.73159,22.0,-73.7315902709961
2020-01-28 06:00:00,86.11039,23.0,-63.110389709472656
2020-01-28 09:00:00,38.34282,38.0,-0.3428192138671875
2020-01-28 12:00:00,47.97778,44.0,-3.9777793884277344
2020-01-28 15:00:00,77.15744,32.0,-45.157440185546875
2020-01-28 18:00:00,127.84858,39.0,-88.84857940673828
2020-01-28 21:00:00,126.67647,75.0,-51.67646789550781
2020-01-29 00:00:00,110.98882,69.0,-41.98882293701172
2020-01-29 03:00:00,102.01802,74.0,-28.018020629882812
2020-01-29 06:00:00,70.69843,64.0,-6.698432922363281
2020-01-29 09:00:00,36.252686,61.0,24.747314453125
2020-01-29 12:00:00,42.205273,35.0,-7.205272674560547
2020-01-29 15:00:00,55.94444,24.0,-31.944438934326172
2020-01-29 18:00:00,64.06128,25.0,-39.061279296875
2020-01-29 21:00:00,91.97561,46.0,-45.975608825683594
2020-01-30 00:00:00,110.15709,51.0,-59.15708923339844
2020-01-30 03:00:00,139.07243,30.0,-109.07243347167969
2020-01-30 06:00:00,110.79157,29.0,-81.79157257080078
2020-01-30 09:00:00,54.824455,43.0,-11.824455261230469
2020-01-30 12:00:00,42.219654,72.0,29.780345916748047
2020-01-30 15:00:00,65.055244,43.0,-22.05524444580078
2020-01-30 18:00:00,114.288124,46.0,-68.28812408447266
2020-01-30 21:00:00,143.60649,46.0,-97.60649108886719
2020-01-31 00:00:00,142.29147,58.0,-84.29147338867188
2020-01-31 03:00:00,136.57245,69.0,-67.57244873046875
2020-01-31 06:00:00,132.43517,66.0,-66.43516540527344
2020-01-31 09:00:00,58.46516,80.0,21.534839630126953
2020-01-31 12:00:00,55.349346,38.0,-17.349346160888672
2020-01-31 15:00:00,71.95217,40.0,-31.952171325683594
2020-01-31 18:00:00,70.1225,49.0,-21.12249755859375
2020-01-31 21:00:00,55.873444,47.0,-8.873443603515625
2020-02-01 00:00:00,46.36354,54.0,7.6364593505859375
2020-02-01 03:00:00,64.414505,62.0,-2.4145050048828125
2020-02-01 06:00:00,96.99238,88.0,-8.992378234863281
2020-02-01 09:00:00,134.01814,71.0,-63.01814270019531
2020-02-01 12:00:00,87.56774,130.0,42.43225860595703
2020-02-01 15:00:00,66.21758,85.0,18.78241729736328
2020-02-01 18:00:00,73.19955,33.0,-40.199546813964844
2020-02-01 21:00:00,77.57626,30.0,-47.576263427734375
2020-02-02 00:00:00,74.92781,33.0,-41.92781066894531
2020-02-02 03:00:00,94.427376,32.0,-62.42737579345703
2020-02-02 06:00:00,95.09335,59.0,-36.093353271484375
2020-02-02 09:00:00,43.992714,39.0,-4.992713928222656
2020-02-02 12:00:00,36.84477,27.0,-9.844768524169922
2020-02-02 15:00:00,56.605244,21.0,-35.60524368286133
2020-02-02 18:00:00,105.33086,17.0,-88.33085632324219
2020-02-02 21:00:00,116.1452,20.0,-96.14520263671875
2020-02-03 00:00:00,38.968666,32.0,-6.968666076660156
2020-02-03 03:00:00,45.652996,32.0,-13.652996063232422
2020-02-03 06:00:00,46.578976,27.0,-19.578975677490234
2020-02-03 09:00:00,26.27712,28.0,1.722879409790039
2020-02-03 12:00:00,21.669336,30.0,8.330663681030273
2020-02-03 15:00:00,39.34747,25.0,-14.347469329833984
2020-02-03 18:00:00,76.55853,24.0,-52.55853271484375
2020-02-03 21:00:00,83.64805,27.0,-56.648048400878906
2020-02-04 00:00:00,107.270355,34.0,-73.27035522460938
2020-02-04 03:00:00,107.09027,15.0,-92.09027099609375
2020-02-04 06:00:00,88.24031,46.0,-42.24031066894531
2020-02-04 09:00:00,43.58412,48.0,4.4158782958984375
2020-02-04 12:00:00,29.04801,38.0,8.951990127563477
2020-02-04 15:00:00,46.689594,33.0,-13.689594268798828
2020-02-04 18:00:00,69.38967,34.0,-35.389671325683594
2020-02-04 21:00:00,86.45406,40.0,-46.454063415527344
2020-02-05 00:00:00,96.87164,52.0,-44.87164306640625
2020-02-05 03:00:00,138.3337,56.0,-82.33369445800781
2020-02-05 06:00:00,98.11265,51.0,-47.112648010253906
2020-02-05 09:00:00,22.127323,43.0,20.872676849365234
2020-02-05 12:00:00,15.85704,39.0,23.142959594726562
2020-02-05 15:00:00,41.39497,62.0,20.605030059814453
2020-02-05 18:00:00,68.64707,47.0,-21.647071838378906
2020-02-05 21:00:00,90.594315,64.0,-26.594314575195312
2020-02-06 00:00:00,97.315025,79.0,-18.315025329589844
2020-02-06 03:00:00,107.56048,63.0,-44.56047821044922
2020-02-06 06:00:00,84.56391,54.0,-30.56391143798828
2020-02-06 09:00:00,35.432434,49.0,13.56756591796875
2020-02-06 12:00:00,13.313297,30.0,16.686702728271484
2020-02-06 15:00:00,39.35821,32.0,-7.358211517333984
2020-02-06 18:00:00,34.63731,26.0,-8.637310028076172
2020-02-06 21:00:00,28.240492,26.0,-2.2404918670654297
2020-02-07 00:00:00,35.508945,24.0,-11.50894546508789
2020-02-07 03:00:00,42.464306,28.0,-14.464305877685547
2020-02-07 06:00:00,50.661243,22.0,-28.661243438720703
2020-02-07 09:00:00,56.294823,43.0,-13.294822692871094
2020-02-07 12:00:00,97.83162,39.0,-58.83161926269531
2020-02-07 15:00:00,117.546165,46.0,-71.5461654663086
2020-02-07 18:00:00,107.8198,38.0,-69.8198013305664
2020-02-07 21:00:00,132.6539,41.0,-91.65390014648438
2020-02-08 00:00:00,132.3906,49.0,-83.39059448242188
2020-02-08 03:00:00,131.06456,37.0,-94.06455993652344
2020-02-08 06:00:00,129.42416,46.0,-83.42416381835938
2020-02-08 09:00:00,118.432526,63.0,-55.432525634765625
2020-02-08 12:00:00,101.76802,57.0,-44.76802062988281
2020-02-08 15:00:00,106.18112,27.0,-79.18112182617188
2020-02-08 18:00:00,91.546326,28.0,-63.54632568359375
2020-02-08 21:00:00,81.08873,27.0,-54.08872985839844
2020-02-09 00:00:00,101.4414,31.0,-70.44139862060547
2020-02-09 03:00:00,120.54079,29.0,-91.54078674316406
2020-02-09 06:00:00,161.15678,103.0,-58.15678405761719
2020-02-09 09:00:00,197.90218,227.0,29.097824096679688
2020-02-09 12:00:00,184.63777,178.0,-6.6377716064453125
2020-02-09 15:00:00,163.42926,135.0,-28.42926025390625
2020-02-09 18:00:00,134.4888,99.0,-35.488800048828125
2020-02-09 21:00:00,115.81687,83.0,-32.816871643066406
2020-02-10 00:00:00,43.38199,79.0,35.618011474609375
2020-02-10 03:00:00,66.339455,35.0,-31.339454650878906
2020-02-10 06:00:00,48.49403,38.0,-10.494029998779297
2020-02-10 09:00:00,42.871532,59.0,16.128467559814453
2020-02-10 12:00:00,51.17397,26.0,-25.173969268798828
2020-02-10 15:00:00,54.27023,25.0,-29.27022933959961
2020-02-10 18:00:00,46.643436,21.0,-25.643436431884766
2020-02-10 21:00:00,36.35432,19.0,-17.354320526123047
2020-02-11 00:00:00,44.017723,30.0,-14.017723083496094
2020-02-11 03:00:00,38.926373,16.0,-22.926372528076172
2020-02-11 06:00:00,36.40798,16.0,-20.407981872558594
2020-02-11 09:00:00,33.227936,27.0,-6.227935791015625
2020-02-11 12:00:00,39.12987,21.0,-18.129871368408203
2020-02-11 15:00:00,50.384186,24.0,-26.384185791015625
2020-02-11 18:00:00,45.315575,20.0,-25.315574645996094
2020-02-11 21:00:00,32.75727,19.0,-13.757270812988281
2020-02-12 00:00:00,6.8876033,40.0,33.11239671707153
2020-02-12 03:00:00,19.535036,29.0,9.464963912963867
2020-02-12 06:00:00,15.103751,33.0,17.896248817443848
2020-02-12 09:00:00,16.222998,31.0,14.777002334594727
2020-02-12 12:00:00,16.337027,22.0,5.662973403930664
2020-02-12 15:00:00,20.344828,18.0,-2.344827651977539
2020-02-12 18:00:00,40.743088,18.0,-22.743087768554688
2020-02-12 21:00:00,51.94238,32.0,-19.942378997802734
2020-02-13 00:00:00,40.28834,33.0,-7.288341522216797
2020-02-13 03:00:00,44.205082,32.0,-12.205081939697266
2020-02-13 06:00:00,30.849833,27.0,-3.849832534790039
2020-02-13 09:00:00,28.25834,53.0,24.74165916442871
2020-02-13 12:00:00,31.940203,29.0,-2.9402027130126953
2020-02-13 15:00:00,48.816902,36.0,-12.816902160644531
2020-02-13 18:00:00,120.29091,40.0,-80.29090881347656
2020-02-13 21:00:00,134.93605,43.0,-91.93605041503906
2020-02-14 00:00:00,163.42596,47.0,-116.42596435546875
2020-02-14 03:00:00,167.48196,67.0,-100.48196411132812
2020-02-14 06:00:00,129.95247,62.0,-67.95246887207031
2020-02-14 09:00:00,62.135315,55.0,-7.13531494140625
2020-02-14 12:00:00,51.759342,38.0,-13.759342193603516
2020-02-14 15:00:00,78.02868,47.0,-31.02867889404297
2020-02-14 18:00:00,124.570305,44.0,-80.57030487060547
2020-02-14 21:00:00,146.41386,71.0,-75.41386413574219
2020-02-15 00:00:00,103.94388,69.0,-34.943878173828125
2020-02-15 03:00:00,76.287735,69.0,-7.2877349853515625
2020-02-15 06:00:00,58.634384,57.0,-1.6343841552734375
2020-02-15 09:00:00,25.986366,43.0,17.013633728027344
2020-02-15 12:00:00,30.233934,30.0,-0.2339344024658203
2020-02-15 15:00:00,57.52122,41.0,-16.521221160888672
2020-02-15 18:00:00,116.79612,37.0,-79.7961196899414
2020-02-15 21:00:00,141.1887,52.0,-89.18870544433594
2020-02-16 00:00:00,144.60056,116.0,-28.600555419921875
2020-02-16 03:00:00,153.96268,126.0,-27.962677001953125
2020-02-16 06:00:00,133.1373,97.0,-36.137298583984375
2020-02-16 09:00:00,48.903416,55.0,6.096584320068359
2020-02-16 12:00:00,49.804386,41.0,-8.804386138916016
2020-02-16 15:00:00,60.309444,41.0,-19.309444427490234
2020-02-16 18:00:00,45.561195,40.0,-5.561195373535156
2020-02-16 21:00:00,49.971733,37.0,-12.971733093261719
2020-02-17 00:00:00,56.327736,45.0,-11.327735900878906
2020-02-17 03:00:00,90.29054,31.0,-59.29054260253906
2020-02-17 06:00:00,119.85145,45.0,-74.85144805908203
2020-02-17 09:00:00,132.04715,52.0,-80.04714965820312
2020-02-17 12:00:00,123.919106,62.0,-61.919105529785156
2020-02-17 15:00:00,123.304115,59.0,-64.30411529541016
2020-02-17 18:00:00,98.51033,54.0,-44.51033020019531
2020-02-17 21:00:00,82.42568,40.0,-42.425682067871094
2020-02-18 00:00:00,129.60663,54.0,-75.60662841796875
2020-02-18 03:00:00,140.63243,55.0,-85.63243103027344
2020-02-18 06:00:00,130.24748,52.0,-78.24748229980469
2020-02-18 09:00:00,109.17859,58.0,-51.1785888671875
2020-02-18 12:00:00,95.35131,57.0,-38.35131072998047
2020-02-18 15:00:00,103.88334,53.0,-50.883338928222656
2020-02-18 18:00:00,92.98793,50.0,-42.98793029785156
2020-02-18 21:00:00,89.75655,56.0,-33.756553649902344
2020-02-19 00:00:00,43.96088,43.0,-0.9608802795410156
2020-02-19 03:00:00,51.227062,38.0,-13.227062225341797
2020-02-19 06:00:00,52.240467,40.0,-12.240467071533203
2020-02-19 09:00:00,54.660007,52.0,-2.6600074768066406
2020-02-19 12:00:00,67.16386,57.0,-10.163856506347656
2020-02-19 15:00:00,74.60477,52.0,-22.604766845703125
2020-02-19 18:00:00,86.027626,52.0,-34.027626037597656
2020-02-19 21:00:00,101.419235,50.0,-51.41923522949219
2020-02-20 00:00:00,142.36139,46.0,-96.36138916015625
2020-02-20 03:00:00,148.23103,53.0,-95.23103332519531
2020-02-20 06:00:00,183.93564,41.0,-142.93563842773438
2020-02-20 09:00:00,122.367966,51.0,-71.36796569824219
2020-02-20 12:00:00,91.245056,39.0,-52.24505615234375
2020-02-20 15:00:00,105.04636,51.0,-54.046356201171875
2020-02-20 18:00:00,123.66172,31.0,-92.6617202758789
2020-02-20 21:00:00,130.88356,35.0,-95.88356018066406
2020-02-21 00:00:00,102.88204,34.0,-68.88204193115234
2020-02-21 03:00:00,103.619644,42.0,-61.61964416503906
2020-02-21 06:00:00,95.68714,40.0,-55.68714141845703
2020-02-21 09:00:00,47.831123,39.0,-8.831123352050781
2020-02-21 12:00:00,41.259567,28.0,-13.259567260742188
2020-02-21 15:00:00,57.75803,55.0,-2.7580299377441406
2020-02-21 18:00:00,122.27656,61.0,-61.27655792236328
2020-02-21 21:00:00,150.61232,59.0,-91.61231994628906
2020-02-22 00:00:00,131.21098,62.0,-69.21098327636719
2020-02-22 03:00:00,154.08932,61.0,-93.08932495117188
2020-02-22 06:00:00,104.29153,58.0,-46.291526794433594
2020-02-22 09:00:00,38.974804,53.0,14.025196075439453
2020-02-22 12:00:00,41.958515,54.0,12.041484832763672
2020-02-22 15:00:00,50.80983,53.0,2.1901702880859375
2020-02-22 18:00:00,42.763306,46.0,3.2366943359375
2020-02-22 21:00:00,33.79546,50.0,16.204540252685547
2020-02-23 00:00:00,26.606358,47.0,20.39364242553711
2020-02-23 03:00:00,43.8431,46.0,2.1568984985351562
2020-02-23 06:00:00,46.91242,59.0,12.087581634521484
2020-02-23 09:00:00,33.64369,52.0,18.356311798095703
2020-02-23 12:00:00,40.21058,47.0,6.789421081542969
2020-02-23 15:00:00,53.322765,51.0,-2.322765350341797
2020-02-23 18:00:00,53.027634,53.0,-0.0276336669921875
2020-02-23 21:00:00,50.500603,51.0,0.49939727783203125
2020-02-24 00:00:00,36.219715,55.0,18.780284881591797
2020-02-24 03:00:00,47.0136,48.0,0.9864006042480469
2020-02-24 06:00:00,51.545612,48.0,-3.545612335205078
2020-02-24 09:00:00,43.948147,55.0,11.05185317993164
2020-02-24 12:00:00,66.69456,60.0,-6.694557189941406
2020-02-24 15:00:00,68.23285,66.0,-2.23284912109375
2020-02-24 18:00:00,68.06602,51.0,-17.066017150878906
2020-02-24 21:00:00,81.53984,43.0,-38.53984069824219
2020-02-25 00:00:00,85.28218,53.0,-32.28218078613281
2020-02-25 03:00:00,86.93064,56.0,-30.930641174316406
2020-02-25 06:00:00,84.003716,55.0,-29.00371551513672
2020-02-25 09:00:00,96.95117,79.0,-17.951171875
2020-02-25 12:00:00,129.86566,57.0,-72.86566162109375
2020-02-25 15:00:00,183.17815,51.0,-132.1781463623047
2020-02-25 18:00:00,190.12509,48.0,-142.12509155273438
2020-02-25 21:00:00,129.32378,531.0,401.6762237548828
2020-02-26 00:00:00,138.40157,28.0,-110.40156555175781
2020-02-26 03:00:00,284.31146,26.0,-258.31146240234375
2020-02-26 06:00:00,246.40906,135.0,-111.4090576171875
2020-02-26 09:00:00,132.82358,58.0,-74.82357788085938
2020-02-26 12:00:00,120.86451,111.0,-9.864509582519531
2020-02-26 15:00:00,154.41327,168.0,13.58673095703125
2020-02-26 18:00:00,163.25111,123.0,-40.25111389160156
2020-02-26 21:00:00,153.1871,28.0,-125.18710327148438
2020-02-27 00:00:00,152.61685,27.0,-125.61685180664062
2020-02-27 03:00:00,150.37949,28.0,-122.37948608398438
2020-02-27 06:00:00,141.99031,34.0,-107.99031066894531
2020-02-27 09:00:00,100.31022,38.0,-62.310218811035156
2020-02-27 12:00:00,74.08062,30.0,-44.08061981201172
2020-02-27 15:00:00,88.852234,29.0,-59.85223388671875
2020-02-27 18:00:00,115.79459,32.0,-83.79459381103516
2020-02-27 21:00:00,121.50849,51.0,-70.50849151611328
2020-02-28 00:00:00,83.59893,81.0,-2.5989303588867188
2020-02-28 03:00:00,93.85439,65.0,-28.854393005371094
2020-02-28 06:00:00,85.88029,58.0,-27.880287170410156
2020-02-28 09:00:00,59.373066,54.0,-5.373065948486328
2020-02-28 12:00:00,57.74649,56.0,-1.746490478515625
2020-02-28 15:00:00,73.87899,47.0,-26.878990173339844
2020-02-28 18:00:00,126.788734,47.0,-79.78873443603516
2020-02-28 21:00:00,125.13584,54.0,-71.1358413696289
2020-02-29 00:00:00,106.46648,95.0,-11.466476440429688
2020-02-29 03:00:00,113.192986,81.0,-32.19298553466797
2020-02-29 06:00:00,101.39433,79.0,-22.394332885742188
2020-02-29 09:00:00,59.273132,97.0,37.72686767578125
2020-02-29 12:00:00,22.87652,59.0,36.12347984313965
2020-02-29 15:00:00,39.922382,70.0,30.077617645263672
2020-02-29 18:00:00,42.2649,67.0,24.73509979248047
2020-02-29 21:00:00,40.01447,66.0,25.985530853271484
2020-03-01 00:00:00,65.94814,68.0,2.0518569946289062
2020-03-01 03:00:00,77.063644,60.0,-17.063644409179688
2020-03-01 06:00:00,75.960655,62.0,-13.960655212402344
2020-03-01 09:00:00,84.49274,67.0,-17.49273681640625
2020-03-01 18:00:00,145.94496,2.0,-143.94496154785156
2020-03-01 21:00:00,163.98257,3.0,-160.98257446289062
2020-03-02 00:00:00,159.84676,0.0,-159.8467559814453
2020-03-02 03:00:00,143.78043,1.0,-142.78042602539062
2020-03-02 06:00:00,92.62294,6.0,-86.62294006347656
2020-03-02 09:00:00,30.97,6.0,-24.969999313354492
2020-03-02 15:00:00,37.794563,2.0,-35.79456329345703
2020-03-02 18:00:00,61.568928,2.0,-59.56892776489258
2020-03-02 21:00:00,68.71369,2.0,-66.71369171142578
2020-03-03 00:00:00,67.19165,4.0,-63.191650390625
2020-03-03 03:00:00,67.742805,4.0,-63.74280548095703
2020-03-03 06:00:00,53.082317,5.0,-48.08231735229492
2020-03-03 09:00:00,33.134426,4.0,-29.13442611694336
2020-03-03 12:00:00,36.27241,3.0,-33.27241134643555
2020-03-03 15:00:00,47.50285,5.0,-42.50284957885742
2020-03-03 18:00:00,67.69016,5.0,-62.690162658691406
2020-03-03 21:00:00,69.797806,6.0,-63.79780578613281
2020-03-04 00:00:00,24.350357,6.0,-18.350357055664062
2020-03-04 03:00:00,31.541277,9.0,-22.541276931762695
2020-03-04 06:00:00,26.065208,7.0,-19.065208435058594
2020-03-04 09:00:00,19.82994,2.0,-17.829940795898438
2020-03-04 12:00:00,30.545721,5.0,-25.54572105407715
2020-03-04 15:00:00,44.152103,5.0,-39.152103424072266
2020-03-04 18:00:00,72.21183,2.0,-70.21183013916016
2020-03-04 21:00:00,76.792274,9.0,-67.79227447509766
2020-03-05 00:00:00,80.36659,2.0,-78.36659240722656
2020-03-05 03:00:00,82.77129,3.0,-79.77129364013672
2020-03-05 06:00:00,70.15325,2.0,-68.15325164794922
2020-03-05 09:00:00,37.993916,4.0,-33.99391555786133
2020-03-05 12:00:00,38.54143,19.0,-19.541431427001953
2020-03-05 15:00:00,54.002728,27.0,-27.002727508544922
2020-03-05 18:00:00,116.59472,32.0,-84.59471893310547
2020-03-05 21:00:00,134.4947,51.0,-83.49470520019531
2020-03-06 00:00:00,110.71097,83.0,-27.710968017578125
2020-03-06 03:00:00,116.74911,59.0,-57.749107360839844
2020-03-06 06:00:00,91.408424,42.0,-49.408424377441406
2020-03-06 09:00:00,24.055624,95.0,70.94437599182129
2020-03-06 12:00:00,29.254921,28.0,-1.2549209594726562
2020-03-06 15:00:00,46.78404,47.0,0.21596145629882812
2020-03-06 18:00:00,42.422413,31.0,-11.422412872314453
2020-03-06 21:00:00,26.01996,30.0,3.980039596557617
2020-03-07 00:00:00,38.207874,35.0,-3.207874298095703
2020-03-07 03:00:00,39.78471,32.0,-7.784709930419922
2020-03-07 06:00:00,80.30531,53.0,-27.305313110351562
2020-03-07 09:00:00,173.85185,38.0,-135.8518524169922
2020-03-07 12:00:00,169.42004,184.0,14.5799560546875
2020-03-07 15:00:00,162.37471,52.0,-110.37471008300781
2020-03-07 18:00:00,183.40996,26.0,-157.4099578857422
2020-03-07 21:00:00,187.22983,98.0,-89.22982788085938
2020-03-08 00:00:00,163.41164,80.0,-83.41163635253906
2020-03-08 03:00:00,159.1797,110.0,-49.17970275878906
2020-03-08 06:00:00,177.50029,171.0,-6.5002899169921875
2020-03-08 09:00:00,149.367,120.0,-29.36700439453125
2020-03-08 12:00:00,112.59334,69.0,-43.59333801269531
2020-03-08 15:00:00,138.24599,48.0,-90.24598693847656
2020-03-08 18:00:00,149.37177,68.0,-81.37176513671875
2020-03-08 21:00:00,151.85765,141.0,-10.857650756835938
2020-03-09 00:00:00,155.5053,55.0,-100.50529479980469
2020-03-09 03:00:00,113.73362,50.0,-63.733619689941406
2020-03-09 06:00:00,60.910397,48.0,-12.910396575927734
2020-03-09 09:00:00,24.143333,38.0,13.856666564941406
2020-03-09 12:00:00,43.159615,28.0,-15.159614562988281
2020-03-09 15:00:00,59.098396,27.0,-32.09839630126953
2020-03-09 18:00:00,109.455414,41.0,-68.45541381835938
2020-03-09 21:00:00,124.80609,28.0,-96.80609130859375
2020-03-10 00:00:00,87.184845,41.0,-46.184844970703125
2020-03-10 03:00:00,90.44686,33.0,-57.446861267089844
2020-03-10 06:00:00,78.86109,63.0,-15.861091613769531
2020-03-10 09:00:00,26.691254,50.0,23.308746337890625
2020-03-10 12:00:00,31.16142,27.0,-4.161420822143555
2020-03-10 15:00:00,50.883045,28.0,-22.883045196533203
2020-03-10 18:00:00,94.53208,27.0,-67.5320816040039
2020-03-10 21:00:00,92.46946,30.0,-62.469459533691406
2020-03-11 00:00:00,76.049675,38.0,-38.04967498779297
2020-03-11 03:00:00,110.564316,44.0,-66.56431579589844
2020-03-11 06:00:00,72.97865,56.0,-16.978652954101562
2020-03-11 09:00:00,7.191943,55.0,47.80805683135986
2020-03-11 12:00:00,21.696337,44.0,22.30366325378418
2020-03-11 15:00:00,42.052647,38.0,-4.052646636962891
2020-03-11 18:00:00,62.46978,35.0,-27.46977996826172
2020-03-11 21:00:00,60.822914,33.0,-27.822914123535156
2020-03-12 00:00:00,120.320465,35.0,-85.32046508789062
2020-03-12 03:00:00,126.25298,38.0,-88.25298309326172
2020-03-12 06:00:00,101.6416,60.0,-41.6416015625
2020-03-12 09:00:00,51.490757,37.0,-14.49075698852539
2020-03-12 12:00:00,56.890827,34.0,-22.890827178955078
2020-03-12 15:00:00,70.1209,35.0,-35.12090301513672
2020-03-12 18:00:00,78.395485,48.0,-30.395484924316406
2020-03-12 21:00:00,72.681816,51.0,-21.68181610107422
2020-03-13 00:00:00,37.65513,51.0,13.344871520996094
2020-03-13 03:00:00,49.692745,62.0,12.307254791259766
2020-03-13 06:00:00,37.767506,74.0,36.23249435424805
2020-03-13 09:00:00,25.853182,32.0,6.146818161010742
2020-03-13 12:00:00,41.26525,27.0,-14.265251159667969
2020-03-13 15:00:00,53.110626,24.0,-29.110626220703125
2020-03-13 18:00:00,46.912647,28.0,-18.912647247314453
2020-03-13 21:00:00,56.6165,31.0,-25.616500854492188
2020-03-14 00:00:00,34.400726,33.0,-1.400726318359375
2020-03-14 03:00:00,128.16565,26.0,-102.1656494140625
2020-03-14 06:00:00,239.08427,40.0,-199.0842742919922
2020-03-14 09:00:00,264.61993,37.0,-227.61993408203125
2020-03-14 12:00:00,192.31403,165.0,-27.31402587890625
2020-03-14 15:00:00,123.19993,49.0,-74.1999282836914
2020-03-14 18:00:00,125.16989,31.0,-94.16989135742188
2020-03-14 21:00:00,147.37997,25.0,-122.37997436523438
2020-03-15 00:00:00,135.49925,77.0,-58.49925231933594
2020-03-15 03:00:00,144.44493,80.0,-64.44493103027344
2020-03-15 06:00:00,131.30136,53.0,-78.30136108398438
2020-03-15 09:00:00,119.24866,57.0,-62.2486572265625
2020-03-15 12:00:00,126.43261,34.0,-92.43260955810547
2020-03-15 15:00:00,129.2496,34.0,-95.24960327148438
2020-03-15 18:00:00,147.41966,42.0,-105.41966247558594
2020-03-15 21:00:00,167.46321,34.0,-133.4632110595703
2020-03-16 00:00:00,126.10758,38.0,-88.10758209228516
2020-03-16 03:00:00,119.459175,42.0,-77.45917510986328
2020-03-16 06:00:00,101.67469,42.0,-59.67469024658203
2020-03-16 09:00:00,79.683105,45.0,-34.68310546875
2020-03-16 12:00:00,59.873344,53.0,-6.873344421386719
2020-03-16 15:00:00,75.36505,31.0,-44.36505126953125
2020-03-16 18:00:00,117.088806,80.0,-37.08880615234375
2020-03-16 21:00:00,110.045906,50.0,-60.04590606689453
2020-03-17 00:00:00,123.22721,59.0,-64.22721099853516
2020-03-17 03:00:00,161.76387,47.0,-114.76387023925781
2020-03-17 06:00:00,146.22668,55.0,-91.2266845703125
2020-03-17 09:00:00,74.30208,44.0,-30.302078247070312
2020-03-17 12:00:00,58.440323,44.0,-14.440322875976562
2020-03-17 15:00:00,58.90263,52.0,-6.902629852294922
2020-03-17 18:00:00,43.773754,62.0,18.226245880126953
2020-03-17 21:00:00,39.150562,48.0,8.849437713623047
2020-03-18 00:00:00,24.392193,30.0,5.607807159423828
2020-03-18 03:00:00,26.445604,37.0,10.55439567565918
2020-03-18 06:00:00,44.48117,26.0,-18.481170654296875
2020-03-18 09:00:00,49.903633,27.0,-22.90363311767578
2020-03-18 12:00:00,57.61075,24.0,-33.610748291015625
2020-03-18 15:00:00,83.23741,24.0,-59.23741149902344
2020-03-18 18:00:00,149.94817,25.0,-124.94816589355469
2020-03-18 21:00:00,193.60516,33.0,-160.60516357421875
2020-03-19 00:00:00,128.62483,27.0,-101.62483215332031
2020-03-19 03:00:00,111.99905,32.0,-79.9990463256836
2020-03-19 06:00:00,102.109085,30.0,-72.10908508300781
2020-03-19 09:00:00,68.779686,25.0,-43.779685974121094
2020-03-19 12:00:00,64.70691,34.0,-30.7069091796875
2020-03-19 15:00:00,79.14048,31.0,-48.140480041503906
2020-03-19 18:00:00,94.36553,29.0,-65.36553192138672
2020-03-19 21:00:00,97.92484,24.0,-73.92484283447266
2020-03-20 00:00:00,56.559658,23.0,-33.55965805053711
2020-03-20 03:00:00,67.64458,23.0,-44.64457702636719
2020-03-20 06:00:00,66.0317,24.0,-42.031700134277344
2020-03-20 09:00:00,51.070854,23.0,-28.07085418701172
2020-03-20 12:00:00,49.930634,34.0,-15.930633544921875
2020-03-20 15:00:00,68.0709,23.0,-45.070899963378906
2020-03-20 18:00:00,81.36544,32.0,-49.365440368652344
2020-03-20 21:00:00,83.764465,33.0,-50.76446533203125
2020-03-21 00:00:00,92.537445,40.0,-52.537445068359375
2020-03-21 03:00:00,101.13854,27.0,-74.13854217529297
2020-03-21 06:00:00,61.594505,32.0,-29.594505310058594
2020-03-21 09:00:00,48.75932,37.0,-11.759319305419922
2020-03-21 12:00:00,64.99533,34.0,-30.995330810546875
2020-03-21 15:00:00,82.62464,40.0,-42.62464141845703
2020-03-21 18:00:00,97.14586,37.0,-60.14585876464844
2020-03-21 21:00:00,134.44128,28.0,-106.4412841796875
2020-03-22 00:00:00,111.35353,59.0,-52.35353088378906
2020-03-22 03:00:00,86.23556,24.0,-62.235557556152344
2020-03-22 06:00:00,68.814415,27.0,-41.814414978027344
2020-03-22 09:00:00,39.370205,20.0,-19.37020492553711
2020-03-22 12:00:00,64.09823,16.0,-48.098228454589844
2020-03-22 15:00:00,132.75871,12.0,-120.75871276855469
2020-03-22 18:00:00,135.07008,12.0,-123.07008361816406
2020-03-22 21:00:00,128.27843,125.0,-3.2784271240234375
2020-03-23 00:00:00,64.792854,8.0,-56.79285430908203
2020-03-23 03:00:00,54.829002,5.0,-49.829002380371094
2020-03-23 15:00:00,38.168537,10.0,-28.168537139892578
2020-03-23 18:00:00,60.310413,17.0,-43.3104133605957
2020-03-23 21:00:00,73.27526,21.0,-52.27526092529297
2020-03-24 00:00:00,91.2969,22.0,-69.2968978881836
2020-03-24 03:00:00,121.51849,27.0,-94.51849365234375
2020-03-24 06:00:00,58.227215,72.0,13.772785186767578
2020-03-24 09:00:00,35.763264,24.0,-11.763263702392578
2020-03-24 12:00:00,29.334274,21.0,-8.334274291992188
2020-03-24 15:00:00,32.711567,26.0,-6.711566925048828
2020-03-24 18:00:00,40.055737,27.0,-13.055736541748047
2020-03-24 21:00:00,44.55319,26.0,-18.55318832397461
2020-03-25 00:00:00,57.665146,24.0,-33.66514587402344
2020-03-25 03:00:00,70.43968,29.0,-41.43968200683594
2020-03-25 06:00:00,46.748596,24.0,-22.74859619140625
2020-03-25 09:00:00,35.26918,22.0,-13.269180297851562
2020-03-25 12:00:00,60.676144,29.0,-31.676143646240234
2020-03-25 15:00:00,64.71055,32.0,-32.710548400878906
2020-03-25 18:00:00,57.209034,30.0,-27.209033966064453
2020-03-25 21:00:00,46.131165,27.0,-19.13116455078125
2020-03-26 00:00:00,42.31424,27.0,-15.314239501953125
2020-03-26 03:00:00,39.210476,23.0,-16.21047592163086
2020-03-26 06:00:00,23.186544,20.0,-3.186544418334961
2020-03-26 09:00:00,16.403078,23.0,6.596921920776367
2020-03-26 12:00:00,11.949965,21.0,9.05003547668457
2020-03-26 15:00:00,16.619764,17.0,0.3802356719970703
2020-03-26 18:00:00,22.878794,23.0,0.12120628356933594
2020-03-26 21:00:00,23.073425,22.0,-1.07342529296875
2020-03-27 00:00:00,26.346016,13.0,-13.346015930175781
2020-03-27 03:00:00,29.96677,14.0,-15.96677017211914
2020-03-27 06:00:00,20.963228,17.0,-3.963228225708008
2020-03-27 09:00:00,15.746025,18.0,2.2539749145507812
2020-03-27 12:00:00,37.173096,20.0,-17.173095703125
2020-03-27 15:00:00,35.964375,24.0,-11.964374542236328
2020-03-27 18:00:00,23.65141,30.0,6.348590850830078
2020-03-27 21:00:00,20.081871,25.0,4.918128967285156
2020-03-28 00:00:00,39.982296,21.0,-18.982295989990234
2020-03-28 03:00:00,64.72032,24.0,-40.72032165527344
2020-03-28 06:00:00,112.42901,24.0,-88.42900848388672
2020-03-28 09:00:00,143.90901,22.0,-121.90901184082031
2020-03-28 12:00:00,107.815254,29.0,-78.81525421142578
2020-03-28 15:00:00,96.85209,85.0,-11.852088928222656
2020-03-28 18:00:00,101.56282,37.0,-64.56282043457031
2020-03-28 21:00:00,144.25859,29.0,-115.25859069824219
2020-03-29 00:00:00,97.33503,58.0,-39.33502960205078
2020-03-29 03:00:00,82.33588,62.0,-20.33587646484375
2020-03-29 06:00:00,64.74409,25.0,-39.74408721923828
2020-03-29 09:00:00,62.947094,5.0,-57.94709396362305
2020-03-29 12:00:00,50.31745,16.0,-34.31745147705078
2020-03-29 15:00:00,62.51673,23.0,-39.51673126220703
2020-03-29 18:00:00,76.76636,35.0,-41.766357421875
2020-03-29 21:00:00,86.69054,40.0,-46.69053649902344
2020-03-30 00:00:00,90.68299,37.0,-53.68299102783203
2020-03-30 03:00:00,89.82988,33.0,-56.82987976074219
2020-03-30 06:00:00,55.176086,37.0,-18.17608642578125
2020-03-30 09:00:00,48.21368,39.0,-9.213680267333984
2020-03-30 12:00:00,48.7413,23.0,-25.74129867553711
2020-03-30 15:00:00,62.42658,17.0,-45.426578521728516
2020-03-30 18:00:00,105.34234,14.0,-91.34233856201172
2020-03-30 21:00:00,120.91368,30.0,-90.91368103027344
2020-03-31 00:00:00,62.52799,46.0,-16.52798843383789
2020-03-31 03:00:00,92.849174,21.0,-71.84917449951172
2020-03-31 06:00:00,51.73149,88.0,36.26850891113281
2020-03-31 09:00:00,44.435013,26.0,-18.435012817382812
2020-03-31 12:00:00,37.68696,34.0,-3.6869583129882812
2020-03-31 15:00:00,36.659004,18.0,-18.65900421142578
2020-03-31 18:00:00,41.969543,25.0,-16.96954345703125
2020-03-31 21:00:00,47.378307,26.0,-21.378307342529297
2020-04-01 00:00:00,29.502644,22.0,-7.502643585205078
2020-04-01 03:00:00,43.89085,23.0,-20.890850067138672
2020-04-01 06:00:00,50.761856,32.0,-18.761856079101562
2020-04-01 09:00:00,55.560463,34.0,-21.560462951660156
2020-04-01 12:00:00,72.68227,21.0,-51.68226623535156
2020-04-01 15:00:00,56.706993,28.0,-28.706993103027344
2020-04-01 18:00:00,47.72505,26.0,-21.725051879882812
2020-04-01 21:00:00,46.32625,29.0,-17.326248168945312
2020-04-02 00:00:00,81.160355,27.0,-54.16035461425781
2020-04-02 03:00:00,102.69719,26.0,-76.69718933105469
2020-04-02 06:00:00,109.79841,28.0,-81.79840850830078
2020-04-02 09:00:00,121.380424,30.0,-91.38042449951172
2020-04-02 12:00:00,129.17087,28.0,-101.17086791992188
2020-04-02 15:00:00,125.59315,44.0,-81.59314727783203
2020-04-02 18:00:00,140.89438,31.0,-109.89437866210938
2020-04-02 21:00:00,148.97455,35.0,-113.97454833984375
2020-04-03 00:00:00,88.51498,38.0,-50.514976501464844
2020-04-03 03:00:00,92.06338,27.0,-65.0633773803711
2020-04-03 06:00:00,79.50552,16.0,-63.505523681640625
2020-04-03 09:00:00,55.145107,19.0,-36.14510726928711
2020-04-03 12:00:00,33.09856,19.0,-14.098560333251953
2020-04-03 15:00:00,45.349224,24.0,-21.349224090576172
2020-04-03 18:00:00,64.37631,18.0,-46.376312255859375
2020-04-03 21:00:00,81.587814,14.0,-67.58781433105469
2020-04-04 00:00:00,82.638504,15.0,-67.63850402832031
2020-04-04 03:00:00,76.886185,14.0,-62.88618469238281
2020-04-04 06:00:00,67.514404,16.0,-51.514404296875
2020-04-04 09:00:00,34.758953,11.0,-23.758953094482422
2020-04-04 12:00:00,30.102285,15.0,-15.102285385131836
2020-04-04 15:00:00,40.022316,11.0,-29.022315979003906
2020-04-04 18:00:00,87.4104,11.0,-76.410400390625
2020-04-04 21:00:00,104.37771,13.0,-91.3777084350586
2020-04-05 00:00:00,66.2601,15.0,-51.260101318359375
2020-04-05 03:00:00,71.974686,22.0,-49.97468566894531
2020-04-05 06:00:00,50.549206,22.0,-28.549205780029297
2020-04-05 09:00:00,29.082912,20.0,-9.08291244506836
2020-04-05 12:00:00,36.74654,15.0,-21.746540069580078
2020-04-05 15:00:00,45.017372,16.0,-29.017372131347656
2020-04-05 18:00:00,57.30112,11.0,-46.30112075805664
2020-04-05 21:00:00,64.08231,7.0,-57.082313537597656
2020-04-06 00:00:00,103.63647,10.0,-93.63646697998047
2020-04-06 03:00:00,121.9355,15.0,-106.93550109863281
2020-04-06 06:00:00,86.841736,36.0,-50.84173583984375
2020-04-06 09:00:00,64.731186,30.0,-34.73118591308594
2020-04-06 12:00:00,51.714325,30.0,-21.714324951171875
2020-04-06 15:00:00,61.682728,14.0,-47.6827278137207
2020-04-06 18:00:00,82.368164,19.0,-63.3681640625
2020-04-06 21:00:00,84.247856,9.0,-75.24785614013672
2020-04-07 00:00:00,40.939087,10.0,-30.9390869140625
2020-04-07 03:00:00,74.85323,24.0,-50.853233337402344
2020-04-07 06:00:00,145.96503,27.0,-118.96502685546875
2020-04-07 09:00:00,137.31938,39.0,-98.31938171386719
2020-04-07 12:00:00,99.9222,50.0,-49.922203063964844
2020-04-07 15:00:00,70.05911,33.0,-37.059112548828125
2020-04-07 18:00:00,62.981827,29.0,-33.98182678222656
2020-04-07 21:00:00,66.766464,35.0,-31.766464233398438
2020-04-08 00:00:00,97.049904,29.0,-68.0499038696289
2020-04-08 03:00:00,114.9964,35.0,-79.99639892578125
2020-04-08 06:00:00,53.890915,55.0,1.1090850830078125
2020-04-08 09:00:00,52.04146,42.0,-10.041458129882812
2020-04-08 12:00:00,103.58713,36.0,-67.58712768554688
2020-04-08 15:00:00,101.05896,29.0,-72.0589599609375
2020-04-08 18:00:00,78.43528,36.0,-42.435279846191406
2020-04-08 21:00:00,71.866905,38.0,-33.866905212402344
2020-04-09 00:00:00,105.736946,44.0,-61.73694610595703
2020-04-09 03:00:00,106.32812,34.0,-72.32811737060547
2020-04-09 06:00:00,79.57442,28.0,-51.57441711425781
2020-04-09 09:00:00,98.04751,33.0,-65.0475082397461
2020-04-09 12:00:00,122.51974,51.0,-71.51973724365234
2020-04-09 15:00:00,119.8523,54.0,-65.85230255126953
2020-04-09 18:00:00,108.832634,68.0,-40.83263397216797
2020-04-09 21:00:00,102.75198,67.0,-35.751983642578125
2020-04-10 00:00:00,72.50947,60.0,-12.509468078613281
2020-04-10 03:00:00,64.47863,48.0,-16.47863006591797
2020-04-10 06:00:00,86.50488,49.0,-37.5048828125
2020-04-10 09:00:00,101.11364,47.0,-54.11363983154297
2020-04-10 12:00:00,77.29796,43.0,-34.29795837402344
2020-04-10 15:00:00,95.38451,65.0,-30.384506225585938
2020-04-10 18:00:00,133.32442,61.0,-72.32441711425781
2020-04-10 21:00:00,145.95207,62.0,-83.95207214355469
2020-04-11 00:00:00,96.67065,43.0,-53.67064666748047
2020-04-11 03:00:00,70.858505,33.0,-37.85850524902344
2020-04-11 06:00:00,51.78481,20.0,-31.784809112548828
2020-04-11 09:00:00,38.76937,16.0,-22.769371032714844
2020-04-11 12:00:00,24.845804,13.0,-11.845804214477539
2020-04-11 15:00:00,34.862297,16.0,-18.86229705810547
2020-04-11 18:00:00,49.6334,7.0,-42.633399963378906
2020-04-11 21:00:00,52.741596,9.0,-43.74159622192383
2020-04-12 00:00:00,12.881401,9.0,-3.8814010620117188
2020-04-12 03:00:00,25.717554,8.0,-17.717554092407227
2020-04-12 06:00:00,13.909812,12.0,-1.9098119735717773
2020-04-12 09:00:00,18.042328,25.0,6.957672119140625
2020-04-12 12:00:00,19.193748,16.0,-3.1937484741210938
2020-04-12 15:00:00,30.660885,11.0,-19.660884857177734
2020-04-12 18:00:00,54.793873,8.0,-46.79387283325195
2020-04-12 21:00:00,54.46918,12.0,-42.469181060791016
2020-04-13 00:00:00,82.66397,14.0,-68.66397094726562
2020-04-13 03:00:00,67.66754,7.0,-60.66754150390625
2020-04-13 06:00:00,43.32355,22.0,-21.323551177978516
2020-04-13 09:00:00,27.642046,19.0,-8.642045974731445
2020-04-13 12:00:00,35.99507,12.0,-23.995071411132812
2020-04-13 15:00:00,43.513184,18.0,-25.51318359375
2020-04-13 18:00:00,83.91749,12.0,-71.91748809814453
2020-04-13 21:00:00,91.721634,16.0,-75.72163391113281
2020-04-14 00:00:00,25.799637,35.0,9.200363159179688
2020-04-14 03:00:00,45.834442,16.0,-29.834442138671875
2020-04-14 06:00:00,22.094128,20.0,-2.094127655029297
2020-04-14 09:00:00,18.511457,15.0,-3.5114574432373047
2020-04-14 12:00:00,14.612738,22.0,7.387262344360352
2020-04-14 15:00:00,18.881622,11.0,-7.881622314453125
2020-04-14 18:00:00,68.206024,21.0,-47.206024169921875
2020-04-14 21:00:00,95.13178,24.0,-71.13178253173828
2020-04-15 00:00:00,75.32435,7.0,-68.32434844970703
2020-04-15 03:00:00,78.48041,8.0,-70.48040771484375
2020-04-15 06:00:00,70.620445,16.0,-54.620445251464844
2020-04-15 09:00:00,37.180088,18.0,-19.18008804321289
2020-04-15 12:00:00,27.059458,12.0,-15.059457778930664
2020-04-15 15:00:00,39.10702,19.0,-20.10702133178711
2020-04-15 18:00:00,70.15956,15.0,-55.15956115722656
2020-04-15 21:00:00,86.66211,15.0,-71.662109375
2020-04-16 00:00:00,58.2869,16.0,-42.28689956665039
2020-04-16 03:00:00,85.60824,16.0,-69.60823822021484
2020-04-16 06:00:00,53.468967,21.0,-32.46896743774414
2020-04-16 09:00:00,38.564396,20.0,-18.564395904541016
2020-04-16 12:00:00,26.532234,17.0,-9.532234191894531
2020-04-16 15:00:00,27.018019,22.0,-5.01801872253418
2020-04-16 18:00:00,89.051125,20.0,-69.0511245727539
2020-04-16 21:00:00,99.01146,20.0,-79.01145935058594
2020-04-17 00:00:00,93.14931,35.0,-58.14930725097656
2020-04-17 03:00:00,112.97186,59.0,-53.97186279296875
2020-04-17 06:00:00,51.65185,39.0,-12.651851654052734
2020-04-17 09:00:00,21.29542,21.0,-0.29541969299316406
2020-04-17 12:00:00,19.698746,29.0,9.301254272460938
2020-04-17 15:00:00,28.757996,26.0,-2.75799560546875
2020-04-17 18:00:00,40.675106,34.0,-6.675106048583984
2020-04-17 21:00:00,36.32931,23.0,-13.32931137084961
2020-04-18 00:00:00,69.314186,27.0,-42.314186096191406
2020-04-18 03:00:00,75.34408,34.0,-41.344078063964844
2020-04-18 06:00:00,93.15408,33.0,-60.154083251953125
2020-04-18 09:00:00,88.34678,31.0,-57.346778869628906
2020-04-18 12:00:00,154.73961,32.0,-122.73960876464844
2020-04-18 15:00:00,88.400154,34.0,-54.40015411376953
2020-04-18 18:00:00,70.07588,27.0,-43.07588195800781
2020-04-18 21:00:00,62.901337,22.0,-40.901336669921875
2020-04-19 00:00:00,40.336205,21.0,-19.336204528808594
2020-04-19 03:00:00,65.52477,20.0,-45.52477264404297
2020-04-19 06:00:00,89.68641,22.0,-67.68640899658203
2020-04-19 09:00:00,85.338684,18.0,-67.33868408203125
2020-04-19 12:00:00,86.02257,24.0,-62.02256774902344
2020-04-19 15:00:00,93.15749,33.0,-60.157493591308594
2020-04-19 18:00:00,127.70272,32.0,-95.70272064208984
2020-04-19 21:00:00,134.02428,21.0,-113.02427673339844
2020-04-20 00:00:00,144.23836,34.0,-110.23835754394531
2020-04-20 03:00:00,135.62402,8.0,-127.6240234375
2020-04-20 06:00:00,120.75702,26.0,-94.75701904296875
2020-04-20 09:00:00,106.264565,21.0,-85.26456451416016
2020-04-20 12:00:00,108.370384,34.0,-74.3703842163086
2020-04-20 15:00:00,112.50324,38.0,-74.50324249267578
2020-04-20 18:00:00,127.27355,35.0,-92.27355194091797
2020-04-20 21:00:00,129.13506,34.0,-95.13505554199219
2020-04-21 00:00:00,115.31734,33.0,-82.31733703613281
2020-04-21 03:00:00,122.52804,32.0,-90.52803802490234
2020-04-21 06:00:00,120.54523,36.0,-84.54522705078125
2020-04-21 09:00:00,112.21107,40.0,-72.21106719970703
2020-04-21 12:00:00,142.54056,39.0,-103.54055786132812
2020-04-21 15:00:00,154.37308,26.0,-128.37307739257812
2020-04-21 18:00:00,164.04169,18.0,-146.04168701171875
2020-04-21 21:00:00,165.67856,19.0,-146.67855834960938
2020-04-22 00:00:00,162.76886,19.0,-143.76885986328125
2020-04-22 03:00:00,176.43481,25.0,-151.434814453125
2020-04-22 06:00:00,143.45795,31.0,-112.45794677734375
2020-04-22 09:00:00,106.22193,52.0,-54.22193145751953
2020-04-22 12:00:00,88.66203,42.0,-46.66203308105469
2020-04-22 15:00:00,89.993645,41.0,-48.99364471435547
2020-04-22 18:00:00,92.85543,29.0,-63.855430603027344
2020-04-22 21:00:00,94.63486,34.0,-60.634857177734375
2020-04-23 00:00:00,83.25219,40.0,-43.25218963623047
2020-04-23 03:00:00,78.34825,47.0,-31.348251342773438
2020-04-23 06:00:00,60.228218,33.0,-27.22821807861328
2020-04-23 09:00:00,54.33145,42.0,-12.331451416015625
2020-04-23 15:00:00,80.07783,45.0,-35.07782745361328
2020-04-23 18:00:00,71.07002,45.0,-26.070022583007812
2020-04-23 21:00:00,78.32216,49.0,-29.322158813476562
2020-04-24 00:00:00,101.302246,38.0,-63.30224609375
2020-04-24 03:00:00,133.80173,37.0,-96.80172729492188
2020-04-24 06:00:00,149.04788,35.0,-114.04788208007812
2020-04-24 09:00:00,135.86464,45.0,-90.86463928222656
2020-04-25 03:00:00,111.06852,44.0,-67.06851959228516
2020-04-25 06:00:00,109.68517,40.0,-69.68517303466797
2020-04-25 09:00:00,98.6397,47.0,-51.63970184326172
2020-04-25 12:00:00,69.731865,48.0,-21.73186492919922
2020-04-25 15:00:00,78.576706,41.0,-37.57670593261719
2020-04-25 18:00:00,104.680565,43.0,-61.680564880371094
2020-04-25 21:00:00,98.375496,38.0,-60.37549591064453
2020-04-26 00:00:00,251.04054,38.0,-213.04054260253906
2020-04-26 03:00:00,307.23526,144.0,-163.23526000976562
2020-04-26 06:00:00,292.45508,181.0,-111.455078125
2020-04-26 09:00:00,211.94563,266.0,54.05436706542969
2020-04-26 12:00:00,152.26079,110.0,-42.26078796386719
2020-04-26 15:00:00,135.97037,68.0,-67.97036743164062
2020-04-26 18:00:00,118.46805,87.0,-31.468048095703125
2020-04-26 21:00:00,93.90124,29.0,-64.90123748779297
2020-04-27 00:00:00,67.880135,24.0,-43.88013458251953
2020-04-27 03:00:00,65.89801,19.0,-46.89801025390625
2020-04-27 09:00:00,32.421722,11.0,-21.421722412109375
2020-04-27 12:00:00,39.65431,12.0,-27.654308319091797
2020-04-27 15:00:00,43.355385,8.0,-35.355384826660156
2020-04-27 18:00:00,81.62669,9.0,-72.62669372558594
2020-04-27 21:00:00,108.14756,10.0,-98.1475601196289
2020-04-28 00:00:00,82.42159,60.0,-22.421592712402344
2020-04-28 03:00:00,92.93785,49.0,-43.93785095214844
2020-04-28 06:00:00,38.587585,38.0,-0.58758544921875
2020-04-28 09:00:00,36.707775,11.0,-25.707775115966797
2020-04-28 12:00:00,42.29139,13.0,-29.29138946533203
2020-04-28 15:00:00,37.93116,17.0,-20.93115997314453
2020-04-28 18:00:00,33.34776,13.0,-20.347759246826172
2020-04-28 21:00:00,32.3098,12.0,-20.309799194335938
2020-04-29 00:00:00,46.982906,9.0,-37.982906341552734
2020-04-29 03:00:00,42.507965,10.0,-32.507965087890625
2020-04-29 06:00:00,60.430237,8.0,-52.43023681640625
2020-04-29 09:00:00,98.70695,18.0,-80.70694732666016
2020-04-29 12:00:00,84.70704,22.0,-62.70703887939453
2020-04-29 15:00:00,74.246315,15.0,-59.246315002441406
2020-04-29 18:00:00,51.02902,21.0,-30.02901840209961
2020-04-29 21:00:00,31.880518,25.0,-6.880517959594727
2020-04-30 00:00:00,64.4277,29.0,-35.427696228027344
2020-04-30 03:00:00,97.922455,29.0,-68.92245483398438
2020-04-30 06:00:00,113.424446,35.0,-78.42444610595703
2020-04-30 09:00:00,118.4535,31.0,-87.45349884033203
2020-04-30 12:00:00,135.77676,32.0,-103.77676391601562
2020-04-30 15:00:00,133.9929,26.0,-107.99290466308594
2020-04-30 18:00:00,139.1877,30.0,-109.18769836425781
2020-04-30 21:00:00,143.40503,31.0,-112.405029296875
2020-05-01 00:00:00,146.02393,32.0,-114.02392578125
2020-05-01 03:00:00,151.47958,33.0,-118.47958374023438
2020-05-01 06:00:00,115.2498,33.0,-82.24980163574219
2020-05-01 09:00:00,59.80985,43.0,-16.80984878540039
2020-05-01 12:00:00,61.113327,25.0,-36.11332702636719
2020-05-01 15:00:00,61.27135,21.0,-40.2713508605957
2020-05-01 18:00:00,105.37309,18.0,-87.37309265136719
2020-05-01 21:00:00,110.87377,21.0,-89.87377166748047
2020-05-02 00:00:00,75.95008,23.0,-52.95008087158203
2020-05-02 03:00:00,85.60528,24.0,-61.60527801513672
2020-05-02 06:00:00,51.7918,28.0,-23.79180145263672
2020-05-02 09:00:00,34.91357,27.0,-7.913570404052734
2020-05-02 12:00:00,55.32439,20.0,-35.32439041137695
2020-05-02 15:00:00,75.47192,36.0,-39.47191619873047
2020-05-02 18:00:00,121.22905,41.0,-80.22904968261719
2020-05-02 21:00:00,147.64351,53.0,-94.64350891113281
2020-05-03 00:00:00,109.386406,18.0,-91.38640594482422
2020-05-03 03:00:00,101.11137,22.0,-79.11136627197266
2020-05-03 06:00:00,78.40395,18.0,-60.403953552246094
2020-05-03 09:00:00,62.596825,33.0,-29.596824645996094
2020-05-03 12:00:00,42.495117,21.0,-21.4951171875
2020-05-03 15:00:00,49.628853,20.0,-29.62885284423828
2020-05-03 18:00:00,91.137054,16.0,-75.13705444335938
2020-05-03 21:00:00,104.78061,16.0,-88.78060913085938
2020-05-04 03:00:00,99.240364,30.0,-69.24036407470703
2020-05-04 06:00:00,82.98934,29.0,-53.989341735839844
2020-05-04 09:00:00,47.339027,20.0,-27.339027404785156
2020-05-04 12:00:00,50.687958,18.0,-32.687957763671875
2020-05-04 15:00:00,61.862125,16.0,-45.862125396728516
2020-05-04 18:00:00,76.96121,23.0,-53.961212158203125
2020-05-04 21:00:00,83.56779,26.0,-57.567787170410156
2020-05-05 00:00:00,97.46828,32.0,-65.46827697753906
2020-05-05 03:00:00,99.384636,24.0,-75.38463592529297
2020-05-05 06:00:00,91.73567,23.0,-68.73567199707031
2020-05-05 09:00:00,77.3627,23.0,-54.362701416015625
2020-05-05 12:00:00,63.799576,24.0,-39.79957580566406
2020-05-05 15:00:00,64.76728,25.0,-39.76728057861328
2020-05-05 18:00:00,60.54938,21.0,-39.549381256103516
2020-05-05 21:00:00,69.209816,23.0,-46.209815979003906
2020-05-06 00:00:00,107.12097,29.0,-78.1209716796875
2020-05-06 03:00:00,117.46579,26.0,-91.46578979492188
2020-05-06 06:00:00,140.50363,24.0,-116.50363159179688
2020-05-06 09:00:00,225.44781,20.0,-205.44781494140625
2020-05-06 12:00:00,219.78769,74.0,-145.78768920898438
2020-05-06 15:00:00,149.89246,101.0,-48.8924560546875
2020-05-06 18:00:00,136.3278,40.0,-96.32780456542969
2020-05-06 21:00:00,136.07042,81.0,-55.07041931152344
2020-05-07 00:00:00,107.662,32.0,-75.66200256347656
2020-05-07 03:00:00,103.458145,46.0,-57.45814514160156
2020-05-07 06:00:00,82.31473,48.0,-34.314727783203125
2020-05-07 09:00:00,66.95984,46.0,-20.9598388671875
2020-05-07 12:00:00,53.107555,59.0,5.892444610595703
2020-05-07 15:00:00,54.688484,57.0,2.3115158081054688
2020-05-07 18:00:00,89.82551,36.0,-53.82550811767578
2020-05-07 21:00:00,109.09349,38.0,-71.09349060058594
2020-05-08 03:00:00,111.00258,39.0,-72.00257873535156
2020-05-08 06:00:00,69.7778,42.0,-27.777801513671875
2020-05-08 09:00:00,42.429066,46.0,3.570934295654297
2020-05-08 12:00:00,42.74233,30.0,-12.742328643798828
2020-05-08 15:00:00,43.665524,27.0,-16.665523529052734
2020-05-08 18:00:00,92.358505,24.0,-68.35850524902344
2020-05-08 21:00:00,115.50583,17.0,-98.50582885742188
2020-05-09 00:00:00,134.91626,34.0,-100.916259765625
2020-05-09 03:00:00,142.47746,39.0,-103.47746276855469
2020-05-09 06:00:00,104.53937,42.0,-62.53936767578125
2020-05-09 09:00:00,62.56903,17.0,-45.56903076171875
2020-05-09 12:00:00,57.465286,13.0,-44.46528625488281
2020-05-09 15:00:00,66.07547,19.0,-47.075469970703125
2020-05-09 18:00:00,72.14271,24.0,-48.14270782470703
2020-05-09 21:00:00,102.16058,26.0,-76.16058349609375
2020-05-10 00:00:00,136.32893,28.0,-108.32893371582031
2020-05-10 03:00:00,129.93007,45.0,-84.93006896972656
2020-05-10 06:00:00,135.32178,31.0,-104.32177734375
2020-05-10 09:00:00,187.46214,408.0,220.53785705566406
2020-05-10 12:00:00,215.35498,574.0,358.64501953125
2020-05-10 15:00:00,186.30908,244.0,57.69091796875
2020-05-10 18:00:00,141.52074,102.0,-39.52073669433594
2020-05-10 21:00:00,90.149796,63.0,-27.149795532226562
2020-05-11 03:00:00,33.52369,16.0,-17.52368927001953
2020-05-11 06:00:00,31.502623,18.0,-13.502622604370117
2020-05-11 09:00:00,30.83335,24.0,-6.833349227905273
2020-05-11 12:00:00,43.552006,12.0,-31.552005767822266
2020-05-11 15:00:00,53.466095,16.0,-37.466094970703125
2020-05-11 18:00:00,78.29232,12.0,-66.29232025146484
2020-05-11 21:00:00,75.73203,13.0,-62.732032775878906
2020-05-12 00:00:00,64.00205,10.0,-54.002052307128906
2020-05-12 03:00:00,61.572792,17.0,-44.572792053222656
2020-05-13 15:00:00,54.48351,61.0,6.516490936279297
2020-05-13 18:00:00,88.47382,28.0,-60.47382354736328
2020-05-13 21:00:00,94.69795,20.0,-74.69795227050781
2020-05-14 03:00:00,71.71536,35.0,-36.715362548828125
2020-05-14 06:00:00,43.192017,16.0,-27.1920166015625
2020-05-14 09:00:00,17.467642,21.0,3.532358169555664
2020-05-14 12:00:00,31.148205,14.0,-17.148204803466797
2020-05-14 15:00:00,44.015793,29.0,-15.015792846679688
2020-05-14 18:00:00,88.06773,27.0,-61.06773376464844
2020-05-14 21:00:00,99.06182,22.0,-77.06182098388672
2020-05-15 00:00:00,72.36236,39.0,-33.36235809326172
2020-05-15 03:00:00,74.304924,56.0,-18.30492401123047
2020-05-15 06:00:00,63.88558,40.0,-23.885578155517578
2020-05-15 09:00:00,49.2019,55.0,5.798099517822266
2020-05-15 12:00:00,58.25382,34.0,-24.25381851196289
2020-05-15 15:00:00,68.78446,28.0,-40.784461975097656
2020-05-15 18:00:00,106.52309,27.0,-79.52308654785156
2020-05-16 00:00:00,82.01596,35.0,-47.015960693359375
2020-05-16 03:00:00,76.11089,33.0,-43.11089324951172
2020-05-16 06:00:00,43.26023,28.0,-15.260231018066406
2020-05-16 09:00:00,17.794207,38.0,20.205793380737305
2020-05-16 12:00:00,30.627234,31.0,0.37276649475097656
2020-05-16 15:00:00,39.44996,30.0,-9.449958801269531
2020-05-16 18:00:00,76.20889,35.0,-41.208892822265625
2020-05-16 21:00:00,78.91185,29.0,-49.91184997558594
2020-05-17 00:00:00,59.92706,28.0,-31.927059173583984
2020-05-17 03:00:00,83.04749,24.0,-59.04749298095703
2020-05-17 09:00:00,31.543947,32.0,0.4560527801513672
2020-05-17 12:00:00,29.759235,48.0,18.240764617919922
2020-05-17 15:00:00,37.91911,29.0,-8.919109344482422
2020-05-17 18:00:00,55.047737,28.0,-27.04773712158203
2020-05-17 21:00:00,56.589558,34.0,-22.589557647705078
2020-05-18 00:00:00,59.5237,40.0,-19.523700714111328
2020-05-18 03:00:00,79.61,39.0,-40.61000061035156
2020-05-18 06:00:00,42.001602,43.0,0.9983978271484375
2020-05-18 09:00:00,28.269596,66.0,37.730403900146484
2020-05-18 12:00:00,22.230892,44.0,21.769107818603516
2020-05-18 15:00:00,27.653812,40.0,12.346187591552734
2020-05-18 18:00:00,50.077972,40.0,-10.077972412109375
2020-05-18 21:00:00,51.220467,46.0,-5.220466613769531
2020-05-19 00:00:00,71.55148,31.0,-40.551483154296875
2020-05-19 03:00:00,93.79266,57.0,-36.79266357421875
2020-05-19 06:00:00,93.45843,36.0,-57.45842742919922
2020-05-19 09:00:00,59.614876,44.0,-15.614875793457031
2020-05-19 12:00:00,69.25404,39.0,-30.254043579101562
2020-05-19 15:00:00,88.9909,41.0,-47.99089813232422
2020-05-19 18:00:00,83.52185,35.0,-48.5218505859375
2020-05-19 21:00:00,85.36631,49.0,-36.366310119628906
2020-05-20 00:00:00,75.29713,44.0,-31.29712677001953
2020-05-20 03:00:00,87.21145,56.0,-31.211448669433594
2020-05-20 06:00:00,79.543045,40.0,-39.54304504394531
2020-05-20 09:00:00,62.32608,62.0,-0.326080322265625
2020-05-20 12:00:00,73.59864,70.0,-3.5986404418945312
2020-05-20 15:00:00,89.17732,59.0,-30.177322387695312
2020-05-20 18:00:00,105.81675,65.0,-40.816749572753906
2020-05-20 21:00:00,111.54566,825.0,713.4543380737305
2020-05-21 00:00:00,84.321014,192.0,107.67898559570312
2020-05-21 03:00:00,112.91508,66.0,-46.915077209472656
2020-05-21 06:00:00,83.08973,57.0,-26.08972930908203
2020-05-21 12:00:00,67.656746,425.0,357.34325408935547
2020-05-21 15:00:00,67.45086,115.0,47.54914093017578
2020-05-21 18:00:00,70.326454,49.0,-21.326454162597656
2020-05-21 21:00:00,74.0838,56.0,-18.08380126953125
2020-05-22 00:00:00,82.26198,161.0,78.73802185058594
2020-05-22 03:00:00,100.94749,64.0,-36.947486877441406
2020-05-22 06:00:00,49.388744,59.0,9.611255645751953
2020-05-22 09:00:00,27.483906,56.0,28.516094207763672
2020-05-22 12:00:00,45.209164,47.0,1.7908363342285156
2020-05-22 15:00:00,52.86461,57.0,4.1353912353515625
2020-05-22 18:00:00,78.05715,45.0,-33.057151794433594
2020-05-22 21:00:00,83.684425,41.0,-42.684425354003906
2020-05-23 00:00:00,71.47196,67.0,-4.471961975097656
2020-05-23 03:00:00,79.788666,53.0,-26.788665771484375
2020-05-23 06:00:00,63.970104,48.0,-15.970104217529297
2020-05-23 09:00:00,35.691586,48.0,12.308414459228516
2020-05-23 15:00:00,49.197014,46.0,-3.1970138549804688
2020-05-23 18:00:00,82.220825,50.0,-32.2208251953125
2020-05-23 21:00:00,88.085014,51.0,-37.08501434326172
2020-05-24 00:00:00,66.059326,48.0,-18.059326171875
2020-05-24 03:00:00,90.69214,48.0,-42.692138671875
2020-05-24 09:00:00,47.873585,56.0,8.126415252685547
2020-05-24 12:00:00,42.72056,44.0,1.2794418334960938
2020-05-24 15:00:00,51.38952,39.0,-12.389518737792969
2020-05-24 18:00:00,59.878345,45.0,-14.878345489501953
2020-05-24 21:00:00,62.217056,45.0,-17.217056274414062
2020-05-25 00:00:00,99.42187,67.0,-32.42186737060547
2020-05-25 03:00:00,258.2953,71.0,-187.2952880859375
2020-05-25 06:00:00,176.1913,322.0,145.80870056152344
2020-05-25 09:00:00,122.25405,267.0,144.7459487915039
2020-05-25 12:00:00,98.12711,116.0,17.872886657714844
2020-05-25 15:00:00,85.62282,102.0,16.377182006835938
2020-05-25 18:00:00,90.56103,60.0,-30.56102752685547
2020-05-25 21:00:00,82.455185,53.0,-29.455184936523438
2020-05-26 00:00:00,85.30549,28.0,-57.30548858642578
2020-05-26 03:00:00,88.12486,19.0,-69.12486267089844
2020-05-26 06:00:00,73.530716,14.0,-59.53071594238281
2020-05-26 09:00:00,64.21419,22.0,-42.21418762207031
2020-05-26 12:00:00,79.02975,16.0,-63.029747009277344
2020-05-26 15:00:00,96.414734,25.0,-71.41473388671875
2020-05-26 18:00:00,102.3979,32.0,-70.39790344238281
2020-05-26 21:00:00,83.961365,19.0,-64.96136474609375
2020-05-27 00:00:00,51.162373,28.0,-23.162372589111328
2020-05-27 03:00:00,64.51967,30.0,-34.51966857910156
2020-05-27 06:00:00,73.07824,18.0,-55.07823944091797
2020-05-27 09:00:00,71.47531,23.0,-48.475311279296875
2020-05-27 15:00:00,105.265656,51.0,-54.265655517578125
2020-05-28 00:00:00,106.59051,109.0,2.4094924926757812
2020-05-28 03:00:00,97.90716,126.0,28.09284210205078
2020-05-28 06:00:00,82.50851,46.0,-36.508506774902344
2020-05-28 09:00:00,59.28527,52.0,-7.285270690917969
2020-05-28 12:00:00,58.43282,80.0,21.567180633544922
2020-05-28 15:00:00,60.816376,68.0,7.183624267578125
2020-05-28 18:00:00,88.409706,92.0,3.5902938842773438
2020-05-29 00:00:00,67.37378,49.0,-18.373779296875
2020-05-29 03:00:00,77.66386,43.0,-34.663856506347656
2020-05-29 06:00:00,81.9025,49.0,-32.902496337890625
2020-05-29 09:00:00,65.16524,138.0,72.83476257324219
2020-05-29 12:00:00,72.01538,460.0,387.984619140625
2020-05-29 15:00:00,85.39871,46.0,-39.398712158203125
2020-05-29 18:00:00,127.539635,38.0,-89.53963470458984
2020-05-30 00:00:00,87.29512,63.0,-24.295120239257812
2020-05-30 09:00:00,44.135616,38.0,-6.135616302490234
2020-05-30 12:00:00,49.0341,59.0,9.965900421142578
2020-05-30 15:00:00,70.896935,70.0,-0.8969345092773438
2020-05-30 18:00:00,79.96187,35.0,-44.96186828613281
2020-05-30 21:00:00,66.27954,25.0,-41.279541015625
2020-05-31 00:00:00,62.813114,19.0,-43.813114166259766
2020-05-31 03:00:00,70.35624,24.0,-46.356239318847656
2020-05-31 06:00:00,66.16551,28.0,-38.16551208496094
2020-05-31 09:00:00,48.72555,47.0,-1.7255516052246094
2020-05-31 12:00:00,65.8315,43.0,-22.831497192382812
2020-05-31 15:00:00,76.097534,30.0,-46.0975341796875
2020-05-31 18:00:00,84.44704,32.0,-52.44703674316406
2020-05-31 21:00:00,82.46866,22.0,-60.468658447265625
2020-06-01 00:00:00,64.53502,20.0,-44.53501892089844
2020-06-01 03:00:00,73.0513,28.0,-45.051300048828125
2020-06-01 06:00:00,58.96379,30.0,-28.963790893554688
2020-06-01 09:00:00,54.25028,38.0,-16.25027847290039
2020-06-01 12:00:00,62.395485,29.0,-33.395484924316406
2020-06-01 15:00:00,64.6478,28.0,-36.647796630859375
2020-06-01 18:00:00,99.47121,37.0,-62.47120666503906
2020-06-02 00:00:00,85.42906,41.0,-44.42906188964844
2020-06-02 03:00:00,93.4964,37.0,-56.49639892578125
2020-06-02 15:00:00,82.96581,47.0,-35.96581268310547
2020-06-02 18:00:00,90.131836,51.0,-39.1318359375
2020-06-02 21:00:00,93.11407,54.0,-39.11406707763672
2020-06-03 00:00:00,91.04042,75.0,-16.040420532226562
2020-06-03 03:00:00,82.19655,53.0,-29.196548461914062
2020-06-03 06:00:00,57.128544,51.0,-6.128543853759766
2020-06-03 09:00:00,46.637978,50.0,3.3620223999023438
2020-06-03 15:00:00,57.24769,31.0,-26.24768829345703
2020-06-03 18:00:00,75.38699,24.0,-51.386993408203125
2020-06-04 00:00:00,65.97997,25.0,-40.97997283935547
2020-06-04 03:00:00,75.362434,29.0,-46.36243438720703
2020-06-04 15:00:00,56.56986,36.0,-20.56985855102539
2020-06-04 18:00:00,62.544304,26.0,-36.54430389404297
2020-06-05 00:00:00,88.00862,27.0,-61.00862121582031
2020-06-05 03:00:00,109.98178,27.0,-82.98178100585938
2020-06-05 06:00:00,92.98447,25.0,-67.98446655273438
2020-06-05 09:00:00,54.218475,95.0,40.781524658203125
2020-06-05 15:00:00,63.034008,41.0,-22.034008026123047
2020-06-05 18:00:00,78.528275,30.0,-48.52827453613281
2020-06-05 21:00:00,70.7563,27.0,-43.75630187988281
2020-06-06 00:00:00,67.84853,26.0,-41.848533630371094
2020-06-06 03:00:00,59.189575,31.0,-28.1895751953125
2020-06-06 06:00:00,33.77477,18.0,-15.774768829345703
2020-06-06 09:00:00,23.26925,27.0,3.7307491302490234
2020-06-06 12:00:00,40.422718,58.0,17.577281951904297
2020-06-06 15:00:00,58.968452,53.0,-5.968452453613281
2020-06-06 21:00:00,58.000183,22.0,-36.00018310546875
2020-06-07 18:00:00,98.45047,39.0,-59.450469970703125
2020-06-07 21:00:00,93.79301,37.0,-56.793006896972656
2020-06-08 00:00:00,72.58996,23.0,-49.58995819091797
2020-06-08 03:00:00,61.080753,35.0,-26.080753326416016
2020-06-08 06:00:00,27.814337,20.0,-7.814336776733398
2020-06-08 09:00:00,22.91057,23.0,0.08942985534667969
2020-06-08 12:00:00,32.081516,28.0,-4.081516265869141
2020-06-08 15:00:00,43.68036,28.0,-15.68035888671875
2020-06-08 18:00:00,64.11938,24.0,-40.11937713623047
2020-06-08 21:00:00,62.302944,29.0,-33.30294418334961
2020-06-09 00:00:00,75.47442,24.0,-51.47441864013672
2020-06-09 03:00:00,81.04314,60.0,-21.043136596679688
2020-06-09 06:00:00,65.45599,850.0,784.5440063476562
2020-06-09 09:00:00,34.588566,78.0,43.411434173583984
2020-06-09 12:00:00,34.973938,46.0,11.02606201171875
2020-06-09 15:00:00,38.942516,35.0,-3.942516326904297
2020-06-09 18:00:00,62.7673,31.0,-31.76729965209961
2020-06-09 21:00:00,69.11137,45.0,-24.111366271972656
2020-06-10 03:00:00,69.930084,37.0,-32.930084228515625
2020-06-10 06:00:00,43.62971,31.0,-12.629711151123047
2020-06-10 09:00:00,20.978859,47.0,26.021141052246094
2020-06-10 12:00:00,22.85708,36.0,13.142919540405273
2020-06-10 15:00:00,27.595661,27.0,-0.5956611633300781
2020-06-10 18:00:00,54.218163,28.0,-26.218162536621094
2020-06-10 21:00:00,62.44477,29.0,-33.44477081298828
2020-06-11 00:00:00,51.080406,39.0,-12.080406188964844
2020-06-11 03:00:00,70.17661,39.0,-31.176612854003906
2020-06-11 06:00:00,48.86817,23.0,-25.86817169189453
2020-06-11 09:00:00,30.017872,66.0,35.98212814331055
2020-06-11 12:00:00,24.448809,227.0,202.55119132995605
2020-06-11 15:00:00,28.864407,64.0,35.13559341430664
2020-06-11 18:00:00,67.53862,38.0,-29.538619995117188
2020-06-11 21:00:00,81.8693,43.0,-38.869300842285156
2020-06-12 00:00:00,46.89821,89.0,42.10179138183594
2020-06-12 03:00:00,73.12758,40.0,-33.12757873535156
2020-06-12 06:00:00,73.32062,41.0,-32.32061767578125
2020-06-12 09:00:00,45.80221,43.0,-2.8022117614746094
2020-06-12 12:00:00,48.721405,32.0,-16.721405029296875
2020-06-12 15:00:00,65.65358,40.0,-25.653579711914062
2020-06-12 18:00:00,93.34633,24.0,-69.34632873535156
2020-06-12 21:00:00,90.65115,28.0,-62.651153564453125
2020-06-13 00:00:00,88.840866,46.0,-42.84086608886719
2020-06-13 03:00:00,62.28899,41.0,-21.288990020751953
2020-06-13 09:00:00,36.04805,40.0,3.9519500732421875
2020-06-13 12:00:00,28.325758,24.0,-4.32575798034668
2020-06-13 15:00:00,46.377182,24.0,-22.377182006835938
2020-06-13 18:00:00,68.11427,15.0,-53.11427307128906
2020-06-13 21:00:00,65.476,19.0,-46.47599792480469
2020-06-14 00:00:00,75.25659,27.0,-48.256591796875
2020-06-14 03:00:00,65.45781,30.0,-35.45780944824219
2020-06-14 06:00:00,54.172688,30.0,-24.172687530517578
2020-06-14 09:00:00,34.348206,28.0,-6.34820556640625
2020-06-14 12:00:00,48.917286,24.0,-24.917285919189453
2020-06-14 15:00:00,49.275627,27.0,-22.27562713623047
2020-06-14 18:00:00,68.01423,19.0,-49.01422882080078
2020-06-14 21:00:00,65.01,20.0,-45.01000213623047
2020-06-15 00:00:00,40.572674,23.0,-17.572673797607422
2020-06-15 03:00:00,33.37118,32.0,-1.3711814880371094
2020-06-15 06:00:00,20.32084,38.0,17.67915916442871
2020-06-15 12:00:00,21.598282,24.0,2.4017181396484375
2020-06-15 15:00:00,26.574184,18.0,-8.57418441772461
2020-06-15 21:00:00,83.66999,16.0,-67.66999053955078
2020-06-16 00:00:00,105.36565,14.0,-91.36564636230469
2020-06-16 03:00:00,100.63411,167.0,66.36589050292969
2020-06-16 06:00:00,83.73604,53.0,-30.736038208007812
2020-06-16 12:00:00,50.80392,32.0,-18.80392074584961
2020-06-16 15:00:00,56.72223,63.0,6.27777099609375
2020-06-16 18:00:00,83.86792,40.0,-43.867919921875
2020-06-16 21:00:00,94.41897,27.0,-67.4189682006836
2020-06-17 00:00:00,80.159225,28.0,-52.15922546386719
2020-06-17 03:00:00,69.37546,44.0,-25.375457763671875
2020-06-17 06:00:00,47.975163,28.0,-19.975162506103516
2020-06-17 09:00:00,37.748806,38.0,0.2511940002441406
2020-06-17 12:00:00,43.760338,38.0,-5.760337829589844
2020-06-17 15:00:00,69.00609,35.0,-34.00608825683594
2020-06-17 18:00:00,99.81693,36.0,-63.816932678222656
2020-06-17 21:00:00,96.9817,119.0,22.01830291748047
2020-06-18 00:00:00,79.72994,97.0,17.270057678222656
2020-06-18 03:00:00,69.92513,43.0,-26.925132751464844
2020-06-18 06:00:00,54.042404,14.0,-40.04240417480469
2020-06-18 09:00:00,46.689877,26.0,-20.689876556396484
2020-06-18 12:00:00,64.2666,22.0,-42.2666015625
2020-06-18 15:00:00,89.49087,39.0,-50.490867614746094
2020-06-18 18:00:00,127.50843,47.0,-80.50843048095703
2020-06-18 21:00:00,126.2033,39.0,-87.20330047607422
2020-06-19 00:00:00,77.66244,60.0,-17.662437438964844
2020-06-19 03:00:00,84.917244,38.0,-46.91724395751953
2020-06-19 06:00:00,72.464676,30.0,-42.46467590332031
2020-06-19 09:00:00,45.593197,27.0,-18.593196868896484
2020-06-19 12:00:00,34.18529,19.0,-15.185291290283203
2020-06-19 15:00:00,53.705433,31.0,-22.705432891845703
2020-06-19 18:00:00,98.76362,26.0,-72.76361846923828
2020-06-19 21:00:00,92.6168,33.0,-59.616798400878906
2020-06-20 00:00:00,60.503906,38.0,-22.50390625
2020-06-20 03:00:00,53.42963,41.0,-12.429630279541016
2020-06-20 06:00:00,45.577053,43.0,-2.5770530700683594
2020-06-20 09:00:00,58.33874,39.0,-19.338741302490234
2020-06-20 12:00:00,54.175076,24.0,-30.17507553100586
2020-06-20 15:00:00,54.1977,38.0,-16.19770050048828
2020-06-20 18:00:00,70.029274,21.0,-49.029273986816406
2020-06-20 21:00:00,72.75503,14.0,-58.755027770996094
2020-06-21 00:00:00,75.479645,20.0,-55.479644775390625
2020-06-21 03:00:00,99.298294,23.0,-76.29829406738281
2020-06-21 06:00:00,69.61193,18.0,-51.61193084716797
2020-06-21 09:00:00,47.208916,12.0,-35.20891571044922
2020-06-21 12:00:00,51.677715,16.0,-35.67771530151367
2020-06-21 15:00:00,55.174496,16.0,-39.174495697021484
2020-06-21 18:00:00,77.87958,13.0,-64.87957763671875
2020-06-21 21:00:00,85.75899,12.0,-73.75898742675781
2020-06-22 00:00:00,46.464493,24.0,-22.464492797851562
2020-06-22 03:00:00,41.649685,22.0,-19.64968490600586
2020-06-22 06:00:00,32.815594,27.0,-5.815593719482422
2020-06-22 09:00:00,37.231983,61.0,23.768016815185547
2020-06-22 12:00:00,38.41501,86.0,47.584991455078125
2020-06-22 15:00:00,46.05795,73.0,26.94205093383789
2020-06-22 18:00:00,79.75973,36.0,-43.759727478027344
2020-06-22 21:00:00,90.36876,34.0,-56.36875915527344
2020-06-23 00:00:00,99.041245,46.0,-53.04124450683594
2020-06-23 03:00:00,106.81106,49.0,-57.811058044433594
2020-06-23 06:00:00,89.72495,30.0,-59.724952697753906
2020-06-23 09:00:00,53.758923,30.0,-23.758922576904297
2020-06-23 12:00:00,50.25947,65.0,14.740528106689453
2020-06-23 15:00:00,66.25521,143.0,76.74478912353516
2020-06-23 18:00:00,109.89447,40.0,-69.89447021484375
2020-06-23 21:00:00,129.4751,29.0,-100.47509765625
2020-06-24 00:00:00,112.08135,52.0,-60.08135223388672
2020-06-24 03:00:00,111.31021,18.0,-93.31021118164062
2020-06-24 06:00:00,91.01859,25.0,-66.01859283447266
2020-06-24 09:00:00,57.435387,38.0,-19.435386657714844
2020-06-24 12:00:00,32.457363,34.0,1.5426368713378906
2020-06-24 15:00:00,36.197433,37.0,0.8025665283203125
2020-06-24 18:00:00,85.3654,60.0,-25.365402221679688
2020-06-24 21:00:00,121.98416,55.0,-66.98416137695312
2020-06-25 00:00:00,121.146965,48.0,-73.14696502685547
2020-06-25 03:00:00,115.88327,417.0,301.1167297363281
2020-06-25 06:00:00,101.48199,103.0,1.5180130004882812
2020-06-25 09:00:00,74.65769,32.0,-42.657691955566406
2020-06-25 12:00:00,77.53579,46.0,-31.535789489746094
2020-06-25 15:00:00,86.98634,32.0,-54.98634338378906
2020-06-25 18:00:00,111.02884,31.0,-80.02883911132812
2020-06-25 21:00:00,119.075935,16.0,-103.07593536376953
2020-06-26 00:00:00,82.9258,13.0,-69.92579650878906
2020-06-26 03:00:00,84.035034,11.0,-73.0350341796875
2020-06-26 06:00:00,66.318535,20.0,-46.31853485107422
2020-06-26 09:00:00,49.54876,16.0,-33.54875946044922
2020-06-26 12:00:00,44.161427,11.0,-33.16142654418945
2020-06-26 18:00:00,77.48713,22.0,-55.48712921142578
2020-06-27 00:00:00,85.13609,15.0,-70.13609313964844
2020-06-27 03:00:00,83.27731,16.0,-67.27731323242188
2020-06-27 06:00:00,61.131687,17.0,-44.13168716430664
2020-06-27 09:00:00,35.817833,25.0,-10.817832946777344
2020-06-27 12:00:00,37.67923,21.0,-16.679229736328125
2020-06-27 15:00:00,45.73485,20.0,-25.734851837158203
2020-06-27 18:00:00,69.81008,31.0,-38.810081481933594
2020-06-27 21:00:00,71.514595,49.0,-22.51459503173828
2020-06-28 00:00:00,47.789513,35.0,-12.789512634277344
2020-06-28 03:00:00,43.284103,27.0,-16.284103393554688
2020-06-28 06:00:00,28.725935,19.0,-9.725934982299805
2020-06-28 12:00:00,30.32551,33.0,2.674489974975586
2020-06-28 15:00:00,40.782654,18.0,-22.78265380859375
2020-06-28 18:00:00,64.36358,14.0,-50.36357879638672
2020-06-28 21:00:00,71.79335,24.0,-47.79335021972656
2020-06-29 00:00:00,112.497444,18.0,-94.49744415283203
2020-06-29 03:00:00,141.18552,41.0,-100.18551635742188
2020-06-29 06:00:00,57.14139,74.0,16.85860824584961
2020-06-29 09:00:00,38.155632,48.0,9.844367980957031
2020-06-29 12:00:00,48.217316,26.0,-22.217315673828125
2020-06-29 15:00:00,51.156235,27.0,-24.156234741210938
2020-06-29 18:00:00,111.79509,21.0,-90.79508972167969
2020-06-29 21:00:00,127.17078,24.0,-103.1707763671875
2020-06-30 00:00:00,69.51655,22.0,-47.51654815673828
2020-06-30 03:00:00,80.806786,59.0,-21.806785583496094
2020-06-30 06:00:00,56.791576,85.0,28.208423614501953
2020-06-30 09:00:00,35.770996,62.0,26.22900390625
2020-06-30 12:00:00,44.747368,27.0,-17.74736785888672
2020-06-30 15:00:00,53.32754,32.0,-21.32754135131836
2020-06-30 18:00:00,103.09577,25.0,-78.09577178955078
2020-06-30 21:00:00,135.88033,35.0,-100.88032531738281
2020-07-01 00:00:00,57.175385,299.0,241.82461547851562
2020-07-01 03:00:00,61.144077,55.0,-6.144077301025391
2020-07-01 06:00:00,47.513367,42.0,-5.51336669921875
2020-07-01 09:00:00,45.218258,51.0,5.781742095947266
2020-07-01 12:00:00,44.937904,22.0,-22.937904357910156
2020-07-01 15:00:00,45.805565,730.0,684.1944351196289
2020-07-01 18:00:00,88.68847,278.0,189.31153106689453
2020-07-01 21:00:00,107.49,58.0,-49.48999786376953
2020-07-02 00:00:00,81.6641,38.0,-43.664100646972656
2020-07-02 03:00:00,98.25294,59.0,-39.25293731689453
2020-07-02 06:00:00,84.514565,63.0,-21.514564514160156
2020-07-02 09:00:00,62.230923,39.0,-23.23092269897461
2020-07-02 12:00:00,53.310715,60.0,6.6892852783203125
2020-07-02 15:00:00,50.881226,65.0,14.1187744140625
2020-07-02 18:00:00,57.014404,46.0,-11.014404296875
2020-07-02 21:00:00,66.38675,47.0,-19.386749267578125
2020-07-03 00:00:00,48.552464,44.0,-4.552463531494141
2020-07-03 15:00:00,36.158554,19.0,-17.158554077148438
2020-07-03 18:00:00,53.911892,19.0,-34.91189193725586
2020-07-03 21:00:00,57.468468,16.0,-41.468467712402344
2020-07-04 00:00:00,73.533104,25.0,-48.533103942871094
2020-07-04 03:00:00,66.38311,29.0,-37.38311004638672
2020-07-04 06:00:00,48.949234,35.0,-13.949234008789062
2020-07-04 09:00:00,31.476248,29.0,-2.476247787475586
2020-07-04 12:00:00,43.06321,27.0,-16.063209533691406
2020-07-04 15:00:00,62.114624,37.0,-25.1146240234375
2020-07-04 18:00:00,90.357956,40.0,-50.35795593261719
2020-07-04 21:00:00,85.47272,27.0,-58.47271728515625
2020-07-05 00:00:00,48.40797,59.0,10.592029571533203
2020-07-05 03:00:00,34.336723,20.0,-14.336723327636719
2020-07-05 06:00:00,34.07922,24.0,-10.079219818115234
2020-07-05 09:00:00,27.878855,32.0,4.121145248413086
2020-07-05 12:00:00,37.43537,29.0,-8.435371398925781
2020-07-05 15:00:00,61.728203,69.0,7.271797180175781
2020-07-05 18:00:00,102.24699,75.0,-27.246986389160156
2020-07-05 21:00:00,100.9746,31.0,-69.97460174560547
2020-07-06 00:00:00,93.29187,102.0,8.7081298828125
2020-07-06 09:00:00,26.8642,36.0,9.135799407958984
2020-07-06 12:00:00,32.16587,23.0,-9.165870666503906
2020-07-06 15:00:00,36.071243,20.0,-16.071243286132812
2020-07-06 18:00:00,74.2275,13.0,-61.227500915527344
2020-07-06 21:00:00,97.2816,40.0,-57.28160095214844
2020-07-07 00:00:00,103.79199,134.0,30.2080078125
2020-07-07 03:00:00,113.078156,78.0,-35.078155517578125
2020-07-07 06:00:00,88.01976,31.0,-57.01976013183594
2020-07-07 09:00:00,44.16347,34.0,-10.163471221923828
2020-07-07 12:00:00,45.704384,43.0,-2.7043838500976562
2020-07-07 15:00:00,51.31051,36.0,-15.310508728027344
2020-07-07 18:00:00,74.558105,30.0,-44.55810546875
2020-07-08 00:00:00,50.12578,36.0,-14.125778198242188
2020-07-08 03:00:00,84.46603,27.0,-57.466026306152344
2020-07-08 06:00:00,91.94912,31.0,-60.949119567871094
2020-07-08 09:00:00,62.45011,45.0,-17.450111389160156
2020-07-08 12:00:00,40.353653,50.0,9.646347045898438
2020-07-08 15:00:00,46.15424,34.0,-12.154239654541016
2020-07-08 18:00:00,62.078983,30.0,-32.078983306884766
2020-07-08 21:00:00,61.35781,69.0,7.642189025878906
2020-07-09 00:00:00,92.22902,72.0,-20.229019165039062
2020-07-09 03:00:00,114.21855,67.0,-47.21855163574219
2020-07-09 06:00:00,125.76538,54.0,-71.765380859375
2020-07-09 09:00:00,99.3964,57.0,-42.396400451660156
2020-07-09 12:00:00,87.09452,71.0,-16.094520568847656
2020-07-09 15:00:00,84.43539,67.0,-17.435386657714844
2020-07-09 18:00:00,90.554184,80.0,-10.554183959960938
2020-07-09 21:00:00,93.16886,77.0,-16.168861389160156
2020-07-10 00:00:00,57.800095,88.0,30.199905395507812
2020-07-10 03:00:00,84.1809,88.0,3.8190994262695312
2020-07-10 06:00:00,57.30743,89.0,31.692569732666016
2020-07-10 09:00:00,27.40461,78.0,50.59539031982422
2020-07-10 12:00:00,32.026833,67.0,34.973167419433594
2020-07-10 15:00:00,36.295773,70.0,33.704227447509766
2020-07-10 18:00:00,69.225395,65.0,-4.225395202636719
2020-07-10 21:00:00,84.10666,57.0,-27.106658935546875
2020-07-11 00:00:00,100.59989,52.0,-48.599891662597656
2020-07-11 03:00:00,103.221054,48.0,-55.22105407714844
2020-07-11 15:00:00,45.473713,35.0,-10.473712921142578
2020-07-11 18:00:00,86.2915,26.0,-60.29149627685547
2020-07-11 21:00:00,86.18258,24.0,-62.182579040527344
2020-07-12 00:00:00,67.41334,48.0,-19.41333770751953
2020-07-12 03:00:00,52.71994,31.0,-21.719940185546875
2020-07-12 06:00:00,39.10918,16.0,-23.109180450439453
2020-07-12 09:00:00,36.469486,16.0,-20.469486236572266
2020-07-12 12:00:00,29.81801,10.0,-19.818010330200195
2020-07-12 15:00:00,43.067757,14.0,-29.06775665283203
2020-07-12 18:00:00,56.248608,17.0,-39.24860763549805
2020-07-12 21:00:00,54.645626,10.0,-44.645626068115234
2020-07-13 00:00:00,59.39273,17.0,-42.392730712890625
2020-07-13 03:00:00,71.252205,16.0,-55.25220489501953
2020-07-13 06:00:00,47.776497,39.0,-8.776496887207031
2020-07-13 09:00:00,28.992758,18.0,-10.992757797241211
2020-07-13 12:00:00,37.09124,13.0,-24.09123992919922
2020-07-13 15:00:00,39.442966,36.0,-3.4429664611816406
2020-07-13 18:00:00,75.346176,18.0,-57.34617614746094
2020-07-13 21:00:00,92.13045,17.0,-75.13044738769531
2020-07-14 00:00:00,62.912647,37.0,-25.912647247314453
2020-07-14 03:00:00,75.93008,28.0,-47.930076599121094
2020-07-14 06:00:00,62.691868,34.0,-28.69186782836914
2020-07-14 09:00:00,28.1118,27.0,-1.1117992401123047
2020-07-14 12:00:00,17.424782,42.0,24.575218200683594
2020-07-14 15:00:00,21.529558,30.0,8.470441818237305
2020-07-14 18:00:00,51.21751,19.0,-32.21751022338867
2020-07-14 21:00:00,61.765606,18.0,-43.76560592651367
2020-07-15 00:00:00,63.34426,20.0,-43.344261169433594
2020-07-15 03:00:00,59.547005,27.0,-32.54700469970703
2020-07-15 06:00:00,39.406815,26.0,-13.406814575195312
2020-07-15 09:00:00,34.040226,26.0,-8.040225982666016
2020-07-15 12:00:00,27.292345,17.0,-10.29234504699707
2020-07-15 15:00:00,30.659294,14.0,-16.65929412841797
2020-07-15 18:00:00,46.34535,11.0,-35.3453483581543
2020-07-15 21:00:00,50.136806,16.0,-34.13680648803711
2020-07-16 00:00:00,48.801666,17.0,-31.801666259765625
2020-07-16 03:00:00,54.343674,39.0,-15.343673706054688
2020-07-16 06:00:00,55.06115,26.0,-29.06114959716797
2020-07-16 09:00:00,42.93133,36.0,-6.931331634521484
2020-07-16 12:00:00,54.100384,25.0,-29.100383758544922
2020-07-16 15:00:00,69.88853,29.0,-40.888526916503906
2020-07-16 18:00:00,113.46424,114.0,0.5357589721679688
2020-07-16 21:00:00,125.2522,31.0,-94.252197265625
2020-07-17 00:00:00,87.48475,27.0,-60.48474884033203
2020-07-17 03:00:00,72.89293,28.0,-44.89292907714844
2020-07-17 06:00:00,45.132877,25.0,-20.132877349853516
2020-07-17 09:00:00,21.095503,24.0,2.9044971466064453
2020-07-17 12:00:00,24.297037,27.0,2.702962875366211
2020-07-17 15:00:00,32.35459,35.0,2.6454086303710938
2020-07-17 18:00:00,75.28979,31.0,-44.28978729248047
2020-07-17 21:00:00,105.25992,54.0,-51.259918212890625
2020-07-18 00:00:00,84.52367,25.0,-59.52366638183594
2020-07-18 03:00:00,70.73777,27.0,-43.737770080566406
2020-07-18 06:00:00,64.49966,25.0,-39.499656677246094
2020-07-18 09:00:00,40.81761,30.0,-10.817611694335938
2020-07-18 12:00:00,36.491882,32.0,-4.49188232421875
2020-07-18 15:00:00,41.894054,34.0,-7.894054412841797
2020-07-18 18:00:00,59.08464,34.0,-25.084640502929688
2020-07-18 21:00:00,67.97154,43.0,-24.971542358398438
2020-07-19 00:00:00,37.375687,53.0,15.624313354492188
2020-07-19 03:00:00,45.63458,36.0,-9.634578704833984
2020-07-19 06:00:00,38.367886,24.0,-14.36788558959961
2020-07-19 09:00:00,26.599651,30.0,3.400348663330078
2020-07-19 12:00:00,51.86132,43.0,-8.861320495605469
2020-07-19 15:00:00,56.800446,51.0,-5.800445556640625
2020-07-19 18:00:00,81.839066,31.0,-50.83906555175781
2020-07-19 21:00:00,80.375,38.0,-42.375
2020-07-20 00:00:00,85.98124,57.0,-28.981239318847656
2020-07-20 03:00:00,77.762024,29.0,-48.76202392578125
2020-07-20 06:00:00,72.479904,21.0,-51.47990417480469
2020-07-20 09:00:00,48.730103,39.0,-9.7301025390625
2020-07-20 12:00:00,44.52977,37.0,-7.5297698974609375
2020-07-20 15:00:00,60.029152,25.0,-35.029151916503906
2020-07-20 18:00:00,101.6881,32.0,-69.68810272216797
2020-07-20 21:00:00,85.65178,23.0,-62.65177917480469
2020-07-21 00:00:00,57.54748,46.0,-11.547481536865234
2020-07-21 03:00:00,66.99338,14.0,-52.993377685546875
2020-07-21 06:00:00,62.714092,17.0,-45.71409225463867
2020-07-21 09:00:00,41.973293,28.0,-13.97329330444336
2020-07-21 12:00:00,32.59527,34.0,1.4047317504882812
2020-07-21 15:00:00,38.8153,52.0,13.184700012207031
2020-07-21 18:00:00,52.24433,51.0,-1.2443313598632812
2020-07-21 21:00:00,68.849655,33.0,-35.84965515136719
2020-07-22 00:00:00,108.568886,24.0,-84.56888580322266
2020-07-22 03:00:00,97.82093,41.0,-56.82093048095703
2020-07-22 06:00:00,92.46094,64.0,-28.4609375
2020-07-22 09:00:00,92.98117,77.0,-15.981170654296875
2020-07-22 12:00:00,76.267044,86.0,9.732955932617188
2020-07-22 15:00:00,75.75977,74.0,-1.7597732543945312
2020-07-22 18:00:00,78.22928,61.0,-17.229278564453125
2020-07-22 21:00:00,81.206505,47.0,-34.206504821777344
2020-07-23 00:00:00,123.460266,35.0,-88.46026611328125
2020-07-23 03:00:00,134.29916,32.0,-102.29916381835938
2020-07-23 06:00:00,137.11133,61.0,-76.111328125
2020-07-23 09:00:00,112.63137,95.0,-17.631370544433594
2020-07-23 12:00:00,116.06335,81.0,-35.06334686279297
2020-07-23 15:00:00,119.15972,42.0,-77.15972137451172
2020-07-23 18:00:00,118.47442,33.0,-85.47441864013672
2020-07-23 21:00:00,120.0051,33.0,-87.00509643554688
2020-07-24 00:00:00,107.55525,34.0,-73.55525207519531
2020-07-24 03:00:00,102.5287,32.0,-70.52870178222656
2020-07-24 06:00:00,85.62438,46.0,-39.62438201904297
2020-07-24 09:00:00,76.19087,54.0,-22.190872192382812
2020-07-24 12:00:00,116.78367,62.0,-54.783668518066406
2020-07-24 15:00:00,128.6985,59.0,-69.69850158691406
2020-07-24 18:00:00,131.5916,68.0,-63.59159851074219
2020-07-24 21:00:00,117.83641,64.0,-53.83641052246094
2020-07-25 00:00:00,155.502,52.0,-103.50199890136719
2020-07-25 03:00:00,166.91252,48.0,-118.91252136230469
2020-07-25 06:00:00,162.0067,57.0,-105.00669860839844
2020-07-25 09:00:00,126.978424,45.0,-81.97842407226562
2020-07-25 12:00:00,97.206795,57.0,-40.20679473876953
2020-07-25 15:00:00,79.742905,51.0,-28.742904663085938
2020-07-25 18:00:00,58.73653,42.0,-16.736530303955078
2020-07-25 21:00:00,52.709766,39.0,-13.709766387939453
2020-07-26 00:00:00,29.904186,43.0,13.095813751220703
2020-07-26 03:00:00,33.518745,34.0,0.48125457763671875
2020-07-26 06:00:00,45.553406,43.0,-2.55340576171875
2020-07-26 09:00:00,56.74974,62.0,5.2502593994140625
2020-07-26 12:00:00,78.33478,68.0,-10.33477783203125
2020-07-26 15:00:00,81.24584,52.0,-29.24584197998047
2020-07-26 18:00:00,85.007744,50.0,-35.00774383544922
2020-07-26 21:00:00,90.68299,48.0,-42.68299102783203
2020-07-27 00:00:00,78.25111,47.0,-31.25110626220703
2020-07-27 03:00:00,100.95709,69.0,-31.95709228515625
2020-07-27 06:00:00,99.60172,88.0,-11.601722717285156
2020-07-27 09:00:00,88.27976,596.0,507.7202377319336
2020-07-27 12:00:00,88.03727,257.0,168.96273040771484
2020-07-27 15:00:00,89.30147,243.0,153.6985321044922
2020-07-27 18:00:00,105.84745,128.0,22.152549743652344
2020-07-27 21:00:00,109.140274,73.0,-36.14027404785156
2020-07-28 00:00:00,81.52722,62.0,-19.5272216796875
2020-07-28 03:00:00,91.03189,56.0,-35.031890869140625
2020-07-28 06:00:00,83.97762,61.0,-22.977622985839844
2020-07-28 09:00:00,71.101906,67.0,-4.101905822753906
2020-07-28 12:00:00,64.638695,65.0,0.36130523681640625
2020-07-28 15:00:00,60.54961,61.0,0.4503898620605469
2020-07-28 18:00:00,56.87707,60.0,3.1229286193847656
2020-07-28 21:00:00,62.43215,63.0,0.5678482055664062
2020-07-29 00:00:00,94.86382,57.0,-37.86382293701172
2020-07-29 03:00:00,104.32018,71.0,-33.32018280029297
2020-07-29 06:00:00,103.54506,64.0,-39.54505920410156
2020-07-29 09:00:00,108.188034,69.0,-39.18803405761719
2020-07-29 12:00:00,112.04429,73.0,-39.044288635253906
2020-07-29 15:00:00,106.98699,80.0,-26.98699188232422
2020-07-29 18:00:00,107.462654,95.0,-12.462654113769531
2020-07-29 21:00:00,112.832825,91.0,-21.83282470703125
2020-07-30 00:00:00,135.96559,65.0,-70.96559143066406
2020-07-30 03:00:00,135.60486,122.0,-13.6048583984375
2020-07-30 06:00:00,126.98047,88.0,-38.98046875
2020-07-30 09:00:00,98.27147,72.0,-26.271469116210938
2020-07-30 12:00:00,67.42846,80.0,12.571540832519531
2020-07-30 15:00:00,78.7403,70.0,-8.740303039550781
2020-07-30 18:00:00,108.026146,77.0,-31.026145935058594
2020-07-30 21:00:00,112.87739,89.0,-23.87738800048828
2020-07-31 00:00:00,80.49392,78.0,-2.4939193725585938
2020-07-31 03:00:00,82.07257,29.0,-53.07257080078125
2020-08-03 03:00:00,68.636154,153.0,84.36384582519531
2020-08-03 06:00:00,45.03363,132.0,86.96636962890625
2020-08-03 09:00:00,31.25649,510.0,478.74350929260254
2020-08-03 12:00:00,38.159782,428.0,389.84021759033203
2020-08-03 15:00:00,52.56652,232.0,179.43347930908203
2020-08-03 18:00:00,80.93343,39.0,-41.933433532714844
2020-08-03 21:00:00,84.75695,14.0,-70.75695037841797
2020-08-04 00:00:00,33.80546,20.0,-13.805461883544922
2020-08-04 03:00:00,38.844975,49.0,10.155025482177734
2020-08-04 21:00:00,82.31609,60.0,-22.31609344482422
2020-08-05 00:00:00,76.79773,37.0,-39.7977294921875
2020-08-05 03:00:00,86.5349,28.0,-58.53489685058594
2020-08-05 06:00:00,69.06191,46.0,-23.061912536621094
2020-08-05 09:00:00,41.484325,66.0,24.515674591064453
2020-08-05 12:00:00,43.627098,57.0,13.372901916503906
2020-08-05 15:00:00,52.868473,64.0,11.131526947021484
2020-08-05 18:00:00,76.007835,35.0,-41.007835388183594
2020-08-05 21:00:00,75.42394,18.0,-57.42394256591797
2020-08-06 00:00:00,26.069075,41.0,14.930925369262695
2020-08-06 03:00:00,41.38826,21.0,-20.388259887695312
2020-08-06 06:00:00,56.969044,27.0,-29.969043731689453
2020-08-06 09:00:00,40.002533,80.0,39.997467041015625
2020-08-06 12:00:00,38.199005,50.0,11.800994873046875
2020-08-06 15:00:00,43.41109,43.0,-0.4110908508300781
2020-08-06 18:00:00,71.730934,26.0,-45.730934143066406
2020-08-06 21:00:00,83.709435,29.0,-54.709434509277344
2020-08-07 00:00:00,106.87949,33.0,-73.8794937133789
2020-08-07 03:00:00,114.00425,75.0,-39.004249572753906
2020-08-07 06:00:00,108.611855,45.0,-63.611854553222656
2020-08-07 09:00:00,54.360725,83.0,28.63927459716797
2020-08-07 12:00:00,48.676384,63.0,14.323616027832031
2020-08-07 15:00:00,47.39127,36.0,-11.39126968383789
2020-08-07 18:00:00,77.41573,48.0,-29.415733337402344
2020-08-07 21:00:00,93.92875,41.0,-52.928749084472656
2020-08-08 00:00:00,111.88194,57.0,-54.88194274902344
2020-08-08 03:00:00,97.27819,31.0,-66.27819061279297
2020-08-08 06:00:00,92.24937,28.0,-64.2493667602539
2020-08-08 09:00:00,43.80081,74.0,30.199188232421875
2020-08-08 12:00:00,55.94552,60.0,4.054481506347656
2020-08-08 15:00:00,68.6864,73.0,4.3135986328125
2020-08-08 18:00:00,109.36924,100.0,-9.369239807128906
2020-08-08 21:00:00,126.99297,81.0,-45.99297332763672
2020-08-09 00:00:00,106.03662,41.0,-65.03662109375
2020-08-09 03:00:00,102.24653,21.0,-81.24652862548828
2020-08-09 06:00:00,72.887245,25.0,-47.887245178222656
2020-08-09 09:00:00,25.79077,58.0,32.20923042297363
2020-08-09 12:00:00,22.334234,55.0,32.6657657623291
2020-08-09 15:00:00,35.64173,50.0,14.358268737792969
2020-08-09 18:00:00,76.14608,40.0,-36.146080017089844
2020-08-09 21:00:00,94.01242,41.0,-53.012420654296875
2020-08-10 00:00:00,109.92198,40.0,-69.92198181152344
2020-08-10 03:00:00,113.575195,25.0,-88.5751953125
2020-08-10 06:00:00,98.939156,26.0,-72.93915557861328
2020-08-10 09:00:00,57.264515,49.0,-8.264514923095703
2020-08-10 12:00:00,74.82549,57.0,-17.82549285888672
2020-08-10 15:00:00,88.97587,42.0,-46.975868225097656
2020-08-10 18:00:00,120.821365,38.0,-82.82136535644531
2020-08-10 21:00:00,126.98001,27.0,-99.98001098632812
2020-08-11 00:00:00,78.71176,21.0,-57.711761474609375
2020-08-11 03:00:00,76.77602,14.0,-62.77601623535156
2020-08-11 06:00:00,62.040955,15.0,-47.04095458984375
2020-08-11 09:00:00,46.903324,26.0,-20.903324127197266
2020-08-11 12:00:00,55.80273,35.0,-20.802730560302734
2020-08-11 15:00:00,64.33686,35.0,-29.33686065673828
2020-08-11 18:00:00,86.94906,118.0,31.050941467285156
2020-08-11 21:00:00,87.744865,36.0,-51.74486541748047
2020-08-12 00:00:00,81.34987,26.0,-55.34986877441406
2020-08-12 03:00:00,79.79986,18.0,-61.79985809326172
2020-08-12 06:00:00,68.82761,16.0,-52.827606201171875
2020-08-12 09:00:00,53.168377,19.0,-34.16837692260742
2020-08-12 12:00:00,67.66538,24.0,-43.665382385253906
2020-08-12 15:00:00,78.101494,38.0,-40.10149383544922
2020-08-12 18:00:00,100.63604,17.0,-83.63603973388672
2020-08-12 21:00:00,105.91338,23.0,-82.91338348388672
2020-08-13 00:00:00,71.170006,24.0,-47.170005798339844
2020-08-13 03:00:00,84.83562,13.0,-71.83561706542969
2020-08-13 06:00:00,70.06542,23.0,-47.06542205810547
2020-08-13 09:00:00,48.125458,27.0,-21.125457763671875
2020-08-13 12:00:00,52.804806,34.0,-18.804805755615234
2020-08-13 15:00:00,62.56755,30.0,-32.56755065917969
2020-08-13 18:00:00,86.4768,22.0,-64.47679901123047
2020-08-13 21:00:00,94.426926,25.0,-69.42692565917969
2020-08-14 00:00:00,83.3154,26.0,-57.315399169921875
2020-08-14 03:00:00,90.668434,20.0,-70.6684341430664
2020-08-14 06:00:00,77.73474,27.0,-50.7347412109375
2020-08-14 09:00:00,53.125404,31.0,-22.125404357910156
2020-08-14 12:00:00,63.42782,26.0,-37.427818298339844
2020-08-14 15:00:00,75.00398,40.0,-35.00398254394531
2020-08-14 18:00:00,100.32454,34.0,-66.32453918457031
2020-08-14 21:00:00,105.95329,65.0,-40.95329284667969
2020-08-15 00:00:00,102.74561,28.0,-74.74561309814453
2020-08-15 03:00:00,104.04256,19.0,-85.04255676269531
2020-08-15 06:00:00,80.8327,27.0,-53.83270263671875
2020-08-15 09:00:00,44.272385,27.0,-17.272384643554688
2020-08-15 15:00:00,74.001945,67.0,-7.001945495605469
2020-08-15 18:00:00,106.48989,78.0,-28.489891052246094
2020-08-15 21:00:00,114.9939,81.0,-33.993896484375
2020-08-16 00:00:00,98.89027,34.0,-64.89026641845703
2020-08-16 03:00:00,102.214584,44.0,-58.21458435058594
2020-08-16 06:00:00,81.7995,44.0,-37.79949951171875
2020-08-16 09:00:00,38.147617,107.0,68.85238265991211
2020-08-16 12:00:00,37.730843,80.0,42.26915740966797
2020-08-16 15:00:00,46.912647,70.0,23.087352752685547
2020-08-16 18:00:00,77.94676,36.0,-41.94676208496094
2020-08-16 21:00:00,84.35052,37.0,-47.35051727294922
2020-08-17 00:00:00,80.29815,58.0,-22.29814910888672
2020-08-17 03:00:00,80.59561,26.0,-54.595611572265625
2020-08-17 06:00:00,58.53724,57.0,-1.5372390747070312
2020-08-17 09:00:00,30.196362,103.0,72.80363845825195
2020-08-17 12:00:00,37.90842,95.0,57.09157943725586
2020-08-17 15:00:00,58.117847,99.0,40.88215255737305
2020-08-17 18:00:00,98.60969,66.0,-32.60968780517578
2020-08-17 21:00:00,98.28909,148.0,49.710906982421875
2020-08-18 00:00:00,60.168076,26.0,-34.16807556152344
2020-08-18 03:00:00,53.44782,12.0,-41.447818756103516
2020-08-18 06:00:00,39.830753,17.0,-22.830753326416016
2020-08-18 09:00:00,25.354439,39.0,13.645561218261719
2020-08-18 12:00:00,33.66108,76.0,42.33892059326172
2020-08-18 15:00:00,53.347775,110.0,56.652225494384766
2020-08-18 18:00:00,93.95944,64.0,-29.959442138671875
2020-08-18 21:00:00,94.54061,62.0,-32.540611267089844
2020-08-19 00:00:00,69.44856,26.0,-43.44856262207031
2020-08-19 03:00:00,65.97134,18.0,-47.971336364746094
2020-08-19 06:00:00,51.63952,27.0,-24.63951873779297
2020-08-19 09:00:00,33.99623,41.0,7.0037689208984375
2020-08-19 12:00:00,38.925465,26.0,-12.925464630126953
2020-08-19 15:00:00,53.513077,34.0,-19.513076782226562
2020-08-19 18:00:00,84.54504,25.0,-59.54503631591797
2020-08-19 21:00:00,89.32557,22.0,-67.32556915283203
2020-08-20 00:00:00,47.588627,26.0,-21.588626861572266
2020-08-20 03:00:00,47.24063,17.0,-30.240631103515625
2020-08-20 06:00:00,37.335667,15.0,-22.33566665649414
2020-08-20 09:00:00,25.424015,31.0,5.575984954833984
2020-08-20 12:00:00,31.646778,26.0,-5.646778106689453
2020-08-20 15:00:00,46.250534,112.0,65.74946594238281
2020-08-20 18:00:00,73.125534,26.0,-47.12553405761719
2020-08-20 21:00:00,78.42698,20.0,-58.426979064941406
2020-08-21 00:00:00,67.73928,62.0,-5.739280700683594
2020-08-21 03:00:00,70.85839,30.0,-40.85839080810547
2020-08-21 06:00:00,61.3893,20.0,-41.38930130004883
2020-08-21 09:00:00,42.350964,26.0,-16.350963592529297
2020-08-21 12:00:00,46.35547,44.0,-2.35546875
2020-08-21 15:00:00,59.59987,64.0,4.4001312255859375
2020-08-21 18:00:00,83.39839,30.0,-53.39839172363281
2020-08-21 21:00:00,76.215546,32.0,-44.215545654296875
2020-08-22 00:00:00,59.19844,40.0,-19.198440551757812
2020-08-22 03:00:00,65.91199,45.0,-20.9119873046875
2020-08-22 06:00:00,40.89429,80.0,39.105709075927734
2020-08-22 09:00:00,16.028708,94.0,77.97129249572754
2020-08-22 12:00:00,21.703045,49.0,27.296955108642578
2020-08-22 15:00:00,30.659294,36.0,5.340705871582031
2020-08-22 18:00:00,56.893784,27.0,-29.893783569335938
2020-08-22 21:00:00,55.548183,14.0,-41.54818344116211
2020-08-23 00:00:00,40.557323,21.0,-19.557323455810547
2020-08-23 03:00:00,61.053696,36.0,-25.053695678710938
2020-08-23 06:00:00,62.231037,36.0,-26.231037139892578
2020-08-23 09:00:00,37.638756,55.0,17.361244201660156
2020-08-23 12:00:00,38.131702,37.0,-1.1317024230957031
2020-08-23 15:00:00,40.63645,34.0,-6.636451721191406
2020-08-23 18:00:00,65.18189,39.0,-26.18189239501953
2020-08-23 21:00:00,83.93067,51.0,-32.93067169189453
2020-08-24 00:00:00,64.19009,43.0,-21.190086364746094
2020-08-24 03:00:00,50.176594,13.0,-37.17659378051758
2020-08-24 06:00:00,45.01976,17.0,-28.019760131835938
2020-08-24 09:00:00,31.818445,19.0,-12.818445205688477
2020-08-24 12:00:00,33.804783,29.0,-4.804782867431641
2020-08-24 15:00:00,44.620266,25.0,-19.62026596069336
2020-08-24 18:00:00,65.496124,18.0,-47.496124267578125
2020-08-24 21:00:00,70.130226,18.0,-52.130226135253906
2020-08-25 00:00:00,44.964962,22.0,-22.964962005615234
2020-08-25 03:00:00,43.39063,43.0,-0.3906288146972656
2020-08-25 06:00:00,20.857101,54.0,33.14289855957031
2020-08-25 09:00:00,13.366048,27.0,13.633952140808105
2020-08-25 12:00:00,24.859673,29.0,4.140327453613281
2020-08-25 15:00:00,49.85918,114.0,64.14081954956055
2020-08-25 18:00:00,78.25793,44.0,-34.25792694091797
2020-08-25 21:00:00,79.84636,142.0,62.15364074707031
2020-08-26 00:00:00,80.22107,101.0,20.7789306640625
2020-08-26 03:00:00,77.10957,46.0,-31.109573364257812
2020-08-26 06:00:00,66.00726,25.0,-41.00726318359375
2020-08-26 09:00:00,45.597515,21.0,-24.597515106201172
2020-08-26 12:00:00,43.68144,24.0,-19.681438446044922
2020-08-26 15:00:00,60.76016,114.0,53.23984146118164
2020-08-26 18:00:00,80.81293,51.0,-29.81292724609375
2020-08-26 21:00:00,77.26203,83.0,5.737968444824219
2020-08-27 00:00:00,43.80081,51.0,7.199188232421875
2020-08-27 03:00:00,39.42421,49.0,9.575790405273438
2020-08-27 06:00:00,19.363028,39.0,19.636972427368164
2020-08-27 09:00:00,14.304419,65.0,50.69558143615723
2020-08-27 12:00:00,19.38588,61.0,41.61412048339844
2020-08-27 15:00:00,32.167236,38.0,5.832763671875
2020-08-27 18:00:00,65.20713,22.0,-43.207130432128906
2020-08-27 21:00:00,66.55364,26.0,-40.55364227294922
2020-08-28 00:00:00,55.67881,26.0,-29.678810119628906
2020-08-28 03:00:00,58.802017,16.0,-42.80201721191406
2020-08-28 06:00:00,54.370502,41.0,-13.370502471923828
2020-08-28 09:00:00,31.782291,42.0,10.217708587646484
2020-08-28 12:00:00,34.626965,47.0,12.373035430908203
2020-08-28 15:00:00,47.758022,24.0,-23.75802230834961
2020-08-28 18:00:00,78.49599,16.0,-62.49598693847656
2020-08-28 21:00:00,76.257034,16.0,-60.25703430175781
2020-08-29 00:00:00,32.851402,18.0,-14.851402282714844
2020-08-29 03:00:00,35.1813,25.0,-10.18130111694336
2020-08-29 06:00:00,34.650383,29.0,-5.650382995605469
2020-08-29 09:00:00,20.082098,26.0,5.917901992797852
2020-08-29 12:00:00,22.401081,24.0,1.5989189147949219
2020-08-29 15:00:00,36.3018,38.0,1.6982002258300781
2020-08-29 18:00:00,82.14897,29.0,-53.14897155761719
2020-08-29 21:00:00,108.950645,24.0,-84.95064544677734
2020-08-30 00:00:00,99.04488,40.0,-59.044883728027344
2020-08-30 03:00:00,90.62341,19.0,-71.6234130859375
2020-08-30 06:00:00,81.90864,33.0,-48.90863800048828
2020-08-30 09:00:00,55.25908,48.0,-7.2590789794921875
2020-08-30 12:00:00,44.40244,38.0,-6.402439117431641
2020-08-30 18:00:00,83.933174,36.0,-47.93317413330078
2020-08-30 21:00:00,98.988945,39.0,-59.98894500732422
2020-08-31 00:00:00,121.6556,42.0,-79.65560150146484
2020-08-31 03:00:00,123.03485,60.0,-63.03485107421875
2020-08-31 06:00:00,107.07185,33.0,-74.07185363769531
2020-08-31 09:00:00,77.82523,47.0,-30.825233459472656
2020-08-31 12:00:00,67.54954,44.0,-23.549537658691406
2020-08-31 15:00:00,76.63266,41.0,-35.632659912109375
2020-08-31 18:00:00,78.43414,33.0,-45.43414306640625
2020-08-31 21:00:00,75.94736,41.0,-34.947357177734375
2020-09-01 00:00:00,86.54877,32.0,-54.54876708984375
2020-09-01 03:00:00,92.52812,45.0,-47.52812194824219
2020-09-01 06:00:00,78.77702,54.0,-24.777023315429688
2020-09-01 09:00:00,66.40858,65.0,-1.4085769653320312
2020-09-01 12:00:00,59.64989,71.0,11.350109100341797
2020-09-01 15:00:00,75.44531,61.0,-14.4453125
2020-09-01 18:00:00,82.399765,46.0,-36.39976501464844
2020-09-01 21:00:00,81.16695,62.0,-19.166946411132812
2020-09-02 00:00:00,112.766426,50.0,-62.76642608642578
2020-09-02 03:00:00,118.49147,39.0,-79.49147033691406
2020-09-02 06:00:00,102.75926,42.0,-60.75926208496094
2020-09-02 09:00:00,66.252365,48.0,-18.252365112304688
2020-09-02 12:00:00,54.043995,53.0,-1.0439949035644531
2020-09-02 15:00:00,67.8258,51.0,-16.82579803466797
2020-09-02 18:00:00,86.63074,47.0,-39.6307373046875
2020-09-02 21:00:00,90.5718,39.0,-51.571800231933594
2020-09-03 00:00:00,58.748016,48.0,-10.748016357421875
2020-09-03 03:00:00,60.337696,38.0,-22.337696075439453
2020-09-03 06:00:00,47.987328,55.0,7.012672424316406
2020-09-03 09:00:00,22.977701,49.0,26.02229881286621
2020-09-03 12:00:00,44.09935,28.0,-16.099349975585938
2020-09-03 15:00:00,63.55549,28.0,-35.55548858642578
2020-09-03 18:00:00,109.48912,41.0,-68.48912048339844
2020-09-03 21:00:00,118.62858,63.0,-55.628578186035156
2020-09-04 00:00:00,107.32765,61.0,-46.32765197753906
2020-09-04 03:00:00,122.952995,39.0,-83.95299530029297
2020-09-04 06:00:00,117.04549,44.0,-73.04548645019531
2020-09-04 09:00:00,76.89755,45.0,-31.897552490234375
2020-09-04 12:00:00,43.36539,51.0,7.634609222412109
2020-09-04 15:00:00,58.777916,52.0,-6.777915954589844
2020-09-04 18:00:00,84.50036,77.0,-7.500358581542969
2020-09-04 21:00:00,100.71244,62.0,-38.712440490722656
2020-09-05 00:00:00,85.1312,60.0,-25.131202697753906
2020-09-05 03:00:00,103.31075,54.0,-49.310752868652344
2020-09-05 06:00:00,104.79527,45.0,-59.79527282714844
2020-09-05 09:00:00,86.16689,50.0,-36.166893005371094
2020-09-05 12:00:00,55.652206,66.0,10.347793579101562
2020-09-05 15:00:00,58.524166,71.0,12.475833892822266
2020-09-05 18:00:00,64.464874,55.0,-9.464874267578125
2020-09-05 21:00:00,69.13911,68.0,-1.1391067504882812
2020-09-06 00:00:00,94.957275,70.0,-24.957275390625
2020-09-06 03:00:00,108.10572,63.0,-45.10572052001953
2020-09-06 21:00:00,69.22073,44.0,-25.220733642578125
2020-09-07 00:00:00,86.79012,58.0,-28.790122985839844
2020-09-07 03:00:00,106.37859,49.0,-57.37859344482422
2020-09-07 12:00:00,34.21701,36.0,1.782989501953125
2020-09-07 15:00:00,45.488377,38.0,-7.488376617431641
2020-09-07 18:00:00,82.98344,43.0,-39.983436584472656
2020-09-07 21:00:00,69.85863,53.0,-16.858627319335938
2020-09-08 00:00:00,63.696236,48.0,-15.696235656738281
2020-09-08 03:00:00,71.17205,36.0,-35.17205047607422
2020-09-08 06:00:00,63.383823,43.0,-20.38382339477539
2020-09-08 09:00:00,41.116436,57.0,15.883563995361328
2020-09-08 12:00:00,28.909882,52.0,23.090118408203125
2020-09-08 15:00:00,48.98766,32.0,-16.987659454345703
2020-09-08 18:00:00,95.476135,23.0,-72.47613525390625
2020-09-08 21:00:00,103.8992,23.0,-80.89920043945312
2020-09-09 00:00:00,75.0548,32.0,-43.05480194091797
2020-09-09 03:00:00,59.644207,31.0,-28.644207000732422
2020-09-09 06:00:00,53.632904,38.0,-15.632904052734375
2020-09-09 09:00:00,42.029568,42.0,-0.029567718505859375
2020-09-09 12:00:00,40.769463,44.0,3.2305374145507812
2020-09-09 15:00:00,56.581486,38.0,-18.581485748291016
2020-09-09 18:00:00,100.94322,35.0,-65.94322204589844
2020-09-09 21:00:00,102.39001,66.0,-36.39000701904297
2020-09-10 00:00:00,66.72485,91.0,24.275146484375
2020-09-10 03:00:00,61.355194,45.0,-16.355194091796875
2020-09-10 06:00:00,51.298683,68.0,16.701316833496094
2020-09-10 09:00:00,38.856796,56.0,17.143203735351562
2020-09-10 12:00:00,37.705376,35.0,-2.7053756713867188
2020-09-10 15:00:00,55.229065,61.0,5.77093505859375
2020-09-10 18:00:00,98.44507,56.0,-42.445068359375
2020-09-10 21:00:00,98.345024,54.0,-44.34502410888672
2020-09-11 00:00:00,78.34364,41.0,-37.34364318847656
2020-09-11 03:00:00,67.71825,79.0,11.281753540039062
2020-09-11 06:00:00,59.12034,82.0,22.879661560058594
2020-09-11 09:00:00,48.602943,57.0,8.397056579589844
2020-09-11 12:00:00,43.08731,54.0,10.912689208984375
2020-09-11 15:00:00,53.709755,45.0,-8.709754943847656
2020-09-11 18:00:00,97.11471,53.0,-44.114707946777344
2020-09-11 21:00:00,100.33727,56.0,-44.33727264404297
2020-09-12 00:00:00,56.551926,106.0,49.44807434082031
2020-09-12 06:00:00,43.776707,82.0,38.22329330444336
2020-09-12 09:00:00,22.937002,64.0,41.062997817993164
2020-09-12 12:00:00,32.44213,39.0,6.557868957519531
2020-09-12 15:00:00,52.728184,25.0,-27.72818374633789
2020-09-12 18:00:00,87.94677,19.0,-68.94676971435547
2020-09-12 21:00:00,91.928085,48.0,-43.92808532714844
2020-09-13 00:00:00,82.466385,55.0,-27.466384887695312
2020-09-13 03:00:00,98.452805,49.0,-49.45280456542969
2020-09-13 06:00:00,83.19921,46.0,-37.19921112060547
2020-09-13 09:00:00,45.83899,46.0,0.1610107421875
2020-09-13 12:00:00,44.63254,44.0,-0.6325416564941406
2020-09-13 15:00:00,68.21301,33.0,-35.2130126953125
2020-09-13 18:00:00,98.8349,33.0,-65.83489990234375
2020-09-13 21:00:00,97.10834,38.0,-59.10833740234375
2020-09-14 00:00:00,95.751144,54.0,-41.75114440917969
2020-09-14 03:00:00,103.59054,40.0,-63.590538024902344
2020-09-14 06:00:00,83.91771,47.0,-36.91770935058594
2020-09-14 09:00:00,41.59915,39.0,-2.599151611328125
2020-09-14 12:00:00,45.249634,44.0,-1.2496337890625
2020-09-14 15:00:00,71.87122,44.0,-27.87122344970703
2020-09-14 18:00:00,89.61206,54.0,-35.612060546875
2020-09-14 21:00:00,91.84748,70.0,-21.84748077392578
2020-09-15 00:00:00,84.974434,68.0,-16.97443389892578
2020-09-15 03:00:00,105.71398,41.0,-64.71398162841797
2020-09-15 06:00:00,95.46966,49.0,-46.46965789794922
2020-09-15 09:00:00,71.068146,51.0,-20.068145751953125
2020-09-15 12:00:00,68.90923,50.0,-18.90923309326172
2020-09-15 15:00:00,71.792786,43.0,-28.79278564453125
2020-09-15 18:00:00,69.591354,45.0,-24.591354370117188
2020-09-15 21:00:00,75.279335,59.0,-16.279335021972656
2020-09-16 00:00:00,111.55953,73.0,-38.559532165527344
2020-09-16 03:00:00,142.423,54.0,-88.42300415039062
2020-09-16 06:00:00,94.1393,65.0,-29.139297485351562
2020-09-16 09:00:00,58.429577,69.0,10.570423126220703
2020-09-16 12:00:00,51.095413,62.0,10.904586791992188
2020-09-16 15:00:00,53.206806,58.0,4.793193817138672
2020-09-16 18:00:00,58.779053,48.0,-10.779052734375
2020-09-16 21:00:00,69.56293,49.0,-20.56292724609375
2020-09-17 00:00:00,51.96512,65.0,13.034881591796875
2020-09-17 03:00:00,68.50655,66.0,-2.5065536499023438
2020-09-17 06:00:00,58.680824,72.0,13.319175720214844
2020-09-17 09:00:00,24.443352,74.0,49.55664825439453
2020-09-17 12:00:00,32.47851,63.0,30.521488189697266
2020-09-17 18:00:00,77.70814,62.0,-15.708137512207031
2020-09-17 21:00:00,90.02656,85.0,-5.026557922363281
2020-09-18 00:00:00,88.43153,69.0,-19.431533813476562
2020-09-18 03:00:00,85.55833,99.0,13.441673278808594
2020-09-18 06:00:00,73.18863,51.0,-22.188629150390625
2020-09-18 12:00:00,41.568684,45.0,3.431316375732422
2020-09-18 15:00:00,61.31313,55.0,-6.313129425048828
2020-09-18 18:00:00,84.23899,99.0,14.761009216308594
2020-09-18 21:00:00,92.21298,100.0,7.787017822265625
2020-09-19 03:00:00,51.137703,75.0,23.86229705810547
2020-09-19 06:00:00,36.607388,70.0,33.39261245727539
2020-09-19 09:00:00,21.878805,61.0,39.12119483947754
2020-09-19 12:00:00,32.13836,76.0,43.86164093017578
2020-09-19 15:00:00,59.758804,54.0,-5.7588043212890625
2020-09-19 18:00:00,95.27514,40.0,-55.27513885498047
2020-09-19 21:00:00,94.611435,33.0,-61.61143493652344
2020-09-20 00:00:00,62.89895,36.0,-26.898948669433594
2020-09-20 03:00:00,63.62279,39.0,-24.622791290283203
2020-09-20 06:00:00,59.278137,41.0,-18.27813720703125
2020-09-20 09:00:00,46.06136,37.0,-9.061359405517578
2020-09-20 12:00:00,50.826427,34.0,-16.826427459716797
2020-09-20 15:00:00,82.66852,209.0,126.33148193359375
2020-09-20 18:00:00,114.29051,87.0,-27.290512084960938
2020-09-20 21:00:00,118.53445,90.0,-28.534446716308594
2020-09-21 00:00:00,77.758385,34.0,-43.758384704589844
2020-09-21 03:00:00,82.494354,26.0,-56.494354248046875
2020-09-21 06:00:00,69.40308,34.0,-35.40308380126953
2020-09-21 09:00:00,43.68917,36.0,-7.689170837402344
2020-09-21 12:00:00,35.935043,42.0,6.0649566650390625
2020-09-21 15:00:00,56.544193,35.0,-21.544193267822266
2020-09-21 18:00:00,104.1285,31.0,-73.12850189208984
2020-09-21 21:00:00,104.59871,33.0,-71.59870910644531
2020-09-22 00:00:00,87.83809,51.0,-36.83808898925781
2020-09-22 03:00:00,91.9863,70.0,-21.986297607421875
2020-09-22 06:00:00,86.22692,57.0,-29.22692108154297
2020-09-22 09:00:00,64.89313,53.0,-11.89312744140625
2020-09-22 12:00:00,56.24156,61.0,4.7584381103515625
2020-09-22 15:00:00,79.6108,175.0,95.38919830322266
2020-09-22 18:00:00,124.44434,70.0,-54.44434356689453
2020-09-22 21:00:00,131.62935,99.0,-32.62934875488281
2020-09-23 00:00:00,89.168,103.0,13.832000732421875
2020-09-23 03:00:00,81.255165,26.0,-55.255165100097656
2020-09-23 15:00:00,63.330162,47.0,-16.330162048339844
2020-09-23 18:00:00,103.67057,61.0,-42.670570373535156
2020-09-23 21:00:00,106.706924,49.0,-57.70692443847656
2020-09-24 00:00:00,64.5498,65.0,0.45020294189453125
2020-09-24 03:00:00,52.04902,32.0,-20.04901885986328
2020-09-24 06:00:00,46.532135,37.0,-9.532135009765625
2020-09-24 09:00:00,34.982235,33.0,-1.9822349548339844
2020-09-24 12:00:00,33.251923,30.0,-3.251922607421875
2020-09-24 15:00:00,50.621338,24.0,-26.621337890625
2020-09-24 18:00:00,72.21365,20.0,-52.213653564453125
2020-09-24 21:00:00,72.17909,18.0,-54.17909240722656
2020-09-25 00:00:00,66.539085,27.0,-39.539085388183594
2020-09-25 03:00:00,78.582954,18.0,-60.58295440673828
2020-09-25 06:00:00,72.12191,27.0,-45.121910095214844
2020-09-25 09:00:00,40.901684,44.0,3.098316192626953
2020-09-25 12:00:00,54.006817,16.0,-38.00681686401367
2020-09-25 15:00:00,69.81657,18.0,-51.816566467285156
2020-09-25 18:00:00,93.595245,20.0,-73.59524536132812
2020-09-25 21:00:00,93.38993,23.0,-70.38993072509766
2020-09-26 00:00:00,48.21868,25.0,-23.21868133544922
2020-09-26 03:00:00,59.73902,25.0,-34.73902130126953
2020-09-26 06:00:00,53.332996,32.0,-21.332996368408203
2020-09-26 09:00:00,35.482117,40.0,4.51788330078125
2020-09-26 12:00:00,57.29612,31.0,-26.296119689941406
2020-09-26 15:00:00,83.06574,33.0,-50.06574249267578
2020-09-26 18:00:00,112.41491,47.0,-65.41490936279297
2020-09-26 21:00:00,101.068054,54.0,-47.06805419921875
2020-09-27 00:00:00,86.2517,61.0,-25.25170135498047
2020-09-27 03:00:00,108.89584,49.0,-59.895843505859375
2020-09-27 06:00:00,113.38784,44.0,-69.3878402709961
2020-09-27 09:00:00,81.30559,36.0,-45.30558776855469
2020-09-27 12:00:00,69.04816,40.0,-29.04815673828125
2020-09-27 15:00:00,84.9501,40.0,-44.950103759765625
2020-09-27 18:00:00,113.21037,35.0,-78.21037292480469
2020-09-27 21:00:00,106.99546,37.0,-69.9954605102539
2020-09-28 00:00:00,59.192757,37.0,-22.19275665283203
2020-09-28 03:00:00,66.013626,29.0,-37.01362609863281
2020-09-28 06:00:00,63.287643,21.0,-42.28764343261719
2020-09-28 09:00:00,40.33927,19.0,-21.339271545410156
2020-09-28 12:00:00,43.3688,18.0,-25.36880111694336
2020-09-28 15:00:00,63.90428,24.0,-39.90428161621094
2020-09-28 18:00:00,101.25791,29.0,-72.2579116821289
2020-09-28 21:00:00,107.15325,33.0,-74.15325164794922
2020-09-29 00:00:00,91.62443,24.0,-67.62442779541016
2020-09-29 03:00:00,99.89401,21.0,-78.89401245117188
2020-09-29 06:00:00,91.51199,36.0,-55.511993408203125
2020-09-29 09:00:00,61.231956,39.0,-22.231956481933594
2020-09-29 12:00:00,47.170715,42.0,-5.17071533203125
2020-09-29 15:00:00,64.649155,59.0,-5.6491546630859375
2020-09-29 18:00:00,82.511406,50.0,-32.51140594482422
2020-09-29 21:00:00,92.2613,46.0,-46.26129913330078
2020-09-30 00:00:00,82.46388,68.0,-14.463882446289062
2020-09-30 03:00:00,115.299255,43.0,-72.29925537109375
2020-09-30 06:00:00,80.95299,43.0,-37.95298767089844
2020-09-30 09:00:00,54.146084,53.0,-1.1460838317871094
2020-09-30 12:00:00,52.16316,57.0,4.836841583251953
2020-09-30 15:00:00,59.53166,37.0,-22.531658172607422
2020-09-30 18:00:00,65.19116,43.0,-22.191162109375
2020-09-30 21:00:00,64.61329,43.0,-21.61328887939453
2020-10-01 00:00:00,65.9677,48.0,-17.967697143554688
2020-10-01 03:00:00,84.81186,48.0,-36.811859130859375
2020-10-01 06:00:00,68.41151,48.0,-20.41150665283203
2020-10-01 09:00:00,54.386875,58.0,3.6131248474121094
2020-10-01 12:00:00,51.910545,61.0,9.089454650878906
2020-10-01 15:00:00,50.10588,42.0,-8.105880737304688
2020-10-01 18:00:00,46.62445,48.0,1.37554931640625
2020-10-01 21:00:00,53.888245,36.0,-17.88824462890625
2020-10-02 00:00:00,84.74132,38.0,-46.74131774902344
2020-10-02 03:00:00,102.556786,39.0,-63.556785583496094
2020-10-02 06:00:00,71.66329,49.0,-22.663291931152344
2020-10-02 09:00:00,52.68771,51.0,-1.6877098083496094
2020-10-02 12:00:00,34.224514,50.0,15.77548599243164
2020-10-02 15:00:00,41.017075,65.0,23.982925415039062
2020-10-02 18:00:00,62.74388,48.0,-14.743881225585938
2020-10-02 21:00:00,77.956085,50.0,-27.956085205078125
2020-10-03 00:00:00,86.647446,50.0,-36.64744567871094
2020-10-03 03:00:00,80.36784,53.0,-27.367843627929688
2020-10-03 06:00:00,50.614746,64.0,13.38525390625
2020-10-03 09:00:00,34.641743,76.0,41.35825729370117
2020-10-03 12:00:00,34.954952,90.0,55.045047760009766
2020-10-03 15:00:00,58.029343,58.0,-0.0293426513671875
2020-10-03 18:00:00,114.55228,76.0,-38.552276611328125
2020-10-03 21:00:00,101.25098,91.0,-10.2509765625
2020-10-04 00:00:00,87.5159,80.0,-7.515899658203125
2020-10-04 03:00:00,91.77836,75.0,-16.778358459472656
2020-10-04 06:00:00,80.17537,80.0,-0.1753692626953125
2020-10-04 09:00:00,56.263615,114.0,57.736385345458984
2020-10-04 12:00:00,43.039448,63.0,19.960552215576172
2020-10-04 15:00:00,59.43184,58.0,-1.4318389892578125
2020-10-04 21:00:00,114.457405,78.0,-36.45740509033203
2020-10-05 00:00:00,77.96518,90.0,12.034820556640625
2020-10-05 03:00:00,65.91353,70.0,4.0864715576171875
2020-10-05 06:00:00,42.392914,66.0,23.607086181640625
2020-10-05 09:00:00,28.98355,63.0,34.01645088195801
2020-10-05 12:00:00,57.534634,64.0,6.465366363525391
2020-10-05 15:00:00,75.94576,79.0,3.0542373657226562
2020-10-05 18:00:00,82.60747,65.0,-17.607467651367188
2020-10-05 21:00:00,77.90788,47.0,-30.907882690429688
2020-10-06 00:00:00,72.45944,39.0,-33.459442138671875
2020-10-06 03:00:00,85.90996,78.0,-7.9099578857421875
2020-10-06 06:00:00,83.417946,73.0,-10.417945861816406
2020-10-06 09:00:00,61.42295,54.0,-7.422950744628906
2020-10-06 12:00:00,72.01629,65.0,-7.016288757324219
2020-10-06 15:00:00,94.255486,46.0,-48.25548553466797
2020-10-06 18:00:00,124.129654,55.0,-69.12965393066406
2020-10-06 21:00:00,140.44872,55.0,-85.44871520996094
2020-10-07 00:00:00,74.59608,65.0,-9.596076965332031
2020-10-07 03:00:00,35.043056,25.0,-10.04305648803711
2020-10-07 06:00:00,23.701546,25.0,1.2984542846679688
2020-10-07 09:00:00,22.294899,26.0,3.7051010131835938
2020-10-07 12:00:00,24.047495,22.0,-2.047494888305664
2020-10-07 15:00:00,42.90041,22.0,-20.900409698486328
2020-10-07 18:00:00,68.83113,44.0,-24.831130981445312
2020-10-07 21:00:00,67.514404,17.0,-50.514404296875
2020-10-08 00:00:00,40.991837,18.0,-22.991836547851562
2020-10-08 03:00:00,50.703194,25.0,-25.70319366455078
2020-10-08 06:00:00,49.725143,20.0,-29.725143432617188
2020-10-08 09:00:00,33.454285,31.0,-2.45428466796875
2020-10-08 12:00:00,34.02147,21.0,-13.021469116210938
2020-10-08 15:00:00,52.066525,19.0,-33.066524505615234
2020-10-08 18:00:00,67.242294,23.0,-44.24229431152344
2020-10-08 21:00:00,69.0066,14.0,-55.00659942626953
2020-10-09 00:00:00,57.21381,22.0,-35.213809967041016
2020-10-09 03:00:00,80.350105,38.0,-42.35010528564453
2020-10-09 06:00:00,43.653587,57.0,13.346412658691406
2020-10-09 09:00:00,16.306444,64.0,47.69355583190918
2020-10-09 12:00:00,21.727942,46.0,24.272058486938477
2020-10-09 15:00:00,45.839954,33.0,-12.839954376220703
2020-10-09 18:00:00,76.49146,20.0,-56.49146270751953
2020-10-09 21:00:00,87.723495,16.0,-71.72349548339844
2020-10-10 00:00:00,81.51937,39.0,-42.519371032714844
2020-10-10 03:00:00,91.18025,33.0,-58.18025207519531
2020-10-10 06:00:00,81.76323,38.0,-43.76322937011719
2020-10-10 09:00:00,42.365173,49.0,6.63482666015625
2020-10-10 12:00:00,27.72572,34.0,6.274280548095703
2020-10-10 15:00:00,48.45049,31.0,-17.450489044189453
2020-10-10 18:00:00,81.491806,22.0,-59.49180603027344
2020-10-10 21:00:00,77.27437,23.0,-54.27436828613281
2020-10-11 00:00:00,50.397717,22.0,-28.397716522216797
2020-10-11 03:00:00,63.638935,22.0,-41.63893508911133
2020-10-11 06:00:00,71.40363,25.0,-46.40363311767578
2020-10-11 09:00:00,56.513557,29.0,-27.51355743408203
2020-10-11 12:00:00,46.491154,32.0,-14.491153717041016
2020-10-11 15:00:00,67.099335,23.0,-44.099334716796875
2020-10-11 18:00:00,89.68834,17.0,-72.68833923339844
2020-10-11 21:00:00,82.50447,26.0,-56.50447082519531
2020-10-12 00:00:00,32.106415,42.0,9.893585205078125
2020-10-12 12:00:00,18.618721,41.0,22.38127899169922
2020-10-12 15:00:00,44.449963,27.0,-17.449962615966797
2020-10-12 18:00:00,67.0874,19.0,-48.08740234375
2020-10-12 21:00:00,62.72717,22.0,-40.727169036865234
2020-10-13 00:00:00,55.415966,24.0,-31.415966033935547
2020-10-13 03:00:00,64.22135,23.0,-41.221351623535156
2020-10-13 06:00:00,58.598515,24.0,-34.598514556884766
2020-10-13 09:00:00,19.399408,35.0,15.600591659545898
2020-10-13 12:00:00,33.05331,43.0,9.94668960571289
2020-10-13 15:00:00,62.116898,42.0,-20.116897583007812
2020-10-13 18:00:00,120.939606,25.0,-95.93960571289062
2020-10-13 21:00:00,130.75226,29.0,-101.75225830078125
2020-10-14 00:00:00,80.48323,70.0,-10.483230590820312
2020-10-14 03:00:00,75.71316,60.0,-15.713157653808594
2020-10-14 06:00:00,59.789158,43.0,-16.78915786743164
2020-10-14 09:00:00,19.44386,66.0,46.5561408996582
2020-10-14 12:00:00,14.155602,84.0,69.84439754486084
2020-10-14 15:00:00,49.733215,40.0,-9.73321533203125
2020-10-14 18:00:00,115.476265,37.0,-78.47626495361328
2020-10-14 21:00:00,136.18524,39.0,-97.18524169921875
2020-10-15 00:00:00,137.47786,46.0,-91.47785949707031
2020-10-15 03:00:00,144.63672,69.0,-75.63671875
2020-10-15 06:00:00,90.338066,70.0,-20.33806610107422
2020-10-15 09:00:00,31.91235,78.0,46.087650299072266
2020-10-15 12:00:00,26.819067,50.0,23.180932998657227
2020-10-15 15:00:00,55.289093,54.0,-1.289093017578125
2020-10-15 18:00:00,94.07205,39.0,-55.072052001953125
2020-10-15 21:00:00,93.99139,49.0,-44.99138641357422
2020-10-16 00:00:00,105.97091,75.0,-30.970909118652344
2020-10-16 03:00:00,103.8726,62.0,-41.872596740722656
2020-10-16 06:00:00,72.245255,39.0,-33.24525451660156
2020-10-16 09:00:00,19.109394,72.0,52.89060592651367
2020-10-16 12:00:00,25.060558,104.0,78.9394416809082
2020-10-16 15:00:00,56.69335,74.0,17.30664825439453
2020-10-16 18:00:00,110.02595,36.0,-74.02594757080078
2020-10-16 21:00:00,108.65017,47.0,-61.650169372558594
2020-10-17 00:00:00,94.88463,53.0,-41.88462829589844
2020-10-17 03:00:00,94.01731,42.0,-52.017311096191406
2020-10-17 06:00:00,73.79117,50.0,-23.791168212890625
2020-10-17 09:00:00,30.510818,96.0,65.48918151855469
2020-10-17 12:00:00,32.453842,112.0,79.54615783691406
2020-10-17 15:00:00,64.37676,57.0,-7.376762390136719
2020-10-17 18:00:00,117.15713,55.0,-62.157127380371094
2020-10-17 21:00:00,108.768974,57.0,-51.76897430419922
2020-10-18 00:00:00,69.29668,84.0,14.703323364257812
2020-10-18 03:00:00,70.7737,99.0,28.226303100585938
2020-10-18 06:00:00,66.56046,38.0,-28.560462951660156
2020-10-18 09:00:00,30.553564,81.0,50.44643592834473
2020-10-18 12:00:00,31.02491,59.0,27.97509002685547
2020-10-18 15:00:00,65.38857,59.0,-6.388572692871094
2020-10-18 18:00:00,107.70441,35.0,-72.70440673828125
2020-10-18 21:00:00,93.124985,38.0,-55.12498474121094
2020-10-19 00:00:00,61.876564,72.0,10.123435974121094
2020-10-19 03:00:00,56.963017,30.0,-26.963016510009766
2020-10-19 06:00:00,42.176,38.0,-4.175998687744141
2020-10-19 09:00:00,21.166784,52.0,30.833215713500977
2020-10-19 12:00:00,23.647772,55.0,31.35222816467285
2020-10-19 15:00:00,53.196457,53.0,-0.1964569091796875
2020-10-19 18:00:00,79.34648,27.0,-52.34648132324219
2020-10-19 21:00:00,80.74494,17.0,-63.74494171142578
2020-10-20 00:00:00,74.61608,21.0,-53.61608123779297
2020-10-20 03:00:00,77.64402,28.0,-49.644020080566406
2020-10-20 06:00:00,74.01627,20.0,-54.016273498535156
2020-10-20 09:00:00,52.234325,31.0,-21.234325408935547
2020-10-20 12:00:00,41.702946,69.0,27.297054290771484
2020-10-20 15:00:00,69.67139,82.0,12.32861328125
2020-10-20 18:00:00,103.33451,31.0,-72.33451080322266
2020-10-20 21:00:00,106.01889,29.0,-77.01889038085938
2020-10-21 00:00:00,65.92017,48.0,-17.92017364501953
2020-10-21 03:00:00,68.3408,34.0,-34.340797424316406
2020-10-21 06:00:00,62.06915,32.0,-30.069149017333984
2020-10-21 09:00:00,43.71441,38.0,-5.714408874511719
2020-10-21 12:00:00,26.921497,80.0,53.0785026550293
2020-10-21 15:00:00,69.77939,79.0,9.220611572265625
2020-10-21 18:00:00,127.44226,66.0,-61.4422607421875
2020-10-21 21:00:00,131.10367,78.0,-53.103668212890625
2020-10-22 00:00:00,88.12185,53.0,-35.121849060058594
2020-10-22 03:00:00,92.831215,40.0,-52.831214904785156
2020-10-22 06:00:00,88.64276,36.0,-52.64276123046875
2020-10-22 09:00:00,53.64859,41.0,-12.648590087890625
2020-10-22 12:00:00,32.59129,107.0,74.40871047973633
2020-10-22 15:00:00,66.09685,84.0,17.903152465820312
2020-10-22 18:00:00,111.08841,64.0,-47.088409423828125
2020-10-22 21:00:00,111.691635,58.0,-53.69163513183594
2020-10-23 00:00:00,77.43188,63.0,-14.431877136230469
2020-10-23 03:00:00,75.706795,41.0,-34.70679473876953
2020-10-23 06:00:00,74.21238,29.0,-45.212379455566406
2020-10-23 09:00:00,55.59582,46.0,-9.595821380615234
2020-10-23 12:00:00,29.468481,121.0,91.53151893615723
2020-10-23 15:00:00,76.14977,46.0,-30.14977264404297
2020-10-23 18:00:00,121.81101,55.0,-66.8110122680664
2020-10-23 21:00:00,136.09042,62.0,-74.09042358398438
2020-10-24 00:00:00,119.37755,56.0,-63.37754821777344
2020-10-24 03:00:00,121.35934,69.0,-52.359336853027344
2020-10-24 06:00:00,106.647804,49.0,-57.647804260253906
2020-10-24 09:00:00,64.652115,61.0,-3.6521148681640625
2020-10-24 12:00:00,43.293312,62.0,18.706687927246094
2020-10-24 15:00:00,79.61069,77.0,-2.610687255859375
2020-10-24 18:00:00,99.133446,64.0,-35.133445739746094
2020-10-24 21:00:00,97.96804,59.0,-38.968040466308594
2020-10-25 00:00:00,99.377754,64.0,-35.37775421142578
2020-10-25 03:00:00,111.75394,49.0,-62.753936767578125
2020-10-25 06:00:00,104.022095,44.0,-60.0220947265625
2020-10-25 09:00:00,34.65175,62.0,27.348251342773438
2020-10-25 12:00:00,34.45814,51.0,16.541858673095703
2020-10-25 15:00:00,74.7126,36.0,-38.71260070800781
2020-10-25 18:00:00,113.25574,38.0,-75.2557373046875
2020-10-25 21:00:00,114.88328,45.0,-69.8832778930664
2020-10-26 00:00:00,119.04569,55.0,-64.04569244384766
2020-10-26 03:00:00,109.62344,59.0,-50.623443603515625
2020-10-26 06:00:00,102.579575,44.0,-58.57957458496094
2020-10-26 09:00:00,40.011173,78.0,37.988826751708984
2020-10-26 12:00:00,37.173492,77.0,39.826507568359375
2020-10-26 15:00:00,78.950905,67.0,-11.950904846191406
2020-10-26 18:00:00,123.56492,40.0,-83.5649185180664
2020-10-26 21:00:00,136.34622,44.0,-92.34622192382812
2020-10-27 00:00:00,130.82353,55.0,-75.82353210449219
2020-10-27 03:00:00,114.10884,51.0,-63.10884094238281
2020-10-27 06:00:00,103.84644,70.0,-33.84644317626953
2020-10-27 09:00:00,39.38101,81.0,41.61899185180664
2020-10-27 12:00:00,51.897926,55.0,3.1020736694335938
2020-10-27 15:00:00,94.903046,79.0,-15.903045654296875
2020-10-27 18:00:00,136.4706,76.0,-60.47059631347656
2020-10-27 21:00:00,127.36882,104.0,-23.368820190429688
2020-10-28 00:00:00,84.38019,98.0,13.61981201171875
2020-10-28 03:00:00,74.80321,68.0,-6.8032073974609375
2020-10-28 06:00:00,62.96477,66.0,3.035228729248047
2020-10-28 09:00:00,33.34685,59.0,25.653148651123047
2020-10-28 12:00:00,31.2167,58.0,26.783300399780273
2020-10-28 15:00:00,67.927376,48.0,-19.92737579345703
2020-10-29 00:00:00,88.80306,56.0,-32.803062438964844
2020-10-29 03:00:00,103.28495,114.0,10.715049743652344
2020-10-29 06:00:00,100.84261,77.0,-23.842613220214844
2020-10-29 12:00:00,52.67219,55.0,2.327808380126953
2020-10-29 15:00:00,90.60301,39.0,-51.60301208496094
2020-10-29 18:00:00,132.85023,45.0,-87.85023498535156
2020-10-29 21:00:00,129.12141,54.0,-75.12141418457031
2020-10-30 00:00:00,101.4198,59.0,-42.4197998046875
2020-10-30 03:00:00,103.059616,108.0,4.9403839111328125
2020-10-30 06:00:00,82.2049,76.0,-6.204902648925781
2020-10-30 09:00:00,33.9968,84.0,50.00320053100586
2020-10-30 12:00:00,39.546192,50.0,10.453807830810547
2020-10-30 15:00:00,83.5895,65.0,-18.589500427246094
2020-10-30 18:00:00,133.3205,61.0,-72.32049560546875
2020-10-30 21:00:00,145.78978,50.0,-95.78977966308594
2020-10-31 00:00:00,145.89938,86.0,-59.899383544921875
2020-10-31 03:00:00,155.01132,82.0,-73.01132202148438
2020-10-31 06:00:00,120.5982,82.0,-38.59819793701172
2020-10-31 09:00:00,57.900307,59.0,1.0996932983398438
2020-10-31 12:00:00,47.52451,66.0,18.47549057006836
2020-10-31 15:00:00,80.09266,57.0,-23.09265899658203
2020-10-31 18:00:00,96.20288,69.0,-27.202880859375
2020-10-31 21:00:00,93.36697,55.0,-38.366966247558594
2020-11-01 00:00:00,106.885635,67.0,-39.88563537597656
2020-11-01 03:00:00,105.58472,74.0,-31.584716796875
2020-11-01 06:00:00,73.72478,83.0,9.275222778320312
2020-11-01 09:00:00,36.50183,59.0,22.4981689453125
2020-11-01 12:00:00,37.93039,60.0,22.069610595703125
2020-11-01 15:00:00,72.43915,48.0,-24.43914794921875
2020-11-01 18:00:00,69.65445,47.0,-22.654449462890625
2020-11-01 21:00:00,65.27966,47.0,-18.2796630859375
2020-11-02 00:00:00,73.43351,46.0,-27.433509826660156
2020-11-02 03:00:00,84.09552,51.0,-33.09552001953125
2020-11-02 06:00:00,84.80504,54.0,-30.805038452148438
2020-11-02 09:00:00,56.679256,45.0,-11.679256439208984
2020-11-02 12:00:00,46.4741,40.0,-6.474098205566406
2020-11-02 15:00:00,71.08395,39.0,-32.083946228027344
2020-11-02 18:00:00,70.90682,37.0,-33.906822204589844
2020-11-02 21:00:00,67.834435,38.0,-29.834434509277344
2020-11-03 00:00:00,87.66528,45.0,-42.665283203125
2020-11-03 03:00:00,96.355965,44.0,-52.35596466064453
2020-11-03 06:00:00,75.46339,47.0,-28.46338653564453
2020-11-03 09:00:00,40.657368,32.0,-8.657367706298828
2020-11-03 12:00:00,49.178993,37.0,-12.178993225097656
2020-11-03 15:00:00,83.45376,38.0,-45.453758239746094
2020-11-03 18:00:00,110.40174,43.0,-67.40174102783203
2020-11-03 21:00:00,116.68635,48.0,-68.68634796142578
2020-11-04 00:00:00,122.27975,57.0,-65.27974700927734
2020-11-04 03:00:00,123.06464,56.0,-67.06463623046875
2020-11-04 06:00:00,101.86511,58.0,-43.8651123046875
2020-11-04 09:00:00,50.85383,51.0,0.14617156982421875
2020-11-04 12:00:00,60.70587,60.0,-0.70587158203125
2020-11-04 15:00:00,111.129395,58.0,-53.12939453125
2020-11-04 18:00:00,139.76683,60.0,-79.76683044433594
2020-11-04 21:00:00,133.97176,70.0,-63.97175598144531
2020-11-05 00:00:00,113.554054,67.0,-46.554054260253906
2020-11-05 03:00:00,103.15216,66.0,-37.15216064453125
2020-11-05 06:00:00,84.64815,59.0,-25.648147583007812
2020-11-05 09:00:00,52.70863,58.0,5.291370391845703
2020-11-05 12:00:00,53.38393,63.0,9.616069793701172
2020-11-05 15:00:00,70.23516,52.0,-18.23516082763672
2020-11-05 18:00:00,63.459312,43.0,-20.459312438964844
2020-11-05 21:00:00,58.981186,40.0,-18.981185913085938
2020-11-06 00:00:00,61.27448,38.0,-23.274478912353516
2020-11-06 03:00:00,60.742424,53.0,-7.742424011230469
2020-11-06 06:00:00,54.209293,54.0,-0.20929336547851562
2020-11-06 09:00:00,47.87057,53.0,5.129428863525391
2020-11-06 12:00:00,50.171593,48.0,-2.1715927124023438
2020-11-06 15:00:00,56.41783,40.0,-16.417831420898438
2020-11-06 18:00:00,47.63183,27.0,-20.63182830810547
2020-11-06 21:00:00,45.7826,32.0,-13.782600402832031
2020-11-07 00:00:00,64.662346,27.0,-37.66234588623047
2020-11-07 03:00:00,71.352585,29.0,-42.35258483886719
2020-11-07 06:00:00,74.34642,43.0,-31.346420288085938
2020-11-07 09:00:00,72.29403,35.0,-37.294029235839844
2020-11-07 12:00:00,68.446014,32.0,-36.446014404296875
2020-11-07 15:00:00,49.371296,42.0,-7.371295928955078
2020-11-07 18:00:00,38.812233,44.0,5.187767028808594
2020-11-07 21:00:00,41.502064,34.0,-7.502063751220703
2020-11-08 00:00:00,41.194653,29.0,-12.194652557373047
2020-11-08 03:00:00,41.476597,43.0,1.5234031677246094
2020-11-08 06:00:00,43.597992,38.0,-5.597991943359375
2020-11-08 09:00:00,42.493637,15.0,-27.493637084960938
2020-11-08 12:00:00,28.959904,16.0,-12.959903717041016
2020-11-08 15:00:00,37.993004,12.0,-25.993003845214844
2020-11-08 18:00:00,30.28481,20.0,-10.284809112548828
2020-11-08 21:00:00,32.73999,21.0,-11.739990234375
2020-11-09 00:00:00,49.652954,34.0,-15.6529541015625
2020-11-09 03:00:00,56.306816,20.0,-36.30681610107422
2020-11-09 06:00:00,42.662804,26.0,-16.662803649902344
2020-11-09 09:00:00,37.895916,21.0,-16.895915985107422
2020-11-09 12:00:00,43.354702,28.0,-15.35470199584961
2020-11-09 15:00:00,61.171703,28.0,-33.17170333862305
2020-11-09 18:00:00,74.16031,21.0,-53.160308837890625
2020-11-09 21:00:00,90.40377,26.0,-64.40377044677734
2020-11-10 00:00:00,80.341576,34.0,-46.341575622558594
2020-11-10 03:00:00,74.66042,32.0,-42.660423278808594
2020-11-10 06:00:00,55.613327,24.0,-31.613327026367188
2020-11-10 09:00:00,40.275837,28.0,-12.275836944580078
2020-11-10 12:00:00,29.123953,19.0,-10.123952865600586
2020-11-10 15:00:00,57.810097,21.0,-36.810096740722656
2020-11-10 18:00:00,64.53297,19.0,-45.53296661376953
2020-11-10 21:00:00,50.6202,16.0,-34.620201110839844
2020-11-11 00:00:00,60.51505,20.0,-40.51504898071289
2020-11-11 03:00:00,65.76511,19.0,-46.765106201171875
2020-11-11 06:00:00,44.66585,10.0,-34.66585159301758
2020-11-11 09:00:00,44.194168,19.0,-25.194168090820312
2020-11-11 12:00:00,36.68879,24.0,-12.688789367675781
2020-11-11 15:00:00,42.61034,18.0,-24.610340118408203
2020-11-11 18:00:00,34.53647,17.0,-17.536468505859375
2020-11-11 21:00:00,30.64133,9.0,-21.64133071899414
2020-11-12 00:00:00,74.2948,17.0,-57.2947998046875
2020-11-12 03:00:00,73.60859,13.0,-60.60858917236328
2020-11-12 06:00:00,52.721474,11.0,-41.721473693847656
2020-11-12 09:00:00,43.545242,9.0,-34.54524230957031
2020-11-12 12:00:00,34.53249,10.0,-24.532489776611328
2020-11-12 15:00:00,49.497772,10.0,-39.497772216796875
2020-11-12 18:00:00,56.549423,8.0,-48.54942321777344
2020-11-12 21:00:00,65.02842,14.0,-51.028419494628906
2020-11-13 00:00:00,49.87487,13.0,-36.87487030029297
2020-11-13 03:00:00,57.297256,15.0,-42.29725646972656
2020-11-13 06:00:00,62.064827,16.0,-46.06482696533203
2020-11-13 09:00:00,54.009434,65.0,10.99056625366211
2020-11-13 12:00:00,35.45131,26.0,-9.451309204101562
2020-11-13 15:00:00,48.81906,20.0,-28.819061279296875
2020-11-13 18:00:00,60.385902,24.0,-36.385902404785156
2020-11-13 21:00:00,65.44451,38.0,-27.44451141357422
2020-11-14 00:00:00,79.58624,51.0,-28.58624267578125
2020-11-14 03:00:00,71.31575,28.0,-43.31575012207031
2020-11-14 06:00:00,53.26547,29.0,-24.26546859741211
2020-11-14 09:00:00,31.04651,28.0,-3.046510696411133
2020-11-14 12:00:00,22.87061,14.0,-8.870609283447266
2020-11-14 15:00:00,60.80029,40.0,-20.800289154052734
2020-11-14 18:00:00,88.635826,25.0,-63.635826110839844
2020-11-14 21:00:00,96.90484,39.0,-57.90483856201172
2020-11-15 00:00:00,78.36934,46.0,-32.36933898925781
2020-11-15 03:00:00,79.52781,50.0,-29.527809143066406
2020-11-15 06:00:00,64.48102,33.0,-31.48101806640625
2020-11-15 09:00:00,31.317427,26.0,-5.317426681518555
2020-11-15 12:00:00,34.41812,24.0,-10.418121337890625
2020-11-15 15:00:00,41.536167,33.0,-8.53616714477539
2020-11-15 18:00:00,48.28945,27.0,-21.289451599121094
2020-11-15 21:00:00,51.01219,25.0,-26.012191772460938
2020-11-16 00:00:00,23.009079,48.0,24.990921020507812
2020-11-16 03:00:00,54.32662,31.0,-23.326618194580078
2020-11-16 06:00:00,69.39334,20.0,-49.393341064453125
2020-11-16 09:00:00,72.09058,18.0,-54.09058380126953
2020-11-16 12:00:00,52.36791,30.0,-22.367908477783203
2020-11-16 15:00:00,72.867294,13.0,-59.86729431152344
2020-11-16 18:00:00,71.33923,32.0,-39.3392333984375
2020-11-16 21:00:00,75.47669,32.0,-43.47669219970703
2020-11-17 00:00:00,95.6843,48.0,-47.684303283691406
2020-11-17 03:00:00,88.780266,39.0,-49.78026580810547
2020-11-17 06:00:00,81.38693,33.0,-48.386932373046875
2020-11-17 09:00:00,75.4876,43.0,-32.48760223388672
2020-11-17 12:00:00,63.698223,54.0,-9.698223114013672
2020-11-17 15:00:00,69.85118,34.0,-35.85118103027344
2020-11-17 18:00:00,78.2768,38.0,-40.27680206298828
2020-11-17 21:00:00,78.290665,32.0,-46.29066467285156
2020-11-18 00:00:00,73.60404,41.0,-32.604042053222656
2020-11-18 03:00:00,74.47034,48.0,-26.4703369140625
2020-11-18 06:00:00,68.33795,14.0,-54.33795166015625
2020-11-18 09:00:00,44.447006,53.0,8.552993774414062
2020-11-18 12:00:00,36.93856,37.0,0.06143951416015625
2020-11-18 15:00:00,65.203896,35.0,-30.203895568847656
2020-11-18 18:00:00,82.7539,45.0,-37.75389862060547
2020-11-18 21:00:00,86.2758,39.0,-47.27580261230469
2020-11-19 00:00:00,86.12062,46.0,-40.12062072753906
2020-11-19 03:00:00,88.01101,37.0,-51.011009216308594
2020-11-19 06:00:00,87.03609,21.0,-66.03608703613281
2020-11-19 09:00:00,66.60514,35.0,-31.605140686035156
2020-11-19 12:00:00,41.699535,30.0,-11.699535369873047
2020-11-19 15:00:00,67.23547,33.0,-34.2354736328125
2020-11-19 18:00:00,90.26746,35.0,-55.26746368408203
2020-11-19 21:00:00,97.37135,38.0,-59.37135314941406
2020-11-20 00:00:00,90.641205,41.0,-49.641204833984375
2020-11-20 03:00:00,82.41375,44.0,-38.41374969482422
2020-11-20 06:00:00,58.066917,58.0,-0.06691741943359375
2020-11-20 09:00:00,49.29356,42.0,-7.293560028076172
2020-11-20 12:00:00,51.569828,34.0,-17.569828033447266
2020-11-20 15:00:00,52.936172,32.0,-20.936172485351562
2020-11-20 18:00:00,40.538227,28.0,-12.538227081298828
2020-11-20 21:00:00,45.20484,31.0,-14.204841613769531
2020-11-21 00:00:00,71.11544,49.0,-22.115440368652344
2020-11-21 03:00:00,108.373344,36.0,-72.37334442138672
2020-11-21 06:00:00,148.93874,31.0,-117.93873596191406
2020-11-21 09:00:00,149.96089,42.0,-107.96089172363281
2020-11-21 12:00:00,136.1468,66.0,-70.14680480957031
2020-11-21 15:00:00,153.75093,74.0,-79.75093078613281
2020-11-21 18:00:00,178.50653,47.0,-131.50653076171875
2020-11-22 00:00:00,201.50072,89.0,-112.50071716308594
2020-11-22 03:00:00,176.71408,62.0,-114.71408081054688
2020-11-22 06:00:00,143.74596,17.0,-126.74595642089844
2020-11-22 09:00:00,110.85547,21.0,-89.85546875
2020-11-22 12:00:00,61.228092,21.0,-40.228092193603516
2020-11-22 15:00:00,70.7268,48.0,-22.72679901123047
2020-11-23 00:00:00,108.3954,13.0,-95.39540100097656
2020-11-23 03:00:00,99.132195,27.0,-72.13219451904297
2020-11-23 06:00:00,76.44587,42.0,-34.44586944580078
2020-11-23 09:00:00,42.23648,27.0,-15.236480712890625
2020-11-23 12:00:00,40.17005,21.0,-19.17005157470703
2020-11-23 15:00:00,59.456738,10.0,-49.45673751831055
2020-11-23 18:00:00,73.72887,14.0,-59.72886657714844
2020-11-23 21:00:00,74.25012,32.0,-42.2501220703125
2020-11-24 00:00:00,64.176674,22.0,-42.176673889160156
2020-11-24 03:00:00,72.86553,21.0,-51.86553192138672
2020-11-24 06:00:00,71.466385,27.0,-44.46638488769531
2020-11-24 09:00:00,56.48417,27.0,-29.484169006347656
2020-11-24 12:00:00,32.07043,16.0,-16.070430755615234
2020-11-24 15:00:00,59.59981,12.0,-47.59981155395508
2020-11-24 18:00:00,81.88192,11.0,-70.88191986083984
2020-11-24 21:00:00,84.47137,20.0,-64.47136688232422
2020-11-25 00:00:00,83.2747,19.0,-64.27469635009766
2020-11-25 03:00:00,102.593956,26.0,-76.59395599365234
2020-11-25 06:00:00,80.09539,28.0,-52.09539031982422
2020-11-25 09:00:00,36.1498,40.0,3.850200653076172
2020-11-25 12:00:00,33.19542,23.0,-10.195419311523438
2020-11-25 15:00:00,52.065502,23.0,-29.065502166748047
2020-11-25 18:00:00,50.98701,31.0,-19.987010955810547
2020-11-25 21:00:00,43.660294,23.0,-20.660293579101562
2020-11-26 00:00:00,28.043018,48.0,19.956981658935547
2020-11-26 03:00:00,41.163616,22.0,-19.163616180419922
2020-11-26 06:00:00,64.85766,28.0,-36.85765838623047
2020-11-26 09:00:00,83.98237,27.0,-56.98236846923828
2020-11-26 12:00:00,84.362114,53.0,-31.36211395263672
2020-11-26 15:00:00,101.33573,34.0,-67.33573150634766
2020-11-26 18:00:00,101.43828,43.0,-58.43827819824219
2020-11-26 21:00:00,105.26213,50.0,-55.26213073730469
2020-11-27 00:00:00,140.23056,34.0,-106.23056030273438
2020-11-27 03:00:00,179.58018,32.0,-147.58018493652344
2020-11-27 06:00:00,170.13553,43.0,-127.13552856445312
2020-11-27 09:00:00,71.374954,47.0,-24.374954223632812
2020-11-27 12:00:00,35.018017,23.0,-12.018016815185547
2020-11-27 15:00:00,67.3607,25.0,-42.36070251464844
2020-11-27 18:00:00,73.95261,28.0,-45.952606201171875
2020-11-27 21:00:00,75.44259,106.0,30.557411193847656
2020-11-28 00:00:00,80.211975,43.0,-37.21197509765625
2020-11-28 03:00:00,91.791664,54.0,-37.791664123535156
2020-11-28 06:00:00,98.92665,45.0,-53.92665100097656
2020-11-28 09:00:00,89.58022,38.0,-51.580223083496094
2020-11-28 12:00:00,58.224487,10.0,-48.2244873046875
2020-11-28 15:00:00,76.57581,24.0,-52.57581329345703
2020-11-28 18:00:00,66.852295,23.0,-43.852294921875
2020-11-28 21:00:00,63.33579,17.0,-46.33578872680664
2020-11-29 00:00:00,45.164825,10.0,-35.164825439453125
2020-11-29 03:00:00,79.63041,20.0,-59.630409240722656
2020-11-29 06:00:00,98.18655,12.0,-86.1865463256836
2020-11-29 09:00:00,103.14455,12.0,-91.14454650878906
2020-11-29 12:00:00,77.78886,15.0,-62.788856506347656
2020-11-29 15:00:00,60.59804,12.0,-48.59804153442383
2020-11-29 18:00:00,55.239754,20.0,-35.23975372314453
2020-11-29 21:00:00,55.14892,22.0,-33.14891815185547
2020-11-30 00:00:00,90.394,42.0,-48.39399719238281
2020-11-30 03:00:00,77.5421,46.0,-31.542098999023438
2020-11-30 06:00:00,68.05931,35.0,-33.05931091308594
2020-11-30 09:00:00,51.573692,47.0,-4.573692321777344
2020-11-30 12:00:00,63.57004,42.0,-21.57004165649414
2020-11-30 15:00:00,92.37681,49.0,-43.376808166503906
2020-11-30 18:00:00,107.67576,23.0,-84.6757583618164
2020-11-30 21:00:00,108.92978,48.0,-60.929779052734375
2020-12-01 00:00:00,97.923416,49.0,-48.92341613769531
2020-12-01 03:00:00,87.24487,52.0,-35.244873046875
2020-12-01 06:00:00,80.446884,56.0,-24.446884155273438
2020-12-01 09:00:00,62.409924,56.0,-6.409923553466797
2020-12-01 12:00:00,55.209454,70.0,14.790546417236328
2020-12-01 15:00:00,79.786446,51.0,-28.78644561767578
2020-12-01 18:00:00,79.43902,55.0,-24.43901824951172
2020-12-01 21:00:00,70.73237,33.0,-37.73236846923828
2020-12-02 00:00:00,54.4901,53.0,-1.4901008605957031
2020-12-02 03:00:00,70.463554,21.0,-49.46355438232422
2020-12-02 06:00:00,70.91694,23.0,-47.91693878173828
2020-12-02 09:00:00,64.903244,30.0,-34.90324401855469
2020-12-02 12:00:00,63.40065,30.0,-33.40065002441406
2020-12-02 15:00:00,85.142914,33.0,-52.142913818359375
2020-12-02 18:00:00,76.81683,31.0,-45.81683349609375
2020-12-02 21:00:00,59.914043,18.0,-41.91404342651367
2020-12-03 00:00:00,68.35722,17.0,-51.35722351074219
2020-12-03 03:00:00,87.27545,13.0,-74.27545166015625
2020-12-03 06:00:00,73.48183,14.0,-59.48182678222656
2020-12-03 09:00:00,57.59182,14.0,-43.591819763183594
2020-12-03 12:00:00,58.682587,30.0,-28.682586669921875
2020-12-03 15:00:00,89.444824,46.0,-43.44482421875
2020-12-03 18:00:00,114.25334,25.0,-89.25334167480469
2020-12-04 00:00:00,84.74808,21.0,-63.748077392578125
2020-12-04 03:00:00,83.18125,27.0,-56.181251525878906
2020-12-04 06:00:00,79.06226,28.0,-51.06226348876953
2020-12-04 09:00:00,62.87115,30.0,-32.871150970458984
2020-12-04 12:00:00,59.95872,33.0,-26.958721160888672
2020-12-04 15:00:00,93.215935,44.0,-49.21593475341797
2020-12-04 18:00:00,92.7929,51.0,-41.79290008544922
2020-12-04 21:00:00,86.29832,33.0,-53.298316955566406
2020-12-05 00:00:00,70.31167,34.0,-36.311668395996094
2020-12-05 03:00:00,80.85237,38.0,-42.85237121582031
2020-12-05 06:00:00,89.667366,46.0,-43.66736602783203
2020-12-05 09:00:00,83.74098,58.0,-25.740982055664062
2020-12-05 12:00:00,80.46186,73.0,-7.461860656738281
2020-12-06 00:00:00,44.899364,28.0,-16.899364471435547
2020-12-06 03:00:00,45.687386,12.0,-33.68738555908203
2020-12-06 06:00:00,38.402107,29.0,-9.402107238769531
2020-12-06 09:00:00,34.61119,40.0,5.3888092041015625
2020-12-06 12:00:00,51.075233,20.0,-31.075233459472656
2020-12-06 15:00:00,76.7468,31.0,-45.746803283691406
2020-12-06 18:00:00,80.415245,35.0,-45.415245056152344
2020-12-06 21:00:00,76.29052,37.0,-39.29051971435547
2020-12-07 00:00:00,69.66366,29.0,-40.663658142089844
2020-12-07 03:00:00,71.31166,26.0,-45.31166076660156
2020-12-07 06:00:00,64.44276,29.0,-35.44275665283203
2020-12-07 09:00:00,50.773792,33.0,-17.773792266845703
2020-12-07 12:00:00,35.39816,29.0,-6.398159027099609
2020-12-07 15:00:00,62.988308,20.0,-42.98830795288086
2020-12-07 18:00:00,69.292984,22.0,-47.29298400878906
2020-12-07 21:00:00,66.76248,26.0,-40.762481689453125
2020-12-08 00:00:00,53.104088,24.0,-29.104087829589844
2020-12-08 03:00:00,56.136513,25.0,-31.136512756347656
2020-12-08 06:00:00,52.40213,28.0,-24.402130126953125
2020-12-08 09:00:00,29.87656,27.0,-2.8765602111816406
2020-12-08 12:00:00,27.796204,34.0,6.20379638671875
2020-12-08 15:00:00,66.01374,17.0,-49.01374053955078
2020-12-08 18:00:00,80.78666,23.0,-57.786659240722656
2020-12-08 21:00:00,80.24813,22.0,-58.248130798339844
2020-12-09 00:00:00,109.69825,38.0,-71.69824981689453
2020-12-09 03:00:00,124.75687,43.0,-81.75686645507812
2020-12-09 06:00:00,122.57669,38.0,-84.57669067382812
2020-12-09 09:00:00,65.81825,46.0,-19.818252563476562
2020-12-09 12:00:00,64.170425,22.0,-42.17042541503906
2020-12-09 15:00:00,139.0685,47.0,-92.06849670410156
2020-12-09 21:00:00,190.20735,52.0,-138.2073516845703
2020-12-10 00:00:00,129.37698,53.0,-76.37698364257812
2020-12-10 03:00:00,121.3333,58.0,-63.33329772949219
2020-12-10 06:00:00,98.38123,60.0,-38.38123321533203
2020-12-10 09:00:00,60.09958,21.0,-39.099578857421875
2020-12-10 12:00:00,30.77264,48.0,17.227359771728516
2020-12-10 15:00:00,73.319885,42.0,-31.31988525390625
2020-12-10 18:00:00,81.12301,41.0,-40.123008728027344
2020-12-10 21:00:00,75.87596,27.0,-48.87596130371094
2020-12-11 00:00:00,99.60263,34.0,-65.60263061523438
2020-12-11 03:00:00,92.47003,42.0,-50.47003173828125
2020-12-11 06:00:00,82.69865,48.0,-34.698646545410156
2020-12-11 09:00:00,57.987904,40.0,-17.987903594970703
2020-12-11 12:00:00,41.301006,41.0,-0.3010063171386719
2020-12-13 09:00:00,57.86717,43.0,-14.867168426513672
2020-12-13 12:00:00,64.59698,35.0,-29.59697723388672
2020-12-13 15:00:00,102.398926,32.0,-70.39892578125
2020-12-13 18:00:00,108.425865,31.0,-77.42586517333984
2020-12-13 21:00:00,96.918144,26.0,-70.91814422607422
2020-12-14 00:00:00,115.831314,37.0,-78.83131408691406
2020-12-14 03:00:00,125.06689,34.0,-91.06688690185547
2020-12-14 06:00:00,123.49511,51.0,-72.49510955810547
2020-12-14 09:00:00,83.23852,60.0,-23.23851776123047
2020-12-14 12:00:00,60.1587,53.0,-7.158699035644531
2020-12-14 15:00:00,125.614235,42.0,-83.6142349243164
2020-12-14 18:00:00,165.83134,51.0,-114.83134460449219
2020-12-14 21:00:00,162.85025,83.0,-79.85025024414062
2020-12-15 00:00:00,152.83968,78.0,-74.83967590332031
2020-12-15 03:00:00,150.68655,69.0,-81.68655395507812
2020-12-15 06:00:00,120.44166,63.0,-57.44165802001953
2020-12-15 09:00:00,53.42366,52.0,-1.4236602783203125
2020-12-15 12:00:00,63.878643,42.0,-21.878643035888672
2020-12-15 15:00:00,84.95539,47.0,-37.95539093017578
2020-12-15 18:00:00,71.63084,36.0,-35.630836486816406
2020-12-15 21:00:00,70.1184,45.0,-25.11840057373047
2020-12-16 00:00:00,65.15529,37.0,-28.155288696289062
2020-12-16 03:00:00,82.9715,34.0,-48.97149658203125
2020-12-16 06:00:00,107.521484,33.0,-74.521484375
2020-12-16 09:00:00,119.558136,28.0,-91.55813598632812
2020-12-16 12:00:00,143.4324,29.0,-114.43240356445312
2020-12-16 15:00:00,162.1629,39.0,-123.16290283203125
2020-12-16 18:00:00,137.58694,65.0,-72.58694458007812
2020-12-16 21:00:00,124.866066,48.0,-76.8660659790039
2020-12-17 00:00:00,116.74058,44.0,-72.7405776977539
2020-12-17 03:00:00,137.80823,36.0,-101.8082275390625
2020-12-17 06:00:00,126.29482,44.0,-82.2948226928711
2020-12-17 09:00:00,138.16455,38.0,-100.16455078125
2020-12-17 12:00:00,146.9108,31.0,-115.91079711914062
2020-12-17 15:00:00,206.80801,44.0,-162.80801391601562
2020-12-17 18:00:00,167.97617,35.0,-132.97616577148438
2020-12-17 21:00:00,94.47348,50.0,-44.473480224609375
2020-12-18 00:00:00,100.637695,39.0,-61.6376953125
2020-12-18 03:00:00,99.797035,42.0,-57.797035217285156
2020-12-18 06:00:00,99.71325,26.0,-73.71324920654297
2020-12-18 09:00:00,74.003,23.0,-51.00299835205078
2020-12-18 12:00:00,63.5728,30.0,-33.57279968261719
2020-12-18 15:00:00,110.64861,40.0,-70.64861297607422
2020-12-18 18:00:00,129.08049,51.0,-78.08049011230469
2020-12-18 21:00:00,119.74811,71.0,-48.74810791015625
2020-12-19 12:00:00,97.27495,56.0,-41.27494812011719
2020-12-19 15:00:00,119.55336,80.0,-39.55335998535156
2020-12-19 18:00:00,121.061134,83.0,-38.061134338378906
2020-12-19 21:00:00,107.890686,82.0,-25.89068603515625
2020-12-20 00:00:00,137.9841,80.0,-57.984100341796875
2020-12-20 03:00:00,132.24599,59.0,-73.24598693847656
2020-12-20 06:00:00,123.70583,76.0,-47.705833435058594
2020-12-20 09:00:00,96.01342,87.0,-9.013420104980469
2020-12-20 12:00:00,58.911552,68.0,9.088447570800781
2020-12-20 15:00:00,89.287766,54.0,-35.28776550292969
2020-12-20 18:00:00,98.78681,51.0,-47.78681182861328
2020-12-20 21:00:00,86.40222,43.0,-43.4022216796875
2020-12-21 00:00:00,84.746376,43.0,-41.746376037597656
2020-12-21 03:00:00,85.18146,55.0,-30.18145751953125
2020-12-21 06:00:00,84.97284,47.0,-37.97283935546875
2020-12-21 09:00:00,63.869747,37.0,-26.869747161865234
2020-12-22 00:00:00,78.88457,48.0,-30.884567260742188
2020-12-22 03:00:00,73.46568,41.0,-32.46568298339844
2020-12-22 06:00:00,67.53885,41.0,-26.538848876953125
2020-12-22 09:00:00,43.9141,49.0,5.085899353027344
2020-12-22 12:00:00,28.887087,34.0,5.112913131713867
2020-12-22 15:00:00,67.13384,15.0,-52.13384246826172
2020-12-22 18:00:00,94.34547,25.0,-69.34546661376953
2020-12-22 21:00:00,114.37578,26.0,-88.37577819824219
2020-12-23 00:00:00,150.36432,32.0,-118.36431884765625
2020-12-23 03:00:00,162.13489,51.0,-111.1348876953125
2020-12-23 06:00:00,148.62042,40.0,-108.62042236328125
2020-12-23 09:00:00,84.06482,37.0,-47.0648193359375
2020-12-23 12:00:00,88.56614,38.0,-50.566139221191406
2020-12-23 15:00:00,110.44108,37.0,-73.44107818603516
2020-12-23 18:00:00,89.140884,42.0,-47.14088439941406
2020-12-23 21:00:00,106.21119,33.0,-73.21118927001953
2020-12-24 00:00:00,89.85449,36.0,-53.8544921875
2020-12-24 03:00:00,76.99384,22.0,-54.99384307861328
2020-12-24 06:00:00,66.43904,35.0,-31.439041137695312
2020-12-24 09:00:00,58.15582,45.0,-13.155818939208984
2020-12-24 12:00:00,50.73895,52.0,1.2610511779785156
2020-12-24 15:00:00,72.40561,23.0,-49.405609130859375
2020-12-24 18:00:00,79.49461,23.0,-56.49461364746094
2020-12-24 21:00:00,78.50485,31.0,-47.504852294921875
2020-12-25 00:00:00,83.63622,33.0,-50.63622283935547
2020-12-25 03:00:00,72.13157,27.0,-45.131568908691406
2020-12-25 06:00:00,53.496025,34.0,-19.49602508544922
2020-12-25 09:00:00,29.198105,21.0,-8.198104858398438
2020-12-25 12:00:00,34.619633,6.0,-28.619632720947266
2020-12-25 15:00:00,55.66119,12.0,-43.661190032958984
2020-12-25 18:00:00,63.157642,5.0,-58.15764236450195
2020-12-25 21:00:00,61.10713,12.0,-49.10712814331055
2020-12-26 00:00:00,47.214485,21.0,-26.21448516845703
2020-12-26 03:00:00,49.161827,24.0,-25.161827087402344
2020-12-26 06:00:00,53.058216,13.0,-40.0582160949707
2020-12-26 09:00:00,43.023563,33.0,-10.023563385009766
2020-12-26 12:00:00,25.135649,10.0,-15.135648727416992
2020-12-26 15:00:00,54.530857,11.0,-43.53085708618164
2020-12-26 18:00:00,68.66691,10.0,-58.666908264160156
2020-12-26 21:00:00,61.98002,10.0,-51.980018615722656
2020-12-27 00:00:00,45.08763,23.0,-22.087631225585938
2020-12-27 03:00:00,50.84769,33.0,-17.84769058227539
2020-12-27 06:00:00,50.42284,30.0,-20.422840118408203
2020-12-27 09:00:00,43.09908,37.0,-6.099079132080078
2020-12-27 12:00:00,43.405178,31.0,-12.40517807006836
2020-12-27 15:00:00,67.58165,17.0,-50.58164978027344
2020-12-27 18:00:00,84.172935,17.0,-67.17293548583984
2020-12-27 21:00:00,81.14728,33.0,-48.14727783203125
2020-12-28 00:00:00,50.81449,43.0,-7.814491271972656
2020-12-28 03:00:00,43.98737,21.0,-22.987369537353516
2020-12-28 06:00:00,45.648903,24.0,-21.648902893066406
2020-12-28 09:00:00,34.617302,24.0,-10.617301940917969
2020-12-28 12:00:00,13.253782,20.0,6.746217727661133
2020-12-28 15:00:00,55.45411,17.0,-38.45410919189453
2020-12-28 18:00:00,91.30372,26.0,-65.30371856689453
2020-12-28 21:00:00,78.36741,37.0,-41.367408752441406
2020-12-29 00:00:00,102.59896,33.0,-69.59896087646484
2020-12-29 03:00:00,95.53264,23.0,-72.53263854980469
2020-12-29 06:00:00,85.45476,19.0,-66.45475769042969
2020-12-29 09:00:00,50.812447,25.0,-25.81244659423828
2020-12-29 12:00:00,59.705826,15.0,-44.70582580566406
2020-12-29 15:00:00,88.91152,14.0,-74.9115219116211
2020-12-29 18:00:00,93.896,21.0,-72.89600372314453
2020-12-29 21:00:00,81.361916,19.0,-62.361915588378906
2020-12-30 00:00:00,74.33255,31.0,-43.332550048828125
2020-12-30 03:00:00,71.72548,28.0,-43.72547912597656
2020-12-30 06:00:00,76.13971,32.0,-44.13970947265625
2020-12-30 09:00:00,74.66929,30.0,-44.669288635253906
2020-12-30 12:00:00,65.12431,34.0,-31.124313354492188
2020-12-30 15:00:00,107.28729,37.0,-70.28729248046875
2020-12-30 18:00:00,135.95992,31.0,-104.95991516113281
2020-12-30 21:00:00,118.409164,27.0,-91.40916442871094
2020-12-31 00:00:00,104.571884,34.0,-70.57188415527344
2020-12-31 03:00:00,100.84102,33.0,-67.84101867675781
2020-12-31 06:00:00,106.57038,40.0,-66.57038116455078
2020-12-31 09:00:00,68.42277,42.0,-26.422767639160156
2020-12-31 12:00:00,58.90746,58.0,-0.9074592590332031
2020-12-31 15:00:00,99.7685,47.0,-52.76850128173828
2020-12-31 18:00:00,137.49173,56.0,-81.49172973632812
2020-12-31 21:00:00,136.63725,52.0,-84.63725280761719
2021-01-01 00:00:00,135.21663,67.0,-68.21662902832031
2021-01-01 03:00:00,124.342026,37.0,-87.34202575683594
2021-01-01 06:00:00,129.72685,51.0,-78.72685241699219
2021-01-01 09:00:00,79.02139,56.0,-23.021392822265625
2021-01-01 12:00:00,46.89093,68.0,21.10906982421875
2021-01-01 15:00:00,68.46562,67.0,-1.4656219482421875
2021-01-01 18:00:00,101.131096,72.0,-29.13109588623047
2021-01-01 21:00:00,127.81993,77.0,-50.81993103027344
2021-01-02 00:00:00,105.88048,67.0,-38.88047790527344
2021-01-02 03:00:00,85.28895,66.0,-19.28894805908203
2021-01-02 06:00:00,72.79539,91.0,18.204612731933594
2021-01-02 09:00:00,34.966774,130.0,95.0332260131836
2021-01-02 12:00:00,31.071323,73.0,41.92867660522461
2021-01-02 15:00:00,78.201706,74.0,-4.2017059326171875
2021-01-02 18:00:00,112.35477,61.0,-51.354766845703125
2021-01-02 21:00:00,101.77564,73.0,-28.77564239501953
2021-01-03 00:00:00,104.173065,85.0,-19.173065185546875
2021-01-03 03:00:00,101.663315,89.0,-12.663314819335938
2021-01-03 06:00:00,100.083755,72.0,-28.083755493164062
2021-01-03 09:00:00,70.75147,49.0,-21.75147247314453
2021-01-03 12:00:00,48.67411,91.0,42.325889587402344
2021-01-03 15:00:00,87.76055,73.0,-14.760551452636719
2021-01-03 18:00:00,122.95573,64.0,-58.955726623535156
2021-01-03 21:00:00,129.38074,42.0,-87.3807373046875
2021-01-04 00:00:00,117.49131,60.0,-57.491310119628906
2021-01-04 03:00:00,106.721924,41.0,-65.721923828125
2021-01-04 06:00:00,93.44535,51.0,-42.445350646972656
2021-01-04 09:00:00,56.49764,44.0,-12.497638702392578
2021-01-04 12:00:00,35.99905,44.0,8.00094985961914
2021-01-04 15:00:00,82.611336,26.0,-56.61133575439453
2021-01-04 18:00:00,116.39417,31.0,-85.39417266845703
2021-01-04 21:00:00,107.450264,33.0,-74.45026397705078
2021-01-05 00:00:00,104.69791,39.0,-65.69790649414062
2021-01-05 03:00:00,102.20663,35.0,-67.20662689208984
2021-01-05 06:00:00,96.97868,50.0,-46.97868347167969
2021-01-05 09:00:00,73.48271,64.0,-9.482711791992188
2021-01-05 12:00:00,49.084377,57.0,7.915622711181641
2021-01-05 15:00:00,100.09927,35.0,-65.09927368164062
2021-01-05 18:00:00,147.69205,59.0,-88.69204711914062
2021-01-05 21:00:00,133.96141,55.0,-78.96141052246094
2021-01-06 00:00:00,104.97002,68.0,-36.97001647949219
2021-01-06 03:00:00,89.90719,59.0,-30.907188415527344
2021-01-06 06:00:00,83.78982,35.0,-48.789817810058594
2021-01-06 09:00:00,47.35969,41.0,-6.359691619873047
2021-01-06 12:00:00,29.075438,27.0,-2.075437545776367
2021-01-06 15:00:00,66.04705,27.0,-39.04705047607422
2021-01-06 18:00:00,113.3854,15.0,-98.3853988647461
2021-01-06 21:00:00,111.742226,22.0,-89.74222564697266
2021-01-07 00:00:00,125.49355,33.0,-92.4935531616211
2021-01-07 03:00:00,112.38717,32.0,-80.38716888427734
2021-01-07 06:00:00,104.78141,52.0,-52.781410217285156
2021-01-07 09:00:00,62.10604,48.0,-14.106040954589844
2021-01-07 12:00:00,44.010277,69.0,24.989723205566406
2021-01-07 15:00:00,84.97778,46.0,-38.977783203125
2021-01-07 18:00:00,144.61853,54.0,-90.6185302734375
2021-01-07 21:00:00,164.64696,67.0,-97.64695739746094
2021-01-08 00:00:00,132.87968,69.0,-63.87968444824219
2021-01-08 03:00:00,117.330956,66.0,-51.330955505371094
2021-01-08 06:00:00,111.52758,61.0,-50.52758026123047
2021-01-08 09:00:00,40.834152,53.0,12.165847778320312
2021-01-08 12:00:00,38.176495,49.0,10.823505401611328
2021-01-08 15:00:00,91.16434,48.0,-43.164337158203125
2021-01-08 18:00:00,151.89209,69.0,-82.89208984375
2021-01-08 21:00:00,146.90761,64.0,-82.90760803222656
2021-01-09 00:00:00,131.57608,74.0,-57.576080322265625
2021-01-09 03:00:00,103.90215,65.0,-38.90215301513672
2021-01-09 06:00:00,98.55495,61.0,-37.55494689941406
2021-01-09 09:00:00,54.981995,70.0,15.01800537109375
2021-01-09 12:00:00,54.181614,54.0,-0.18161392211914062
2021-01-09 15:00:00,102.824684,47.0,-55.824684143066406
2021-01-09 18:00:00,160.63058,45.0,-115.63058471679688
2021-01-09 21:00:00,166.19191,58.0,-108.19190979003906
2021-01-10 00:00:00,121.82295,64.0,-57.82295227050781
2021-01-10 03:00:00,106.279915,63.0,-43.27991485595703
2021-01-10 06:00:00,100.55879,64.0,-36.55879211425781
2021-01-10 09:00:00,55.039608,75.0,19.960391998291016
2021-01-10 12:00:00,48.428604,56.0,7.5713958740234375
2021-01-10 15:00:00,85.94134,40.0,-45.94133758544922
2021-01-10 18:00:00,111.09523,71.0,-40.09523010253906
2021-01-10 21:00:00,99.45984,67.0,-32.4598388671875
2021-01-11 00:00:00,77.96666,60.0,-17.966659545898438
2021-01-11 03:00:00,70.05883,75.0,4.941169738769531
2021-01-11 06:00:00,67.861946,73.0,5.138053894042969
2021-01-11 09:00:00,50.1459,57.0,6.854099273681641
2021-01-11 12:00:00,42.45885,49.0,6.541149139404297
2021-01-11 15:00:00,69.976295,54.0,-15.976295471191406
2021-01-11 18:00:00,89.30056,47.0,-42.300559997558594
2021-01-11 21:00:00,85.70328,47.0,-38.703277587890625
2021-01-12 00:00:00,77.97076,40.0,-37.97075653076172
2021-01-12 03:00:00,80.00325,36.0,-44.00325012207031
2021-01-12 06:00:00,75.75386,33.0,-42.75386047363281
2021-01-12 09:00:00,61.466778,48.0,-13.466777801513672
2021-01-12 12:00:00,57.913383,36.0,-21.91338348388672
2021-01-12 15:00:00,85.56492,26.0,-59.564918518066406
2021-01-12 18:00:00,103.99844,25.0,-78.99844360351562
2021-01-12 21:00:00,101.42594,33.0,-68.42594146728516
2021-01-13 00:00:00,87.63709,36.0,-51.63709259033203
2021-01-13 03:00:00,92.40284,45.0,-47.40283966064453
2021-01-13 06:00:00,95.74569,40.0,-55.745689392089844
2021-01-13 09:00:00,73.066986,58.0,-15.066986083984375
2021-01-13 12:00:00,53.766144,57.0,3.233856201171875
2021-01-13 15:00:00,97.103226,50.0,-47.10322570800781
2021-01-13 18:00:00,154.28362,33.0,-121.28361511230469
2021-01-13 21:00:00,168.28482,47.0,-121.28482055664062
2021-01-14 00:00:00,170.03503,80.0,-90.0350341796875
2021-01-14 03:00:00,169.16113,37.0,-132.1611328125
2021-01-14 06:00:00,135.26051,36.0,-99.26051330566406
2021-01-14 09:00:00,63.216476,31.0,-32.21647644042969
2021-01-14 12:00:00,62.026173,26.0,-36.02617263793945
2021-01-14 15:00:00,90.390526,28.0,-62.390525817871094
2021-01-14 18:00:00,77.203766,27.0,-50.203765869140625
2021-01-14 21:00:00,62.48291,25.0,-37.48291015625
2021-01-15 00:00:00,66.93949,24.0,-42.939491271972656
2021-01-15 03:00:00,63.901154,34.0,-29.901153564453125
2021-01-15 06:00:00,77.467804,39.0,-38.467803955078125
2021-01-15 09:00:00,107.829575,30.0,-77.82957458496094
2021-01-15 12:00:00,121.22735,24.0,-97.22734832763672
2021-01-15 15:00:00,167.83179,24.0,-143.831787109375
2021-01-15 18:00:00,197.11746,26.0,-171.11746215820312
2021-01-15 21:00:00,170.04573,44.0,-126.04573059082031
2021-01-16 00:00:00,115.07814,55.0,-60.07814025878906
2021-01-16 03:00:00,100.234276,61.0,-39.234275817871094
2021-01-16 06:00:00,91.926384,60.0,-31.92638397216797
2021-01-16 09:00:00,62.042885,58.0,-4.042884826660156
2021-01-16 12:00:00,59.948376,49.0,-10.948375701904297
2021-01-16 15:00:00,105.02521,36.0,-69.02520751953125
2021-01-16 18:00:00,160.8945,36.0,-124.89450073242188
2021-01-16 21:00:00,158.82687,68.0,-90.82687377929688
2021-01-17 00:00:00,159.91077,69.0,-90.9107666015625
2021-01-17 03:00:00,150.36789,92.0,-58.367889404296875
2021-01-17 06:00:00,127.7042,92.0,-35.704200744628906
2021-01-17 09:00:00,60.435013,75.0,14.564987182617188
2021-01-17 12:00:00,63.22267,56.0,-7.2226715087890625
2021-01-17 15:00:00,106.57118,58.0,-48.57118225097656
2021-01-17 18:00:00,150.85191,54.0,-96.85191345214844
2021-01-17 21:00:00,137.45454,38.0,-99.45454406738281
2021-01-18 00:00:00,61.04267,17.0,-44.04267120361328
2021-01-18 03:00:00,76.30592,10.0,-66.30592346191406
2021-01-18 06:00:00,86.73663,17.0,-69.73663330078125
2021-01-18 09:00:00,67.910095,23.0,-44.91009521484375
2021-01-18 12:00:00,65.32867,29.0,-36.32866668701172
2021-01-18 15:00:00,92.71872,40.0,-52.718719482421875
2021-01-18 18:00:00,118.72498,38.0,-80.72498321533203
2021-01-18 21:00:00,111.52201,38.0,-73.52201080322266
2021-01-19 00:00:00,110.64754,52.0,-58.64753723144531
2021-01-19 03:00:00,114.88055,66.0,-48.88054656982422
2021-01-19 06:00:00,114.663635,54.0,-60.66363525390625
2021-01-19 09:00:00,50.82333,49.0,-1.8233299255371094
2021-01-19 12:00:00,47.33022,17.0,-30.330219268798828
2021-01-19 15:00:00,86.74118,20.0,-66.74118041992188
2021-01-19 18:00:00,144.62592,27.0,-117.62591552734375
2021-01-19 21:00:00,156.39899,34.0,-122.39898681640625
2021-01-20 00:00:00,117.55264,37.0,-80.55264282226562
2021-01-20 03:00:00,117.54446,35.0,-82.5444564819336
2021-01-20 06:00:00,85.04389,22.0,-63.04389190673828
2021-01-20 09:00:00,33.49709,37.0,3.502910614013672
2021-01-20 12:00:00,29.201202,16.0,-13.201202392578125
2021-01-20 15:00:00,75.22346,21.0,-54.22345733642578
2021-01-20 18:00:00,152.55489,16.0,-136.5548858642578
2021-01-20 21:00:00,148.73671,80.0,-68.73670959472656
2021-01-21 00:00:00,144.09329,98.0,-46.093292236328125
2021-01-21 03:00:00,133.8667,29.0,-104.86669921875
2021-01-21 06:00:00,117.69089,29.0,-88.69088745117188
2021-01-21 09:00:00,61.254185,16.0,-45.25418472290039
2021-01-21 12:00:00,58.885746,32.0,-26.885746002197266
2021-01-21 15:00:00,68.53497,20.0,-48.53497314453125
2021-01-21 18:00:00,74.705215,15.0,-59.70521545410156
2021-01-21 21:00:00,78.8375,14.0,-64.8375015258789
2021-01-22 00:00:00,76.01693,20.0,-56.016929626464844
2021-01-22 03:00:00,79.91571,17.0,-62.91571044921875
2021-01-22 06:00:00,81.56394,21.0,-60.563941955566406
2021-01-22 09:00:00,59.518356,14.0,-45.51835632324219
2021-01-22 12:00:00,44.706665,17.0,-27.7066650390625
2021-01-22 15:00:00,60.090317,12.0,-48.09031677246094
2021-01-22 18:00:00,77.88174,4.0,-73.8817367553711
2021-01-22 21:00:00,83.243546,17.0,-66.24354553222656
2021-01-23 00:00:00,97.01012,12.0,-85.01011657714844
2021-01-23 03:00:00,95.169525,24.0,-71.16952514648438
2021-01-23 06:00:00,86.36448,20.0,-66.3644790649414
2021-01-23 09:00:00,56.47348,23.0,-33.473480224609375
2021-01-23 12:00:00,35.929474,10.0,-25.929473876953125
2021-01-23 15:00:00,63.021675,14.0,-49.02167510986328
2021-01-23 18:00:00,93.38191,14.0,-79.38191223144531
2021-01-23 21:00:00,89.977905,19.0,-70.9779052734375
2021-01-24 00:00:00,92.62953,27.0,-65.62953186035156
2021-01-24 03:00:00,88.998604,19.0,-69.99860382080078
2021-01-24 06:00:00,87.00522,17.0,-70.00521850585938
2021-01-24 09:00:00,59.358,29.0,-30.358001708984375
2021-01-24 12:00:00,55.4428,31.0,-24.442798614501953
2021-01-24 15:00:00,89.3375,24.0,-65.3375015258789
2021-01-24 18:00:00,135.44786,28.0,-107.44786071777344
2021-01-24 21:00:00,126.639175,33.0,-93.63917541503906
2021-01-25 00:00:00,85.51956,52.0,-33.519561767578125
2021-01-25 03:00:00,84.18942,42.0,-42.189422607421875
2021-01-25 06:00:00,88.092064,55.0,-33.092063903808594
2021-01-25 09:00:00,62.462986,48.0,-14.46298599243164
2021-01-25 12:00:00,76.002945,44.0,-32.00294494628906
2021-01-25 15:00:00,112.34448,48.0,-64.344482421875
2021-01-25 18:00:00,157.89021,43.0,-114.89021301269531
2021-01-25 21:00:00,162.24066,48.0,-114.24066162109375
2021-01-26 00:00:00,159.55539,71.0,-88.55538940429688
2021-01-26 03:00:00,171.65121,82.0,-89.65121459960938
2021-01-26 06:00:00,166.70622,77.0,-89.70622253417969
2021-01-26 09:00:00,113.2392,74.0,-39.23919677734375
2021-01-26 12:00:00,75.847824,53.0,-22.847824096679688
2021-01-26 15:00:00,109.41471,40.0,-69.41471099853516
2021-01-26 18:00:00,143.6544,54.0,-89.65440368652344
2021-01-26 21:00:00,151.57173,67.0,-84.57173156738281
2021-01-27 00:00:00,140.9877,78.0,-62.987701416015625
2021-01-27 03:00:00,132.3359,78.0,-54.335906982421875
2021-01-27 06:00:00,137.34814,82.0,-55.34814453125
2021-01-27 09:00:00,87.85554,69.0,-18.85553741455078
2021-01-27 12:00:00,69.001945,52.0,-17.00194549560547
2021-01-27 15:00:00,110.11861,38.0,-72.11860656738281
2021-01-27 18:00:00,127.7142,33.0,-94.71420288085938
2021-01-27 21:00:00,113.07668,46.0,-67.0766830444336
2021-01-28 00:00:00,108.73657,50.0,-58.736572265625
2021-01-28 03:00:00,97.88368,66.0,-31.883682250976562
2021-01-28 06:00:00,83.59416,48.0,-35.59416198730469
2021-01-28 09:00:00,83.93869,66.0,-17.938690185546875
2021-01-28 12:00:00,102.95133,67.0,-35.951332092285156
2021-01-28 15:00:00,114.97497,62.0,-52.97496795654297
2021-01-28 18:00:00,101.57419,59.0,-42.574188232421875
2021-01-28 21:00:00,106.90735,39.0,-67.9073486328125
2021-01-29 00:00:00,121.006,66.0,-55.00599670410156
2021-01-29 03:00:00,156.17389,46.0,-110.17388916015625
2021-01-29 06:00:00,179.96808,50.0,-129.96807861328125
2021-01-29 09:00:00,191.08824,45.0,-146.08824157714844
2021-01-29 12:00:00,211.97343,47.0,-164.9734344482422
2021-01-29 15:00:00,215.09766,41.0,-174.09765625
2021-01-29 18:00:00,220.32611,47.0,-173.32611083984375
2021-01-29 21:00:00,228.17834,56.0,-172.1783447265625
2021-01-30 00:00:00,220.01904,71.0,-149.01904296875
2021-01-30 03:00:00,155.9829,101.0,-54.98289489746094
2021-01-30 06:00:00,108.69326,391.0,282.3067398071289
2021-01-30 09:00:00,57.81419,255.0,197.18581008911133
2021-01-30 12:00:00,44.44894,65.0,20.55105972290039
2021-01-30 15:00:00,62.521053,20.0,-42.521053314208984
2021-01-30 18:00:00,81.388176,20.0,-61.38817596435547
2021-01-30 21:00:00,85.4825,9.0,-76.48249816894531
2021-01-31 00:00:00,68.46153,6.0,-62.46153259277344
2021-01-31 03:00:00,77.03557,8.0,-69.03556823730469
2021-01-31 06:00:00,74.53434,20.0,-54.534339904785156
2021-01-31 09:00:00,41.02236,14.0,-27.022361755371094
2021-01-31 12:00:00,34.113926,6.0,-28.11392593383789
2021-01-31 15:00:00,59.645515,7.0,-52.64551544189453
2021-01-31 18:00:00,125.703766,18.0,-107.70376586914062
2021-01-31 21:00:00,149.03026,23.0,-126.03025817871094
2021-02-01 00:00:00,109.69779,30.0,-79.69779205322266
2021-02-01 03:00:00,109.168465,38.0,-71.16846466064453
2021-02-01 06:00:00,89.114334,38.0,-51.11433410644531
2021-02-01 09:00:00,18.758327,60.0,41.24167251586914
2021-02-01 12:00:00,31.203854,18.0,-13.203853607177734
2021-02-01 15:00:00,56.339844,20.0,-36.33984375
2021-02-01 18:00:00,96.13882,21.0,-75.1388168334961
2021-02-01 21:00:00,95.883026,16.0,-79.88302612304688
2021-02-02 00:00:00,96.58925,17.0,-79.58924865722656
2021-02-02 03:00:00,88.1937,37.0,-51.193702697753906
2021-02-02 06:00:00,84.12962,28.0,-56.12962341308594
2021-02-02 09:00:00,51.1061,31.0,-20.106098175048828
2021-02-02 12:00:00,48.074524,13.0,-35.07452392578125
2021-02-02 15:00:00,79.24677,18.0,-61.24677276611328
2021-02-02 18:00:00,131.59729,14.0,-117.5972900390625
2021-02-02 21:00:00,126.27163,17.0,-109.2716293334961
2021-02-03 00:00:00,101.13604,25.0,-76.13603973388672
2021-02-03 03:00:00,101.63876,24.0,-77.63876342773438
2021-02-03 06:00:00,105.05425,21.0,-84.05425262451172
2021-02-03 09:00:00,55.088833,25.0,-30.08883285522461
2021-02-03 12:00:00,68.59426,27.0,-41.594261169433594
2021-02-03 15:00:00,107.1773,33.0,-74.17729949951172
2021-02-03 18:00:00,163.4773,42.0,-121.477294921875
2021-02-03 21:00:00,174.57864,27.0,-147.57864379882812
2021-02-05 00:00:00,40.65623,38.0,-2.656230926513672
2021-02-05 03:00:00,43.048203,47.0,3.9517974853515625
2021-02-05 06:00:00,46.36331,46.0,-0.363311767578125
2021-02-05 09:00:00,55.70638,60.0,4.293621063232422
2021-02-05 12:00:00,67.618484,48.0,-19.618484497070312
2021-02-05 15:00:00,71.573364,54.0,-17.5733642578125
2021-02-05 18:00:00,60.93319,42.0,-18.933189392089844
2021-02-05 21:00:00,63.520927,35.0,-28.52092742919922
2021-02-06 00:00:00,89.69619,39.0,-50.696189880371094
2021-02-06 03:00:00,165.07147,42.0,-123.07147216796875
2021-02-06 06:00:00,200.94695,54.0,-146.9469451904297
2021-02-06 09:00:00,210.36067,61.0,-149.3606719970703
2021-02-06 12:00:00,184.84422,65.0,-119.84422302246094
2021-02-06 15:00:00,191.88052,59.0,-132.88052368164062
2021-02-06 18:00:00,199.8228,14.0,-185.8227996826172
2021-02-06 21:00:00,150.41951,17.0,-133.4195098876953
2021-02-07 00:00:00,155.98744,13.0,-142.98744201660156
2021-02-07 03:00:00,133.27371,18.0,-115.27371215820312
2021-02-07 06:00:00,100.36729,35.0,-65.3672866821289
2021-02-07 09:00:00,56.0799,26.0,-30.079898834228516
2021-02-07 12:00:00,52.15338,26.0,-26.15338134765625
2021-02-07 15:00:00,77.41858,27.0,-50.4185791015625
2021-02-07 18:00:00,108.69781,38.0,-70.69780731201172
2021-02-07 21:00:00,96.51103,22.0,-74.51103210449219
2021-02-08 00:00:00,68.261215,58.0,-10.261215209960938
2021-02-08 03:00:00,58.940712,36.0,-22.940711975097656
2021-02-08 06:00:00,60.345882,39.0,-21.345882415771484
2021-02-08 09:00:00,47.994263,44.0,-3.9942626953125
2021-02-08 12:00:00,35.09058,40.0,4.909420013427734
2021-02-08 15:00:00,59.113403,26.0,-33.1134033203125
2021-02-08 18:00:00,82.29745,35.0,-47.297447204589844
2021-02-08 21:00:00,77.26248,36.0,-41.262481689453125
2021-02-09 00:00:00,63.379047,52.0,-11.379047393798828
2021-02-09 03:00:00,60.630554,45.0,-15.63055419921875
2021-02-09 06:00:00,59.479134,44.0,-15.479133605957031
2021-02-09 09:00:00,56.629005,33.0,-23.629005432128906
2021-02-09 12:00:00,35.099674,45.0,9.900325775146484
2021-02-09 15:00:00,62.986713,31.0,-31.986713409423828
2021-02-09 18:00:00,92.5462,19.0,-73.54620361328125
2021-02-09 21:00:00,100.599434,29.0,-71.59943389892578
2021-02-10 00:00:00,82.14602,34.0,-48.146018981933594
2021-02-10 03:00:00,96.88938,30.0,-66.8893814086914
2021-02-10 06:00:00,99.9338,29.0,-70.93379974365234
2021-02-10 09:00:00,78.59768,32.0,-46.597679138183594
2021-02-10 12:00:00,58.028034,23.0,-35.02803421020508
2021-02-10 15:00:00,74.641266,19.0,-55.641265869140625
2021-02-10 18:00:00,92.23754,21.0,-71.23754119873047
2021-02-10 21:00:00,94.63247,25.0,-69.6324691772461
2021-02-11 00:00:00,82.44024,25.0,-57.44023895263672
2021-02-11 03:00:00,79.71539,24.0,-55.71539306640625
2021-02-11 06:00:00,69.78962,25.0,-44.78961944580078
2021-02-11 09:00:00,36.291794,32.0,-4.2917938232421875
2021-02-11 12:00:00,25.8583,36.0,10.141700744628906
2021-02-11 15:00:00,49.783466,13.0,-36.78346633911133
2021-02-11 18:00:00,87.61083,9.0,-78.61083221435547
2021-02-11 21:00:00,84.160095,13.0,-71.16009521484375
2021-02-12 00:00:00,48.64319,19.0,-29.6431884765625
2021-02-12 03:00:00,53.8098,21.0,-32.80979919433594
2021-02-12 06:00:00,54.35845,19.0,-35.35845184326172
2021-02-12 09:00:00,32.111187,26.0,-6.111186981201172
2021-02-12 12:00:00,27.391764,30.0,2.608236312866211
2021-02-12 15:00:00,52.23046,19.0,-33.23046112060547
2021-02-12 18:00:00,103.46048,19.0,-84.46047973632812
2021-02-12 21:00:00,105.09939,25.0,-80.0993881225586
2021-02-13 00:00:00,87.05138,24.0,-63.05137634277344
2021-02-13 03:00:00,94.36917,27.0,-67.36917114257812
2021-02-13 06:00:00,94.51765,38.0,-56.51764678955078
2021-02-13 09:00:00,44.848774,48.0,3.151226043701172
2021-02-13 12:00:00,37.417294,30.0,-7.417293548583984
2021-02-13 15:00:00,62.84256,38.0,-24.842559814453125
2021-02-13 18:00:00,123.07487,44.0,-79.07486724853516
2021-02-13 21:00:00,136.13931,38.0,-98.13931274414062
2021-02-14 00:00:00,110.00805,42.0,-68.00804901123047
2021-02-14 03:00:00,111.1066,42.0,-69.10659790039062
2021-02-14 06:00:00,102.09248,51.0,-51.09248352050781
2021-02-14 09:00:00,55.871254,38.0,-17.871253967285156
2021-02-14 12:00:00,38.75158,27.0,-11.751579284667969
2021-02-14 15:00:00,62.31875,32.0,-30.318748474121094
2021-02-14 18:00:00,110.39674,27.0,-83.39674377441406
2021-02-14 21:00:00,119.74384,30.0,-89.74384307861328
2021-02-15 00:00:00,119.83161,71.0,-48.83161163330078
2021-02-15 03:00:00,121.473366,70.0,-51.473365783691406
2021-02-15 06:00:00,136.89249,48.0,-88.89248657226562
2021-02-15 09:00:00,56.412205,51.0,-5.412204742431641
2021-02-15 12:00:00,39.626114,10.0,-29.626113891601562
2021-02-15 15:00:00,75.72078,26.0,-49.72077941894531
2021-02-15 18:00:00,104.935455,15.0,-89.93545532226562
2021-02-15 21:00:00,93.438416,23.0,-70.43841552734375
2021-02-17 00:00:00,73.52628,38.0,-35.526283264160156
2021-02-17 03:00:00,99.83069,33.0,-66.8306884765625
2021-02-17 06:00:00,116.738075,38.0,-78.73807525634766
2021-02-17 09:00:00,118.59305,35.0,-83.59304809570312
2021-02-17 12:00:00,139.6358,42.0,-97.63580322265625
2021-02-17 15:00:00,130.58366,60.0,-70.58366394042969
2021-02-17 18:00:00,128.32947,43.0,-85.3294677734375
2021-02-17 21:00:00,149.30537,59.0,-90.30537414550781
2021-02-18 00:00:00,187.37228,51.0,-136.37228393554688
2021-02-18 03:00:00,173.93996,57.0,-116.93995666503906
2021-02-18 06:00:00,139.10812,18.0,-121.10812377929688
2021-02-18 09:00:00,147.4329,19.0,-128.4329071044922
2021-02-18 12:00:00,165.98233,19.0,-146.98233032226562
2021-02-18 15:00:00,148.63947,79.0,-69.63946533203125
2021-02-18 18:00:00,141.50555,57.0,-84.50555419921875
2021-02-18 21:00:00,137.90486,47.0,-90.90486145019531
2021-02-19 00:00:00,75.755455,70.0,-5.755455017089844
2021-02-19 03:00:00,82.53119,62.0,-20.53118896484375
2021-02-19 06:00:00,80.75676,27.0,-53.75675964355469
2021-02-19 09:00:00,58.48983,52.0,-6.489830017089844
2021-02-20 06:00:00,84.16555,31.0,-53.165550231933594
2021-02-20 09:00:00,45.47519,24.0,-21.475189208984375
2021-02-20 12:00:00,36.195503,21.0,-15.195503234863281
2021-02-20 15:00:00,59.24329,18.0,-41.243289947509766
2021-02-20 18:00:00,80.24494,21.0,-59.24494171142578
2021-02-20 21:00:00,72.466034,15.0,-57.466033935546875
2021-02-21 00:00:00,38.613052,17.0,-21.613052368164062
2021-02-21 03:00:00,50.973083,15.0,-35.97308349609375
2021-02-21 06:00:00,42.989315,21.0,-21.989315032958984
2021-02-21 09:00:00,24.378664,24.0,-0.3786640167236328
2021-02-21 12:00:00,29.619799,13.0,-16.61979866027832
2021-02-21 15:00:00,73.112686,15.0,-58.11268615722656
2021-02-21 18:00:00,95.77957,12.0,-83.77957153320312
2021-02-21 21:00:00,81.304054,21.0,-60.304054260253906
2021-02-22 00:00:00,59.694458,37.0,-22.6944580078125
2021-02-22 03:00:00,56.039425,17.0,-39.039424896240234
2021-02-22 06:00:00,46.446415,21.0,-25.446414947509766
2021-02-22 09:00:00,37.12239,18.0,-19.122390747070312
2021-02-22 12:00:00,29.198874,40.0,10.801126480102539
2021-02-22 15:00:00,52.664516,17.0,-35.66451644897461
2021-02-22 18:00:00,70.41149,17.0,-53.41149139404297
2021-02-22 21:00:00,61.774246,17.0,-44.77424621582031
2021-02-23 00:00:00,42.908028,16.0,-26.90802764892578
2021-02-23 03:00:00,48.278934,20.0,-28.278934478759766
2021-02-23 06:00:00,47.68913,22.0,-25.689128875732422
2021-02-23 09:00:00,37.793713,22.0,-15.793712615966797
2021-02-23 12:00:00,21.822758,21.0,-0.8227577209472656
2021-02-23 15:00:00,41.742283,20.0,-21.74228286743164
2021-02-23 18:00:00,64.309006,20.0,-44.30900573730469
2021-02-23 21:00:00,76.12618,24.0,-52.126182556152344
2021-02-24 00:00:00,50.498444,17.0,-33.498443603515625
2021-02-24 03:00:00,47.602726,26.0,-21.602725982666016
2021-02-24 06:00:00,41.310158,25.0,-16.310157775878906
2021-02-24 09:00:00,31.569868,25.0,-6.569868087768555
2021-02-24 12:00:00,28.046144,25.0,-3.046144485473633
2021-02-24 15:00:00,49.66938,30.0,-19.66938018798828
2021-02-24 18:00:00,69.30986,22.0,-47.30986022949219
2021-02-24 21:00:00,50.943073,20.0,-30.943073272705078
2021-02-25 00:00:00,27.940586,23.0,-4.940586090087891
2021-02-25 03:00:00,37.614883,21.0,-16.614883422851562
2021-02-25 06:00:00,54.93598,5.0,-49.93598175048828
2021-02-25 09:00:00,59.9818,3.0,-56.9818000793457
2021-02-25 12:00:00,37.15786,8.0,-29.157859802246094
2021-02-25 15:00:00,44.088608,11.0,-33.08860778808594
2021-02-25 18:00:00,72.43125,24.0,-48.431251525878906
2021-02-25 21:00:00,80.55963,25.0,-55.55963134765625
2021-02-26 00:00:00,35.18744,29.0,-6.18743896484375
2021-02-26 03:00:00,40.36224,45.0,4.637760162353516
2021-02-26 06:00:00,32.735783,43.0,10.264217376708984
2021-02-26 09:00:00,14.8857,20.0,5.114299774169922
2021-02-26 12:00:00,31.648142,14.0,-17.648141860961914
2021-02-26 15:00:00,52.4019,25.0,-27.401901245117188
2021-02-26 18:00:00,91.5453,22.0,-69.54530334472656
2021-02-26 21:00:00,84.66327,36.0,-48.66326904296875
2021-02-27 00:00:00,49.43996,49.0,-0.4399604797363281
2021-02-28 09:00:00,36.479378,55.0,18.52062225341797
2021-02-28 12:00:00,32.23795,30.0,-2.2379493713378906
2021-02-28 15:00:00,49.703827,24.0,-25.703826904296875
2021-02-28 18:00:00,64.53638,36.0,-28.536376953125
2021-02-28 21:00:00,58.12558,27.0,-31.125579833984375
2021-03-01 00:00:00,52.913494,31.0,-21.913494110107422
2021-03-01 03:00:00,64.8215,26.0,-38.821502685546875
2021-03-01 06:00:00,67.62275,27.0,-40.62274932861328
2021-03-01 09:00:00,45.18631,27.0,-18.186309814453125
2021-03-01 12:00:00,18.08064,23.0,4.91935920715332
2021-03-01 15:00:00,32.20225,33.0,0.7977485656738281
2021-03-01 18:00:00,56.869793,35.0,-21.869792938232422
2021-03-01 21:00:00,90.70027,36.0,-54.70027160644531
2021-03-02 00:00:00,95.34733,35.0,-60.347328186035156
2021-03-02 03:00:00,124.15456,23.0,-101.15455627441406
2021-03-02 06:00:00,134.06042,35.0,-99.0604248046875
2021-03-02 09:00:00,121.172005,54.0,-67.17200469970703
2021-03-02 12:00:00,86.89824,35.0,-51.89823913574219
2021-03-02 15:00:00,94.24508,40.0,-54.245079040527344
2021-03-02 18:00:00,124.89159,40.0,-84.89158630371094
2021-03-02 21:00:00,107.099365,17.0,-90.099365234375
2021-03-03 00:00:00,77.695175,30.0,-47.69517517089844
2021-03-03 03:00:00,83.30448,34.0,-49.304481506347656
2021-03-03 06:00:00,78.055565,39.0,-39.055564880371094
2021-03-03 09:00:00,40.086205,25.0,-15.086204528808594
2021-03-03 12:00:00,34.99352,21.0,-13.993518829345703
2021-03-03 15:00:00,59.921547,22.0,-37.921546936035156
2021-03-03 18:00:00,129.61493,30.0,-99.61492919921875
2021-03-03 21:00:00,146.78722,21.0,-125.78721618652344
2021-03-04 00:00:00,142.51964,58.0,-84.51963806152344
2021-03-04 03:00:00,131.09354,35.0,-96.09353637695312
2021-03-04 06:00:00,100.65816,37.0,-63.65815734863281
2021-03-04 09:00:00,58.57345,26.0,-32.573448181152344
2021-03-04 12:00:00,59.583755,27.0,-32.58375549316406
2021-03-04 15:00:00,82.57172,32.0,-50.57171630859375
2021-03-04 18:00:00,80.19703,31.0,-49.19702911376953
2021-03-04 21:00:00,81.14262,24.0,-57.142616271972656
2021-03-05 00:00:00,121.7395,48.0,-73.739501953125
2021-03-05 03:00:00,280.77078,29.0,-251.77078247070312
2021-03-05 06:00:00,160.27957,59.0,-101.27957153320312
2021-03-05 09:00:00,82.191605,21.0,-61.19160461425781
2021-03-05 12:00:00,70.15978,11.0,-59.15978240966797
2021-03-05 15:00:00,80.48278,22.0,-58.48278045654297
2021-03-05 18:00:00,91.75983,22.0,-69.75982666015625
2021-03-05 21:00:00,91.62568,26.0,-65.62567901611328
2021-03-06 00:00:00,103.70104,28.0,-75.70104217529297
2021-03-06 03:00:00,97.51011,29.0,-68.5101089477539
2021-03-06 06:00:00,83.80766,30.0,-53.80766296386719
2021-03-06 09:00:00,47.880264,25.0,-22.880264282226562
2021-03-06 12:00:00,49.030746,16.0,-33.03074645996094
2021-03-06 15:00:00,63.589825,9.0,-54.58982467651367
2021-03-06 18:00:00,91.84487,13.0,-78.8448715209961
2021-03-06 21:00:00,101.85704,24.0,-77.85704040527344
2021-03-07 00:00:00,55.965755,17.0,-38.965755462646484
2021-03-07 03:00:00,57.28589,24.0,-33.285888671875
2021-03-07 06:00:00,49.417507,24.0,-25.41750717163086
2021-03-07 09:00:00,34.723145,25.0,-9.72314453125
2021-03-07 12:00:00,38.196846,24.0,-14.196846008300781
2021-03-07 15:00:00,50.48605,15.0,-35.48604965209961
2021-03-07 18:00:00,100.770874,9.0,-91.7708740234375
2021-03-07 21:00:00,109.15596,18.0,-91.15596008300781
2021-03-08 00:00:00,103.41978,22.0,-81.4197769165039
2021-03-08 03:00:00,103.98617,25.0,-78.98616790771484
2021-03-08 06:00:00,97.324005,30.0,-67.32400512695312
2021-03-08 09:00:00,37.17332,23.0,-14.173320770263672
2021-03-08 12:00:00,35.914127,16.0,-19.914127349853516
2021-03-08 15:00:00,55.644707,14.0,-41.64470672607422
2021-03-08 18:00:00,59.329067,17.0,-42.32906723022461
2021-03-08 21:00:00,59.387276,26.0,-33.38727569580078
2021-03-09 00:00:00,52.832546,31.0,-21.83254623413086
2021-03-09 03:00:00,113.32031,32.0,-81.3203125
2021-03-09 06:00:00,100.35285,38.0,-62.35285186767578
2021-03-09 09:00:00,72.88815,34.0,-38.888153076171875
2021-03-09 12:00:00,66.26658,19.0,-47.266578674316406
2021-03-09 15:00:00,77.04989,27.0,-50.049888610839844
2021-03-10 15:00:00,55.06945,27.0,-28.06945037841797
2021-03-10 18:00:00,106.97408,44.0,-62.974082946777344
2021-03-10 21:00:00,117.30163,20.0,-97.30162811279297
2021-03-11 00:00:00,140.38597,30.0,-110.38597106933594
2021-03-11 03:00:00,154.16754,47.0,-107.16754150390625
2021-03-11 06:00:00,118.17042,45.0,-73.17041778564453
2021-03-11 09:00:00,61.963875,25.0,-36.96387481689453
2021-03-11 12:00:00,73.18067,26.0,-47.18067169189453
2021-03-12 00:00:00,176.02724,28.0,-148.02723693847656
2021-03-12 03:00:00,239.79373,32.0,-207.79373168945312
2021-03-12 06:00:00,303.6662,34.0,-269.66619873046875
2021-03-12 09:00:00,264.84894,48.0,-216.84893798828125
2021-03-12 12:00:00,161.66563,55.0,-106.66563415527344
2021-03-12 15:00:00,169.69693,37.0,-132.69692993164062
2021-03-12 18:00:00,276.50662,146.0,-130.50662231445312
2021-03-12 21:00:00,236.8015,646.0,409.19850158691406
2021-03-13 00:00:00,183.62425,318.0,134.37574768066406
2021-03-13 03:00:00,193.60414,88.0,-105.60414123535156
2021-03-13 06:00:00,155.35387,179.0,23.646133422851562
2021-03-13 09:00:00,86.64301,188.0,101.35698699951172
2021-03-13 12:00:00,82.03142,49.0,-33.03141784667969
2021-03-13 15:00:00,72.09997,27.0,-45.09996795654297
2021-03-13 18:00:00,83.76355,7.0,-76.7635498046875
2021-03-13 21:00:00,83.51708,9.0,-74.51708221435547
2021-03-14 00:00:00,55.242706,17.0,-38.242706298828125
2021-03-14 03:00:00,50.713425,18.0,-32.71342468261719
2021-03-14 06:00:00,32.86732,18.0,-14.867321014404297
2021-03-14 09:00:00,19.470463,11.0,-8.470462799072266
2021-03-14 12:00:00,31.920195,7.0,-24.920194625854492
2021-03-14 15:00:00,45.434376,7.0,-38.43437576293945
2021-03-14 18:00:00,107.32777,20.0,-87.32776641845703
2021-03-14 21:00:00,134.5943,25.0,-109.59429931640625
2021-03-15 00:00:00,199.24437,28.0,-171.24436950683594
2021-03-15 03:00:00,176.19618,30.0,-146.19618225097656
2021-03-15 06:00:00,161.72418,32.0,-129.72418212890625
2021-03-15 09:00:00,108.60572,34.0,-74.60572052001953
2021-03-15 12:00:00,165.87569,16.0,-149.8756866455078
2021-03-15 15:00:00,176.26894,23.0,-153.26893615722656
2021-03-15 18:00:00,179.91965,20.0,-159.91964721679688
2021-03-15 21:00:00,169.87088,30.0,-139.87088012695312
2021-03-16 00:00:00,195.01704,34.0,-161.0170440673828
2021-03-16 03:00:00,177.37398,30.0,-147.3739776611328
2021-03-17 03:00:00,158.2041,39.0,-119.2041015625
2021-03-17 06:00:00,164.19824,18.0,-146.1982421875
2021-03-17 09:00:00,154.83852,25.0,-129.83851623535156
2021-03-17 12:00:00,152.88669,43.0,-109.88668823242188
2021-03-17 15:00:00,154.16821,52.0,-102.168212890625
2021-03-17 18:00:00,129.13983,51.0,-78.13983154296875
2021-03-17 21:00:00,109.644135,58.0,-51.644134521484375
2021-03-18 00:00:00,69.101364,58.0,-11.101364135742188
2021-03-18 03:00:00,94.27424,44.0,-50.27423858642578
2021-03-18 06:00:00,101.535194,59.0,-42.535194396972656
2021-03-18 09:00:00,73.08131,71.0,-2.0813064575195312
2021-03-18 12:00:00,104.10264,92.0,-12.102638244628906
2021-03-18 15:00:00,117.712036,116.0,-1.7120361328125
2021-03-18 18:00:00,147.31085,93.0,-54.31085205078125
2021-03-18 21:00:00,126.88133,45.0,-81.88133239746094
2021-03-19 00:00:00,87.012726,28.0,-59.012725830078125
2021-03-19 03:00:00,71.51681,14.0,-57.516807556152344
2021-03-19 06:00:00,56.9666,17.0,-39.96659851074219
2021-03-19 09:00:00,48.81565,14.0,-34.815650939941406
2021-03-19 12:00:00,30.128376,15.0,-15.128376007080078
2021-03-19 15:00:00,40.326427,19.0,-21.326427459716797
2021-03-19 18:00:00,64.81491,10.0,-54.814910888671875
2021-03-19 21:00:00,66.655045,17.0,-49.65504455566406
2021-03-20 00:00:00,51.41885,32.0,-19.41884994506836
2021-03-20 03:00:00,60.750496,23.0,-37.75049591064453
2021-03-20 06:00:00,55.491116,32.0,-23.49111557006836
2021-03-20 09:00:00,33.91318,17.0,-16.91318130493164
2021-03-20 12:00:00,36.939354,9.0,-27.939353942871094
2021-03-20 15:00:00,43.62971,7.0,-36.62971115112305
2021-03-20 18:00:00,71.37612,6.0,-65.3761215209961
2021-03-20 21:00:00,74.56606,9.0,-65.5660629272461
2021-03-21 00:00:00,58.830437,12.0,-46.83043670654297
2021-03-21 06:00:00,39.525616,26.0,-13.525615692138672
2021-03-21 09:00:00,22.79262,19.0,-3.7926197052001953
2021-03-21 12:00:00,30.533556,34.0,3.4664440155029297
2021-03-21 15:00:00,51.644974,18.0,-33.64497375488281
2021-03-21 18:00:00,81.58884,16.0,-65.58883666992188
2021-03-21 21:00:00,79.59489,17.0,-62.594886779785156
2021-03-22 00:00:00,83.61713,24.0,-59.61712646484375
2021-03-22 03:00:00,120.32706,13.0,-107.32705688476562
2021-03-22 06:00:00,81.8128,18.0,-63.81279754638672
2021-03-22 09:00:00,36.573566,13.0,-23.573566436767578
2021-03-22 12:00:00,47.06476,10.0,-37.06475830078125
2021-03-22 15:00:00,67.953125,19.0,-48.953125
2021-03-22 18:00:00,78.32341,14.0,-64.32341003417969
2021-03-22 21:00:00,82.070526,27.0,-55.070526123046875
2021-03-23 00:00:00,107.43338,21.0,-86.43338012695312
2021-03-23 03:00:00,129.05206,17.0,-112.05206298828125
2021-03-23 06:00:00,120.220535,28.0,-92.22053527832031
2021-03-23 09:00:00,72.67261,26.0,-46.672607421875
2021-03-23 15:00:00,61.072113,31.0,-30.072113037109375
2021-03-23 18:00:00,68.54771,27.0,-41.547706604003906
2021-03-23 21:00:00,63.575043,33.0,-30.575042724609375
2021-03-24 00:00:00,73.89576,42.0,-31.89575958251953
2021-03-24 06:00:00,240.68425,32.0,-208.6842498779297
2021-03-24 09:00:00,245.11331,42.0,-203.11331176757812
2021-03-24 12:00:00,122.006386,140.0,17.993614196777344
2021-03-24 15:00:00,141.95667,93.0,-48.9566650390625
2021-03-24 18:00:00,159.78902,75.0,-84.78901672363281
2021-03-24 21:00:00,209.2047,50.0,-159.20469665527344
2021-03-25 00:00:00,224.51126,46.0,-178.51126098632812
2021-03-25 03:00:00,262.22324,78.0,-184.22323608398438
2021-03-25 06:00:00,174.9811,41.0,-133.98109436035156
2021-03-25 09:00:00,130.60747,111.0,-19.607467651367188
2021-03-25 12:00:00,146.32628,170.0,23.673721313476562
2021-03-25 15:00:00,157.42625,156.0,-1.4262542724609375
2021-03-25 18:00:00,155.50017,117.0,-38.50016784667969
2021-03-25 21:00:00,122.7263,110.0,-12.726303100585938
2021-03-26 00:00:00,58.864315,51.0,-7.864315032958984
2021-03-26 03:00:00,55.392776,28.0,-27.392776489257812
2021-03-26 06:00:00,60.718323,26.0,-34.71832275390625
2021-03-26 09:00:00,92.124596,22.0,-70.12459564208984
2021-03-26 12:00:00,91.168205,22.0,-69.16820526123047
2021-03-26 15:00:00,108.34264,24.0,-84.34264373779297
2021-03-26 18:00:00,131.38333,31.0,-100.38333129882812
2021-03-26 21:00:00,128.06868,25.0,-103.06867980957031
2021-03-27 00:00:00,107.214874,33.0,-74.21487426757812
2021-03-27 03:00:00,110.41538,40.0,-70.4153823852539
2021-03-27 06:00:00,99.21894,59.0,-40.21894073486328
2021-03-27 09:00:00,87.58087,17.0,-70.58087158203125
2021-03-27 12:00:00,91.799736,23.0,-68.79973602294922
2021-03-27 15:00:00,112.17583,52.0,-60.17582702636719
2021-03-27 18:00:00,84.9941,35.0,-49.994102478027344
2021-03-27 21:00:00,64.99067,18.0,-46.99066925048828
2021-03-28 03:00:00,58.563274,13.0,-45.56327438354492
2021-03-28 06:00:00,47.915024,11.0,-36.91502380371094
2021-03-28 09:00:00,42.92082,13.0,-29.920818328857422
2021-03-28 12:00:00,45.710293,16.0,-29.71029281616211
2021-03-28 15:00:00,55.82342,36.0,-19.823421478271484
2021-03-28 18:00:00,78.3798,156.0,77.62020111083984
2021-03-28 21:00:00,77.71314,58.0,-19.71314239501953
2021-03-29 00:00:00,69.21436,54.0,-15.214363098144531
2021-03-29 03:00:00,71.873955,8.0,-63.87395477294922
2021-03-29 06:00:00,63.084145,10.0,-53.084144592285156
2021-03-29 09:00:00,42.539055,10.0,-32.53905487060547
2021-03-29 12:00:00,45.28641,11.0,-34.28641128540039
2021-03-29 15:00:00,49.219296,11.0,-38.219295501708984
2021-03-29 18:00:00,71.64317,12.0,-59.64317321777344
2021-03-29 21:00:00,73.30289,13.0,-60.302886962890625
2021-03-30 00:00:00,58.89092,33.0,-25.890918731689453
2021-03-30 03:00:00,57.762634,17.0,-40.76263427734375
2021-03-30 06:00:00,46.66987,21.0,-25.66986846923828
2021-03-30 09:00:00,37.553207,19.0,-18.553207397460938
2021-03-30 12:00:00,55.19007,17.0,-38.19007110595703
2021-03-30 15:00:00,71.26687,20.0,-51.266868591308594
2021-03-30 18:00:00,117.92781,21.0,-96.92781066894531
2021-03-30 21:00:00,115.94193,28.0,-87.94193267822266
2021-03-31 00:00:00,139.94623,34.0,-105.94622802734375
2021-03-31 03:00:00,155.10625,27.0,-128.1062469482422
2021-03-31 06:00:00,128.1781,35.0,-93.1781005859375
2021-03-31 09:00:00,61.675137,23.0,-38.67513656616211
2021-03-31 15:00:00,55.08389,25.0,-30.08388900756836
2021-03-31 18:00:00,55.560123,29.0,-26.560123443603516
2021-03-31 21:00:00,63.766266,19.0,-44.766265869140625
2021-04-01 00:00:00,83.43454,20.0,-63.434539794921875
2021-04-01 03:00:00,138.44408,33.0,-105.44407653808594
2021-04-01 06:00:00,173.66063,33.0,-140.66062927246094
2021-04-01 09:00:00,151.56956,43.0,-108.56956481933594
2021-04-01 12:00:00,159.18,39.0,-120.17999267578125
2021-04-01 15:00:00,145.086,50.0,-95.08599853515625
2021-04-01 18:00:00,132.46973,64.0,-68.4697265625
2021-04-01 21:00:00,124.65944,52.0,-72.65943908691406
2021-04-02 00:00:00,158.12885,54.0,-104.12884521484375
2021-04-02 03:00:00,180.58336,59.0,-121.58335876464844
2021-04-02 06:00:00,159.4475,65.0,-94.44749450683594
2021-04-02 09:00:00,128.28333,69.0,-59.2833251953125
2021-04-02 12:00:00,112.60511,56.0,-56.60511016845703
2021-04-02 15:00:00,128.11346,61.0,-67.11346435546875
2021-04-02 18:00:00,151.09322,61.0,-90.09321594238281
2021-04-02 21:00:00,127.62507,63.0,-64.62506866455078
2021-04-03 00:00:00,75.209755,81.0,5.790245056152344
2021-04-03 03:00:00,67.71518,31.0,-36.715179443359375
2021-04-03 06:00:00,56.753834,24.0,-32.75383377075195
2021-04-03 09:00:00,61.624233,109.0,47.37576675415039
2021-04-03 12:00:00,66.72053,82.0,15.279472351074219
2021-04-03 15:00:00,69.84919,53.0,-16.84918975830078
2021-04-03 18:00:00,74.86119,51.0,-23.861190795898438
2021-04-03 21:00:00,67.97655,9.0,-58.97654724121094
2021-04-04 00:00:00,68.77781,6.0,-62.777809143066406
2021-04-04 03:00:00,67.38992,10.0,-57.389923095703125
2021-04-04 06:00:00,56.336376,14.0,-42.33637619018555
2021-04-04 09:00:00,37.939457,14.0,-23.939456939697266
2021-04-04 12:00:00,32.007393,19.0,-13.007392883300781
2021-04-04 15:00:00,42.777172,13.0,-29.777172088623047
2021-04-04 18:00:00,69.50881,9.0,-60.508811950683594
2021-04-04 21:00:00,72.9774,11.0,-61.97740173339844
2021-04-05 00:00:00,79.33295,36.0,-43.33294677734375
2021-04-05 03:00:00,77.81841,19.0,-58.81841278076172
2021-04-05 06:00:00,60.653748,15.0,-45.65374755859375
2021-04-05 09:00:00,33.396248,16.0,-17.39624786376953
2021-04-05 12:00:00,41.87581,44.0,2.1241912841796875
2021-04-05 15:00:00,54.7127,20.0,-34.71269989013672
2021-04-05 18:00:00,81.712074,16.0,-65.71207427978516
2021-04-05 21:00:00,80.922516,19.0,-61.922515869140625
2021-04-06 00:00:00,65.762375,25.0,-40.76237487792969
2021-04-06 03:00:00,55.94734,35.0,-20.947338104248047
2021-04-06 06:00:00,29.534021,19.0,-10.534021377563477
2021-04-06 09:00:00,29.783905,17.0,-12.783905029296875
2021-04-06 12:00:00,57.9285,13.0,-44.92850112915039
2021-04-06 15:00:00,83.994225,15.0,-68.99422454833984
2021-04-06 18:00:00,126.67487,20.0,-106.67487335205078
2021-04-06 21:00:00,133.91673,24.0,-109.91673278808594
2021-04-07 00:00:00,128.74193,27.0,-101.74192810058594
2021-04-07 03:00:00,132.51384,22.0,-110.51383972167969
2021-04-07 06:00:00,125.09906,30.0,-95.09906005859375
2021-04-07 09:00:00,94.87473,27.0,-67.8747329711914
2021-04-07 12:00:00,100.653435,38.0,-62.65343475341797
2021-04-07 15:00:00,115.86621,44.0,-71.8662109375
2021-04-07 18:00:00,161.23477,62.0,-99.23477172851562
2021-04-07 21:00:00,171.00319,65.0,-106.00318908691406
2021-04-08 00:00:00,130.37697,73.0,-57.37696838378906
2021-04-08 03:00:00,147.06938,62.0,-85.06938171386719
2021-04-08 06:00:00,116.9235,65.0,-51.923500061035156
2021-04-08 09:00:00,75.31003,74.0,-1.310028076171875
2021-04-08 12:00:00,87.42927,68.0,-19.42926788330078
2021-04-08 15:00:00,118.24511,51.0,-67.24510955810547
2021-04-08 18:00:00,120.70359,52.0,-68.7035903930664
2021-04-08 21:00:00,116.16407,49.0,-67.16407012939453
2021-04-09 00:00:00,142.61104,64.0,-78.61103820800781
2021-04-09 03:00:00,134.1699,47.0,-87.16990661621094
2021-04-09 06:00:00,133.39001,55.0,-78.3900146484375
2021-04-09 09:00:00,136.54457,56.0,-80.54457092285156
2021-04-09 12:00:00,100.59759,57.0,-43.59758758544922
2021-04-09 15:00:00,72.65737,61.0,-11.657371520996094
2021-04-09 18:00:00,75.47715,59.0,-16.477149963378906
2021-04-09 21:00:00,111.39173,48.0,-63.39173126220703
2021-04-10 00:00:00,184.6131,62.0,-122.61309814453125
2021-04-10 03:00:00,229.75974,57.0,-172.75973510742188
2021-04-10 06:00:00,234.76196,51.0,-183.761962890625
2021-04-10 09:00:00,187.22153,50.0,-137.22152709960938
2021-04-10 12:00:00,143.5094,65.0,-78.5093994140625
2021-04-10 15:00:00,122.54111,67.0,-55.541107177734375
2021-04-10 18:00:00,96.02559,75.0,-21.025588989257812
2021-04-10 21:00:00,75.93189,29.0,-46.93189239501953
2021-04-11 00:00:00,79.851814,61.0,-18.85181427001953
2021-04-11 03:00:00,103.33861,46.0,-57.33860778808594
2021-04-11 06:00:00,98.79625,45.0,-53.79624938964844
2021-04-11 09:00:00,77.906006,42.0,-35.906005859375
2021-04-11 12:00:00,36.937763,36.0,-0.9377632141113281
2021-04-12 00:00:00,77.84456,38.0,-39.84455871582031
2021-04-12 09:00:00,89.96517,33.0,-56.965171813964844
2021-04-12 12:00:00,74.91463,32.0,-42.91462707519531
2021-04-12 15:00:00,82.45388,31.0,-51.453880310058594
2021-04-12 18:00:00,107.68457,32.0,-75.6845703125
2021-04-12 21:00:00,110.47859,30.0,-80.47859191894531
2021-04-13 00:00:00,75.50807,32.0,-43.50807189941406
2021-04-13 03:00:00,66.331726,28.0,-38.33172607421875
2021-04-13 06:00:00,63.02446,21.0,-42.02445983886719
2021-04-13 09:00:00,67.58478,28.0,-39.58477783203125
2021-04-13 12:00:00,87.51397,20.0,-67.51396942138672
2021-04-13 15:00:00,106.08324,31.0,-75.08323669433594
2021-04-13 18:00:00,111.23848,22.0,-89.23847961425781
2021-04-13 21:00:00,121.850464,14.0,-107.8504638671875
2021-04-15 00:00:00,41.50843,30.0,-11.508430480957031
2021-04-15 03:00:00,40.908276,14.0,-26.908275604248047
2021-04-15 06:00:00,26.844362,18.0,-8.844362258911133
2021-04-15 09:00:00,25.444763,21.0,-4.44476318359375
2021-04-15 12:00:00,33.98918,29.0,-4.9891815185546875
2021-04-15 15:00:00,44.57388,29.0,-15.57387924194336
2021-04-15 18:00:00,75.28934,16.0,-59.289337158203125
2021-04-15 21:00:00,81.64898,18.0,-63.64897918701172
2021-04-16 00:00:00,77.02556,18.0,-59.02555847167969
2021-04-16 03:00:00,85.471245,13.0,-72.47124481201172
2021-04-16 06:00:00,78.78396,11.0,-67.7839584350586
2021-04-16 09:00:00,50.218204,16.0,-34.218204498291016
2021-04-16 15:00:00,69.625,51.0,-18.625
2021-04-16 18:00:00,105.48274,29.0,-76.48274230957031
2021-04-16 21:00:00,107.09982,26.0,-81.09982299804688
2021-04-17 00:00:00,92.68865,20.0,-72.68865203857422
2021-04-17 03:00:00,117.23546,27.0,-90.23545837402344
2021-04-17 06:00:00,100.15316,32.0,-68.15316009521484
2021-04-17 09:00:00,61.862694,29.0,-32.862693786621094
2021-04-17 12:00:00,45.024593,133.0,87.97540664672852
2021-04-17 15:00:00,51.99922,39.0,-12.999221801757812
2021-04-17 18:00:00,100.714485,15.0,-85.71448516845703
2021-04-17 21:00:00,111.49359,19.0,-92.49359130859375
2021-04-18 00:00:00,66.36128,48.0,-18.361282348632812
2021-04-18 03:00:00,90.70868,24.0,-66.70867919921875
2021-04-18 06:00:00,105.38656,24.0,-81.38655853271484
2021-04-18 09:00:00,71.344406,24.0,-47.34440612792969
2021-04-18 12:00:00,52.889957,43.0,-9.889957427978516
2021-04-18 15:00:00,64.65297,32.0,-32.65296936035156
2021-04-18 18:00:00,113.22618,31.0,-82.22618103027344
2021-04-18 21:00:00,117.49467,30.0,-87.49466705322266
2021-04-19 00:00:00,65.824455,91.0,25.17554473876953
2021-04-19 03:00:00,78.04124,77.0,-1.0412368774414062
2021-04-19 06:00:00,90.800995,27.0,-63.800994873046875
2021-04-19 09:00:00,80.140236,35.0,-45.140235900878906
2021-04-19 12:00:00,67.506165,271.0,203.49383544921875
2021-04-19 15:00:00,79.385475,52.0,-27.385475158691406
2021-04-19 18:00:00,116.10041,37.0,-79.10041046142578
2021-04-19 21:00:00,139.10483,29.0,-110.10482788085938
2021-04-20 00:00:00,151.05888,47.0,-104.05888366699219
2021-04-20 03:00:00,166.95787,36.0,-130.95787048339844
2021-04-20 06:00:00,157.78926,45.0,-112.78926086425781
2021-04-20 09:00:00,111.60881,56.0,-55.60881042480469
2021-04-20 12:00:00,91.41757,52.0,-39.417572021484375
2021-04-20 15:00:00,105.23434,43.0,-62.234336853027344
2021-04-20 18:00:00,119.93859,39.0,-80.93859100341797
2021-04-20 21:00:00,126.8786,36.0,-90.87860107421875
2021-04-21 18:00:00,122.63968,57.0,-65.63967895507812
2021-04-21 21:00:00,118.85254,58.0,-60.8525390625
2021-04-22 00:00:00,116.5738,74.0,-42.57379913330078
2021-04-22 03:00:00,126.60741,94.0,-32.60740661621094
2021-04-22 06:00:00,112.7641,98.0,-14.76409912109375
2021-04-22 09:00:00,98.89703,79.0,-19.89703369140625
2021-04-22 12:00:00,67.554535,80.0,12.445465087890625
2021-04-22 15:00:00,76.94507,87.0,10.054931640625
2021-04-22 18:00:00,79.27474,84.0,4.725257873535156
2021-04-22 21:00:00,81.85043,53.0,-28.850433349609375
2021-04-23 00:00:00,88.39197,72.0,-16.3919677734375
2021-04-23 03:00:00,96.573105,103.0,6.4268951416015625
2021-04-23 06:00:00,89.22149,70.0,-19.22148895263672
2021-04-23 09:00:00,62.00429,66.0,3.995708465576172
2021-04-23 12:00:00,77.44643,81.0,3.5535736083984375
2021-04-23 15:00:00,91.459694,67.0,-24.459693908691406
2021-04-23 18:00:00,122.50427,62.0,-60.5042724609375
2021-04-23 21:00:00,129.91154,64.0,-65.91154479980469
2021-04-24 00:00:00,98.97622,72.0,-26.976219177246094
2021-04-24 03:00:00,91.32191,59.0,-32.32190704345703
2021-04-24 06:00:00,65.36129,64.0,-1.3612899780273438
2021-04-24 09:00:00,41.129852,55.0,13.870147705078125
2021-04-28 00:00:00,96.39643,53.0,-43.39643096923828
2021-04-28 03:00:00,131.1239,42.0,-89.1239013671875
2021-04-28 06:00:00,167.05997,50.0,-117.05996704101562
2021-04-28 09:00:00,153.7785,67.0,-86.77850341796875
2021-04-28 15:00:00,116.42715,53.0,-63.427146911621094
2021-04-28 18:00:00,99.310455,33.0,-66.31045532226562
2021-04-28 21:00:00,77.02056,27.0,-50.02056121826172
2021-04-29 00:00:00,30.008778,29.0,-1.0087776184082031
2021-04-29 06:00:00,38.129883,24.0,-14.1298828125
2021-04-29 09:00:00,42.03764,30.0,-12.037639617919922
2021-04-29 12:00:00,39.048588,16.0,-23.048587799072266
2021-04-29 15:00:00,50.98332,17.0,-33.98331832885742
2021-04-29 18:00:00,87.65187,17.0,-70.65187072753906
2021-04-29 21:00:00,102.377495,26.0,-76.37749481201172
2021-04-30 00:00:00,89.87172,36.0,-53.87171936035156
2021-04-30 03:00:00,91.12966,33.0,-58.129661560058594
2021-04-30 06:00:00,80.30321,27.0,-53.30320739746094
2021-04-30 09:00:00,52.581215,32.0,-20.581214904785156
2021-04-30 12:00:00,50.62418,27.0,-23.62417984008789
2021-05-01 00:00:00,65.31627,45.0,-20.316268920898438
2021-05-01 03:00:00,62.024128,28.0,-34.02412796020508
2021-05-01 06:00:00,51.529755,55.0,3.470245361328125
2021-05-01 09:00:00,38.804047,27.0,-11.804046630859375
2021-05-01 12:00:00,51.003525,70.0,18.996475219726562
2021-05-02 03:00:00,74.957596,23.0,-51.95759582519531
2021-05-02 06:00:00,69.28246,31.0,-38.28246307373047
2021-05-02 09:00:00,56.20882,22.0,-34.20882034301758
2021-05-02 12:00:00,64.67963,26.0,-38.67962646484375
2021-05-02 15:00:00,66.43734,7.0,-59.437339782714844
2021-05-02 18:00:00,81.236404,36.0,-45.23640441894531
2021-05-02 21:00:00,96.58276,5.0,-91.582763671875
2021-05-04 00:00:00,76.5657,21.0,-55.565696716308594
2021-05-04 03:00:00,104.84757,23.0,-81.84757232666016
2021-05-04 06:00:00,94.90071,17.0,-77.90071105957031
2021-05-04 09:00:00,60.178024,21.0,-39.17802429199219
2021-05-04 12:00:00,32.920753,27.0,-5.920753479003906
2021-05-04 15:00:00,33.61845,34.0,0.3815498352050781
2021-05-04 18:00:00,48.169,21.0,-27.16899871826172
2021-05-04 21:00:00,55.30751,22.0,-33.30751037597656
2021-05-05 00:00:00,49.975826,33.0,-16.975826263427734
2021-05-05 03:00:00,54.965313,31.0,-23.965312957763672
2021-05-05 06:00:00,43.578667,34.0,-9.578666687011719
2021-05-05 09:00:00,33.548588,44.0,10.451412200927734
2021-05-05 12:00:00,27.926546,39.0,11.073453903198242
2021-05-05 15:00:00,34.966602,42.0,7.033397674560547
2021-05-05 18:00:00,47.96948,40.0,-7.969478607177734
2021-05-05 21:00:00,54.858673,143.0,88.14132690429688
2021-05-06 00:00:00,67.21984,231.0,163.78015899658203
2021-05-06 03:00:00,94.13663,106.0,11.863372802734375
2021-05-06 06:00:00,82.96792,172.0,89.0320816040039
2021-05-06 09:00:00,43.793564,162.0,118.20643615722656
2021-05-06 12:00:00,38.27131,53.0,14.728691101074219
2021-05-06 15:00:00,57.800037,35.0,-22.800037384033203
2021-05-06 18:00:00,65.40552,31.0,-34.405517578125
2021-05-06 21:00:00,82.098724,31.0,-51.098724365234375
2021-05-07 00:00:00,112.6873,43.0,-69.68730163574219
2021-05-07 03:00:00,138.35216,44.0,-94.35215759277344
2021-05-07 06:00:00,134.95448,49.0,-85.95448303222656
2021-05-07 09:00:00,109.766975,134.0,24.23302459716797
2021-05-07 12:00:00,81.06099,38.0,-43.06098937988281
2021-05-07 15:00:00,78.853874,44.0,-34.85387420654297
2021-05-07 18:00:00,100.23382,45.0,-55.23381805419922
2021-05-08 00:00:00,104.17171,53.0,-51.17170715332031
2021-05-08 03:00:00,89.97557,31.0,-58.97557067871094
2021-05-08 06:00:00,73.90724,29.0,-44.90724182128906
2021-05-08 09:00:00,72.58501,23.0,-49.58500671386719
2021-05-08 12:00:00,64.59533,10.0,-54.59532928466797
2021-05-08 15:00:00,69.22141,12.0,-57.221412658691406
2021-05-08 18:00:00,92.53426,9.0,-83.53426361083984
2021-05-08 21:00:00,90.188675,9.0,-81.18867492675781
2021-05-09 00:00:00,82.21877,11.0,-71.2187728881836
2021-05-10 15:00:00,68.181404,20.0,-48.18140411376953
2021-05-11 12:00:00,70.29462,36.0,-34.29461669921875
2021-05-11 15:00:00,84.046745,33.0,-51.04674530029297
2021-05-12 06:00:00,77.26527,49.0,-28.26526641845703
2021-05-12 09:00:00,52.571297,82.0,29.42870330810547
2021-05-12 12:00:00,62.183064,58.0,-4.183063507080078
2021-05-12 15:00:00,67.04403,62.0,-5.044029235839844
2021-05-12 18:00:00,95.985794,64.0,-31.985794067382812
2021-05-13 00:00:00,84.53651,42.0,-42.53650665283203
2021-05-13 03:00:00,102.060425,27.0,-75.0604248046875
2021-05-13 06:00:00,88.2834,45.0,-43.28340148925781
2021-05-13 15:00:00,66.05751,41.0,-25.057510375976562
2021-05-13 18:00:00,99.51339,55.0,-44.513389587402344
2021-05-14 12:00:00,58.340675,61.0,2.6593246459960938
2021-05-14 15:00:00,57.890274,80.0,22.109725952148438
2021-05-14 18:00:00,87.50101,46.0,-41.501007080078125
2021-05-14 21:00:00,106.46164,44.0,-62.461639404296875
2021-05-15 00:00:00,124.28677,46.0,-78.28677368164062
2021-05-15 03:00:00,105.214096,57.0,-48.21409606933594
2021-05-15 06:00:00,64.48883,50.0,-14.48883056640625
2021-05-15 09:00:00,36.996994,37.0,0.0030059814453125
2021-05-15 12:00:00,25.772068,41.0,15.22793197631836
2021-05-15 15:00:00,37.86249,36.0,-1.8624916076660156
2021-05-15 18:00:00,76.64085,37.0,-39.640846252441406
2021-05-15 21:00:00,85.29844,43.0,-42.298439025878906
2021-05-16 00:00:00,80.622894,56.0,-24.622894287109375
2021-05-16 03:00:00,76.06127,71.0,-5.061271667480469
2021-05-16 06:00:00,52.34341,85.0,32.65658950805664
2021-05-16 12:00:00,52.74484,24.0,-28.74483871459961
2021-05-16 15:00:00,66.21468,43.0,-23.214683532714844
2021-05-16 18:00:00,102.62272,22.0,-80.62271881103516
2021-05-16 21:00:00,118.40439,26.0,-92.40438842773438
2021-05-17 00:00:00,82.54301,48.0,-34.543006896972656
2021-05-17 03:00:00,105.08285,36.0,-69.08284759521484
2021-05-17 06:00:00,43.42951,47.0,3.5704917907714844
2021-05-17 09:00:00,26.434805,49.0,22.565195083618164
2021-05-17 12:00:00,23.248106,26.0,2.751893997192383
2021-05-17 18:00:00,64.86425,30.0,-34.86425018310547
2021-05-17 21:00:00,71.961266,26.0,-45.961265563964844
2021-05-18 00:00:00,100.70244,64.0,-36.70243835449219
2021-05-18 03:00:00,116.82823,43.0,-73.82823181152344
2021-05-18 06:00:00,76.774994,52.0,-24.774993896484375
2021-05-18 09:00:00,41.51582,37.0,-4.515819549560547
2021-05-18 12:00:00,39.281757,36.0,-3.281757354736328
2021-05-18 15:00:00,52.719543,30.0,-22.71954345703125
2021-05-19 03:00:00,64.78217,40.0,-24.78217315673828
2021-05-19 06:00:00,50.762367,59.0,8.237632751464844
2021-05-19 09:00:00,25.664633,45.0,19.33536720275879
2021-05-19 12:00:00,33.37459,59.0,25.625408172607422
2021-05-19 15:00:00,48.649723,43.0,-5.649723052978516
2021-05-19 18:00:00,87.39113,45.0,-42.39112854003906
2021-05-19 21:00:00,83.90657,36.0,-47.90657043457031
2021-05-20 00:00:00,88.98541,29.0,-59.98541259765625
2021-05-20 03:00:00,92.221565,27.0,-65.22156524658203
2021-05-20 06:00:00,72.34291,41.0,-31.342910766601562
2021-05-20 09:00:00,40.878605,44.0,3.1213951110839844
2021-05-20 12:00:00,54.38457,31.0,-23.384571075439453
2021-05-20 15:00:00,62.5746,31.0,-31.574600219726562
2021-05-20 18:00:00,77.2439,30.0,-47.243896484375
2021-05-21 00:00:00,40.385773,17.0,-23.385772705078125
2021-05-21 03:00:00,57.38053,19.0,-38.380531311035156
2021-05-21 06:00:00,49.33696,22.0,-27.336959838867188
2021-05-21 09:00:00,35.18116,25.0,-10.181159973144531
2021-05-21 12:00:00,39.37413,30.0,-9.374130249023438
2021-05-21 15:00:00,54.90466,48.0,-6.904659271240234
2021-05-21 18:00:00,89.006676,33.0,-56.006675720214844
2021-05-21 21:00:00,88.76305,33.0,-55.76304626464844
2021-05-22 00:00:00,81.74351,44.0,-37.743507385253906
2021-05-22 03:00:00,95.59039,41.0,-54.59039306640625
2021-05-22 06:00:00,78.01089,48.0,-30.010887145996094
2021-05-22 09:00:00,49.92023,37.0,-12.920230865478516
2021-05-22 12:00:00,57.005424,43.0,-14.005424499511719
2021-05-25 03:00:00,104.37475,63.0,-41.37474822998047
2021-05-25 18:00:00,118.24909,69.0,-49.24909210205078
2021-05-25 21:00:00,107.59731,23.0,-84.5973129272461
2021-05-26 00:00:00,95.6835,12.0,-83.68350219726562
2021-05-27 21:00:00,87.13732,20.0,-67.13732147216797
2021-05-28 00:00:00,72.35576,36.0,-36.35575866699219
2021-05-31 18:00:00,84.634224,33.0,-51.63422393798828
2021-05-31 21:00:00,82.7323,21.0,-61.7322998046875
2021-06-01 00:00:00,68.8542,28.0,-40.85420227050781
2021-06-01 03:00:00,61.413857,31.0,-30.413856506347656
2021-06-01 06:00:00,46.55658,27.0,-19.55657958984375
2021-06-01 09:00:00,37.7068,23.0,-14.706798553466797
2021-06-01 12:00:00,43.952072,56.0,12.047927856445312
2021-06-01 15:00:00,58.87199,58.0,-0.8719902038574219
2021-06-01 18:00:00,90.59147,73.0,-17.591468811035156
2021-06-01 21:00:00,91.361244,29.0,-62.361244201660156
2021-06-02 00:00:00,39.331894,51.0,11.668106079101562
2021-06-02 03:00:00,35.897186,35.0,-0.897186279296875
2021-06-02 06:00:00,33.615265,37.0,3.384735107421875
2021-06-02 09:00:00,36.47432,40.0,3.5256805419921875
2021-06-02 15:00:00,69.72573,36.0,-33.725730895996094
2021-06-02 18:00:00,91.44901,30.0,-61.449012756347656
2021-06-02 21:00:00,87.29228,37.0,-50.29228210449219
2021-06-03 00:00:00,105.685555,34.0,-71.68555450439453
2021-06-03 03:00:00,103.94456,46.0,-57.944557189941406
2021-06-14 06:00:00,88.618324,26.0,-62.618324279785156
2021-06-14 15:00:00,78.25247,161.0,82.74752807617188
2021-06-14 18:00:00,141.14812,334.0,192.8518829345703
2021-06-15 03:00:00,105.36087,33.0,-72.36087036132812
2021-06-15 06:00:00,79.404686,31.0,-48.404685974121094
2021-06-15 12:00:00,63.10893,53.0,-10.108928680419922
2021-06-15 15:00:00,82.43137,140.0,57.568626403808594
2021-06-15 18:00:00,118.40131,112.0,-6.401313781738281
2021-06-15 21:00:00,127.09597,78.0,-49.095970153808594
2021-06-16 00:00:00,158.9034,53.0,-105.90339660644531
2021-06-16 21:00:00,143.3334,149.0,5.666595458984375
2021-06-17 00:00:00,132.63365,80.0,-52.63365173339844
2021-06-17 03:00:00,140.27876,41.0,-99.27876281738281
2021-06-17 06:00:00,129.92133,29.0,-100.92132568359375
2021-06-17 09:00:00,106.02764,97.0,-9.027641296386719
2021-06-17 18:00:00,204.65791,503.0,298.3420867919922
2021-06-17 21:00:00,193.5283,265.0,71.47169494628906
2021-06-18 00:00:00,195.3382,127.0,-68.33819580078125
2021-06-18 15:00:00,129.66774,370.0,240.33226013183594
2021-06-18 18:00:00,165.03622,196.0,30.963775634765625
2021-06-18 21:00:00,165.74495,118.0,-47.74494934082031
2021-06-19 00:00:00,136.2232,69.0,-67.22320556640625
2021-06-19 03:00:00,140.96394,29.0,-111.96394348144531
2021-06-19 06:00:00,128.35687,31.0,-97.35687255859375
2021-06-19 09:00:00,87.24072,32.0,-55.24072265625
2021-06-19 12:00:00,82.75424,40.0,-42.754241943359375
2021-06-19 15:00:00,97.60379,56.0,-41.603790283203125
2021-06-19 18:00:00,130.06956,42.0,-88.06956481933594
2021-06-19 21:00:00,133.20982,43.0,-90.20982360839844
2021-06-20 00:00:00,105.20353,49.0,-56.203529357910156
2021-06-20 03:00:00,89.91236,37.0,-52.91236114501953
2021-06-20 06:00:00,75.21374,21.0,-54.21373748779297
2021-06-20 09:00:00,58.80622,40.0,-18.80622100830078
2021-06-20 12:00:00,54.858902,29.0,-25.858901977539062
2021-06-20 15:00:00,65.01994,29.0,-36.01994323730469
2021-06-20 18:00:00,98.073654,30.0,-68.07365417480469
2021-06-20 21:00:00,98.65141,24.0,-74.65141296386719
2021-06-21 00:00:00,77.01521,32.0,-45.01521301269531
2021-06-21 03:00:00,71.23981,31.0,-40.23980712890625
2021-06-21 06:00:00,61.864513,31.0,-30.864513397216797
2021-06-21 09:00:00,45.34695,41.0,-4.346950531005859
2021-06-21 12:00:00,38.327015,36.0,-2.327014923095703
2021-06-21 15:00:00,55.396187,45.0,-10.396186828613281
2021-06-21 18:00:00,87.490204,33.0,-54.490203857421875
2021-06-21 21:00:00,80.137054,24.0,-56.137054443359375
2021-06-22 00:00:00,61.549145,36.0,-25.549144744873047
2021-06-22 03:00:00,58.485283,27.0,-31.48528289794922
2021-06-22 06:00:00,49.212418,29.0,-20.212417602539062
2021-06-22 09:00:00,40.72757,32.0,-8.727569580078125
2021-06-22 12:00:00,48.37932,33.0,-15.379318237304688
2021-06-22 15:00:00,64.99164,39.0,-25.99163818359375
2021-06-22 18:00:00,113.99311,42.0,-71.99311065673828
2021-06-22 21:00:00,110.027824,48.0,-62.02782440185547
2021-06-23 00:00:00,88.41164,43.0,-45.41163635253906
2021-06-23 03:00:00,81.58025,39.0,-42.58025360107422
2021-06-23 06:00:00,70.719864,32.0,-38.71986389160156
2021-06-23 12:00:00,55.310238,70.0,14.689762115478516
2021-06-23 15:00:00,62.953857,48.0,-14.953857421875
2021-06-23 18:00:00,86.488396,52.0,-34.48839569091797
2021-06-23 21:00:00,81.15955,221.0,139.84044647216797
2021-06-24 00:00:00,88.80079,25.0,-63.80078887939453
2021-06-24 03:00:00,91.209816,19.0,-72.2098159790039
2021-06-24 06:00:00,75.021034,17.0,-58.021034240722656
2021-06-24 09:00:00,45.794083,24.0,-21.794082641601562
2021-06-24 12:00:00,41.220745,126.0,84.77925491333008
2021-06-24 15:00:00,51.599274,39.0,-12.599273681640625
2021-06-24 18:00:00,103.70786,28.0,-75.7078628540039
2021-06-24 21:00:00,91.71322,41.0,-50.713218688964844
2021-06-25 09:00:00,12.6236725,31.0,18.376327514648438
2021-06-25 12:00:00,22.956556,36.0,13.04344367980957
2021-06-25 15:00:00,41.899796,29.0,-12.899795532226562
2021-06-25 18:00:00,80.171165,14.0,-66.1711654663086
2021-06-25 21:00:00,82.92727,27.0,-55.927268981933594
2021-06-26 00:00:00,85.505806,30.0,-55.50580596923828
2021-06-26 03:00:00,97.601746,28.0,-69.60174560546875
2021-06-26 06:00:00,89.80192,35.0,-54.801918029785156
2021-06-26 09:00:00,42.821342,48.0,5.178657531738281
2021-06-26 12:00:00,48.17525,35.0,-13.175251007080078
2021-06-26 15:00:00,53.517395,42.0,-11.51739501953125
2021-06-26 18:00:00,80.132164,31.0,-49.132164001464844
2021-06-26 21:00:00,85.90314,38.0,-47.90313720703125
2021-06-27 00:00:00,62.629967,35.0,-27.629966735839844
2021-06-27 03:00:00,95.47091,47.0,-48.470909118652344
2021-06-27 06:00:00,55.475708,49.0,-6.4757080078125
2021-06-27 09:00:00,32.543198,47.0,14.456802368164062
2021-06-27 12:00:00,40.43227,43.0,2.567729949951172
2021-06-27 15:00:00,49.205936,47.0,-2.2059364318847656
2021-06-27 18:00:00,65.73305,31.0,-34.73304748535156
2021-06-28 00:00:00,86.197586,38.0,-48.19758605957031
2021-06-28 03:00:00,104.47275,26.0,-78.47274780273438
2021-06-28 06:00:00,101.8916,51.0,-50.8916015625
2021-06-28 09:00:00,90.46357,43.0,-47.46356964111328
2021-06-28 15:00:00,82.52027,48.0,-34.52027130126953
2021-06-28 18:00:00,76.76181,44.0,-32.761810302734375
2021-06-28 21:00:00,77.96962,60.0,-17.969619750976562
2021-06-29 00:00:00,51.97535,68.0,16.02465057373047
2021-06-29 03:00:00,72.03721,63.0,-9.037208557128906
2021-06-29 06:00:00,72.8121,50.0,-22.812103271484375
2021-06-29 09:00:00,59.38273,48.0,-11.382728576660156
2021-06-29 12:00:00,60.133972,49.0,-11.13397216796875
2021-06-29 15:00:00,75.75818,68.0,-7.7581787109375
2021-06-29 18:00:00,85.31834,87.0,1.6816635131835938
2021-06-29 21:00:00,88.676414,83.0,-5.676414489746094
2021-07-08 03:00:00,72.511856,37.0,-35.51185607910156
2021-07-08 06:00:00,59.36988,37.0,-22.36988067626953
2021-07-08 09:00:00,36.36342,43.0,6.6365814208984375
2021-07-08 12:00:00,34.030563,37.0,2.9694366455078125
2021-07-08 15:00:00,38.292,33.0,-5.291999816894531
2021-07-08 18:00:00,59.21288,30.0,-29.212879180908203
2021-07-08 21:00:00,59.841568,19.0,-40.84156799316406
2021-07-09 00:00:00,61.336777,24.0,-37.33677673339844
2021-07-09 03:00:00,55.166424,30.0,-25.166423797607422
2021-07-09 06:00:00,42.048668,21.0,-21.048667907714844
2021-07-09 09:00:00,30.132923,20.0,-10.132923126220703
2021-07-09 12:00:00,33.812286,29.0,-4.812286376953125
2021-07-09 15:00:00,61.28903,95.0,33.71097183227539
2021-07-09 18:00:00,97.86129,35.0,-62.861289978027344
2021-07-09 21:00:00,87.49134,44.0,-43.49134063720703
2021-07-10 00:00:00,75.14075,27.0,-48.1407470703125
2021-07-12 21:00:00,63.20397,21.0,-42.20397186279297
2021-07-13 00:00:00,29.907824,40.0,10.09217643737793
2021-07-13 03:00:00,38.008694,31.0,-7.008693695068359
2021-07-13 06:00:00,37.227665,23.0,-14.227664947509766
2021-07-13 09:00:00,45.954266,32.0,-13.954265594482422
2021-07-13 12:00:00,58.60079,56.0,-2.600788116455078
2021-07-13 15:00:00,78.840004,197.0,118.15999603271484
2021-07-14 18:00:00,91.51086,32.0,-59.51085662841797
2021-07-14 21:00:00,106.94657,28.0,-78.94657135009766
2021-07-15 00:00:00,80.65399,32.0,-48.65399169921875
2021-07-15 12:00:00,44.105038,35.0,-9.105037689208984
2021-07-15 15:00:00,46.848072,28.0,-18.848072052001953
2021-07-16 18:00:00,75.58697,36.0,-39.58696746826172
2021-07-16 21:00:00,84.25718,30.0,-54.257179260253906
2021-07-17 00:00:00,89.42288,69.0,-20.422882080078125
2021-07-17 03:00:00,87.05001,38.0,-49.050010681152344
2021-07-20 00:00:00,25.202553,52.0,26.797447204589844
2021-07-20 03:00:00,55.739746,35.0,-20.73974609375
2021-07-20 06:00:00,50.823017,39.0,-11.823017120361328
2021-07-20 09:00:00,33.539665,59.0,25.46033477783203
2021-07-20 12:00:00,49.60566,44.0,-5.605659484863281
2021-07-20 15:00:00,47.768936,52.0,4.2310638427734375
2021-07-20 18:00:00,49.99174,60.0,10.008258819580078
2021-07-20 21:00:00,56.055115,62.0,5.94488525390625
2021-07-21 03:00:00,78.34922,31.0,-47.349220275878906
2021-07-21 06:00:00,85.91212,42.0,-43.91211700439453
2021-07-21 09:00:00,83.17852,43.0,-40.17852020263672
2021-07-21 12:00:00,74.44487,46.0,-28.444869995117188
2021-07-21 15:00:00,81.22083,51.0,-30.22083282470703
2021-07-21 18:00:00,83.55198,48.0,-35.551979064941406
2021-07-21 21:00:00,82.421364,30.0,-52.421363830566406
2021-07-22 00:00:00,46.03703,44.0,-2.037029266357422
2021-07-22 03:00:00,64.245224,35.0,-29.245223999023438
2021-07-22 06:00:00,78.33842,45.0,-33.338417053222656
2021-07-22 09:00:00,80.98755,39.0,-41.987548828125
2021-07-22 12:00:00,73.99239,49.0,-24.992393493652344
2021-07-22 15:00:00,76.55581,50.0,-26.555809020996094
2021-07-22 18:00:00,99.16493,41.0,-58.16493225097656
2021-07-22 21:00:00,123.072365,49.0,-74.0723648071289
2021-07-23 03:00:00,80.596695,35.0,-45.59669494628906
2021-07-23 06:00:00,69.55929,38.0,-31.559288024902344
2021-07-23 09:00:00,70.15933,44.0,-26.159332275390625
2021-07-23 12:00:00,78.587166,22.0,-56.58716583251953
2021-07-23 15:00:00,96.16224,55.0,-41.16223907470703
2021-07-23 18:00:00,126.33586,46.0,-80.33586120605469
2021-07-23 21:00:00,131.74327,40.0,-91.74327087402344
2021-07-24 00:00:00,121.447556,35.0,-86.44755554199219
2021-07-24 03:00:00,127.60177,35.0,-92.60176849365234
2021-07-24 06:00:00,114.327805,27.0,-87.32780456542969
2021-07-24 09:00:00,89.30829,36.0,-53.30828857421875
2021-07-24 12:00:00,69.920586,53.0,-16.92058563232422
2021-07-24 15:00:00,62.577557,36.0,-26.577556610107422
2021-07-24 18:00:00,83.53982,28.0,-55.539817810058594
2021-07-24 21:00:00,88.410385,35.0,-53.41038513183594
2021-07-25 00:00:00,37.657627,44.0,6.342372894287109
2021-07-25 03:00:00,44.84468,39.0,-5.8446807861328125
2021-07-25 06:00:00,50.212067,43.0,-7.212066650390625
2021-08-03 03:00:00,70.021996,25.0,-45.021995544433594
2021-08-03 06:00:00,58.679234,38.0,-20.67923355102539
2021-08-03 09:00:00,28.905788,74.0,45.09421157836914
2021-08-03 12:00:00,25.580902,63.0,37.419097900390625
2021-08-03 15:00:00,35.137417,47.0,11.86258316040039
2021-08-03 18:00:00,83.07279,24.0,-59.072792053222656
2021-08-03 21:00:00,96.30594,51.0,-45.305938720703125
2021-08-04 00:00:00,74.63814,41.0,-33.63813781738281
2021-08-04 03:00:00,67.15618,31.0,-36.15618133544922
2021-08-04 06:00:00,61.523678,44.0,-17.523677825927734
2021-08-04 09:00:00,30.260254,42.0,11.73974609375
2021-08-04 12:00:00,29.17477,27.0,-2.1747703552246094
2021-08-06 00:00:00,75.27115,48.0,-27.271148681640625
2021-08-06 03:00:00,78.11309,90.0,11.886909484863281
2021-08-06 06:00:00,82.098495,66.0,-16.098495483398438
2021-08-06 09:00:00,65.55729,41.0,-24.557289123535156
2021-08-06 12:00:00,50.462402,49.0,-1.46240234375
2021-08-06 15:00:00,55.411873,40.0,-15.411872863769531
2021-08-06 18:00:00,63.955894,46.0,-17.955894470214844
2021-08-06 21:00:00,65.51545,36.0,-29.51544952392578
2021-08-07 00:00:00,59.435024,50.0,-9.43502426147461
2021-08-07 03:00:00,78.021,39.0,-39.02100372314453
2021-08-07 06:00:00,71.11999,53.0,-18.11998748779297
2021-08-07 09:00:00,55.521923,67.0,11.478076934814453
2021-08-07 12:00:00,63.173275,59.0,-4.173274993896484
2021-08-07 15:00:00,70.86737,48.0,-22.86737060546875
2021-08-07 18:00:00,86.54684,58.0,-28.546836853027344
2021-08-07 21:00:00,104.96547,70.0,-34.96546936035156
2021-08-08 00:00:00,91.35317,75.0,-16.353172302246094
2021-08-08 06:00:00,52.82766,46.0,-6.827659606933594
2021-08-08 21:00:00,67.79874,30.0,-37.798736572265625
2021-08-09 00:00:00,48.549282,41.0,-7.549282073974609
2021-08-09 03:00:00,58.129444,37.0,-21.129444122314453
2021-08-09 06:00:00,60.96934,34.0,-26.969341278076172
2021-08-09 09:00:00,45.627983,48.0,2.3720169067382812
2021-08-09 12:00:00,37.847713,33.0,-4.847713470458984
2021-08-09 15:00:00,52.133144,24.0,-28.13314437866211
2021-08-09 18:00:00,84.91543,24.0,-60.915428161621094
2021-08-09 21:00:00,92.49015,40.0,-52.490150451660156
2021-08-10 00:00:00,64.12165,69.0,4.878349304199219
2021-08-10 03:00:00,53.929626,48.0,-5.92962646484375
2021-08-10 06:00:00,45.1123,42.0,-3.1123008728027344
2021-08-10 09:00:00,38.728558,37.0,-1.7285575866699219
2021-08-10 12:00:00,41.561634,30.0,-11.561634063720703
2021-08-10 15:00:00,52.913948,24.0,-28.91394805908203
2021-08-10 18:00:00,70.207535,30.0,-40.20753479003906
2021-08-10 21:00:00,60.519596,202.0,141.48040390014648
2021-08-11 00:00:00,75.89369,85.0,9.106307983398438
2021-08-11 03:00:00,84.64076,42.0,-42.64076232910156
2021-08-11 06:00:00,74.76637,28.0,-46.76637268066406
2021-08-11 09:00:00,40.44614,36.0,-4.446140289306641
2021-08-11 12:00:00,39.14556,45.0,5.854438781738281
2021-08-11 15:00:00,46.994957,22.0,-24.994956970214844
2021-08-11 18:00:00,75.311615,16.0,-59.311614990234375
2021-08-11 21:00:00,76.07559,26.0,-50.075592041015625
2021-08-12 00:00:00,57.391846,14.0,-43.391845703125
2021-08-12 03:00:00,74.28957,25.0,-49.289573669433594
2021-08-12 06:00:00,61.91294,89.0,27.087059020996094
2021-08-12 09:00:00,40.235138,49.0,8.764862060546875
2021-08-12 12:00:00,45.43972,36.0,-9.439720153808594
2021-08-12 15:00:00,51.396,42.0,-9.395999908447266
2021-08-12 18:00:00,94.30778,36.0,-58.307777404785156
2021-08-12 21:00:00,106.26536,48.0,-58.265357971191406
2021-08-13 00:00:00,104.988655,71.0,-33.98865509033203
2021-08-13 03:00:00,101.8891,40.0,-61.88909912109375
2021-08-13 06:00:00,105.45909,38.0,-67.45909118652344
2021-08-13 09:00:00,76.484184,44.0,-32.48418426513672
2021-08-13 12:00:00,58.621025,59.0,0.37897491455078125
2021-08-13 15:00:00,62.39816,36.0,-26.39815902709961
2021-08-13 18:00:00,82.425,30.0,-52.42500305175781
2021-08-13 21:00:00,84.17987,30.0,-54.17987060546875
2021-08-14 00:00:00,54.774773,34.0,-20.77477264404297
2021-08-14 03:00:00,63.412586,45.0,-18.412586212158203
2021-08-14 06:00:00,58.116486,46.0,-12.116485595703125
2021-08-14 09:00:00,47.32965,52.0,4.67034912109375
2021-08-14 12:00:00,48.656147,35.0,-13.656147003173828
2021-08-14 15:00:00,64.43861,25.0,-39.43860626220703
2021-08-14 18:00:00,91.69844,27.0,-64.69844055175781
2021-08-14 21:00:00,89.246895,46.0,-43.24689483642578
2021-08-15 00:00:00,93.71115,33.0,-60.711151123046875
2021-08-15 03:00:00,68.695045,13.0,-55.695045471191406
2021-08-15 06:00:00,52.32755,25.0,-27.32754898071289
2021-08-15 09:00:00,48.98948,42.0,-6.989479064941406
2021-08-15 12:00:00,71.16796,29.0,-42.16796112060547
2021-08-15 15:00:00,93.06018,69.0,-24.0601806640625
2021-08-15 18:00:00,118.041046,106.0,-12.041046142578125
2021-08-15 21:00:00,117.314354,138.0,20.685646057128906
2021-08-16 00:00:00,86.5873,104.0,17.412696838378906
2021-08-16 03:00:00,76.08333,45.0,-31.083328247070312
2021-08-16 06:00:00,62.556408,25.0,-37.5564079284668
2021-08-16 09:00:00,44.717125,36.0,-8.717124938964844
2021-08-16 12:00:00,46.767128,32.0,-14.767127990722656
2021-08-16 15:00:00,71.75504,43.0,-28.755043029785156
2021-08-16 18:00:00,103.910225,62.0,-41.91022491455078
2021-08-16 21:00:00,91.75983,48.0,-43.75982666015625
2021-08-17 00:00:00,61.625313,66.0,4.374687194824219
2021-08-17 03:00:00,58.519505,30.0,-28.51950454711914
2021-08-17 06:00:00,53.498753,37.0,-16.49875259399414
2021-08-17 09:00:00,44.360603,30.0,-14.360603332519531
2021-08-17 12:00:00,51.974213,25.0,-26.974212646484375
2021-08-17 15:00:00,65.85856,23.0,-42.858558654785156
2021-08-17 18:00:00,91.05611,15.0,-76.05610656738281
2021-08-17 21:00:00,86.56059,22.0,-64.56059265136719
2021-08-18 00:00:00,48.780975,25.0,-23.780975341796875
2021-08-18 03:00:00,50.698647,16.0,-34.698646545410156
2021-08-18 06:00:00,37.722885,49.0,11.277114868164062
2021-08-18 09:00:00,25.449026,28.0,2.550973892211914
2021-08-18 12:00:00,28.785961,17.0,-11.785961151123047
2021-08-18 15:00:00,35.460518,15.0,-20.46051788330078
2021-08-18 18:00:00,82.58269,25.0,-57.58268737792969
2021-08-18 21:00:00,102.91944,33.0,-69.91944122314453
2021-08-19 00:00:00,103.60986,37.0,-66.60986328125
2021-08-19 03:00:00,113.06293,47.0,-66.06292724609375
2021-08-19 06:00:00,97.5524,35.0,-62.552398681640625
2021-08-19 15:00:00,77.21019,48.0,-29.210189819335938
2021-08-19 18:00:00,89.42641,38.0,-51.42640686035156
2021-08-19 21:00:00,87.559784,39.0,-48.559783935546875
2021-08-20 00:00:00,117.61211,46.0,-71.61210632324219
2021-08-20 03:00:00,123.456406,45.0,-78.45640563964844
2021-08-20 06:00:00,111.0393,49.0,-62.03929901123047
2021-08-20 09:00:00,82.71013,52.0,-30.710128784179688
2021-08-20 12:00:00,58.682644,50.0,-8.68264389038086
2021-08-20 15:00:00,58.64149,56.0,-2.641490936279297
2021-08-20 18:00:00,59.481182,52.0,-7.481182098388672
2021-08-20 21:00:00,58.972775,31.0,-27.972774505615234
2021-08-21 00:00:00,57.855118,36.0,-21.855117797851562
2021-08-21 03:00:00,68.5593,36.0,-32.559303283691406
2021-08-21 06:00:00,58.80429,38.0,-20.804290771484375
2021-08-21 09:00:00,47.32442,41.0,-6.324420928955078
2021-08-21 12:00:00,72.0961,62.0,-10.096099853515625
2021-08-21 15:00:00,75.8771,36.0,-39.877098083496094
2021-08-21 18:00:00,77.97053,35.0,-42.97052764892578
2021-08-21 21:00:00,76.80455,28.0,-48.80455017089844
2021-08-22 00:00:00,51.57585,36.0,-15.575851440429688
2021-08-22 03:00:00,64.66678,38.0,-26.666778564453125
2021-08-22 06:00:00,73.28526,45.0,-28.285263061523438
2021-08-22 09:00:00,75.99101,38.0,-37.99101257324219
2021-08-22 12:00:00,57.123543,36.0,-21.12354278564453
2021-08-22 15:00:00,55.197235,41.0,-14.197235107421875
2021-08-22 18:00:00,63.28969,33.0,-30.289688110351562
2021-08-22 21:00:00,71.06678,34.0,-37.06678009033203
2021-08-23 00:00:00,57.11547,52.0,-5.115470886230469
2021-08-23 03:00:00,75.01308,61.0,-14.013076782226562
2021-08-23 06:00:00,74.98943,37.0,-37.98943328857422
2021-08-23 09:00:00,41.286285,58.0,16.713714599609375
2021-08-23 12:00:00,42.668945,41.0,-1.6689453125
2021-08-23 15:00:00,64.733055,40.0,-24.733055114746094
2021-08-23 18:00:00,83.06767,46.0,-37.06767272949219
2021-08-23 21:00:00,82.38306,37.0,-45.383056640625
2021-08-24 00:00:00,83.36576,59.0,-24.365760803222656
2021-08-24 03:00:00,102.76688,62.0,-40.766876220703125
2021-08-24 06:00:00,102.12739,69.0,-33.12738800048828
2021-08-24 09:00:00,70.98993,58.0,-12.98992919921875
2021-08-24 12:00:00,61.141464,59.0,-2.1414642333984375
2021-08-24 15:00:00,54.138126,51.0,-3.1381263732910156
2021-08-24 18:00:00,50.791813,47.0,-3.7918128967285156
2021-08-24 21:00:00,52.12604,41.0,-11.126041412353516
2021-08-25 00:00:00,62.74513,55.0,-7.745128631591797
2021-08-25 03:00:00,82.88725,54.0,-28.887252807617188
2021-08-25 06:00:00,79.79633,58.0,-21.79633331298828
2021-08-25 09:00:00,49.17433,56.0,6.8256683349609375
2021-08-25 12:00:00,48.281662,52.0,3.7183380126953125
2021-08-25 15:00:00,60.456387,40.0,-20.45638656616211
2021-08-25 18:00:00,92.62567,35.0,-57.62567138671875
2021-08-25 21:00:00,90.33545,49.0,-41.33544921875
2021-08-26 00:00:00,77.76589,81.0,3.2341079711914062
2021-08-26 03:00:00,77.697334,53.0,-24.69733428955078
2021-08-26 06:00:00,60.581444,66.0,5.418556213378906
2021-08-26 09:00:00,30.680895,53.0,22.31910514831543
2021-08-26 12:00:00,21.828783,34.0,12.17121696472168
2021-08-26 15:00:00,35.781796,44.0,8.218204498291016
2021-08-26 18:00:00,77.49225,22.0,-55.49224853515625
2021-08-26 21:00:00,90.82214,28.0,-62.8221435546875
2021-08-27 00:00:00,73.029015,23.0,-50.029014587402344
2021-08-27 03:00:00,80.76347,34.0,-46.76347351074219
2021-08-27 06:00:00,61.69137,32.0,-29.691368103027344
2021-08-27 09:00:00,32.4776,30.0,-2.47760009765625
2021-08-27 12:00:00,39.49367,44.0,4.506328582763672
2021-08-27 15:00:00,48.678658,26.0,-22.67865753173828
2021-08-27 18:00:00,101.115746,19.0,-82.1157455444336
2021-08-27 21:00:00,95.58408,33.0,-62.584083557128906
2021-08-28 00:00:00,70.711845,105.0,34.28815460205078
2021-08-28 03:00:00,76.3481,27.0,-49.34809875488281
2021-08-28 06:00:00,71.043816,30.0,-41.04381561279297
2021-08-28 09:00:00,49.54063,37.0,-12.540630340576172
2021-08-28 12:00:00,41.087105,45.0,3.9128952026367188
2021-08-28 15:00:00,56.16016,39.0,-17.160160064697266
2021-08-28 18:00:00,96.22795,41.0,-55.22795104980469
2021-08-28 21:00:00,126.438065,47.0,-79.43806457519531
2021-08-29 00:00:00,137.30516,241.0,103.69483947753906
2021-08-29 03:00:00,149.84425,58.0,-91.84425354003906
2021-08-29 06:00:00,120.79385,126.0,5.206146240234375
2021-08-29 09:00:00,44.46656,39.0,-5.466560363769531
2021-08-29 12:00:00,48.316452,52.0,3.6835479736328125
2021-08-29 15:00:00,58.768364,58.0,-0.7683639526367188
2021-08-29 18:00:00,73.06471,53.0,-20.064712524414062
2021-08-29 21:00:00,84.391556,45.0,-39.39155578613281
2021-08-30 00:00:00,82.36327,72.0,-10.363273620605469
2021-08-30 03:00:00,92.50738,61.0,-31.50737762451172
2021-08-30 06:00:00,90.19777,49.0,-41.19776916503906
2021-08-30 09:00:00,76.211105,55.0,-21.211105346679688
2021-08-30 12:00:00,79.935715,55.0,-24.935714721679688
2021-08-30 15:00:00,94.06472,63.0,-31.064720153808594
2021-08-30 18:00:00,100.078636,50.0,-50.078636169433594
2021-08-30 21:00:00,102.51131,51.0,-51.51130676269531
2021-08-31 00:00:00,68.723015,59.0,-9.723014831542969
2021-08-31 03:00:00,81.3385,49.0,-32.3385009765625
2021-08-31 06:00:00,79.14969,49.0,-30.149688720703125
2021-08-31 09:00:00,75.4419,46.0,-29.44190216064453
2021-08-31 12:00:00,45.397655,31.0,-14.397655487060547
2021-08-31 15:00:00,42.378815,42.0,-0.378814697265625
2021-08-31 18:00:00,59.118862,45.0,-14.11886215209961
2021-08-31 21:00:00,80.422295,46.0,-34.42229461669922
2021-09-01 00:00:00,95.838005,47.0,-48.83800506591797
2021-09-01 03:00:00,108.90926,47.0,-61.909263610839844
2021-09-01 06:00:00,87.88425,48.0,-39.884246826171875
2021-09-01 09:00:00,54.388012,54.0,-0.3880119323730469
2021-09-01 12:00:00,49.76164,59.0,9.238361358642578
2021-09-01 15:00:00,62.860638,58.0,-4.860637664794922
2021-09-01 18:00:00,91.67889,55.0,-36.67888641357422
2021-09-01 21:00:00,103.1151,50.0,-53.11509704589844
2021-09-02 00:00:00,103.334175,50.0,-53.33417510986328
2021-09-02 03:00:00,126.70034,61.0,-65.7003402709961
2021-09-02 06:00:00,114.62225,96.0,-18.62225341796875
2021-09-02 09:00:00,96.59129,36.0,-60.59129333496094
2021-09-02 12:00:00,82.11919,78.0,-4.1191864013671875
2021-09-02 15:00:00,82.48344,49.0,-33.483436584472656
2021-09-02 18:00:00,77.1758,37.0,-40.17579650878906
2021-09-02 21:00:00,81.60419,73.0,-8.60418701171875
2021-09-03 00:00:00,74.06049,64.0,-10.060493469238281
2021-09-03 03:00:00,74.52633,52.0,-22.526329040527344
2021-09-03 06:00:00,60.36976,54.0,-6.369758605957031
2021-09-03 09:00:00,57.05829,65.0,7.94171142578125
2021-09-03 12:00:00,52.75638,61.0,8.243621826171875
2021-09-03 15:00:00,58.40343,54.0,-4.403430938720703
2021-09-03 18:00:00,67.23013,47.0,-20.230133056640625
2021-09-03 21:00:00,80.24329,50.0,-30.24329376220703
2021-09-04 00:00:00,63.36404,53.0,-10.36404037475586
2021-09-04 03:00:00,77.48463,61.0,-16.48462677001953
2021-09-04 06:00:00,67.781006,69.0,1.218994140625
2021-09-04 09:00:00,49.289043,55.0,5.710956573486328
2021-09-04 12:00:00,41.332443,42.0,0.6675567626953125
2021-09-04 15:00:00,49.750496,24.0,-25.75049591064453
2021-09-04 18:00:00,75.4178,22.0,-53.41780090332031
2021-09-04 21:00:00,79.508484,22.0,-57.50848388671875
2021-09-05 00:00:00,46.938,18.0,-28.937999725341797
2021-09-05 03:00:00,55.75896,21.0,-34.75896072387695
2021-09-05 06:00:00,65.33582,32.0,-33.33582305908203
2021-09-05 09:00:00,44.56706,35.0,-9.567058563232422
2021-09-05 12:00:00,52.10359,27.0,-25.103588104248047
2021-09-05 15:00:00,68.992905,33.0,-35.99290466308594
2021-09-05 18:00:00,86.1437,17.0,-69.1436996459961
2021-09-05 21:00:00,84.82516,36.0,-48.825157165527344
2021-09-06 00:00:00,65.503174,34.0,-31.503173828125
2021-09-06 03:00:00,68.01849,32.0,-36.01849365234375
2021-09-06 06:00:00,51.957157,29.0,-22.957157135009766
2021-09-06 09:00:00,33.93211,30.0,-3.932109832763672
2021-09-06 12:00:00,45.458363,22.0,-23.458362579345703
2021-09-06 15:00:00,61.00481,29.0,-32.00481033325195
2021-09-06 18:00:00,86.44088,22.0,-64.44087982177734
2021-09-06 21:00:00,86.400406,17.0,-69.40040588378906
2021-09-07 00:00:00,83.887474,37.0,-46.887474060058594
2021-09-07 03:00:00,84.686806,25.0,-59.686805725097656
2021-09-07 06:00:00,72.80733,30.0,-42.80732727050781
2021-09-07 09:00:00,47.450157,34.0,-13.450157165527344
2021-09-07 12:00:00,35.939137,35.0,-0.9391365051269531
2021-09-07 15:00:00,53.84936,27.0,-26.849361419677734
2021-09-07 18:00:00,83.3536,20.0,-63.353599548339844
2021-09-07 21:00:00,85.989426,27.0,-58.98942565917969
2021-09-08 00:00:00,80.673546,33.0,-47.673545837402344
2021-09-08 03:00:00,76.526245,22.0,-54.5262451171875
2021-09-08 06:00:00,67.75872,26.0,-41.75872039794922
2021-09-08 09:00:00,43.285126,34.0,-9.285125732421875
2021-09-08 12:00:00,51.9467,33.0,-18.946701049804688
2021-09-08 15:00:00,72.927376,27.0,-45.92737579345703
2021-09-08 18:00:00,92.16342,68.0,-24.163421630859375
2021-09-08 21:00:00,80.516655,107.0,26.48334503173828
2021-09-09 00:00:00,81.51505,39.0,-42.515052795410156
2021-09-09 03:00:00,71.45604,17.0,-54.45603942871094
2021-09-09 06:00:00,69.10409,25.0,-44.104087829589844
2021-09-09 09:00:00,52.620182,28.0,-24.620182037353516
2021-09-09 12:00:00,66.86537,27.0,-39.86537170410156
2021-09-09 15:00:00,98.24066,53.0,-45.24066162109375
2021-09-09 18:00:00,129.2019,51.0,-78.201904296875
2021-09-09 21:00:00,130.13164,37.0,-93.13163757324219
2021-09-10 00:00:00,116.70704,50.0,-66.70703887939453
2021-09-10 03:00:00,126.35746,23.0,-103.35746002197266
2021-09-10 06:00:00,120.16801,22.0,-98.16800689697266
2021-09-10 09:00:00,85.12893,25.0,-60.128929138183594
2021-09-10 12:00:00,57.365242,33.0,-24.36524200439453
2021-09-10 15:00:00,74.20579,51.0,-23.205787658691406
2021-09-10 18:00:00,116.50388,28.0,-88.5038833618164
2021-09-10 21:00:00,128.35358,28.0,-100.35357666015625
2021-09-11 00:00:00,124.5478,36.0,-88.54779815673828
2021-09-11 03:00:00,119.16916,20.0,-99.16915893554688
2021-09-11 06:00:00,101.0859,103.0,1.9141006469726562
2021-09-11 09:00:00,69.34522,86.0,16.65477752685547
2021-09-11 12:00:00,54.991005,46.0,-8.991004943847656
2021-09-11 15:00:00,67.40106,35.0,-32.40106201171875
2021-09-11 18:00:00,95.285034,28.0,-67.2850341796875
2021-09-11 21:00:00,102.80633,23.0,-79.80632781982422
2021-09-12 00:00:00,88.46928,52.0,-36.469276428222656
2021-09-12 03:00:00,93.818245,14.0,-79.81824493408203
2021-09-12 06:00:00,82.82632,7.0,-75.8263168334961
2021-09-12 09:00:00,53.43486,24.0,-29.434860229492188
2021-09-12 12:00:00,59.616467,22.0,-37.6164665222168
2021-09-12 15:00:00,75.28751,22.0,-53.287513732910156
2021-09-12 18:00:00,99.39595,14.0,-85.39595031738281
2021-09-12 21:00:00,93.888504,23.0,-70.88850402832031
2021-09-13 00:00:00,53.913708,72.0,18.086292266845703
2021-09-13 03:00:00,48.423546,19.0,-29.423545837402344
2021-09-13 06:00:00,37.708218,19.0,-18.70821762084961
2021-09-13 09:00:00,34.034657,22.0,-12.034656524658203
2021-09-13 12:00:00,36.006897,15.0,-21.00689697265625
2021-09-13 15:00:00,52.088806,12.0,-40.08880615234375
2021-09-13 18:00:00,80.257225,13.0,-67.2572250366211
2021-09-13 21:00:00,79.983696,24.0,-55.98369598388672
2021-09-14 00:00:00,71.74958,21.0,-50.74958038330078
2021-09-14 03:00:00,69.23278,19.0,-50.23278045654297
2021-09-14 06:00:00,65.394714,26.0,-39.39471435546875
2021-09-14 09:00:00,45.603203,27.0,-18.60320281982422
2021-09-14 12:00:00,43.7783,19.0,-24.778301239013672
2021-09-14 15:00:00,61.57461,15.0,-46.57461166381836
2021-09-14 18:00:00,100.60785,10.0,-90.60784912109375
2021-09-14 21:00:00,110.61616,19.0,-91.61615753173828
2021-09-15 00:00:00,63.83482,41.0,-22.834819793701172
2021-09-15 03:00:00,62.053402,12.0,-50.053401947021484
2021-09-15 06:00:00,63.2744,17.0,-46.27439880371094
2021-09-15 09:00:00,45.431194,22.0,-23.431194305419922
2021-09-15 12:00:00,41.840393,23.0,-18.84039306640625
2021-09-15 15:00:00,62.34711,13.0,-49.347110748291016
2021-09-15 18:00:00,97.90324,11.0,-86.90323638916016
2021-09-15 21:00:00,105.05494,12.0,-93.05493927001953
2021-09-16 00:00:00,79.88956,35.0,-44.889556884765625
2021-09-16 03:00:00,81.02086,31.0,-50.02085876464844
2021-09-16 06:00:00,73.97182,21.0,-52.97181701660156
2021-09-16 09:00:00,48.939228,25.0,-23.939228057861328
2021-09-16 12:00:00,42.524788,23.0,-19.52478790283203
2021-09-16 15:00:00,58.49188,22.0,-36.491878509521484
2021-09-16 18:00:00,98.331154,17.0,-81.3311538696289
2021-09-16 21:00:00,96.39643,19.0,-77.39643096923828
2021-09-17 00:00:00,55.117992,25.0,-30.117992401123047
2021-09-17 03:00:00,64.75261,30.0,-34.75260925292969
2021-09-17 06:00:00,63.627453,19.0,-44.6274528503418
2021-09-17 09:00:00,45.090473,34.0,-11.090473175048828
2021-09-17 12:00:00,38.411373,30.0,-8.411373138427734
2021-09-17 15:00:00,50.082233,31.0,-19.082233428955078
2021-09-17 18:00:00,77.83956,20.0,-57.839561462402344
2021-09-17 21:00:00,75.94542,25.0,-50.94541931152344
2021-09-18 00:00:00,65.88561,28.0,-37.88561248779297
2021-09-18 03:00:00,72.95381,17.0,-55.95381164550781
2021-09-18 06:00:00,65.00795,24.0,-41.00794982910156
2021-09-18 09:00:00,39.79244,38.0,-1.7924385070800781
2021-09-18 12:00:00,32.65768,27.0,-5.657680511474609
2021-09-18 15:00:00,60.72787,23.0,-37.72787094116211
2021-09-18 18:00:00,107.67872,21.0,-86.67871856689453
2021-09-18 21:00:00,95.337326,24.0,-71.33732604980469
2021-09-19 00:00:00,67.13424,63.0,-4.134239196777344
2021-09-19 03:00:00,77.50202,64.0,-13.502021789550781
2021-09-19 06:00:00,75.44577,36.0,-39.445770263671875
2021-09-19 09:00:00,50.156017,39.0,-11.156017303466797
2021-09-19 12:00:00,44.682224,34.0,-10.68222427368164
2021-09-19 15:00:00,58.231647,29.0,-29.231647491455078
2021-09-19 18:00:00,73.62541,30.0,-43.62541198730469
2021-09-19 21:00:00,65.8747,27.0,-38.87470245361328
2021-09-20 00:00:00,61.991158,41.0,-20.99115753173828
2021-09-20 03:00:00,65.264656,27.0,-38.26465606689453
2021-09-20 06:00:00,51.7266,33.0,-18.726600646972656
2021-09-20 09:00:00,29.830744,25.0,-4.830743789672852
2021-09-20 12:00:00,29.506395,21.0,-8.50639533996582
2021-09-20 15:00:00,57.427544,26.0,-31.42754364013672
2021-09-20 18:00:00,92.16717,15.0,-77.16716766357422
2021-09-20 21:00:00,90.500404,17.0,-73.50040435791016
2021-09-21 00:00:00,60.65261,19.0,-41.652610778808594
2021-09-21 03:00:00,54.347992,23.0,-31.347991943359375
2021-09-21 06:00:00,44.374702,27.0,-17.37470245361328
2021-09-21 09:00:00,33.52625,24.0,-9.526248931884766
2021-09-21 12:00:00,47.295998,24.0,-23.295997619628906
2021-09-21 15:00:00,72.07836,29.0,-43.07836151123047
2021-09-21 18:00:00,109.96769,12.0,-97.96768951416016
2021-09-21 21:00:00,121.75201,32.0,-89.75200653076172
2021-09-22 00:00:00,80.57373,37.0,-43.57373046875
2021-09-22 03:00:00,73.949875,21.0,-52.94987487792969
2021-09-22 06:00:00,59.44298,18.0,-41.4429817199707
2021-09-22 09:00:00,34.877075,27.0,-7.8770751953125
2021-09-22 12:00:00,50.690006,18.0,-32.690006256103516
2021-09-22 15:00:00,76.210655,41.0,-35.210655212402344
2021-09-22 18:00:00,100.75519,50.0,-50.75518798828125
2021-09-22 21:00:00,93.803406,80.0,-13.80340576171875
2021-09-23 00:00:00,78.38014,64.0,-14.380142211914062
2021-09-23 03:00:00,82.73935,52.0,-30.739349365234375
2021-09-23 06:00:00,71.07803,73.0,1.921966552734375
2021-09-23 09:00:00,41.58096,36.0,-5.580959320068359
2021-09-23 12:00:00,49.13136,23.0,-26.131359100341797
2021-09-23 15:00:00,66.675514,27.0,-39.675514221191406
2021-09-23 18:00:00,111.363304,23.0,-88.3633041381836
2021-09-23 21:00:00,124.87908,34.0,-90.87908172607422
2021-09-24 00:00:00,101.36978,45.0,-56.369781494140625
2021-09-24 03:00:00,125.797104,52.0,-73.79710388183594
2021-09-24 06:00:00,78.84251,63.0,-15.842506408691406
2021-09-24 09:00:00,40.899067,40.0,-0.8990669250488281
2021-09-24 12:00:00,49.686832,43.0,-6.686832427978516
2021-09-24 15:00:00,67.59524,35.0,-32.595237731933594
2021-09-24 18:00:00,109.313416,32.0,-77.31341552734375
2021-09-24 21:00:00,121.482574,39.0,-82.48257446289062
2021-09-25 00:00:00,86.92382,61.0,-25.92382049560547
2021-09-25 03:00:00,78.142876,30.0,-48.14287567138672
2021-09-25 06:00:00,69.8933,42.0,-27.89330291748047
2021-09-25 09:00:00,52.51786,33.0,-19.517860412597656
2021-09-25 12:00:00,49.379196,28.0,-21.379196166992188
2021-09-25 15:00:00,62.237404,20.0,-42.237403869628906
2021-09-25 18:00:00,76.604576,16.0,-60.604576110839844
2021-09-25 21:00:00,70.44321,15.0,-55.443206787109375
2021-09-26 00:00:00,68.88888,35.0,-33.888877868652344
2021-09-26 03:00:00,68.36785,21.0,-47.36785125732422
2021-09-26 06:00:00,55.30046,19.0,-36.30046081542969
2021-09-26 09:00:00,49.457184,21.0,-28.457183837890625
2021-09-26 12:00:00,68.33398,74.0,5.666023254394531
2021-09-26 15:00:00,99.9155,423.0,323.0845031738281
2021-09-26 18:00:00,118.472824,190.0,71.52717590332031
2021-09-26 21:00:00,115.02652,252.0,136.97348022460938
2021-09-27 00:00:00,102.86294,35.0,-67.8629379272461
2021-09-27 03:00:00,106.49091,18.0,-88.49091339111328
2021-09-27 06:00:00,92.32133,28.0,-64.32132720947266
2021-09-27 09:00:00,70.59043,39.0,-31.590431213378906
2021-09-27 12:00:00,46.608192,49.0,2.3918075561523438
2021-09-27 15:00:00,62.14964,45.0,-17.149639129638672
2021-09-27 18:00:00,89.98677,20.0,-69.98677062988281
2021-09-27 21:00:00,98.95211,75.0,-23.952110290527344
2021-09-28 00:00:00,83.30881,38.0,-45.308807373046875
2021-09-28 03:00:00,82.24651,17.0,-65.24651336669922
2021-09-28 06:00:00,72.883385,24.0,-48.883384704589844
2021-09-28 09:00:00,51.074154,37.0,-14.074153900146484
2021-09-28 12:00:00,33.492027,36.0,2.5079727172851562
2021-09-28 15:00:00,62.7565,30.0,-32.756500244140625
2021-09-28 18:00:00,113.36533,31.0,-82.3653335571289
2021-09-28 21:00:00,118.152,36.0,-82.1520004272461
2021-09-29 00:00:00,84.733986,57.0,-27.733985900878906
2021-09-29 03:00:00,82.522545,26.0,-56.522544860839844
2021-09-29 06:00:00,73.212616,30.0,-43.212615966796875
2021-09-29 09:00:00,40.3395,27.0,-13.339500427246094
2021-09-29 12:00:00,27.334637,37.0,9.665363311767578
2021-09-29 15:00:00,60.32451,42.0,-18.324508666992188
2021-09-29 18:00:00,114.37067,49.0,-65.37066650390625
2021-09-29 21:00:00,129.1811,39.0,-90.18110656738281
2021-09-30 00:00:00,93.362816,60.0,-33.362815856933594
2021-09-30 03:00:00,89.73802,77.0,-12.738021850585938
2021-09-30 06:00:00,72.91317,59.0,-13.913169860839844
2021-09-30 09:00:00,48.546326,34.0,-14.54632568359375
2021-09-30 12:00:00,49.122036,34.0,-15.12203598022461
2021-09-30 15:00:00,73.08688,35.0,-38.086883544921875
2021-09-30 18:00:00,103.23367,25.0,-78.23367309570312
2021-09-30 21:00:00,86.355156,23.0,-63.35515594482422
2021-10-01 00:00:00,59.275406,37.0,-22.275405883789062
2021-10-01 03:00:00,66.220764,56.0,-10.22076416015625
2021-10-01 06:00:00,56.0251,41.0,-15.025100708007812
2021-10-01 09:00:00,35.269066,36.0,0.7309341430664062
2021-10-01 12:00:00,37.19401,35.0,-2.194011688232422
2021-10-01 15:00:00,60.382263,37.0,-23.38226318359375
2021-10-01 18:00:00,75.09368,27.0,-48.09368133544922
2021-10-01 21:00:00,75.01944,24.0,-51.019439697265625
2021-10-02 00:00:00,74.98852,34.0,-40.98851776123047
2021-10-02 03:00:00,85.25399,15.0,-70.25399017333984
2021-10-02 06:00:00,83.30039,21.0,-62.300392150878906
2021-10-02 09:00:00,50.935112,29.0,-21.93511199951172
2021-10-02 12:00:00,43.21032,65.0,21.78968048095703
2021-10-02 15:00:00,68.324196,36.0,-32.324195861816406
2021-10-02 18:00:00,91.76256,20.0,-71.76255798339844
2021-10-02 21:00:00,90.946175,22.0,-68.94617462158203
2021-10-03 00:00:00,63.681797,22.0,-41.68179702758789
2021-10-03 03:00:00,64.1187,21.0,-43.11869812011719
2021-10-03 06:00:00,61.121,26.0,-35.12099838256836
2021-10-03 09:00:00,48.150925,29.0,-19.150924682617188
2021-10-03 12:00:00,37.96981,42.0,4.030189514160156
2021-10-03 15:00:00,71.82302,43.0,-28.823020935058594
2021-10-03 18:00:00,122.73279,37.0,-85.7327880859375
2021-10-03 21:00:00,134.91058,38.0,-96.91058349609375
2021-10-04 00:00:00,109.703255,48.0,-61.70325469970703
2021-10-04 03:00:00,116.73478,60.0,-56.734779357910156
2021-10-04 06:00:00,116.714775,74.0,-42.71477508544922
2021-10-04 09:00:00,85.78581,58.0,-27.785812377929688
2021-10-04 12:00:00,80.078735,49.0,-31.0787353515625
2021-10-04 15:00:00,95.94805,39.0,-56.94805145263672
2021-10-04 18:00:00,127.57374,38.0,-89.57373809814453
2021-10-04 21:00:00,119.73231,44.0,-75.73230743408203
2021-10-05 00:00:00,71.61407,35.0,-36.61406707763672
2021-10-05 03:00:00,60.065533,31.0,-29.065532684326172
2021-10-05 06:00:00,51.152027,33.0,-18.152027130126953
2021-10-05 09:00:00,41.124393,32.0,-9.124393463134766
2021-10-05 12:00:00,31.550371,32.0,0.4496288299560547
2021-10-05 15:00:00,49.237316,27.0,-22.237316131591797
2021-10-05 18:00:00,70.56951,24.0,-46.56951141357422
2021-10-05 21:00:00,75.19315,19.0,-56.193153381347656
2021-10-06 00:00:00,79.05339,24.0,-55.05339050292969
2021-10-06 03:00:00,82.98332,24.0,-58.98332214355469
2021-10-06 06:00:00,65.253746,22.0,-43.253746032714844
2021-10-06 09:00:00,38.87817,21.0,-17.878170013427734
2021-10-06 12:00:00,36.869095,26.0,-10.869094848632812
2021-10-06 15:00:00,66.48429,28.0,-38.484291076660156
2021-10-06 18:00:00,102.07896,20.0,-82.0789566040039
2021-10-06 21:00:00,76.50772,26.0,-50.507720947265625
2021-10-07 00:00:00,84.11084,24.0,-60.11083984375
2021-10-07 03:00:00,94.625534,24.0,-70.62553405761719
2021-10-07 06:00:00,118.47885,16.0,-102.47885131835938
2021-10-07 09:00:00,101.07374,30.0,-71.07373809814453
2021-10-07 12:00:00,94.836876,32.0,-62.836875915527344
2021-10-07 15:00:00,112.64734,28.0,-84.6473388671875
2021-10-07 18:00:00,134.88443,27.0,-107.88442993164062
2021-10-07 21:00:00,100.79077,35.0,-65.790771484375
2021-10-08 00:00:00,47.613525,35.0,-12.613525390625
2021-10-08 03:00:00,47.50302,23.0,-24.503021240234375
2021-10-08 06:00:00,44.673584,22.0,-22.673583984375
2021-10-08 09:00:00,35.933,24.0,-11.932998657226562
2021-10-08 12:00:00,36.676853,35.0,-1.6768531799316406
2021-10-08 15:00:00,53.519157,27.0,-26.51915740966797
2021-10-08 18:00:00,70.76869,19.0,-51.76869201660156
2021-10-08 21:00:00,72.500885,23.0,-49.500885009765625
2021-10-09 00:00:00,68.17311,27.0,-41.17311096191406
2021-10-09 03:00:00,68.09603,31.0,-37.096031188964844
2021-10-09 06:00:00,62.100468,23.0,-39.100467681884766
2021-10-09 09:00:00,54.331734,26.0,-28.33173370361328
2021-10-09 12:00:00,66.4208,31.0,-35.420799255371094
2021-10-09 15:00:00,83.15084,33.0,-50.150840759277344
2021-10-09 18:00:00,95.83016,27.0,-68.83016204833984
2021-10-09 21:00:00,90.79849,29.0,-61.798492431640625
2021-10-10 00:00:00,63.583683,40.0,-23.583683013916016
2021-10-10 03:00:00,71.717636,40.0,-31.717636108398438
2021-10-10 06:00:00,76.770164,33.0,-43.770164489746094
2021-10-10 09:00:00,67.736664,27.0,-40.736663818359375
2021-10-10 12:00:00,58.48034,39.0,-19.48033905029297
2021-10-10 15:00:00,83.48428,36.0,-47.484283447265625
2021-10-10 18:00:00,108.88556,89.0,-19.88555908203125
2021-10-10 21:00:00,102.9008,61.0,-41.90080261230469
2021-10-11 00:00:00,89.122635,51.0,-38.12263488769531
2021-10-11 03:00:00,88.49895,34.0,-54.49894714355469
2021-10-11 06:00:00,82.08894,38.0,-44.08894348144531
2021-10-11 09:00:00,55.987186,38.0,-17.987186431884766
2021-10-13 15:00:00,82.89021,44.0,-38.89021301269531
2021-10-13 18:00:00,118.06003,37.0,-81.06002807617188
2021-10-13 21:00:00,133.80214,43.0,-90.80213928222656
2021-10-14 00:00:00,119.01193,43.0,-76.01193237304688
2021-10-14 03:00:00,134.63887,48.0,-86.63887023925781
2021-10-14 06:00:00,110.310905,37.0,-73.31090545654297
2021-10-14 09:00:00,52.267807,46.0,-6.2678070068359375
2021-10-14 12:00:00,37.011433,54.0,16.988567352294922
2021-10-14 15:00:00,70.41808,43.0,-27.41808319091797
2021-10-14 18:00:00,100.39651,35.0,-65.3965072631836
2021-10-14 21:00:00,86.4236,47.0,-39.42359924316406
2021-10-15 00:00:00,86.43917,44.0,-42.439170837402344
2021-10-15 03:00:00,85.26263,42.0,-43.26262664794922
2021-10-15 06:00:00,75.79786,57.0,-18.79785919189453
2021-10-15 09:00:00,47.09176,49.0,1.9082412719726562
2021-10-15 12:00:00,45.92539,33.0,-12.92538833618164
2021-10-15 15:00:00,76.001755,35.0,-41.00175476074219
2021-10-15 18:00:00,97.84742,19.0,-78.84741973876953
2021-10-15 21:00:00,94.73592,23.0,-71.73592376708984
2021-10-16 00:00:00,107.78786,23.0,-84.78785705566406
2021-10-16 03:00:00,107.43827,21.0,-86.43827056884766
2021-10-16 06:00:00,96.71635,23.0,-73.71634674072266
2021-10-16 09:00:00,63.27332,27.0,-36.273319244384766
2021-10-16 12:00:00,47.064533,26.0,-21.064533233642578
2021-10-16 15:00:00,70.42741,24.0,-46.427406311035156
2021-10-16 18:00:00,95.741936,21.0,-74.74193572998047
2021-10-16 21:00:00,93.63009,24.0,-69.63008880615234
2021-10-17 00:00:00,81.765396,23.0,-58.76539611816406
2021-10-17 03:00:00,88.85815,25.0,-63.85814666748047
2021-10-17 06:00:00,75.94383,36.0,-39.94383239746094
2021-10-17 09:00:00,63.04947,28.0,-35.049468994140625
2021-10-17 12:00:00,64.12472,42.0,-22.124717712402344
2021-10-17 15:00:00,87.20326,38.0,-49.20326232910156
2021-10-17 18:00:00,103.60486,24.0,-79.6048583984375
2021-10-17 21:00:00,94.042435,28.0,-66.04243469238281
2021-10-18 00:00:00,96.678375,32.0,-64.67837524414062
2021-10-18 03:00:00,89.543846,26.0,-63.543846130371094
2021-10-18 06:00:00,74.55839,35.0,-39.558387756347656
2021-10-18 09:00:00,49.05661,36.0,-13.056610107421875
2021-10-18 12:00:00,62.03527,27.0,-35.03527069091797
2021-10-18 15:00:00,78.95738,26.0,-52.95738220214844
2021-10-18 18:00:00,92.47276,20.0,-72.47276306152344
2021-10-18 21:00:00,89.19392,19.0,-70.19391632080078
2021-10-19 00:00:00,69.420364,23.0,-46.42036437988281
2021-10-19 03:00:00,69.120575,29.0,-40.120574951171875
2021-10-19 06:00:00,59.54996,35.0,-24.54996109008789
2021-10-19 09:00:00,46.101604,37.0,-9.101604461669922
2021-10-19 12:00:00,45.178467,28.0,-17.178466796875
2021-10-19 15:00:00,72.02357,28.0,-44.02356719970703
2021-10-19 18:00:00,116.945786,20.0,-96.94578552246094
2021-10-19 21:00:00,119.52852,18.0,-101.52851867675781
2021-10-20 00:00:00,101.729935,17.0,-84.72993469238281
2021-10-20 03:00:00,89.01839,16.0,-73.01838684082031
2021-10-20 06:00:00,67.29527,19.0,-48.29527282714844
2021-10-20 09:00:00,35.90833,22.0,-13.908329010009766
2021-10-20 12:00:00,40.146233,19.0,-21.14623260498047
2021-10-20 15:00:00,64.724304,24.0,-40.72430419921875
2021-10-20 18:00:00,90.34784,20.0,-70.34783935546875
2021-10-20 21:00:00,84.83494,28.0,-56.834938049316406
2021-10-21 00:00:00,86.05685,21.0,-65.05684661865234
2021-10-21 03:00:00,77.60172,26.0,-51.601722717285156
2021-10-21 06:00:00,62.15498,30.0,-32.15497970581055
2021-10-21 09:00:00,45.76691,44.0,-1.7669105529785156
2021-10-21 12:00:00,35.284416,35.0,-0.28441619873046875
2021-10-21 15:00:00,53.667236,17.0,-36.667236328125
2021-10-21 18:00:00,69.95481,14.0,-55.954811096191406
2021-10-21 21:00:00,71.63362,24.0,-47.63362121582031
2021-10-22 00:00:00,65.27125,19.0,-46.27124786376953
2021-10-22 03:00:00,58.120804,21.0,-37.12080383300781
2021-10-22 06:00:00,46.182095,20.0,-26.18209457397461
2021-10-22 09:00:00,35.396282,39.0,3.603717803955078
2021-10-22 12:00:00,45.205864,27.0,-18.20586395263672
2021-10-22 15:00:00,69.1075,22.0,-47.10749816894531
2021-10-22 18:00:00,93.03631,21.0,-72.03630828857422
2021-10-22 21:00:00,88.6381,27.0,-61.638099670410156
2021-10-23 00:00:00,84.435555,36.0,-48.43555450439453
2021-10-23 03:00:00,79.04561,23.0,-56.04560852050781
2021-10-23 06:00:00,65.59617,26.0,-39.596168518066406
2021-10-23 09:00:00,41.171974,36.0,-5.171974182128906
2021-10-23 12:00:00,45.15789,30.0,-15.157890319824219
2021-10-23 15:00:00,77.8366,35.0,-42.83660125732422
2021-10-23 18:00:00,134.18776,31.0,-103.18775939941406
2021-10-23 21:00:00,153.42152,43.0,-110.42152404785156
2021-10-24 00:00:00,119.54711,64.0,-55.54711151123047
2021-10-24 03:00:00,104.03477,70.0,-34.034767150878906
2021-10-24 06:00:00,83.23082,23.0,-60.23081970214844
2021-10-24 09:00:00,36.189194,24.0,-12.189193725585938
2021-10-24 12:00:00,43.357204,21.0,-22.35720443725586
2021-10-24 15:00:00,76.68836,20.0,-56.68836212158203
2021-10-24 18:00:00,121.09217,20.0,-101.09217071533203
2021-10-24 21:00:00,131.9263,24.0,-107.92630004882812
2021-10-25 00:00:00,82.54926,30.0,-52.54926300048828
2021-10-25 03:00:00,68.00718,15.0,-53.007179260253906
2021-10-25 06:00:00,52.2665,22.0,-30.266498565673828
2021-10-25 09:00:00,30.53151,21.0,-9.531509399414062
2021-10-25 12:00:00,35.25463,19.0,-16.25463104248047
2021-10-25 15:00:00,64.31026,17.0,-47.31025695800781
2021-10-25 18:00:00,106.07983,23.0,-83.07982635498047
2021-10-25 21:00:00,127.73376,24.0,-103.73375701904297
2021-10-26 00:00:00,118.045364,45.0,-73.04536437988281
2021-10-26 03:00:00,123.875565,47.0,-76.87556457519531
2021-10-26 06:00:00,89.60194,59.0,-30.60193634033203
2021-10-26 09:00:00,35.15015,42.0,6.849849700927734
2021-10-26 12:00:00,36.616028,26.0,-10.61602783203125
2021-10-26 15:00:00,64.95884,22.0,-42.958839416503906
2021-10-26 18:00:00,101.00723,22.0,-79.00723266601562
2021-10-26 21:00:00,115.02994,23.0,-92.02993774414062
2021-10-27 00:00:00,116.36314,44.0,-72.3631362915039
2021-10-27 03:00:00,125.870995,57.0,-68.8709945678711
2021-10-27 06:00:00,82.83104,59.0,-23.831039428710938
2021-10-27 09:00:00,35.26617,59.0,23.733829498291016
2021-10-27 12:00:00,36.442543,40.0,3.5574569702148438
2021-10-27 15:00:00,50.790333,27.0,-23.790332794189453
2021-10-27 18:00:00,66.92323,27.0,-39.92323303222656
2021-10-27 21:00:00,83.10144,55.0,-28.1014404296875
2021-10-28 00:00:00,89.708916,52.0,-37.70891571044922
2021-10-28 03:00:00,77.07422,50.0,-27.07421875
2021-10-28 06:00:00,57.094498,28.0,-29.094497680664062
2021-10-28 09:00:00,38.72327,31.0,-7.723270416259766
2021-10-28 12:00:00,20.064987,28.0,7.9350128173828125
2021-10-28 15:00:00,26.36807,29.0,2.631929397583008
2021-10-28 18:00:00,23.894587,34.0,10.105413436889648
2021-10-28 21:00:00,26.03815,34.0,7.961849212646484
2021-10-29 00:00:00,57.480747,35.0,-22.48074722290039
2021-10-29 03:00:00,79.49575,28.0,-51.495750427246094
2021-10-29 06:00:00,117.390076,30.0,-87.39007568359375
2021-10-29 09:00:00,151.45111,41.0,-110.45111083984375
2021-10-29 12:00:00,151.73851,45.0,-106.73851013183594
2021-10-29 15:00:00,140.00551,46.0,-94.00550842285156
2021-10-29 18:00:00,124.87851,51.0,-73.87850952148438
2021-10-29 21:00:00,131.87082,37.0,-94.87081909179688
2021-10-30 00:00:00,112.41741,66.0,-46.41741180419922
2021-10-30 03:00:00,118.19532,33.0,-85.19532012939453
2021-10-30 06:00:00,114.922844,36.0,-78.92284393310547
2021-10-30 09:00:00,100.26576,31.0,-69.26576232910156
2021-10-30 12:00:00,77.61287,37.0,-40.61286926269531
2021-10-30 15:00:00,52.25229,36.0,-16.252288818359375
2021-10-30 18:00:00,39.638508,63.0,23.361492156982422
2021-10-30 21:00:00,42.66599,29.0,-13.66598892211914
2021-10-31 00:00:00,52.98625,22.0,-30.986251831054688
2021-10-31 03:00:00,63.222046,25.0,-38.2220458984375
2021-10-31 06:00:00,38.09555,20.0,-18.095550537109375
2021-10-31 09:00:00,45.349453,41.0,-4.349452972412109
2021-10-31 12:00:00,59.446735,53.0,-6.446735382080078
2021-10-31 15:00:00,78.60126,61.0,-17.60125732421875
2021-10-31 18:00:00,90.8035,64.0,-26.803497314453125
2021-10-31 21:00:00,105.2565,50.0,-55.256500244140625
2021-11-01 00:00:00,119.71201,55.0,-64.7120132446289
2021-11-01 03:00:00,119.35231,55.0,-64.35231018066406
2021-11-01 06:00:00,110.174484,48.0,-62.17448425292969
2021-11-01 09:00:00,80.06231,47.0,-33.06230926513672
2021-11-01 15:00:00,120.25839,35.0,-85.25839233398438
2021-11-01 18:00:00,146.46298,47.0,-99.46298217773438
2021-11-01 21:00:00,152.80057,46.0,-106.80056762695312
2021-11-02 00:00:00,118.51353,61.0,-57.513526916503906
2021-11-02 03:00:00,119.37664,64.0,-55.37664031982422
2021-11-02 06:00:00,115.9496,59.0,-56.94960021972656
2021-11-02 09:00:00,65.79057,56.0,-9.790573120117188
2021-11-02 12:00:00,55.22793,66.0,10.772071838378906
2021-11-02 15:00:00,102.9,49.0,-53.900001525878906
2021-11-02 18:00:00,145.51097,63.0,-82.51097106933594
2021-11-02 21:00:00,153.39583,78.0,-75.39582824707031
2021-11-03 00:00:00,154.65549,82.0,-72.65548706054688
2021-11-03 03:00:00,148.86292,62.0,-86.8629150390625
2021-11-03 06:00:00,142.60297,65.0,-77.60296630859375
2021-11-03 09:00:00,73.54572,77.0,3.4542770385742188
2021-11-03 12:00:00,64.086975,58.0,-6.08697509765625
2021-11-03 15:00:00,104.23844,60.0,-44.238441467285156
2021-11-03 18:00:00,111.60182,59.0,-52.60182189941406
2021-11-03 21:00:00,101.61466,56.0,-45.614662170410156
2021-11-04 00:00:00,57.036232,51.0,-6.036231994628906
2021-11-04 03:00:00,78.02737,51.0,-27.027366638183594
2021-11-04 06:00:00,96.28854,47.0,-49.288543701171875
2021-11-04 09:00:00,91.21748,40.0,-51.21748352050781
2021-11-04 12:00:00,59.99118,67.0,7.008819580078125
2021-11-04 15:00:00,76.02404,38.0,-38.02404022216797
2021-11-04 18:00:00,78.10866,23.0,-55.10865783691406
2021-11-04 21:00:00,79.56203,38.0,-41.56202697753906
2021-11-05 00:00:00,77.9213,17.0,-60.921302795410156
2021-11-05 03:00:00,78.62025,24.0,-54.62024688720703
2021-11-05 06:00:00,67.7465,23.0,-44.746498107910156
2021-11-08 18:00:00,90.11279,32.0,-58.11279296875
2021-11-08 21:00:00,121.353424,26.0,-95.35342407226562
2021-11-09 00:00:00,97.54865,29.0,-68.54865264892578
2021-11-09 03:00:00,90.47574,32.0,-58.475738525390625
2021-11-09 06:00:00,78.734276,25.0,-53.734275817871094
2021-11-09 09:00:00,29.465467,45.0,15.53453254699707
2021-11-09 12:00:00,23.725931,30.0,6.274068832397461
2021-11-09 15:00:00,61.202854,22.0,-39.20285415649414
2021-11-09 18:00:00,98.04285,24.0,-74.0428466796875
2021-11-09 21:00:00,92.45423,36.0,-56.45423126220703
2021-11-10 00:00:00,73.3462,17.0,-56.34619903564453
2021-11-10 03:00:00,71.05439,23.0,-48.05438995361328
2021-11-10 06:00:00,62.4525,27.0,-35.45249938964844
2021-11-10 09:00:00,27.787792,25.0,-2.787792205810547
2021-11-10 12:00:00,46.21802,16.0,-30.218021392822266
2021-11-10 15:00:00,82.84656,14.0,-68.8465576171875
2021-11-10 18:00:00,110.9471,14.0,-96.94709777832031
2021-11-10 21:00:00,91.51051,25.0,-66.51051330566406
2021-11-11 00:00:00,82.09184,25.0,-57.09184265136719
2021-11-11 03:00:00,68.844315,20.0,-48.84431457519531
2021-11-11 06:00:00,48.419052,42.0,-6.4190521240234375
2021-11-11 09:00:00,45.68923,46.0,0.31076812744140625
2021-11-11 12:00:00,83.543594,51.0,-32.54359436035156
2021-11-11 15:00:00,122.9069,34.0,-88.90689849853516
2021-11-11 18:00:00,133.7716,35.0,-98.7716064453125
2021-11-11 21:00:00,194.80046,37.0,-157.8004608154297
2021-11-12 00:00:00,219.27019,44.0,-175.2701873779297
2021-11-12 03:00:00,206.52158,50.0,-156.52157592773438
2021-11-12 06:00:00,172.21848,45.0,-127.21847534179688
2021-11-12 09:00:00,105.37687,34.0,-71.37686920166016
2021-11-12 12:00:00,73.88411,22.0,-51.88410949707031
2021-11-12 15:00:00,83.30716,18.0,-65.30715942382812
2021-11-12 18:00:00,95.52201,29.0,-66.52201080322266
2021-11-12 21:00:00,86.007164,34.0,-52.007164001464844
2021-11-13 00:00:00,50.076664,30.0,-20.076663970947266
2021-11-13 03:00:00,62.704773,45.0,-17.70477294921875
2021-11-13 06:00:00,63.81464,30.0,-33.814640045166016
2021-11-13 09:00:00,40.822216,25.0,-15.822216033935547
2021-11-13 12:00:00,26.915586,27.0,0.08441352844238281
2021-11-13 15:00:00,50.568813,19.0,-31.56881332397461
2021-11-13 18:00:00,62.775997,25.0,-37.775997161865234
2021-11-13 21:00:00,57.82232,20.0,-37.82231903076172
2021-11-14 00:00:00,54.460712,25.0,-29.460712432861328
2021-11-14 03:00:00,60.014374,31.0,-29.014373779296875
2021-11-14 06:00:00,59.048885,35.0,-24.048885345458984
2021-11-14 09:00:00,36.613075,32.0,-4.613075256347656
2021-11-14 12:00:00,36.27065,22.0,-14.270648956298828
2021-11-14 15:00:00,65.39585,25.0,-40.395851135253906
2021-11-14 18:00:00,86.29036,23.0,-63.29035949707031
2021-11-14 21:00:00,93.37987,32.0,-61.37986755371094
2021-11-15 00:00:00,88.54772,31.0,-57.54772186279297
2021-11-15 03:00:00,98.05751,31.0,-67.05751037597656
2021-11-15 06:00:00,102.952866,40.0,-62.95286560058594
2021-11-15 09:00:00,76.227196,41.0,-35.227195739746094
2021-11-15 12:00:00,49.107597,35.0,-14.107597351074219
2021-11-15 15:00:00,93.73639,33.0,-60.73638916015625
2021-11-15 18:00:00,139.80997,40.0,-99.80996704101562
2021-11-15 21:00:00,134.62846,62.0,-72.62846374511719
2021-11-16 00:00:00,129.44582,71.0,-58.44581604003906
2021-11-16 03:00:00,133.14911,42.0,-91.14910888671875
2021-11-16 06:00:00,111.6282,71.0,-40.628196716308594
2021-11-16 09:00:00,34.537266,55.0,20.46273422241211
2021-11-16 12:00:00,17.944218,34.0,16.055782318115234
2021-11-16 15:00:00,43.220665,43.0,-0.22066497802734375
2021-11-16 18:00:00,60.01426,36.0,-24.014259338378906
2021-11-16 21:00:00,64.07015,39.0,-25.070152282714844
2021-11-17 00:00:00,86.153366,34.0,-52.15336608886719
2021-11-17 03:00:00,85.558784,51.0,-34.55878448486328
2021-11-17 06:00:00,84.57721,80.0,-4.57720947265625
2021-11-17 09:00:00,80.24983,61.0,-19.249832153320312
2021-11-17 12:00:00,76.11465,50.0,-26.114646911621094
2021-11-17 15:00:00,107.52621,30.0,-77.52620697021484
2021-11-17 18:00:00,121.736374,31.0,-90.73637390136719
2021-11-17 21:00:00,117.65428,30.0,-87.65428161621094
2021-11-18 00:00:00,90.517006,35.0,-55.517005920410156
2021-11-18 03:00:00,92.12244,34.0,-58.1224365234375
2021-11-18 06:00:00,84.702034,42.0,-42.70203399658203
2021-11-18 09:00:00,61.077457,71.0,9.922542572021484
2021-11-18 12:00:00,51.945107,63.0,11.054893493652344
2021-11-18 15:00:00,80.10778,20.0,-60.10778045654297
2021-11-18 18:00:00,91.63296,24.0,-67.6329574584961
2021-11-18 21:00:00,83.58438,30.0,-53.584381103515625
2021-11-19 00:00:00,76.316154,25.0,-51.31615447998047
2021-11-19 03:00:00,83.64043,23.0,-60.64042663574219
2021-11-19 06:00:00,86.14893,37.0,-49.14893341064453
2021-11-19 09:00:00,63.234352,32.0,-31.234352111816406
2021-11-19 12:00:00,61.62526,35.0,-26.625259399414062
2021-11-19 15:00:00,102.21328,25.0,-77.2132797241211
2021-11-19 18:00:00,150.46982,35.0,-115.46981811523438
2021-11-19 21:00:00,153.13026,41.0,-112.13026428222656
2021-11-20 00:00:00,123.13723,39.0,-84.1372299194336
2021-11-20 03:00:00,122.14565,59.0,-63.145652770996094
2021-11-20 06:00:00,82.211555,57.0,-25.21155548095703
2021-11-20 09:00:00,25.773516,38.0,12.226484298706055
2021-11-20 12:00:00,9.966527,23.0,13.033473014831543
2021-11-20 15:00:00,26.435658,28.0,1.5643424987792969
2021-11-20 18:00:00,34.505943,34.0,-0.5059432983398438
2021-11-20 21:00:00,47.816174,31.0,-16.816173553466797
2021-11-21 00:00:00,91.93428,36.0,-55.93428039550781
2021-11-21 03:00:00,172.35965,39.0,-133.35964965820312
2021-11-21 06:00:00,250.44505,44.0,-206.44505310058594
2021-11-21 09:00:00,229.75838,50.0,-179.7583770751953
2021-11-21 12:00:00,219.54565,45.0,-174.545654296875
2021-11-21 15:00:00,242.73772,35.0,-207.7377166748047
2021-11-21 18:00:00,224.79532,47.0,-177.79531860351562
2021-11-21 21:00:00,208.07056,47.0,-161.070556640625
2021-11-22 00:00:00,118.108116,66.0,-52.108116149902344
2021-11-22 03:00:00,63.39519,58.0,-5.395191192626953
2021-11-22 06:00:00,29.978083,37.0,7.021917343139648
2021-11-22 09:00:00,41.158443,29.0,-12.158443450927734
2021-11-22 12:00:00,50.178955,33.0,-17.178955078125
2021-11-22 15:00:00,83.658394,33.0,-50.65839385986328
2021-11-22 18:00:00,111.8542,30.0,-81.85420227050781
2021-11-22 21:00:00,106.693275,21.0,-85.69327545166016
2021-11-23 00:00:00,135.57428,25.0,-110.57427978515625
2021-11-23 03:00:00,119.049904,39.0,-80.0499038696289
2021-11-23 06:00:00,100.45881,50.0,-50.45880889892578
2021-11-23 15:00:00,87.47458,33.0,-54.474578857421875
2021-11-23 18:00:00,99.7021,34.0,-65.70210266113281
2021-11-23 21:00:00,94.64804,35.0,-59.648040771484375
2021-11-24 00:00:00,90.62012,27.0,-63.6201171875
2021-11-24 03:00:00,87.431656,34.0,-53.43165588378906
2021-11-24 06:00:00,82.242424,30.0,-52.24242401123047
2021-11-24 09:00:00,70.33316,34.0,-36.333160400390625
2021-11-24 12:00:00,48.493717,28.0,-20.493717193603516
2021-11-24 15:00:00,92.93205,22.0,-70.93205261230469
2021-11-24 18:00:00,116.36655,27.0,-89.36654663085938
2021-11-24 21:00:00,104.11486,24.0,-80.11486053466797
2021-11-25 00:00:00,74.60096,21.0,-53.60095977783203
2021-11-25 03:00:00,77.74474,28.0,-49.74474334716797
2021-11-25 06:00:00,81.74305,33.0,-48.74304962158203
2021-11-25 09:00:00,65.42939,29.0,-36.42938995361328
2021-11-25 12:00:00,48.790184,25.0,-23.790184020996094
2021-11-25 15:00:00,94.10383,21.0,-73.10382843017578
2021-11-25 18:00:00,121.696754,34.0,-87.6967544555664
2021-11-25 21:00:00,137.28505,38.0,-99.28504943847656
2021-11-26 00:00:00,135.7912,34.0,-101.79119873046875
2021-11-26 03:00:00,151.94928,41.0,-110.94927978515625
2021-11-26 06:00:00,124.02984,27.0,-97.02983856201172
2021-11-26 09:00:00,45.356503,16.0,-29.356502532958984
2021-11-26 12:00:00,46.966873,24.0,-22.966873168945312
2021-11-26 15:00:00,69.50256,19.0,-50.5025634765625
2021-11-26 18:00:00,64.8613,15.0,-49.861297607421875
2021-11-26 21:00:00,86.299225,25.0,-61.299224853515625
2021-11-27 00:00:00,82.70672,43.0,-39.70671844482422
2021-11-27 03:00:00,80.611244,50.0,-30.611244201660156
2021-11-27 06:00:00,79.812935,31.0,-48.81293487548828
2021-11-27 09:00:00,74.60494,31.0,-43.604942321777344
2021-11-27 12:00:00,48.065315,35.0,-13.065315246582031
2021-11-27 15:00:00,74.198685,28.0,-46.19868469238281
2021-11-27 18:00:00,81.44787,35.0,-46.44786834716797
2021-11-27 21:00:00,78.99365,51.0,-27.99365234375
2021-11-28 00:00:00,92.77608,40.0,-52.77607727050781
2021-11-28 03:00:00,99.48701,39.0,-60.48700714111328
2021-11-28 06:00:00,97.72611,36.0,-61.726112365722656
2021-11-28 09:00:00,62.952694,28.0,-34.952693939208984
2021-11-28 12:00:00,67.43488,20.0,-47.43488311767578
2021-11-28 15:00:00,92.938705,20.0,-72.93870544433594
2021-11-28 18:00:00,109.69222,43.0,-66.69222259521484
2021-11-28 21:00:00,101.75279,27.0,-74.75279235839844
2021-11-29 00:00:00,105.06119,27.0,-78.06118774414062
2021-11-29 03:00:00,114.0387,29.0,-85.0386962890625
2021-11-29 06:00:00,112.93213,46.0,-66.93212890625
2021-11-29 09:00:00,93.93608,29.0,-64.93608093261719
2021-11-29 12:00:00,48.042267,41.0,-7.042266845703125
2021-11-29 15:00:00,75.267334,27.0,-48.267333984375
2021-11-29 18:00:00,85.400925,29.0,-56.40092468261719
2021-11-29 21:00:00,83.92357,24.0,-59.92356872558594
2021-11-30 00:00:00,106.90468,35.0,-71.90467834472656
2021-11-30 03:00:00,106.82186,35.0,-71.82186126708984
2021-11-30 06:00:00,101.15696,39.0,-62.156959533691406
2021-11-30 09:00:00,67.13148,40.0,-27.13147735595703
2021-11-30 12:00:00,72.512764,28.0,-44.51276397705078
2021-11-30 15:00:00,124.353165,19.0,-105.35316467285156
2021-11-30 18:00:00,173.84224,23.0,-150.8422393798828
2021-11-30 21:00:00,170.6578,34.0,-136.65780639648438
2021-12-01 00:00:00,154.24678,49.0,-105.24678039550781
2021-12-01 03:00:00,166.8442,41.0,-125.84419250488281
2021-12-01 06:00:00,161.70622,69.0,-92.70622253417969
2021-12-01 09:00:00,85.17497,36.0,-49.17497253417969
2021-12-01 12:00:00,68.435295,41.0,-27.43529510498047
2021-12-01 15:00:00,93.67966,31.0,-62.679656982421875
2021-12-01 18:00:00,81.69331,42.0,-39.69331359863281
2021-12-01 21:00:00,77.53607,51.0,-26.53607177734375
2021-12-02 00:00:00,71.74151,41.0,-30.74150848388672
2021-12-02 03:00:00,125.005844,34.0,-91.00584411621094
2021-12-02 06:00:00,167.09694,44.0,-123.09693908691406
2021-12-02 09:00:00,157.11578,42.0,-115.11578369140625
2021-12-02 12:00:00,97.74359,26.0,-71.74359130859375
2021-12-02 15:00:00,121.23826,47.0,-74.2382583618164
2021-12-02 18:00:00,109.1563,123.0,13.843696594238281
2021-12-02 21:00:00,80.538826,31.0,-49.53882598876953
2021-12-03 03:00:00,45.388786,21.0,-24.38878631591797
2021-12-03 06:00:00,45.935963,62.0,16.064037322998047
2021-12-03 09:00:00,35.924927,85.0,49.0750732421875
2021-12-03 12:00:00,38.866802,157.0,118.13319778442383
2021-12-03 15:00:00,64.63779,17.0,-47.637786865234375
2021-12-03 18:00:00,80.133194,25.0,-55.13319396972656
2021-12-03 21:00:00,78.010544,19.0,-59.01054382324219
2021-12-04 00:00:00,58.473118,13.0,-45.47311782836914
2021-12-04 03:00:00,62.211483,13.0,-49.211483001708984
2021-12-04 06:00:00,55.303646,33.0,-22.303646087646484
2021-12-04 09:00:00,35.496128,47.0,11.50387191772461
2021-12-04 12:00:00,36.069706,22.0,-14.069705963134766
2021-12-04 15:00:00,70.73527,15.0,-55.735267639160156
2021-12-04 18:00:00,96.58709,15.0,-81.58708953857422
2021-12-04 21:00:00,101.02906,23.0,-78.02906036376953
2021-12-05 00:00:00,99.29022,22.0,-77.29022216796875
2021-12-05 03:00:00,107.27189,33.0,-74.27188873291016
2021-12-05 06:00:00,89.47171,58.0,-31.471710205078125
2021-12-05 09:00:00,46.73265,29.0,-17.732650756835938
2021-12-05 12:00:00,55.491737,37.0,-18.491737365722656
2021-12-05 15:00:00,70.81564,36.0,-34.815643310546875
2021-12-05 18:00:00,62.63673,32.0,-30.636730194091797
2021-12-05 21:00:00,52.84022,38.0,-14.840221405029297
2021-12-06 00:00:00,28.19911,31.0,2.8008899688720703
2021-12-06 03:00:00,50.748325,26.0,-24.74832534790039
2021-12-06 06:00:00,98.5612,33.0,-65.56120300292969
2021-12-06 09:00:00,165.1311,36.0,-129.131103515625
2021-12-06 12:00:00,161.43361,32.0,-129.43360900878906
2021-12-06 15:00:00,191.00446,38.0,-153.00445556640625
2021-12-06 18:00:00,204.8408,40.0,-164.84080505371094
2021-12-06 21:00:00,178.06462,44.0,-134.0646209716797
2021-12-07 00:00:00,160.12007,46.0,-114.12007141113281
2021-12-07 03:00:00,151.94974,47.0,-104.94973754882812
2021-12-07 06:00:00,138.1943,75.0,-63.194305419921875
2021-12-07 09:00:00,79.61677,39.0,-40.61676788330078
2021-12-07 12:00:00,57.077812,23.0,-34.07781219482422
2021-12-07 15:00:00,105.43266,21.0,-84.43266296386719
2021-12-07 18:00:00,163.93301,111.0,-52.933013916015625
2021-12-07 21:00:00,190.39067,33.0,-157.3906707763672
2021-12-16 09:00:00,73.37661,42.0,-31.376609802246094
2021-12-16 12:00:00,58.748867,26.0,-32.74886703491211
2021-12-16 15:00:00,65.93581,31.0,-34.93580627441406
2021-12-16 18:00:00,52.337612,37.0,-15.33761215209961
2021-12-16 21:00:00,49.1313,31.0,-18.131301879882812
2021-12-17 00:00:00,56.441536,38.0,-18.44153594970703
2021-12-17 03:00:00,56.136456,37.0,-19.136455535888672
2021-12-17 06:00:00,71.85855,23.0,-48.858551025390625
2021-12-17 09:00:00,91.012054,21.0,-70.01205444335938
2021-12-17 12:00:00,78.363655,35.0,-43.36365509033203
2021-12-17 15:00:00,71.90522,46.0,-25.90522003173828
2021-12-17 18:00:00,68.919464,22.0,-46.919464111328125
2021-12-17 21:00:00,78.45472,24.0,-54.45471954345703
2021-12-18 00:00:00,108.426544,17.0,-91.42654418945312
2021-12-18 03:00:00,153.51588,19.0,-134.51588439941406
2021-12-18 06:00:00,200.295,25.0,-175.2949981689453
2021-12-18 09:00:00,243.01918,110.0,-133.01918029785156
2021-12-18 12:00:00,242.66728,110.0,-132.6672821044922
2021-12-18 15:00:00,244.96956,60.0,-184.9695587158203
2021-12-18 18:00:00,201.30664,39.0,-162.306640625
2021-12-18 21:00:00,158.30801,89.0,-69.30801391601562
2021-12-19 00:00:00,136.41966,129.0,-7.4196624755859375
2021-12-19 03:00:00,150.8106,118.0,-32.81059265136719
2021-12-19 06:00:00,151.26761,70.0,-81.26760864257812
2021-12-19 09:00:00,120.97257,34.0,-86.97257232666016
2021-12-19 12:00:00,91.205154,34.0,-57.20515441894531
2021-12-19 15:00:00,108.84878,36.0,-72.8487777709961
2021-12-19 18:00:00,103.26494,24.0,-79.26493835449219
2021-12-19 21:00:00,108.55047,15.0,-93.55046844482422
2021-12-20 00:00:00,111.58408,18.0,-93.5840835571289
2021-12-20 03:00:00,100.24041,21.0,-79.24040985107422
2021-12-20 06:00:00,107.883804,23.0,-84.88380432128906
2021-12-20 09:00:00,135.01654,27.0,-108.01654052734375
2021-12-20 12:00:00,149.77354,26.0,-123.77354431152344
2021-12-21 12:00:00,165.95152,276.0,110.04847717285156
2021-12-21 15:00:00,171.18259,167.0,-4.182586669921875
2021-12-21 18:00:00,157.53745,58.0,-99.53744506835938
2021-12-21 21:00:00,143.14401,19.0,-124.14401245117188
2021-12-22 00:00:00,133.61569,15.0,-118.61569213867188
2021-12-22 03:00:00,125.99503,13.0,-112.99503326416016
2021-12-22 06:00:00,114.62453,18.0,-96.62452697753906
2021-12-22 09:00:00,78.23019,7.0,-71.23018646240234
2021-12-22 12:00:00,47.302364,4.0,-43.302364349365234
2021-12-22 15:00:00,80.205154,15.0,-65.20515441894531
2021-12-22 18:00:00,105.51742,10.0,-95.51741790771484
2021-12-22 21:00:00,103.344635,12.0,-91.34463500976562
2021-12-23 00:00:00,80.23937,12.0,-68.23937225341797
2021-12-23 03:00:00,78.58625,11.0,-67.58625030517578
2021-12-23 06:00:00,70.9615,22.0,-48.96150207519531
2021-12-23 09:00:00,41.31283,9.0,-32.31283187866211
2021-12-23 12:00:00,59.191166,6.0,-53.191165924072266
2021-12-23 15:00:00,97.163025,14.0,-83.16302490234375
2021-12-23 18:00:00,121.344215,12.0,-109.3442153930664
2021-12-23 21:00:00,128.92894,17.0,-111.92893981933594
2021-12-24 00:00:00,144.62512,17.0,-127.6251220703125
2021-12-24 03:00:00,131.63248,20.0,-111.63247680664062
2021-12-24 06:00:00,118.85976,18.0,-100.85975646972656
2021-12-24 09:00:00,69.78286,14.0,-55.782859802246094
2021-12-24 12:00:00,60.309902,26.0,-34.30990219116211
2021-12-24 15:00:00,79.62734,14.0,-65.6273422241211
2021-12-24 18:00:00,95.436806,23.0,-72.43680572509766
2021-12-24 21:00:00,88.67323,39.0,-49.67323303222656
2021-12-25 00:00:00,85.058334,15.0,-70.05833435058594
2021-12-25 03:00:00,78.93573,10.0,-68.93572998046875
2021-12-25 06:00:00,68.09978,10.0,-58.09977722167969
2021-12-25 09:00:00,41.641727,14.0,-27.641727447509766
2021-12-25 12:00:00,34.246113,32.0,-2.246112823486328
2021-12-25 15:00:00,47.232105,7.0,-40.23210525512695
2021-12-25 18:00:00,51.720463,17.0,-34.720462799072266
2021-12-25 21:00:00,52.42066,24.0,-28.420658111572266
2021-12-26 00:00:00,58.9406,33.0,-25.940601348876953
2021-12-26 03:00:00,60.382774,24.0,-36.382774353027344
2021-12-26 06:00:00,58.996307,31.0,-27.996307373046875
2021-12-26 09:00:00,49.149464,19.0,-30.149463653564453
2021-12-26 12:00:00,48.595325,13.0,-35.5953254699707
2021-12-26 15:00:00,68.01088,29.0,-39.01087951660156
2021-12-26 18:00:00,81.0573,21.0,-60.05729675292969
2021-12-26 21:00:00,80.89324,17.0,-63.89324188232422
2021-12-27 00:00:00,62.17169,17.0,-45.17169189453125
2021-12-27 03:00:00,63.866425,25.0,-38.866424560546875
2021-12-27 06:00:00,64.38279,22.0,-42.382789611816406
2021-12-27 09:00:00,51.10121,32.0,-19.101211547851562
2022-01-03 18:00:00,66.04364,32.0,-34.04364013671875
2022-01-03 21:00:00,67.61275,36.0,-31.612747192382812
2022-01-04 00:00:00,58.498245,33.0,-25.498245239257812
2022-01-04 03:00:00,55.225655,33.0,-22.22565460205078
2022-01-04 06:00:00,51.73547,44.0,-7.735469818115234
2022-01-04 09:00:00,39.03591,56.0,16.964088439941406
2022-01-04 12:00:00,28.346506,19.0,-9.346506118774414
2022-01-04 15:00:00,52.714767,17.0,-35.71476745605469
2022-01-04 18:00:00,69.4555,11.0,-58.45549774169922
2022-01-04 21:00:00,72.957275,14.0,-58.957275390625
2022-01-05 00:00:00,62.85495,22.0,-40.854949951171875
2022-01-05 03:00:00,72.61645,29.0,-43.61644744873047
2022-01-05 06:00:00,75.44304,37.0,-38.44303894042969
2022-01-05 09:00:00,60.56433,11.0,-49.5643310546875
2022-01-05 12:00:00,40.74343,6.0,-34.743431091308594
2022-01-05 15:00:00,67.15493,11.0,-56.154930114746094
2022-01-05 18:00:00,73.96784,12.0,-61.96784210205078
2022-01-05 21:00:00,68.70801,12.0,-56.7080078125
2022-01-06 00:00:00,56.21041,23.0,-33.210411071777344
2022-01-06 03:00:00,66.24737,31.0,-35.24736785888672
2022-01-06 06:00:00,75.953606,32.0,-43.95360565185547
2022-01-06 12:00:00,86.96651,34.0,-52.96650695800781
2022-01-06 15:00:00,113.97583,26.0,-87.975830078125
2022-01-06 18:00:00,119.847694,44.0,-75.84769439697266
2022-01-06 21:00:00,108.99265,32.0,-76.9926528930664
2022-01-07 00:00:00,95.11666,35.0,-60.116661071777344
2022-01-07 03:00:00,95.48364,33.0,-62.483642578125
2022-01-07 06:00:00,100.10717,42.0,-58.10717010498047
2022-01-07 09:00:00,82.474686,33.0,-49.47468566894531
2022-01-07 12:00:00,60.38988,29.0,-31.389881134033203
2022-01-07 15:00:00,119.81962,17.0,-102.81961822509766
2022-01-07 18:00:00,166.14967,22.0,-144.14967346191406
2022-01-07 21:00:00,174.63458,41.0,-133.63458251953125
2022-01-08 00:00:00,166.9348,30.0,-136.93479919433594
2022-01-08 03:00:00,142.54147,23.0,-119.54147338867188
2022-01-08 06:00:00,117.88279,39.0,-78.8827896118164
2022-01-08 09:00:00,62.884396,75.0,12.115604400634766
2022-01-08 12:00:00,52.29697,75.0,22.70302963256836
2022-01-08 15:00:00,110.15618,89.0,-21.15618133544922
2022-01-08 18:00:00,155.36488,103.0,-52.36488342285156
2022-01-08 21:00:00,166.8609,99.0,-67.86090087890625
2022-01-09 00:00:00,165.6158,79.0,-86.61579895019531
2022-01-09 03:00:00,156.08362,88.0,-68.0836181640625
2022-01-09 06:00:00,138.79674,58.0,-80.79673767089844
2022-01-09 09:00:00,69.96481,20.0,-49.964813232421875
2022-01-09 12:00:00,41.448174,11.0,-30.44817352294922
2022-01-09 15:00:00,106.696686,12.0,-94.69668579101562
2022-01-09 18:00:00,143.2079,18.0,-125.20790100097656
2022-01-09 21:00:00,135.53221,33.0,-102.53221130371094
2022-01-10 00:00:00,118.31889,44.0,-74.31889343261719
2022-01-10 03:00:00,121.52441,53.0,-68.52440643310547
2022-01-10 06:00:00,101.823845,61.0,-40.82384490966797
2022-01-10 09:00:00,62.179085,48.0,-14.179084777832031
2022-01-10 12:00:00,55.51982,51.0,-4.5198211669921875
2022-01-10 15:00:00,69.228745,63.0,-6.2287445068359375
2022-01-10 18:00:00,57.47063,69.0,11.529369354248047
2022-01-10 21:00:00,60.156822,48.0,-12.156822204589844
2022-01-11 00:00:00,61.637367,46.0,-15.637367248535156
2022-01-11 03:00:00,53.512222,37.0,-16.512222290039062
2022-01-11 06:00:00,74.51103,57.0,-17.511032104492188
2022-01-11 09:00:00,37.123756,45.0,7.876243591308594
2022-01-11 12:00:00,44.21446,41.0,-3.214458465576172
2022-01-11 15:00:00,74.56162,45.0,-29.561622619628906
2022-01-11 18:00:00,94.517365,49.0,-45.517364501953125
2022-01-11 21:00:00,108.8282,57.0,-51.82820129394531
2022-01-12 00:00:00,120.68944,58.0,-62.68943786621094
2022-01-12 03:00:00,132.84352,41.0,-91.84352111816406
2022-01-12 06:00:00,117.4393,36.0,-81.43930053710938
2022-01-12 09:00:00,62.341885,27.0,-35.34188461303711
2022-01-12 12:00:00,53.73772,33.0,-20.737720489501953
2022-01-12 15:00:00,93.70842,31.0,-62.70841979980469
2022-01-12 18:00:00,112.60357,49.0,-63.60356903076172
2022-01-12 21:00:00,112.34107,52.0,-60.34107208251953
2022-01-13 00:00:00,147.47127,35.0,-112.47126770019531
2022-01-13 03:00:00,141.97598,36.0,-105.97598266601562
2022-01-13 06:00:00,99.22206,45.0,-54.22206115722656
2022-01-13 09:00:00,61.466892,43.0,-18.46689224243164
2022-01-13 12:00:00,64.92599,45.0,-19.925987243652344
2022-01-13 15:00:00,64.68844,37.0,-27.688438415527344
2022-01-13 18:00:00,54.51102,42.0,-12.51102066040039
2022-01-13 21:00:00,81.60896,48.0,-33.60896301269531
2022-01-14 00:00:00,147.61644,29.0,-118.61643981933594
2022-01-14 03:00:00,240.53406,33.0,-207.5340576171875
2022-01-14 06:00:00,237.3003,34.0,-203.30029296875
2022-01-14 09:00:00,130.85179,24.0,-106.85179138183594
2022-01-14 12:00:00,106.2225,42.0,-64.22250366210938
2022-01-14 15:00:00,127.98819,40.0,-87.98818969726562
2022-01-14 18:00:00,131.88264,26.0,-105.88264465332031
2022-01-14 21:00:00,117.87779,44.0,-73.87779235839844
2022-01-15 00:00:00,172.9868,28.0,-144.98680114746094
2022-01-15 03:00:00,136.39693,37.0,-99.39692687988281
2022-01-15 06:00:00,102.78745,19.0,-83.7874526977539
2022-01-15 09:00:00,71.94967,13.0,-58.949668884277344
2022-01-15 12:00:00,60.096226,11.0,-49.09622573852539
2022-01-15 15:00:00,119.78545,6.0,-113.78545379638672
2022-01-15 18:00:00,171.33607,8.0,-163.33607482910156
2022-01-15 21:00:00,180.74297,9.0,-171.7429656982422
2022-01-16 00:00:00,140.50056,9.0,-131.5005645751953
2022-01-16 03:00:00,138.19772,11.0,-127.19772338867188
2022-01-16 06:00:00,123.45231,14.0,-109.45230865478516
2022-01-16 09:00:00,60.759136,12.0,-48.75913619995117
2022-01-16 12:00:00,28.468206,11.0,-17.46820640563965
2022-01-16 15:00:00,84.818794,27.0,-57.81879425048828
2022-01-16 18:00:00,116.85188,29.0,-87.85188293457031
2022-01-16 21:00:00,114.07974,23.0,-91.07974243164062
2022-01-17 00:00:00,132.38423,19.0,-113.38423156738281
2022-01-17 03:00:00,140.16768,20.0,-120.16767883300781
2022-01-17 06:00:00,144.8916,10.0,-134.8916015625
2022-01-17 09:00:00,69.08112,10.0,-59.08112335205078
2022-01-17 12:00:00,34.480537,9.0,-25.48053741455078
2022-01-17 15:00:00,106.20897,6.0,-100.20896911621094
2022-01-17 18:00:00,117.45578,11.0,-106.45578002929688
2022-01-17 21:00:00,90.18732,37.0,-53.18731689453125
2022-01-18 00:00:00,58.71425,31.0,-27.714248657226562
2022-01-18 03:00:00,41.32289,19.0,-22.322891235351562
2022-01-18 06:00:00,39.317455,23.0,-16.317455291748047
2022-01-18 09:00:00,29.871445,21.0,-8.871444702148438
2022-01-18 12:00:00,23.575466,13.0,-10.57546615600586
2022-01-18 15:00:00,40.387478,16.0,-24.38747787475586
2022-01-18 18:00:00,56.172894,16.0,-40.17289352416992
2022-01-18 21:00:00,60.88294,15.0,-45.882938385009766
2022-01-19 00:00:00,61.17034,9.0,-52.17034149169922
2022-01-19 03:00:00,61.984337,23.0,-38.984336853027344
2022-01-19 06:00:00,56.450516,41.0,-15.450515747070312
2022-01-19 09:00:00,38.768917,31.0,-7.768917083740234
2022-01-19 12:00:00,37.31725,37.0,-0.3172492980957031
2022-01-19 15:00:00,57.502235,37.0,-20.502235412597656
2022-01-19 18:00:00,100.573746,39.0,-61.57374572753906
2022-01-19 21:00:00,128.41519,55.0,-73.41519165039062
2022-01-20 00:00:00,95.228645,39.0,-56.22864532470703
2022-01-20 03:00:00,98.57468,32.0,-66.57467651367188
2022-01-20 06:00:00,110.529076,33.0,-77.5290756225586
2022-01-20 09:00:00,119.38823,24.0,-95.38822937011719
2022-01-20 12:00:00,139.43077,94.0,-45.43077087402344
2022-01-20 15:00:00,145.30554,62.0,-83.3055419921875
2022-01-20 18:00:00,135.49663,77.0,-58.49662780761719
2022-01-20 21:00:00,109.406525,65.0,-44.406524658203125
2022-01-21 00:00:00,118.00523,28.0,-90.00523376464844
2022-01-21 03:00:00,128.49126,195.0,66.50874328613281
2022-01-21 06:00:00,127.344154,260.0,132.65584564208984
2022-01-21 09:00:00,78.340294,118.0,39.659706115722656
2022-01-21 12:00:00,67.96529,43.0,-24.965286254882812
2022-01-21 15:00:00,72.782486,24.0,-48.78248596191406
2022-01-21 18:00:00,75.664955,25.0,-50.664955139160156
2022-01-21 21:00:00,73.1784,28.0,-45.17839813232422
2022-01-22 00:00:00,56.56102,25.0,-31.561019897460938
2022-01-22 03:00:00,51.295956,24.0,-27.295955657958984
2022-01-22 06:00:00,48.12648,23.0,-25.126480102539062
2022-01-22 09:00:00,41.47154,18.0,-23.471538543701172
2022-01-22 12:00:00,51.79163,16.0,-35.791629791259766
2022-01-22 15:00:00,75.722824,13.0,-62.72282409667969
2022-01-22 18:00:00,99.79118,15.0,-84.79118347167969
2022-01-22 21:00:00,105.20034,17.0,-88.2003402709961
2022-01-23 00:00:00,96.96419,21.0,-75.96418762207031
2022-01-23 03:00:00,103.8602,16.0,-87.86019897460938
2022-01-23 06:00:00,92.944336,24.0,-68.9443359375
2022-01-23 09:00:00,61.470814,33.0,-28.470813751220703
2022-01-23 12:00:00,49.410686,22.0,-27.410686492919922
2022-01-23 15:00:00,78.93544,28.0,-50.93544006347656
2022-01-23 18:00:00,78.818405,17.0,-61.81840515136719
2022-01-23 21:00:00,68.23143,28.0,-40.23143005371094
2022-01-24 00:00:00,94.46671,35.0,-59.466712951660156
2022-01-24 03:00:00,88.315575,47.0,-41.315574645996094
2022-01-24 06:00:00,79.02929,42.0,-37.02928924560547
2022-01-24 09:00:00,67.42539,26.0,-41.425392150878906
2022-01-24 12:00:00,47.588203,47.0,-0.5882034301757812
2022-01-24 15:00:00,65.140854,24.0,-41.14085388183594
2022-01-24 18:00:00,68.505646,43.0,-25.505645751953125
2022-01-24 21:00:00,99.4022,34.0,-65.4021987915039
2022-01-25 00:00:00,121.32603,33.0,-88.3260269165039
2022-01-25 03:00:00,104.73082,38.0,-66.73081970214844
2022-01-25 06:00:00,90.439354,57.0,-33.439353942871094
2022-01-25 09:00:00,62.285267,38.0,-24.285266876220703
2022-01-25 12:00:00,40.244514,51.0,10.755485534667969
2022-01-25 15:00:00,92.63283,43.0,-49.63282775878906
2022-01-25 18:00:00,137.31767,43.0,-94.31767272949219
2022-01-25 21:00:00,143.37524,56.0,-87.375244140625
2022-01-26 00:00:00,116.275375,76.0,-40.27537536621094
2022-01-26 03:00:00,135.20389,76.0,-59.203887939453125
2022-01-26 06:00:00,108.227486,68.0,-40.22748565673828
2022-01-26 09:00:00,46.14992,45.0,-1.1499214172363281
2022-01-26 12:00:00,55.938557,53.0,-2.938556671142578
2022-01-26 15:00:00,97.83253,53.0,-44.83252716064453
2022-01-26 18:00:00,121.24371,64.0,-57.24371337890625
2022-01-26 21:00:00,156.50403,63.0,-93.5040283203125
2022-01-27 00:00:00,235.98135,52.0,-183.98135375976562
2022-01-27 03:00:00,256.79697,55.0,-201.79696655273438
2022-01-27 06:00:00,168.36656,18.0,-150.36656188964844
2022-01-27 09:00:00,74.00371,14.0,-60.00370788574219
2022-01-27 12:00:00,49.933475,82.0,32.066524505615234
2022-01-27 15:00:00,122.41264,55.0,-67.41264343261719
2022-01-27 18:00:00,173.48373,107.0,-66.48373413085938
2022-01-27 21:00:00,176.68958,475.0,298.3104248046875
2022-01-28 00:00:00,191.63872,653.0,461.3612823486328
2022-01-28 03:00:00,191.32494,599.0,407.67506408691406
2022-01-28 06:00:00,183.13518,459.0,275.8648223876953
2022-01-28 09:00:00,126.667885,199.0,72.33211517333984
2022-01-28 12:00:00,103.85338,121.0,17.146621704101562
2022-01-28 15:00:00,118.07981,107.0,-11.079811096191406
2022-01-28 18:00:00,141.40346,155.0,13.596542358398438
2022-01-28 21:00:00,136.36781,138.0,1.6321868896484375
2022-01-30 00:00:00,76.393234,19.0,-57.39323425292969
2022-01-30 03:00:00,71.28074,25.0,-46.280738830566406
2022-01-30 06:00:00,67.6132,24.0,-43.613197326660156
2022-01-30 09:00:00,35.110306,19.0,-16.110305786132812
2022-01-30 12:00:00,40.845238,18.0,-22.845237731933594
2022-01-30 15:00:00,74.26002,21.0,-53.26001739501953
2022-01-30 18:00:00,122.53537,24.0,-98.53536987304688
2022-01-30 21:00:00,135.77005,19.0,-116.77005004882812
2022-01-31 00:00:00,127.90792,23.0,-104.90792083740234
2022-01-31 03:00:00,121.84921,20.0,-101.84921264648438
2022-01-31 06:00:00,128.84163,29.0,-99.84162902832031
2022-01-31 09:00:00,85.576515,16.0,-69.5765151977539
2022-01-31 12:00:00,96.791954,12.0,-84.79195404052734
2022-01-31 15:00:00,124.526535,13.0,-111.52653503417969
2022-01-31 18:00:00,120.23537,20.0,-100.23536682128906
2022-01-31 21:00:00,118.36551,19.0,-99.36550903320312
2022-02-01 00:00:00,111.83545,30.0,-81.83544921875
2022-02-01 03:00:00,131.9802,42.0,-89.98019409179688
2022-02-01 06:00:00,140.13074,60.0,-80.1307373046875
2022-02-01 09:00:00,102.30036,53.0,-49.30036163330078
2022-02-01 12:00:00,59.4722,50.0,-9.472198486328125
2022-02-01 15:00:00,87.519936,60.0,-27.519935607910156
2022-02-01 18:00:00,111.69709,66.0,-45.69709014892578
2022-02-01 21:00:00,121.153336,58.0,-63.15333557128906
2022-02-02 00:00:00,155.97925,44.0,-111.979248046875
2022-02-02 03:00:00,144.00757,37.0,-107.007568359375
2022-02-02 06:00:00,118.832306,34.0,-84.83230590820312
2022-02-02 09:00:00,71.16182,23.0,-48.16181945800781
2022-02-02 12:00:00,45.78476,25.0,-20.784759521484375
2022-02-02 15:00:00,73.58716,32.0,-41.587158203125
2022-02-02 18:00:00,102.933655,29.0,-73.93365478515625
2022-02-02 21:00:00,114.6135,43.0,-71.6135025024414
2022-02-03 00:00:00,106.54651,48.0,-58.5465087890625
2022-02-03 03:00:00,89.97313,59.0,-30.973129272460938
2022-02-03 06:00:00,84.65292,37.0,-47.652923583984375
2022-02-03 09:00:00,40.908276,30.0,-10.908275604248047
2022-02-03 12:00:00,37.31043,40.0,2.6895713806152344
2022-02-03 15:00:00,64.58316,48.0,-16.583160400390625
2022-02-03 18:00:00,60.8307,50.0,-10.830699920654297
2022-02-03 21:00:00,52.09722,43.0,-9.097221374511719
2022-02-04 00:00:00,29.072908,37.0,7.927091598510742
2022-02-04 03:00:00,36.155827,41.0,4.844173431396484
2022-02-04 06:00:00,74.56328,41.0,-33.56327819824219
2022-02-04 09:00:00,156.98384,39.0,-117.98384094238281
2022-02-04 12:00:00,212.80453,44.0,-168.80453491210938
2022-02-04 15:00:00,241.33487,47.0,-194.33486938476562
2022-02-04 18:00:00,243.03358,52.0,-191.03358459472656
2022-02-04 21:00:00,234.33165,65.0,-169.33164978027344
2022-02-05 00:00:00,201.92766,60.0,-141.9276580810547
2022-02-05 03:00:00,165.36586,46.0,-119.36585998535156
2022-02-05 06:00:00,127.64269,41.0,-86.64269256591797
2022-02-05 09:00:00,82.56063,27.0,-55.560630798339844
2022-02-05 12:00:00,76.56067,29.0,-47.5606689453125
2022-02-05 15:00:00,108.67063,32.0,-76.6706314086914
2022-02-05 18:00:00,136.33928,44.0,-92.33927917480469
2022-02-05 21:00:00,142.92096,35.0,-107.92095947265625
2022-02-06 00:00:00,100.54464,37.0,-63.544639587402344
2022-02-06 03:00:00,96.030365,29.0,-67.03036499023438
2022-02-06 06:00:00,83.3765,45.0,-38.376502990722656
2022-02-06 09:00:00,47.272495,44.0,-3.2724952697753906
2022-02-06 12:00:00,29.026865,31.0,1.973134994506836
2022-02-06 15:00:00,46.84267,20.0,-26.842670440673828
2022-02-06 18:00:00,73.064316,6.0,-67.06431579589844
2022-02-06 21:00:00,72.75224,17.0,-55.75224304199219
2022-02-07 00:00:00,57.975285,19.0,-38.975284576416016
2022-02-07 03:00:00,66.18785,24.0,-42.18785095214844
2022-02-07 06:00:00,68.26616,32.0,-36.26615905761719
2022-02-07 09:00:00,35.521564,12.0,-23.521564483642578
2022-02-07 12:00:00,48.50767,14.0,-34.50767135620117
2022-02-07 15:00:00,66.35242,10.0,-56.3524169921875
2022-02-07 18:00:00,86.65711,28.0,-58.65711212158203
2022-02-07 21:00:00,76.68211,23.0,-53.68211364746094
2022-02-08 00:00:00,52.561234,23.0,-29.561233520507812
2022-02-08 03:00:00,56.116734,27.0,-29.11673355102539
2022-02-08 06:00:00,55.603947,32.0,-23.603946685791016
2022-02-08 09:00:00,34.834442,22.0,-12.834442138671875
2022-02-08 12:00:00,23.379414,14.0,-9.379413604736328
2022-02-08 15:00:00,48.495167,16.0,-32.49516677856445
2022-02-08 18:00:00,82.61043,20.0,-62.61042785644531
2022-02-08 21:00:00,79.5626,22.0,-57.562599182128906
2022-02-09 00:00:00,70.27847,22.0,-48.278472900390625
2022-02-09 03:00:00,73.032425,32.0,-41.03242492675781
2022-02-09 06:00:00,75.70032,30.0,-45.7003173828125
2022-02-09 09:00:00,20.967035,27.0,6.032964706420898
2022-02-09 12:00:00,37.994766,17.0,-20.994766235351562
2022-02-09 15:00:00,71.892204,17.0,-54.89220428466797
2022-02-09 18:00:00,87.4445,29.0,-58.44450378417969
2022-02-09 21:00:00,70.49528,33.0,-37.495277404785156
2022-02-10 00:00:00,39.223778,29.0,-10.223777770996094
2022-02-10 03:00:00,35.924587,29.0,-6.924587249755859
2022-02-10 06:00:00,31.20249,41.0,9.797510147094727
2022-02-10 09:00:00,36.431515,24.0,-12.431514739990234
2022-02-10 12:00:00,44.96525,28.0,-16.965248107910156
2022-02-10 15:00:00,50.36685,30.0,-20.366851806640625
2022-02-10 18:00:00,48.001595,27.0,-21.00159454345703
2022-02-10 21:00:00,57.79134,17.0,-40.79133987426758
2022-02-11 00:00:00,40.03641,15.0,-25.03641128540039
2022-02-11 03:00:00,52.626774,16.0,-36.626773834228516
2022-02-11 06:00:00,72.192276,30.0,-42.19227600097656
2022-02-11 09:00:00,108.293304,44.0,-64.29330444335938
2022-02-11 12:00:00,124.99834,46.0,-78.99833679199219
2022-02-11 15:00:00,144.09523,37.0,-107.09523010253906
2022-02-11 18:00:00,169.19728,40.0,-129.19728088378906
2022-02-11 21:00:00,131.8217,9.0,-122.82170104980469
2022-02-12 00:00:00,76.982925,7.0,-69.98292541503906
2022-02-12 03:00:00,81.517784,5.0,-76.51778411865234
2022-02-12 06:00:00,92.48248,6.0,-86.48248291015625
2022-02-12 09:00:00,76.51334,22.0,-54.513343811035156
2022-02-12 12:00:00,47.455444,15.0,-32.4554443359375
2022-02-12 15:00:00,64.82972,26.0,-38.82971954345703
2022-02-12 18:00:00,90.904564,20.0,-70.9045639038086
2022-02-12 21:00:00,101.925476,34.0,-67.92547607421875
2022-02-14 00:00:00,80.667175,20.0,-60.66717529296875
2022-02-14 03:00:00,83.404305,7.0,-76.40430450439453
2022-02-14 06:00:00,82.875885,32.0,-50.875885009765625
2022-02-14 09:00:00,45.298748,41.0,-4.298748016357422
2022-02-14 12:00:00,43.221916,36.0,-7.221916198730469
2022-02-14 15:00:00,78.16959,34.0,-44.169593811035156
2022-02-14 18:00:00,146.47935,45.0,-101.47935485839844
2022-02-14 21:00:00,162.37027,47.0,-115.37026977539062
2022-02-17 00:00:00,62.506844,28.0,-34.50684356689453
2022-02-17 03:00:00,58.55719,21.0,-37.55718994140625
2022-02-17 06:00:00,54.315193,27.0,-27.31519317626953
2022-02-17 09:00:00,25.158783,17.0,-8.158782958984375
2022-02-17 12:00:00,27.060879,17.0,-10.06087875366211
2022-02-17 15:00:00,45.0122,20.0,-25.01219940185547
2022-02-17 18:00:00,89.44789,24.0,-65.44789123535156
2022-02-17 21:00:00,110.167435,18.0,-92.16743469238281
2022-02-18 00:00:00,132.86342,25.0,-107.86341857910156
2022-02-18 03:00:00,144.95322,18.0,-126.95321655273438
2022-02-18 06:00:00,127.31573,30.0,-97.31572723388672
2022-02-18 09:00:00,39.331043,21.0,-18.331043243408203
2022-02-18 12:00:00,24.802319,25.0,0.19768142700195312
2022-02-18 15:00:00,44.15091,21.0,-23.150909423828125
2022-02-18 18:00:00,45.476154,25.0,-20.476154327392578
2022-02-18 21:00:00,41.00093,29.0,-12.000930786132812
2022-02-19 00:00:00,44.52272,23.0,-21.522720336914062
2022-02-19 03:00:00,40.341545,24.0,-16.34154510498047
2022-02-19 06:00:00,47.590446,31.0,-16.59044647216797
2022-02-19 09:00:00,76.55945,30.0,-46.5594482421875
2022-02-19 12:00:00,102.96639,29.0,-73.96639251708984
2022-02-19 15:00:00,90.97817,28.0,-62.978172302246094
2022-02-19 18:00:00,85.25774,31.0,-54.25773620605469
2022-02-19 21:00:00,109.127426,34.0,-75.12742614746094
2022-02-20 00:00:00,241.09682,71.0,-170.09681701660156
2022-02-20 03:00:00,265.69193,113.0,-152.69192504882812
2022-02-20 06:00:00,216.72212,199.0,-17.722122192382812
2022-02-20 09:00:00,110.59819,145.0,34.40180969238281
2022-02-20 12:00:00,75.005005,37.0,-38.0050048828125
2022-02-20 15:00:00,107.07259,28.0,-79.07259368896484
2022-02-20 18:00:00,156.50017,114.0,-42.50016784667969
2022-02-20 21:00:00,195.97581,48.0,-147.97581481933594
2022-02-21 00:00:00,207.07466,85.0,-122.07466125488281
2022-02-21 03:00:00,216.77078,49.0,-167.77078247070312
2022-02-21 06:00:00,193.12984,24.0,-169.1298370361328
2022-02-21 09:00:00,123.82031,35.0,-88.8203125
2022-02-21 12:00:00,72.745705,58.0,-14.745704650878906
2022-02-21 15:00:00,87.35497,62.0,-25.35497283935547
2022-02-21 18:00:00,120.03966,80.0,-40.03965759277344
2022-02-21 21:00:00,130.26237,54.0,-76.26237487792969
2022-02-22 00:00:00,120.63811,29.0,-91.63810729980469
2022-02-22 03:00:00,122.40162,32.0,-90.40161895751953
2022-02-22 06:00:00,120.67062,38.0,-82.67062377929688
2022-02-22 09:00:00,96.60551,48.0,-48.605506896972656
2022-02-22 12:00:00,63.81856,45.0,-18.818561553955078
2022-02-22 15:00:00,75.65222,34.0,-41.6522216796875
2022-02-22 18:00:00,130.55171,28.0,-102.55171203613281
2022-02-22 21:00:00,150.65302,57.0,-93.65301513671875
2022-02-24 00:00:00,100.29566,42.0,-58.29566192626953
2022-02-24 03:00:00,123.07646,48.0,-75.07646179199219
2022-02-24 06:00:00,103.85639,57.0,-46.85639190673828
2022-02-24 09:00:00,53.607864,48.0,-5.6078643798828125
2022-02-24 12:00:00,56.535213,54.0,-2.5352134704589844
2022-02-24 15:00:00,90.23193,49.0,-41.23193359375
2022-02-24 18:00:00,99.14646,54.0,-45.146461486816406
2022-02-24 21:00:00,97.600716,44.0,-53.60071563720703
2022-02-25 00:00:00,106.441574,55.0,-51.44157409667969
2022-02-25 03:00:00,106.549576,51.0,-55.54957580566406
2022-02-25 06:00:00,105.642586,54.0,-51.64258575439453
2022-02-25 09:00:00,103.61913,66.0,-37.61913299560547
2022-02-25 12:00:00,109.24856,66.0,-43.248558044433594
2022-02-25 15:00:00,113.805756,60.0,-53.805755615234375
2022-02-25 18:00:00,87.04512,61.0,-26.045120239257812
2022-02-25 21:00:00,83.96273,54.0,-29.962730407714844
2022-02-26 00:00:00,66.567055,50.0,-16.567054748535156
2022-02-26 03:00:00,54.553764,45.0,-9.553764343261719
2022-02-26 06:00:00,57.899117,50.0,-7.899116516113281
2022-02-26 09:00:00,64.3023,59.0,-5.302299499511719
2022-02-26 12:00:00,51.004974,64.0,12.995025634765625
2022-02-26 15:00:00,72.13618,64.0,-8.136177062988281
2022-02-26 18:00:00,102.63801,55.0,-47.63800811767578
2022-02-26 21:00:00,124.151146,81.0,-43.151145935058594
2022-02-27 00:00:00,91.16229,52.0,-39.16229248046875
2022-02-27 03:00:00,72.573586,31.0,-41.573585510253906
2022-02-27 06:00:00,59.59464,21.0,-38.59463882446289
2022-02-27 09:00:00,33.505104,14.0,-19.505104064941406
2022-02-27 12:00:00,26.792322,17.0,-9.792322158813477
2022-02-27 15:00:00,40.316708,6.0,-34.316707611083984
2022-02-27 18:00:00,63.370068,11.0,-52.37006759643555
2022-02-27 21:00:00,65.63641,14.0,-51.63641357421875
2022-02-28 00:00:00,39.144196,14.0,-25.144195556640625
2022-02-28 03:00:00,45.86036,17.0,-28.86035919189453
2022-02-28 06:00:00,44.47543,19.0,-25.47542953491211
2022-02-28 09:00:00,28.418753,27.0,-1.418752670288086
2022-02-28 12:00:00,36.453686,34.0,-2.453685760498047
2022-02-28 15:00:00,54.266193,20.0,-34.26619338989258
2022-02-28 18:00:00,94.894516,17.0,-77.89451599121094
2022-02-28 21:00:00,88.046135,29.0,-59.04613494873047
2022-03-01 00:00:00,57.055557,27.0,-30.055557250976562
2022-03-01 03:00:00,58.319984,34.0,-24.319984436035156
2022-03-01 06:00:00,55.517033,46.0,-9.517032623291016
2022-03-01 09:00:00,30.436695,24.0,-6.436695098876953
2022-03-01 12:00:00,34.49736,46.0,11.502639770507812
2022-03-01 15:00:00,55.11754,17.0,-38.11753845214844
2022-03-01 18:00:00,113.389435,19.0,-94.38943481445312
2022-03-01 21:00:00,128.11052,29.0,-99.11051940917969
2022-03-03 00:00:00,52.480118,51.0,-1.4801177978515625
2022-03-03 03:00:00,50.767994,33.0,-17.767993927001953
2022-03-03 06:00:00,52.18669,24.0,-28.186691284179688
2022-03-03 09:00:00,101.613014,29.0,-72.6130142211914
2022-03-03 12:00:00,127.06033,39.0,-88.06033325195312
2022-03-03 15:00:00,121.834946,37.0,-84.83494567871094
2022-03-03 18:00:00,140.888,49.0,-91.88800048828125
2022-03-03 21:00:00,234.39543,60.0,-174.3954315185547
2022-03-04 00:00:00,278.20987,85.0,-193.20986938476562
2022-03-04 03:00:00,287.87054,150.0,-137.87054443359375
2022-03-04 12:00:00,127.355034,150.0,22.64496612548828
2022-03-04 15:00:00,96.34749,70.0,-26.347488403320312
2022-03-04 18:00:00,88.05364,58.0,-30.05364227294922
2022-03-04 21:00:00,76.46486,51.0,-25.464859008789062
2022-03-05 00:00:00,86.31287,43.0,-43.3128662109375
2022-03-05 03:00:00,88.20097,31.0,-57.20097351074219
2022-03-05 06:00:00,77.040794,41.0,-36.040794372558594
2022-03-05 09:00:00,48.49528,45.0,-3.495281219482422
2022-03-05 12:00:00,51.591427,64.0,12.408573150634766
2022-03-05 15:00:00,62.967957,34.0,-28.96795654296875
2022-03-05 18:00:00,121.10195,27.0,-94.1019515991211
2022-03-05 21:00:00,140.64062,40.0,-100.640625
2022-03-06 00:00:00,186.16629,46.0,-140.16629028320312
2022-03-06 03:00:00,176.50928,54.0,-122.50927734375
2022-03-06 06:00:00,166.56303,66.0,-100.56303405761719
2022-03-06 09:00:00,102.70537,518.0,415.2946319580078
2022-03-06 12:00:00,64.40655,36.0,-28.40654754638672
2022-03-06 15:00:00,90.205505,33.0,-57.20550537109375
2022-03-06 18:00:00,108.38994,41.0,-67.38993835449219
2022-03-06 21:00:00,109.92062,37.0,-72.92062377929688
2022-03-07 00:00:00,191.78242,28.0,-163.7824249267578
2022-03-07 03:00:00,170.1319,44.0,-126.13189697265625
2022-03-07 06:00:00,164.78839,63.0,-101.78839111328125
2022-03-07 09:00:00,256.17908,76.0,-180.1790771484375
2022-03-07 12:00:00,301.80252,80.0,-221.80252075195312
2022-03-07 15:00:00,305.83408,63.0,-242.83407592773438
2022-03-07 18:00:00,313.0683,261.0,-52.06829833984375
2022-03-07 21:00:00,294.2868,141.0,-153.28680419921875
2022-03-08 00:00:00,186.50053,87.0,-99.50053405761719
2022-03-08 03:00:00,156.1084,68.0,-88.1083984375
2022-03-08 06:00:00,132.5178,65.0,-67.51780700683594
2022-03-08 09:00:00,115.75105,71.0,-44.75105285644531
2022-03-08 12:00:00,123.828445,96.0,-27.828445434570312
2022-03-08 15:00:00,136.58586,74.0,-62.58586120605469
2022-03-08 18:00:00,156.91422,67.0,-89.91421508789062
2022-03-08 21:00:00,147.19807,56.0,-91.19807434082031
2022-03-09 00:00:00,103.94979,36.0,-67.94979095458984
2022-03-09 03:00:00,92.17911,33.0,-59.179107666015625
2022-03-09 06:00:00,90.405136,28.0,-62.40513610839844
2022-03-09 09:00:00,94.627464,30.0,-64.6274642944336
2022-03-09 12:00:00,92.78392,59.0,-33.78392028808594
2022-03-09 15:00:00,114.247086,61.0,-53.24708557128906
2022-03-09 18:00:00,118.02604,77.0,-41.026039123535156
2022-03-09 21:00:00,120.18859,64.0,-56.18859100341797
2022-03-10 00:00:00,76.16018,58.0,-18.160179138183594
2022-03-10 03:00:00,124.038704,55.0,-69.03870391845703
2022-03-10 06:00:00,190.84996,76.0,-114.84996032714844
2022-03-10 09:00:00,233.55188,79.0,-154.5518798828125
2022-03-10 12:00:00,201.13669,63.0,-138.13668823242188
2022-03-10 15:00:00,164.28453,41.0,-123.28453063964844
2022-03-10 18:00:00,102.65603,42.0,-60.656028747558594
2022-03-10 21:00:00,62.208984,34.0,-28.208984375
2022-03-11 00:00:00,114.87464,38.0,-76.87464141845703
2022-03-11 03:00:00,181.12541,38.0,-143.1254119873047
2022-03-11 06:00:00,156.6093,86.0,-70.60929870605469
2022-03-11 09:00:00,124.35481,88.0,-36.35481262207031
2022-03-11 12:00:00,123.33419,75.0,-48.334190368652344
2022-03-11 15:00:00,124.76039,26.0,-98.76039123535156
2022-03-11 18:00:00,132.88582,32.0,-100.88581848144531
2022-03-11 21:00:00,127.82584,43.0,-84.82584381103516
2022-03-12 00:00:00,90.01815,51.0,-39.018150329589844
2022-03-12 03:00:00,95.911674,157.0,61.08832550048828
2022-03-12 06:00:00,100.798386,131.0,30.201614379882812
2022-03-12 09:00:00,97.45497,184.0,86.54502868652344
2022-03-12 12:00:00,124.36999,156.0,31.63001251220703
2022-03-12 15:00:00,121.012024,146.0,24.98797607421875
2022-03-12 18:00:00,141.28148,236.0,94.71852111816406
2022-03-12 21:00:00,160.11655,278.0,117.88345336914062
2022-03-13 00:00:00,181.74797,161.0,-20.747970581054688
2022-03-13 03:00:00,158.43034,179.0,20.569656372070312
2022-03-13 06:00:00,120.05557,56.0,-64.05557250976562
2022-03-13 09:00:00,105.962105,90.0,-15.962104797363281
2022-03-13 12:00:00,86.89648,57.0,-29.89647674560547
2022-03-13 15:00:00,100.60057,59.0,-41.60057067871094
2022-03-13 18:00:00,107.35312,37.0,-70.35311889648438
2022-03-13 21:00:00,102.82747,24.0,-78.82746887207031
2022-03-15 00:00:00,33.94098,26.0,-7.94097900390625
2022-03-15 03:00:00,37.315205,28.0,-9.315204620361328
2022-03-15 06:00:00,37.370113,22.0,-15.370113372802734
2022-03-15 09:00:00,37.459812,50.0,12.54018783569336
2022-03-15 12:00:00,38.96332,69.0,30.036678314208984
2022-03-15 15:00:00,68.792816,60.0,-8.792816162109375
2022-03-15 18:00:00,101.54463,69.0,-32.54463195800781
2022-03-15 21:00:00,97.78978,49.0,-48.78977966308594
2022-03-16 00:00:00,79.82544,35.0,-44.825439453125
2022-03-16 03:00:00,55.396866,25.0,-30.396865844726562
2022-03-16 06:00:00,34.92346,25.0,-9.923458099365234
2022-03-16 09:00:00,30.962496,24.0,-6.962495803833008
2022-03-16 12:00:00,43.760677,25.0,-18.760677337646484
2022-03-16 15:00:00,55.193935,21.0,-34.19393539428711
2022-03-16 18:00:00,72.68432,30.0,-42.68431854248047
2022-03-16 21:00:00,77.11583,53.0,-24.115829467773438
2022-03-18 00:00:00,77.579895,14.0,-63.57989501953125
2022-03-18 03:00:00,77.5708,21.0,-56.57080078125
2022-03-18 06:00:00,63.54503,73.0,9.454971313476562
2022-03-18 09:00:00,42.76012,86.0,43.2398796081543
2022-03-18 12:00:00,56.224052,66.0,9.775947570800781
2022-03-18 15:00:00,60.46366,30.0,-30.463661193847656
2022-03-18 18:00:00,99.06034,11.0,-88.06034088134766
2022-03-18 21:00:00,108.71509,34.0,-74.715087890625
2022-03-19 00:00:00,65.48248,47.0,-18.48248291015625
2022-03-19 03:00:00,73.81982,44.0,-29.81981658935547
2022-03-19 06:00:00,55.183365,49.0,-6.1833648681640625
2022-03-19 09:00:00,38.37374,42.0,3.6262588500976562
2022-03-19 12:00:00,42.25194,35.0,-7.251941680908203
2022-03-19 15:00:00,61.814034,27.0,-34.81403350830078
2022-03-19 18:00:00,97.320595,27.0,-70.32059478759766
2022-03-19 21:00:00,101.673546,27.0,-74.67354583740234
2022-03-20 00:00:00,109.89004,44.0,-65.8900375366211
2022-03-20 03:00:00,121.64372,25.0,-96.64372253417969
2022-03-20 06:00:00,109.82825,50.0,-59.8282470703125
2022-03-20 09:00:00,78.22689,29.0,-49.226890563964844
2022-03-20 12:00:00,65.07406,17.0,-48.074058532714844
2022-03-20 15:00:00,81.73333,22.0,-59.73332977294922
2022-03-20 18:00:00,94.73752,41.0,-53.737518310546875
2022-03-20 21:00:00,111.6731,29.0,-82.67310333251953
2022-03-21 00:00:00,90.74995,25.0,-65.74994659423828
2022-03-21 03:00:00,108.3331,28.0,-80.33309936523438
2022-03-21 06:00:00,102.67843,39.0,-63.678428649902344
2022-03-21 09:00:00,105.900085,61.0,-44.90008544921875
2022-03-21 12:00:00,125.263054,57.0,-68.26305389404297
2022-03-21 15:00:00,135.03802,45.0,-90.03802490234375
2022-03-21 18:00:00,127.59972,48.0,-79.59971618652344
2022-03-21 21:00:00,105.14134,31.0,-74.14134216308594
2022-03-22 00:00:00,70.05383,31.0,-39.0538330078125
2022-03-22 03:00:00,89.73814,44.0,-45.738136291503906
2022-03-22 06:00:00,83.683975,41.0,-42.68397521972656
2022-03-22 09:00:00,64.11989,59.0,-5.1198883056640625
2022-03-22 12:00:00,39.495716,54.0,14.504283905029297
2022-03-22 15:00:00,68.27008,50.0,-18.27008056640625
2022-03-22 18:00:00,104.45911,59.0,-45.4591064453125
2022-03-24 03:00:00,152.9633,48.0,-104.96330261230469
2022-03-24 06:00:00,187.16753,64.0,-123.16752624511719
2022-03-24 09:00:00,184.0158,125.0,-59.01579284667969
2022-03-24 12:00:00,196.17914,187.0,-9.17913818359375
2022-03-24 15:00:00,175.85422,102.0,-73.85421752929688
2022-03-24 18:00:00,150.33243,54.0,-96.33242797851562
2022-03-24 21:00:00,99.9803,24.0,-75.98030090332031
2022-03-25 00:00:00,88.01203,43.0,-45.01203155517578
2022-03-25 03:00:00,70.96605,45.0,-25.966049194335938
2022-03-25 06:00:00,43.35368,30.0,-13.353679656982422
2022-03-25 09:00:00,39.27772,28.0,-11.277721405029297
2022-03-25 12:00:00,44.62726,27.0,-17.62725830078125
2022-03-25 15:00:00,55.286705,18.0,-37.286705017089844
2022-03-25 18:00:00,78.84455,27.0,-51.84455108642578
2022-03-25 21:00:00,81.46174,35.0,-46.46173858642578
2022-03-26 00:00:00,27.21697,30.0,2.783029556274414
2022-03-26 03:00:00,50.027664,37.0,-13.027664184570312
2022-03-26 06:00:00,53.926556,30.0,-23.926555633544922
2022-03-26 09:00:00,50.733887,41.0,-9.73388671875
2022-03-26 12:00:00,51.767246,27.0,-24.76724624633789
2022-03-26 15:00:00,53.712597,36.0,-17.712596893310547
2022-03-26 18:00:00,70.886475,26.0,-44.886474609375
2022-03-26 21:00:00,70.5586,9.0,-61.55860137939453
2022-03-27 00:00:00,69.6873,10.0,-59.68730163574219
2022-03-27 03:00:00,60.92614,24.0,-36.92613983154297
2022-03-27 06:00:00,39.6617,27.0,-12.661701202392578
2022-03-27 09:00:00,29.77913,13.0,-16.779130935668945
2022-03-27 12:00:00,36.318626,17.0,-19.318626403808594
2022-03-27 15:00:00,42.452484,11.0,-31.452484130859375
2022-03-27 18:00:00,59.912395,19.0,-40.91239547729492
2022-03-27 21:00:00,64.88586,18.0,-46.88585662841797
2022-03-28 00:00:00,41.76286,25.0,-16.762859344482422
2022-03-28 03:00:00,43.248974,21.0,-22.248973846435547
2022-03-28 06:00:00,41.804924,31.0,-10.804924011230469
2022-03-28 09:00:00,33.421486,39.0,5.578514099121094
2022-03-28 12:00:00,44.924717,32.0,-12.92471694946289
2022-03-28 15:00:00,55.94586,41.0,-14.94586181640625
2022-03-28 18:00:00,72.86553,69.0,-3.8655319213867188
2022-03-28 21:00:00,72.07416,50.0,-22.07415771484375
2022-03-29 00:00:00,84.19283,38.0,-46.192832946777344
2022-03-29 03:00:00,99.64452,23.0,-76.64452362060547
2022-03-29 06:00:00,87.11399,27.0,-60.113990783691406
2022-03-29 09:00:00,54.13824,29.0,-25.138240814208984
2022-03-29 12:00:00,43.47214,20.0,-23.47214126586914
2022-03-29 15:00:00,51.94863,16.0,-35.948631286621094
2022-03-29 18:00:00,80.28701,20.0,-60.287010192871094
2022-03-29 21:00:00,83.83585,59.0,-24.835853576660156
2022-03-30 00:00:00,109.16426,23.0,-86.16426086425781
2022-03-30 03:00:00,101.41105,20.0,-81.41104888916016
2022-03-30 06:00:00,71.47559,30.0,-41.47559356689453
2022-03-30 09:00:00,36.98409,25.0,-11.984088897705078
2022-03-30 12:00:00,35.645996,22.0,-13.64599609375
2022-03-30 15:00:00,49.500443,34.0,-15.500442504882812
2022-03-30 18:00:00,117.24814,46.0,-71.24813842773438
2022-03-30 21:00:00,134.55634,63.0,-71.55633544921875
2022-03-31 00:00:00,106.37678,41.0,-65.37677764892578
2022-03-31 03:00:00,122.888306,38.0,-84.8883056640625
2022-03-31 06:00:00,94.96296,55.0,-39.96295928955078
2022-03-31 09:00:00,38.687176,36.0,-2.687175750732422
2022-03-31 12:00:00,48.751076,41.0,-7.751075744628906
2022-03-31 15:00:00,74.02048,38.0,-36.020477294921875
2022-03-31 18:00:00,77.57626,31.0,-46.576263427734375
2022-03-31 21:00:00,84.58801,34.0,-50.5880126953125
2022-04-01 03:00:00,141.0898,41.0,-100.08979797363281
2022-04-01 06:00:00,143.91821,66.0,-77.918212890625
2022-04-01 09:00:00,82.966835,62.0,-20.966835021972656
2022-04-01 12:00:00,55.201214,59.0,3.798786163330078
2022-04-01 15:00:00,69.57265,49.0,-20.572647094726562
2022-04-01 18:00:00,112.042015,55.0,-57.042015075683594
2022-04-01 21:00:00,114.202065,60.0,-54.202064514160156
2022-04-02 00:00:00,75.17338,39.0,-36.173377990722656
2022-04-02 03:00:00,80.74312,53.0,-27.743118286132812
2022-04-02 06:00:00,82.604004,60.0,-22.60400390625
2022-04-02 09:00:00,59.727,59.0,-0.7270011901855469
2022-04-02 12:00:00,55.341957,47.0,-8.341957092285156
2022-04-02 15:00:00,70.42837,39.0,-31.428367614746094
2022-04-02 18:00:00,99.57,34.0,-65.56999969482422
2022-04-02 21:00:00,97.71565,54.0,-43.71565246582031
2022-04-03 00:00:00,76.64039,52.0,-24.64038848876953
2022-04-03 03:00:00,89.04908,50.0,-39.04907989501953
2022-04-03 06:00:00,85.57669,50.0,-35.576690673828125
2022-04-03 09:00:00,57.76485,38.0,-19.764850616455078
2022-04-03 12:00:00,54.78131,31.0,-23.78131103515625
2022-04-03 15:00:00,73.6631,29.0,-44.66310119628906
2022-04-03 18:00:00,121.12912,27.0,-94.12911987304688
2022-04-03 21:00:00,135.66795,39.0,-96.66795349121094
2022-04-04 00:00:00,99.46007,55.0,-44.46006774902344
2022-04-04 03:00:00,126.622925,63.0,-63.6229248046875
2022-04-04 06:00:00,101.71908,59.0,-42.719078063964844
2022-04-04 09:00:00,30.069998,55.0,24.930002212524414
2022-04-04 12:00:00,30.29396,42.0,11.706039428710938
2022-04-04 15:00:00,59.81306,41.0,-18.813060760498047
2022-04-04 18:00:00,96.92144,45.0,-51.92144012451172
2022-04-04 21:00:00,112.74142,54.0,-58.741416931152344
2022-04-05 00:00:00,100.7802,47.0,-53.78019714355469
2022-04-05 03:00:00,88.78169,44.0,-44.78169250488281
2022-04-05 06:00:00,79.802986,73.0,-6.802986145019531
2022-04-05 09:00:00,61.134045,83.0,21.865955352783203
2022-04-05 12:00:00,50.980816,58.0,7.019184112548828
2022-04-05 15:00:00,64.22076,44.0,-20.22075653076172
2022-04-05 18:00:00,80.19265,38.0,-42.192649841308594
2022-04-05 21:00:00,82.9641,36.0,-46.96410369873047
2022-04-06 00:00:00,65.16438,47.0,-18.164382934570312
2022-04-06 03:00:00,69.56225,42.0,-27.56224822998047
2022-04-06 06:00:00,72.78601,49.0,-23.7860107421875
2022-04-06 09:00:00,55.85861,42.0,-13.85860824584961
2022-04-06 12:00:00,55.613953,37.0,-18.61395263671875
2022-04-06 15:00:00,69.047134,30.0,-39.04713439941406
2022-04-06 18:00:00,64.61096,39.0,-25.6109619140625
2022-04-06 21:00:00,53.225903,51.0,-2.225902557373047
2022-04-07 00:00:00,83.72035,38.0,-45.72035217285156
2022-04-07 03:00:00,100.76815,32.0,-68.76815032958984
2022-04-07 06:00:00,205.08798,44.0,-161.08798217773438
2022-04-07 09:00:00,232.38982,68.0,-164.3898162841797
2022-04-07 12:00:00,246.2831,118.0,-128.28309631347656
2022-04-07 15:00:00,260.66357,103.0,-157.66357421875
2022-04-07 18:00:00,232.1715,161.0,-71.17149353027344
2022-04-07 21:00:00,190.57462,119.0,-71.57461547851562
2022-04-08 00:00:00,186.63832,103.0,-83.63832092285156
2022-04-08 03:00:00,184.46735,96.0,-88.46734619140625
2022-04-08 06:00:00,168.3349,117.0,-51.33489990234375
2022-04-08 09:00:00,121.426865,93.0,-28.426864624023438
2022-04-08 12:00:00,111.71926,107.0,-4.719261169433594
2022-04-08 15:00:00,133.47153,88.0,-45.471527099609375
2022-04-08 18:00:00,162.58582,83.0,-79.5858154296875
2022-04-08 21:00:00,162.55853,90.0,-72.55853271484375
2022-04-09 00:00:00,195.37947,91.0,-104.37947082519531
2022-04-09 03:00:00,184.86208,75.0,-109.86207580566406
2022-04-09 06:00:00,162.72646,92.0,-70.72645568847656
2022-04-09 09:00:00,130.1139,81.0,-49.11390686035156
2022-04-09 12:00:00,151.42717,75.0,-76.42716979980469
2022-04-09 15:00:00,160.29901,73.0,-87.29901123046875
2022-04-09 18:00:00,197.74722,76.0,-121.74722290039062
2022-04-09 21:00:00,186.94028,83.0,-103.94027709960938
2022-04-10 00:00:00,180.97263,120.0,-60.972625732421875
2022-04-10 03:00:00,163.35048,293.0,129.64952087402344
2022-04-10 06:00:00,139.74426,396.0,256.2557373046875
2022-04-10 09:00:00,92.70957,281.0,188.2904281616211
2022-04-10 12:00:00,73.51275,217.0,143.48725128173828
2022-04-10 15:00:00,78.766106,186.0,107.23389434814453
2022-04-10 18:00:00,115.91686,147.0,31.08313751220703
2022-04-10 21:00:00,122.06931,136.0,13.930686950683594
2022-04-11 00:00:00,176.48836,120.0,-56.48835754394531
2022-04-11 03:00:00,174.15596,118.0,-56.15596008300781
2022-04-11 06:00:00,156.79166,93.0,-63.791656494140625
2022-04-11 09:00:00,112.535416,78.0,-34.53541564941406
2022-04-11 12:00:00,101.6316,79.0,-22.63159942626953
2022-04-11 15:00:00,125.89709,96.0,-29.89708709716797
2022-04-11 18:00:00,131.18279,99.0,-32.18278503417969
2022-04-11 21:00:00,123.75676,92.0,-31.756759643554688
2022-04-12 00:00:00,120.439384,89.0,-31.43938446044922
2022-04-12 03:00:00,121.03158,90.0,-31.031578063964844
2022-04-12 06:00:00,117.79434,109.0,-8.794342041015625
2022-04-12 09:00:00,111.19692,75.0,-36.196922302246094
2022-04-12 12:00:00,107.68747,63.0,-44.687469482421875
2022-04-12 15:00:00,115.80198,59.0,-56.801979064941406
2022-04-12 18:00:00,143.40378,65.0,-78.40377807617188
2022-04-12 21:00:00,170.00287,410.0,239.99713134765625
2022-04-13 00:00:00,169.18147,501.0,331.8185272216797
2022-04-13 03:00:00,117.104034,347.0,229.89596557617188
2022-04-13 06:00:00,77.45501,129.0,51.54499053955078
2022-04-13 09:00:00,72.71649,72.0,-0.71649169921875
2022-04-13 12:00:00,70.246414,49.0,-21.246414184570312
2022-04-13 15:00:00,67.32216,41.0,-26.322158813476562
2022-04-13 18:00:00,66.44632,39.0,-27.446319580078125
2022-04-13 21:00:00,57.55726,40.0,-17.55725860595703
2022-04-14 00:00:00,81.224815,68.0,-13.224815368652344
2022-04-14 03:00:00,90.51081,84.0,-6.510810852050781
2022-04-14 06:00:00,87.4748,59.0,-28.47480010986328
2022-04-14 09:00:00,84.34006,51.0,-33.340057373046875
2022-04-14 12:00:00,81.8055,57.0,-24.805496215820312
2022-04-14 15:00:00,82.80375,39.0,-43.803749084472656
2022-04-14 18:00:00,94.12929,36.0,-58.12928771972656
2022-04-14 21:00:00,112.00768,42.0,-70.00768280029297
2022-04-15 00:00:00,104.15613,50.0,-54.1561279296875
2022-04-15 03:00:00,123.76387,65.0,-58.76387023925781
2022-04-15 06:00:00,105.67845,188.0,82.32154846191406
2022-04-15 09:00:00,82.08212,66.0,-16.082122802734375
2022-04-15 12:00:00,92.86703,64.0,-28.867027282714844
2022-04-15 15:00:00,117.42702,106.0,-11.427017211914062
2022-04-15 18:00:00,146.7888,155.0,8.211196899414062
2022-04-15 21:00:00,125.39795,40.0,-85.39794921875
2022-04-16 00:00:00,95.12837,39.0,-56.12837219238281
2022-04-16 03:00:00,57.692036,21.0,-36.69203567504883
2022-04-16 06:00:00,38.258575,31.0,-7.258575439453125
2022-04-16 09:00:00,35.17573,36.0,0.8242683410644531
2022-04-16 12:00:00,37.45117,31.0,-6.451171875
2022-04-16 15:00:00,46.045444,27.0,-19.04544448852539
2022-04-16 18:00:00,76.19997,36.0,-40.19996643066406
2022-04-16 21:00:00,75.664505,27.0,-48.66450500488281
2022-04-19 00:00:00,97.60879,42.0,-55.608787536621094
2022-04-19 03:00:00,112.96333,49.0,-63.96333312988281
2022-04-19 06:00:00,110.528046,38.0,-72.52804565429688
2022-04-19 09:00:00,70.05019,26.0,-44.050193786621094
2022-04-19 12:00:00,84.14611,19.0,-65.14611053466797
2022-04-19 15:00:00,92.22049,24.0,-68.22048950195312
2022-04-19 18:00:00,113.05906,32.0,-81.0590591430664
2022-04-19 21:00:00,103.14761,46.0,-57.147613525390625
2022-04-20 00:00:00,135.58383,24.0,-111.58383178710938
2022-04-20 03:00:00,128.12984,24.0,-104.12983703613281
2022-04-20 06:00:00,118.6512,37.0,-81.65119934082031
2022-04-20 09:00:00,108.8946,30.0,-78.89459991455078
2022-04-20 12:00:00,68.852554,41.0,-27.852554321289062
2022-04-20 15:00:00,84.39633,59.0,-25.396331787109375
2022-04-20 18:00:00,88.85928,54.0,-34.859283447265625
2022-04-20 21:00:00,95.43931,39.0,-56.439308166503906
2022-04-21 00:00:00,44.94916,36.0,-8.949161529541016
2022-04-21 03:00:00,42.936504,30.0,-12.936504364013672
2022-04-21 06:00:00,26.555767,26.0,-0.5557670593261719
2022-04-21 09:00:00,41.8147,29.0,-12.814701080322266
2022-04-21 12:00:00,79.46437,41.0,-38.46437072753906
2022-04-21 15:00:00,85.38302,39.0,-46.383018493652344
2022-04-21 18:00:00,104.93307,51.0,-53.933067321777344
2022-04-21 21:00:00,127.59176,50.0,-77.59175872802734
2022-04-22 00:00:00,106.21693,49.0,-57.21692657470703
2022-04-22 03:00:00,72.739395,30.0,-42.73939514160156
2022-04-22 06:00:00,45.372303,33.0,-12.372303009033203
2022-04-22 09:00:00,34.487698,55.0,20.51230239868164
2022-04-22 12:00:00,44.721786,43.0,-1.7217864990234375
2022-04-22 15:00:00,55.62282,32.0,-23.622821807861328
2022-04-22 18:00:00,100.17647,16.0,-84.17646789550781
2022-04-22 21:00:00,97.728615,40.0,-57.728614807128906
2022-04-23 00:00:00,67.65458,48.0,-19.654579162597656
2022-04-23 03:00:00,69.53337,26.0,-43.53337097167969
2022-04-23 06:00:00,62.701305,30.0,-32.7013053894043
2022-04-23 09:00:00,43.2546,28.0,-15.254600524902344
2022-04-23 12:00:00,37.26774,23.0,-14.267738342285156
2022-04-23 15:00:00,51.32864,30.0,-21.32863998413086
2022-04-23 18:00:00,64.77262,32.0,-32.772621154785156
2022-04-23 21:00:00,60.576668,37.0,-23.57666778564453
2022-04-25 00:00:00,119.29933,76.0,-43.29933166503906
2022-04-25 03:00:00,136.79005,22.0,-114.79005432128906
2022-04-25 06:00:00,155.71788,16.0,-139.71788024902344
2022-04-25 09:00:00,151.61664,26.0,-125.61663818359375
2022-04-25 12:00:00,158.27834,19.0,-139.27833557128906
2022-04-25 15:00:00,152.55136,68.0,-84.55136108398438
2022-04-25 18:00:00,132.99905,40.0,-92.99905395507812
2022-04-25 21:00:00,126.002075,85.0,-41.0020751953125
2022-04-26 00:00:00,168.41,78.0,-90.41000366210938
2022-04-26 03:00:00,195.4876,54.0,-141.4875946044922
2022-04-26 06:00:00,216.64096,77.0,-139.64096069335938
2022-04-26 09:00:00,200.67592,117.0,-83.67591857910156
2022-04-26 12:00:00,218.84102,111.0,-107.84101867675781
2022-04-26 15:00:00,217.19086,86.0,-131.19085693359375
2022-04-26 18:00:00,197.51167,67.0,-130.5116729736328
2022-04-26 21:00:00,167.56985,60.0,-107.56985473632812
2022-04-28 00:00:00,162.21248,235.0,72.78752136230469
2022-04-28 03:00:00,166.73267,306.0,139.267333984375
2022-04-28 06:00:00,150.75198,187.0,36.248016357421875
2022-04-28 09:00:00,116.30732,117.0,0.6926803588867188
2022-04-28 12:00:00,134.02257,66.0,-68.02256774902344
2022-04-28 15:00:00,147.73105,77.0,-70.73104858398438
2022-04-28 18:00:00,163.13379,84.0,-79.1337890625
2022-04-28 21:00:00,160.60948,72.0,-88.60948181152344
2022-04-29 03:00:00,126.60814,155.0,28.391860961914062
2022-04-29 06:00:00,136.01016,102.0,-34.010162353515625
2022-04-29 09:00:00,137.06432,117.0,-20.064315795898438
2022-04-29 12:00:00,140.51875,119.0,-21.518753051757812
2022-04-29 15:00:00,144.03258,113.0,-31.032577514648438
2022-04-29 18:00:00,137.89406,28.0,-109.89405822753906
2022-04-29 21:00:00,143.8135,28.0,-115.81350708007812
2022-04-30 00:00:00,79.53145,48.0,-31.531448364257812
2022-04-30 03:00:00,92.886696,32.0,-60.886695861816406
2022-04-30 06:00:00,98.01693,34.0,-64.01692962646484
2022-04-30 09:00:00,103.904655,40.0,-63.90465545654297
2022-04-30 12:00:00,100.32613,39.0,-61.326133728027344
2022-04-30 15:00:00,105.51753,37.0,-68.51753234863281
2022-04-30 18:00:00,116.4949,35.0,-81.49490356445312
2022-04-30 21:00:00,120.59854,38.0,-82.59854125976562
2022-05-01 00:00:00,130.97041,41.0,-89.97041320800781
2022-05-01 03:00:00,119.50203,39.0,-80.50202941894531
2022-05-01 06:00:00,92.271194,53.0,-39.27119445800781
2022-05-01 09:00:00,81.993675,43.0,-38.993675231933594
2022-05-01 12:00:00,137.76753,69.0,-68.76753234863281
2022-05-01 15:00:00,186.91548,53.0,-133.9154815673828
2022-05-01 18:00:00,240.37627,53.0,-187.3762664794922
2022-05-01 21:00:00,287.60406,228.0,-59.60406494140625
2022-05-03 00:00:00,166.05008,43.0,-123.05007934570312
2022-05-03 03:00:00,152.53044,54.0,-98.53044128417969
2022-05-03 06:00:00,103.6675,47.0,-56.667503356933594
2022-05-03 09:00:00,64.74875,40.0,-24.748748779296875
2022-05-03 12:00:00,75.73567,38.0,-37.73567199707031
2022-05-03 15:00:00,81.54899,31.0,-50.548988342285156
2022-05-03 18:00:00,119.92347,34.0,-85.92346954345703
2022-05-03 21:00:00,130.94269,39.0,-91.94268798828125
2022-05-05 00:00:00,183.95985,44.0,-139.95985412597656
2022-05-05 03:00:00,162.57428,70.0,-92.57427978515625
2022-05-05 06:00:00,127.58676,49.0,-78.58676147460938
2022-05-05 12:00:00,188.16365,50.0,-138.1636505126953
2022-05-05 15:00:00,192.6469,45.0,-147.6468963623047
2022-05-05 18:00:00,211.32996,103.0,-108.3299560546875
2022-05-07 00:00:00,195.9919,55.0,-140.9918975830078
2022-05-07 03:00:00,121.104675,44.0,-77.10467529296875
2022-05-07 06:00:00,96.91621,40.0,-56.91620635986328
2022-05-07 09:00:00,101.879326,36.0,-65.87932586669922
2022-05-07 12:00:00,163.57649,44.0,-119.57649230957031
2022-05-07 15:00:00,135.80223,52.0,-83.80223083496094
2022-05-07 18:00:00,126.31574,60.0,-66.31574249267578
2022-05-07 21:00:00,128.81264,137.0,8.187362670898438
2022-05-09 00:00:00,51.292603,26.0,-25.2926025390625
2022-05-09 03:00:00,52.118084,57.0,4.881916046142578
2022-05-09 06:00:00,29.261116,89.0,59.73888397216797
2022-05-09 09:00:00,35.50588,30.0,-5.505878448486328
2022-05-09 12:00:00,45.593082,30.0,-15.593082427978516
2022-05-09 15:00:00,47.425716,30.0,-17.425716400146484
2022-05-09 18:00:00,80.35727,30.0,-50.357269287109375
2022-05-09 21:00:00,87.40426,27.0,-60.404258728027344
2022-05-10 00:00:00,51.61155,22.0,-29.611549377441406
2022-05-10 03:00:00,55.54409,28.0,-27.544090270996094
2022-05-10 06:00:00,38.802,25.0,-13.801998138427734
2022-05-10 09:00:00,35.5725,27.0,-8.572498321533203
2022-05-10 12:00:00,53.73295,27.0,-26.732948303222656
2022-05-10 15:00:00,54.680866,14.0,-40.68086624145508
2022-05-10 18:00:00,61.38339,19.0,-42.38338851928711
2022-05-10 21:00:00,58.393654,23.0,-35.393653869628906
2022-05-11 00:00:00,67.53362,30.0,-37.53362274169922
2022-05-11 03:00:00,103.05712,29.0,-74.05712127685547
2022-05-11 06:00:00,121.09956,122.0,0.9004364013671875
2022-05-11 09:00:00,84.49433,75.0,-9.494331359863281
2022-05-11 12:00:00,67.20893,70.0,2.7910690307617188
2022-05-11 15:00:00,67.07808,53.0,-14.078079223632812
2022-05-11 18:00:00,86.84913,69.0,-17.84912872314453
2022-05-11 21:00:00,82.6642,35.0,-47.66419982910156
2022-05-12 00:00:00,43.435307,33.0,-10.435306549072266
2022-05-12 03:00:00,56.174942,31.0,-25.174942016601562
2022-05-12 06:00:00,51.034477,43.0,-8.034477233886719
2022-05-12 09:00:00,47.17401,64.0,16.82598876953125
2022-05-12 12:00:00,61.420677,47.0,-14.420677185058594
2022-05-12 15:00:00,72.323586,34.0,-38.323585510253906
2022-05-12 18:00:00,111.65173,34.0,-77.6517333984375
2022-05-12 21:00:00,145.63103,108.0,-37.63102722167969
2022-05-13 00:00:00,141.52374,65.0,-76.52374267578125
2022-05-13 03:00:00,124.311554,57.0,-67.31155395507812
2022-05-13 06:00:00,94.05881,68.0,-26.058807373046875
2022-05-13 09:00:00,63.24899,104.0,40.75101089477539
2022-05-13 12:00:00,76.54944,262.0,185.4505615234375
2022-05-13 15:00:00,89.80635,153.0,63.19364929199219
2022-05-13 18:00:00,106.591644,257.0,150.40835571289062
2022-05-13 21:00:00,86.19656,163.0,76.80343627929688
2022-05-14 00:00:00,98.27704,66.0,-32.27703857421875
2022-05-14 03:00:00,118.33242,180.0,61.667579650878906
2022-05-14 06:00:00,127.54685,153.0,25.453147888183594
2022-05-14 09:00:00,77.48326,67.0,-10.483261108398438
2022-05-14 12:00:00,62.402706,45.0,-17.402706146240234
2022-05-14 15:00:00,62.241043,29.0,-33.24104309082031
2022-05-14 18:00:00,91.879654,28.0,-63.87965393066406
2022-05-14 21:00:00,106.60847,28.0,-78.60846710205078
2022-05-15 00:00:00,93.2746,32.0,-61.27459716796875
2022-05-15 03:00:00,96.42417,30.0,-66.4241714477539
2022-05-15 06:00:00,81.49698,34.0,-47.496978759765625
2022-05-15 09:00:00,45.57296,47.0,1.4270401000976562
2022-05-15 12:00:00,25.44482,29.0,3.5551795959472656
2022-05-15 15:00:00,40.222404,18.0,-22.22240447998047
2022-05-15 18:00:00,86.75056,27.0,-59.75055694580078
2022-05-15 21:00:00,98.79841,47.0,-51.79840850830078
2022-05-16 00:00:00,103.91045,39.0,-64.91045379638672
2022-05-16 03:00:00,122.082214,39.0,-83.08221435546875
2022-05-16 06:00:00,107.659615,56.0,-51.65961456298828
2022-05-16 09:00:00,79.25041,53.0,-26.250411987304688
2022-05-16 12:00:00,94.75047,53.0,-41.75047302246094
2022-05-16 21:00:00,126.2315,764.0,637.7685012817383
2022-05-17 00:00:00,176.25894,419.0,242.74105834960938
2022-05-17 03:00:00,166.04901,480.0,313.95098876953125
2022-05-17 06:00:00,147.30222,673.0,525.6977844238281
2022-05-17 09:00:00,108.36857,343.0,234.63143157958984
2022-05-17 12:00:00,133.83691,318.0,184.1630859375
2022-05-17 15:00:00,121.463585,183.0,61.536415100097656
2022-05-17 18:00:00,127.54708,237.0,109.45291900634766
2022-05-17 21:00:00,125.0977,205.0,79.90229797363281
2022-05-18 00:00:00,185.13617,148.0,-37.13616943359375
2022-05-18 03:00:00,151.31445,82.0,-69.314453125
2022-05-18 06:00:00,118.73104,50.0,-68.73104095458984
2022-05-18 09:00:00,66.091385,42.0,-24.091384887695312
2022-05-18 12:00:00,86.866066,46.0,-40.866065979003906
2022-05-18 15:00:00,108.31883,30.0,-78.31883239746094
2022-05-18 18:00:00,139.01001,72.0,-67.010009765625
2022-05-18 21:00:00,141.87457,39.0,-102.87457275390625
2022-05-19 00:00:00,108.198265,41.0,-67.1982650756836
2022-05-19 03:00:00,106.521385,37.0,-69.5213851928711
2022-05-19 06:00:00,90.61739,44.0,-46.617393493652344
2022-05-19 09:00:00,77.8723,40.0,-37.87229919433594
2022-05-19 12:00:00,123.45799,59.0,-64.45799255371094
2022-05-19 15:00:00,129.72992,49.0,-80.72991943359375
2022-05-19 18:00:00,152.36879,50.0,-102.36878967285156
2022-05-19 21:00:00,155.4829,72.0,-83.48289489746094
2022-05-20 00:00:00,95.12416,66.0,-29.124160766601562
2022-05-20 03:00:00,102.20177,70.0,-32.20176696777344
2022-05-20 06:00:00,87.7177,80.0,-7.7176971435546875
2022-05-20 09:00:00,73.906105,71.0,-2.9061050415039062
2022-05-20 12:00:00,89.047806,68.0,-21.047805786132812
2022-05-20 15:00:00,96.59493,65.0,-31.594932556152344
2022-05-20 18:00:00,120.16062,60.0,-60.160621643066406
2022-05-20 21:00:00,126.17966,60.0,-66.17965698242188
2022-05-21 00:00:00,136.2414,82.0,-54.24139404296875
2022-05-21 03:00:00,157.01181,195.0,37.988189697265625
2022-05-25 15:00:00,67.97228,48.0,-19.97228240966797
2022-05-25 18:00:00,89.22501,37.0,-52.225013732910156
2022-05-25 21:00:00,85.1681,43.0,-42.16809844970703
2022-05-26 00:00:00,45.02931,53.0,7.970691680908203
2022-05-26 03:00:00,49.220093,73.0,23.7799072265625
2022-05-26 06:00:00,32.26262,45.0,12.737380981445312
2022-05-26 09:00:00,37.767563,56.0,18.232437133789062
2022-05-26 12:00:00,84.26355,46.0,-38.2635498046875
2022-05-26 15:00:00,89.492744,49.0,-40.49274444580078
2022-05-26 18:00:00,100.227,66.0,-34.22699737548828
2022-05-26 21:00:00,89.54589,54.0,-35.54589080810547
2022-05-27 00:00:00,43.083218,97.0,53.91678237915039
2022-05-27 03:00:00,34.01516,248.0,213.9848403930664
2022-05-27 06:00:00,23.489746,168.0,144.51025390625
2022-05-27 09:00:00,23.868097,69.0,45.13190269470215
2022-05-27 12:00:00,43.770912,55.0,11.229087829589844
2022-05-27 15:00:00,53.06896,53.0,-0.06895828247070312
2022-05-27 18:00:00,86.963326,49.0,-37.96332550048828
2022-05-27 21:00:00,83.84359,36.0,-47.843589782714844
2022-05-28 00:00:00,49.370556,43.0,-6.370555877685547
2022-05-28 03:00:00,51.531345,42.0,-9.53134536743164
2022-05-28 06:00:00,48.66337,61.0,12.336631774902344
2022-05-28 09:00:00,32.199013,34.0,1.8009872436523438
2022-05-28 12:00:00,53.27183,39.0,-14.271831512451172
2022-05-28 15:00:00,62.93203,37.0,-25.932029724121094
2022-05-28 18:00:00,93.90135,50.0,-43.90135192871094
2022-05-28 21:00:00,90.543434,63.0,-27.543434143066406
2022-05-29 00:00:00,53.652912,41.0,-12.652912139892578
2022-05-29 03:00:00,65.46708,47.0,-18.467079162597656
2022-05-29 06:00:00,48.071056,48.0,-0.07105636596679688
2022-05-29 09:00:00,26.017063,44.0,17.98293685913086
2022-05-29 12:00:00,31.18879,38.0,6.811210632324219
2022-05-29 15:00:00,43.452133,47.0,3.5478668212890625
2022-05-29 18:00:00,78.62002,29.0,-49.620018005371094
2022-05-29 21:00:00,83.71114,38.0,-45.711143493652344
2022-05-30 00:00:00,64.01848,44.0,-20.018478393554688
2022-05-30 03:00:00,58.42287,39.0,-19.422870635986328
2022-05-30 06:00:00,47.777008,48.0,0.222991943359375
2022-05-30 09:00:00,29.61076,67.0,37.38924026489258
2022-05-30 12:00:00,34.58996,43.0,8.410041809082031
2022-05-30 15:00:00,52.076645,45.0,-7.0766448974609375
2022-05-30 18:00:00,102.5702,55.0,-47.57019805908203
2022-05-30 21:00:00,99.31807,71.0,-28.318069458007812
2022-05-31 00:00:00,77.297615,85.0,7.702384948730469
2022-05-31 03:00:00,73.91554,56.0,-17.915542602539062
2022-05-31 06:00:00,54.824455,68.0,13.175544738769531
2022-05-31 09:00:00,28.099861,56.0,27.90013885498047
2022-05-31 12:00:00,24.252357,44.0,19.747642517089844
2022-05-31 15:00:00,38.55098,36.0,-2.5509796142578125
2022-05-31 18:00:00,96.93849,39.0,-57.93849182128906
2022-05-31 21:00:00,103.925575,50.0,-53.925575256347656
2022-06-01 00:00:00,64.974014,56.0,-8.974014282226562
2022-06-01 03:00:00,50.419205,76.0,25.580795288085938
2022-06-01 06:00:00,39.987755,105.0,65.01224517822266
2022-06-01 09:00:00,19.777645,57.0,37.222354888916016
2022-06-01 12:00:00,18.756851,38.0,19.243148803710938
2022-06-01 15:00:00,29.885258,49.0,19.114742279052734
2022-06-01 18:00:00,51.75332,36.0,-15.753318786621094
2022-06-01 21:00:00,59.44412,29.0,-30.44411849975586
2022-09-22 00:00:00,19.800154,22.0,2.1998462677001953
2022-09-22 03:00:00,30.41339,30.0,-0.4133892059326172
2022-09-22 06:00:00,30.710453,33.0,2.2895469665527344
2022-09-22 09:00:00,55.168358,32.0,-23.168357849121094
2022-09-22 12:00:00,71.10657,31.0,-40.1065673828125
2022-09-22 15:00:00,52.20346,25.0,-27.203460693359375
2022-09-22 18:00:00,34.1318,28.0,-6.131801605224609
2022-09-22 21:00:00,31.001265,28.0,-3.0012645721435547
2022-09-23 00:00:00,33.253742,17.0,-16.253742218017578
2022-09-23 03:00:00,42.914394,31.0,-11.91439437866211
2022-09-23 06:00:00,51.882183,48.0,-3.882183074951172
2022-09-23 09:00:00,83.40788,55.0,-28.407882690429688
2022-09-23 12:00:00,81.83457,41.0,-40.834571838378906
2022-09-23 15:00:00,102.01438,46.0,-56.014381408691406
2022-09-23 18:00:00,135.85281,125.0,-10.852813720703125
2022-09-23 21:00:00,136.4956,32.0,-104.49560546875
2022-09-24 00:00:00,105.89793,26.0,-79.8979263305664
2022-09-24 03:00:00,101.46095,19.0,-82.46095275878906
2022-09-24 06:00:00,89.3076,19.0,-70.30760192871094
2022-09-24 09:00:00,65.58025,18.0,-47.58025360107422
2022-09-24 12:00:00,60.74879,24.0,-36.7487907409668
2022-09-24 15:00:00,73.67623,19.0,-54.676231384277344
2022-09-24 18:00:00,97.33412,32.0,-65.33412170410156
2022-09-24 21:00:00,101.47039,39.0,-62.47039031982422
2022-09-25 00:00:00,83.295845,28.0,-55.29584503173828
2022-09-25 03:00:00,93.06132,16.0,-77.06131744384766
2022-09-25 06:00:00,95.40849,29.0,-66.40849304199219
2022-09-25 09:00:00,70.526085,71.0,0.47391510009765625
2022-09-25 12:00:00,71.9001,55.0,-16.900100708007812
2022-09-25 15:00:00,107.52109,114.0,6.478912353515625
2022-09-25 18:00:00,123.82446,43.0,-80.824462890625
2022-09-25 21:00:00,118.62107,109.0,-9.621070861816406
2022-09-26 00:00:00,110.10479,28.0,-82.10478973388672
2022-09-26 03:00:00,113.2729,51.0,-62.27290344238281
2022-09-26 06:00:00,91.73345,46.0,-45.73345184326172
2022-09-26 09:00:00,69.348404,53.0,-16.348403930664062
2022-09-26 12:00:00,74.14281,74.0,-0.1428070068359375
2022-09-26 15:00:00,89.09501,48.0,-41.095008850097656
2022-09-26 18:00:00,114.353615,40.0,-74.3536148071289
2022-09-26 21:00:00,120.39448,39.0,-81.39447784423828
2022-09-27 00:00:00,100.039185,26.0,-74.0391845703125
2022-09-27 03:00:00,96.09846,22.0,-74.09845733642578
2022-09-27 06:00:00,72.0853,39.0,-33.085296630859375
2022-09-27 09:00:00,46.198353,39.0,-7.198352813720703
2022-09-27 12:00:00,50.348774,16.0,-34.34877395629883
2022-09-27 15:00:00,67.94158,15.0,-52.94158172607422
2022-09-27 18:00:00,98.0192,23.0,-75.01920318603516
2022-09-27 21:00:00,98.50465,19.0,-79.50464630126953
2022-09-28 00:00:00,73.87325,15.0,-58.873252868652344
2022-09-28 03:00:00,75.26046,22.0,-53.260459899902344
2022-09-28 06:00:00,60.228786,30.0,-30.22878646850586
2022-09-28 09:00:00,33.713375,15.0,-18.713375091552734
2022-09-28 12:00:00,29.147259,10.0,-19.147258758544922
2022-09-28 15:00:00,49.370556,14.0,-35.37055587768555
2022-09-28 18:00:00,76.70417,19.0,-57.70417022705078
2022-09-28 21:00:00,71.894646,17.0,-54.89464569091797
2022-09-29 00:00:00,50.12498,25.0,-25.124980926513672
2022-09-29 03:00:00,55.320698,21.0,-34.32069778442383
2022-09-29 06:00:00,49.700703,30.0,-19.700702667236328
2022-09-29 09:00:00,36.561005,45.0,8.438995361328125
2022-09-29 12:00:00,49.70883,22.0,-27.708831787109375
2022-09-29 15:00:00,76.35396,18.0,-58.35395812988281
2022-09-29 18:00:00,108.96963,33.0,-75.9696273803711
2022-09-29 21:00:00,99.3341,26.0,-73.33409881591797
2022-09-30 03:00:00,85.77581,19.0,-66.77581024169922
2022-09-30 06:00:00,80.78837,29.0,-51.788368225097656
2022-09-30 09:00:00,57.463127,27.0,-30.46312713623047
2022-09-30 12:00:00,42.910187,29.0,-13.910186767578125
2022-09-30 15:00:00,67.944824,21.0,-46.94482421875
2022-09-30 18:00:00,108.37499,25.0,-83.37499237060547
2022-09-30 21:00:00,90.65411,19.0,-71.65411376953125
2022-10-01 00:00:00,49.07031,11.0,-38.070308685302734
2022-10-01 03:00:00,49.936092,18.0,-31.936092376708984
2022-10-01 06:00:00,48.638298,26.0,-22.63829803466797
2022-10-01 09:00:00,33.159496,46.0,12.840503692626953
2022-10-01 12:00:00,49.015965,34.0,-15.01596450805664
2022-10-01 15:00:00,74.47545,19.0,-55.47544860839844
2022-10-01 18:00:00,100.49621,21.0,-79.49620819091797
2022-10-01 21:00:00,101.46755,23.0,-78.4675521850586
2022-10-02 00:00:00,98.13641,22.0,-76.13641357421875
2022-10-02 03:00:00,103.15193,22.0,-81.15193176269531
2022-10-02 06:00:00,89.605354,27.0,-62.60535430908203
2022-10-02 09:00:00,59.96185,14.0,-45.961849212646484
2022-10-02 12:00:00,56.401463,16.0,-40.40146255493164
2022-10-02 15:00:00,71.35662,14.0,-57.35662078857422
2022-10-02 18:00:00,88.89498,17.0,-71.89498138427734
2022-10-02 21:00:00,92.600945,25.0,-67.60094451904297
2022-10-03 00:00:00,68.38946,25.0,-43.38945770263672
2022-10-03 03:00:00,81.73163,23.0,-58.73162841796875
2022-10-03 06:00:00,60.948765,27.0,-33.94876480102539
2022-10-03 09:00:00,35.55806,35.0,-0.5580596923828125
2022-10-03 12:00:00,53.45487,29.0,-24.45486831665039
2022-10-03 15:00:00,74.95498,27.0,-47.954978942871094
2022-10-03 18:00:00,83.599846,41.0,-42.59984588623047
2022-10-03 21:00:00,90.83294,41.0,-49.83293914794922
2022-10-04 00:00:00,98.39164,43.0,-55.391639709472656
2022-10-04 03:00:00,110.85888,42.0,-68.85887908935547
2022-10-04 06:00:00,73.99399,47.0,-26.993988037109375
2022-10-04 09:00:00,47.572372,38.0,-9.572372436523438
2022-10-04 12:00:00,59.744137,38.0,-21.744136810302734
2022-10-04 15:00:00,81.98901,26.0,-55.989013671875
2022-10-04 18:00:00,123.777855,34.0,-89.7778549194336
2022-10-04 21:00:00,130.51396,45.0,-85.51396179199219
2022-10-05 00:00:00,98.89834,34.0,-64.8983383178711
2022-10-05 03:00:00,100.81976,52.0,-48.81976318359375
2022-10-05 06:00:00,88.697334,54.0,-34.69733428955078
2022-10-05 09:00:00,37.52041,43.0,5.479591369628906
2022-10-05 12:00:00,31.275023,34.0,2.724977493286133
2022-10-05 15:00:00,61.656807,18.0,-43.65680694580078
2022-10-05 18:00:00,98.00374,33.0,-65.00373840332031
2022-10-10 18:00:00,77.36537,48.0,-29.365371704101562
2022-10-10 21:00:00,96.9751,28.0,-68.97509765625
2022-10-11 00:00:00,121.455284,46.0,-75.45528411865234
2022-10-11 03:00:00,126.116905,121.0,-5.116905212402344
2022-10-11 06:00:00,111.05328,46.0,-65.05328369140625
2022-10-11 09:00:00,81.654434,58.0,-23.654434204101562
2022-10-11 12:00:00,63.729202,66.0,2.2707977294921875
2022-10-11 15:00:00,81.84014,37.0,-44.84014129638672
2022-10-11 18:00:00,94.352455,13.0,-81.35245513916016
2022-10-11 21:00:00,81.22731,20.0,-61.22731018066406
2022-10-12 00:00:00,73.26605,19.0,-54.26605224609375
2022-10-12 03:00:00,74.27116,22.0,-52.271156311035156
2022-10-12 06:00:00,63.78525,17.0,-46.78525161743164
2022-10-12 09:00:00,40.806072,27.0,-13.806072235107422
2022-10-12 12:00:00,39.540054,23.0,-16.540054321289062
2022-10-17 21:00:00,83.23695,35.0,-48.23695373535156
2022-10-18 00:00:00,83.09508,43.0,-40.09507751464844
2022-10-18 03:00:00,91.75574,46.0,-45.7557373046875
2022-10-18 06:00:00,71.13755,47.0,-24.137550354003906
2022-10-18 09:00:00,51.87445,52.0,0.12554931640625
2022-10-18 12:00:00,68.54947,42.0,-26.549468994140625
2022-10-18 15:00:00,83.70847,38.0,-45.708473205566406
2022-10-18 18:00:00,113.41888,42.0,-71.41887664794922
2022-10-18 21:00:00,119.20315,46.0,-73.2031478881836
2022-10-19 00:00:00,137.18341,49.0,-88.18341064453125
2022-10-19 03:00:00,148.27219,50.0,-98.27218627929688
2022-10-19 06:00:00,125.80426,48.0,-77.80426025390625
2022-10-19 09:00:00,64.26364,65.0,0.736358642578125
2022-10-19 12:00:00,57.38093,58.0,0.6190681457519531
2022-10-19 15:00:00,80.941956,62.0,-18.94195556640625
2022-10-19 18:00:00,103.230835,61.0,-42.2308349609375
2022-10-19 21:00:00,102.65148,64.0,-38.65148162841797
2022-10-20 00:00:00,105.18306,51.0,-54.18305969238281
2022-10-20 03:00:00,111.786446,43.0,-68.78644561767578
2022-10-20 06:00:00,102.49954,62.0,-40.499542236328125
2022-10-20 09:00:00,65.723045,49.0,-16.723045349121094
2022-10-20 12:00:00,64.1586,55.0,-9.158599853515625
2022-10-20 15:00:00,71.083374,61.0,-10.0833740234375
2022-10-20 18:00:00,65.60549,57.0,-8.605491638183594
2022-10-20 21:00:00,68.38809,67.0,-1.388092041015625
2022-10-21 00:00:00,79.599205,58.0,-21.599205017089844
2022-10-21 03:00:00,92.40068,59.0,-33.40068054199219
2022-10-21 06:00:00,93.11805,64.0,-29.11804962158203
2022-10-21 09:00:00,84.69704,53.0,-31.697036743164062
2022-10-21 15:00:00,73.09609,54.0,-19.096092224121094
2022-10-21 18:00:00,72.75969,48.0,-24.759689331054688
2022-10-21 21:00:00,74.60756,39.0,-35.60755920410156
2022-10-22 00:00:00,75.71782,48.0,-27.717819213867188
2022-10-22 03:00:00,91.169,40.0,-51.16899871826172
2022-10-22 06:00:00,89.31056,42.0,-47.31056213378906
2022-10-22 09:00:00,78.86518,47.0,-31.86518096923828
2022-10-22 12:00:00,70.96924,45.0,-25.96923828125
2022-10-22 15:00:00,78.47803,49.0,-29.47802734375
2022-10-22 18:00:00,74.13314,36.0,-38.133140563964844
2022-10-22 21:00:00,79.879326,33.0,-46.87932586669922
2022-10-23 00:00:00,93.20001,39.0,-54.20001220703125
2022-10-23 03:00:00,112.46698,34.0,-78.46697998046875
2022-10-23 06:00:00,117.184044,43.0,-74.18404388427734
2022-10-23 09:00:00,100.63164,33.0,-67.63163757324219
2022-10-23 12:00:00,66.59033,35.0,-31.59033203125
2022-10-23 15:00:00,71.39579,39.0,-32.395790100097656
2022-10-23 18:00:00,72.00935,45.0,-27.009353637695312
2022-10-23 21:00:00,79.47915,46.0,-33.479148864746094
2022-10-24 00:00:00,80.068954,37.0,-43.06895446777344
2022-10-24 03:00:00,93.948074,40.0,-53.94807434082031
2022-10-24 06:00:00,90.84045,33.0,-57.84044647216797
2022-10-24 09:00:00,60.02972,33.0,-27.029720306396484
2022-10-24 12:00:00,68.51275,38.0,-30.51274871826172
2022-10-24 15:00:00,83.57364,41.0,-42.573638916015625
2022-10-24 18:00:00,81.3601,32.0,-49.36009979248047
2022-10-24 21:00:00,79.22244,33.0,-46.222442626953125
2022-10-25 00:00:00,79.09693,35.0,-44.09693145751953
2022-10-25 03:00:00,88.54932,35.0,-53.54931640625
2022-10-25 06:00:00,85.83675,37.0,-48.83674621582031
2022-10-25 09:00:00,58.530075,46.0,-12.530075073242188
2022-10-25 12:00:00,27.592705,36.0,8.407295227050781
2022-10-25 15:00:00,55.161537,32.0,-23.161537170410156
2022-10-25 18:00:00,90.64354,33.0,-57.64353942871094
2022-10-28 09:00:00,60.98162,69.0,8.018379211425781
2022-10-28 15:00:00,75.95281,58.0,-17.95281219482422
2022-10-29 21:00:00,120.20905,82.0,-38.20905303955078
2022-10-30 03:00:00,167.1076,88.0,-79.10760498046875
2022-10-30 15:00:00,79.3558,43.0,-36.355796813964844
2022-10-31 00:00:00,142.89162,51.0,-91.89161682128906
2022-10-31 09:00:00,43.056618,42.0,-1.0566177368164062
2022-11-01 15:00:00,138.80798,32.0,-106.8079833984375
2022-11-02 00:00:00,123.656944,37.0,-86.65694427490234
2022-11-02 03:00:00,142.6929,29.0,-113.69290161132812
2022-11-02 09:00:00,109.85417,62.0,-47.85417175292969
2022-11-02 12:00:00,106.00519,87.0,-19.00518798828125
2022-11-02 15:00:00,119.49771,118.0,-1.497711181640625
2022-11-02 21:00:00,105.52549,255.0,149.4745101928711
2022-11-03 03:00:00,37.71629,32.0,-5.716289520263672
2022-11-03 06:00:00,48.469814,24.0,-24.46981430053711
2022-11-03 09:00:00,62.26969,20.0,-42.269691467285156
2022-11-03 15:00:00,52.053165,31.0,-21.053165435791016
2022-11-03 18:00:00,73.101776,28.0,-45.101776123046875
2022-11-03 21:00:00,84.37155,30.0,-54.371551513671875
2022-11-04 00:00:00,119.37391,28.0,-91.37390899658203
2022-11-04 03:00:00,114.35304,32.0,-82.35304260253906
2022-11-04 06:00:00,90.07983,41.0,-49.07982635498047
2022-11-04 15:00:00,68.243706,17.0,-51.24370574951172
2022-11-04 18:00:00,95.83982,21.0,-74.8398208618164
2022-11-05 06:00:00,75.062416,48.0,-27.062416076660156
2022-11-05 21:00:00,134.92387,23.0,-111.92387390136719
2022-11-06 15:00:00,45.722233,22.0,-23.722232818603516
2022-11-06 21:00:00,124.53495,32.0,-92.53495025634766
2022-11-07 00:00:00,86.77921,28.0,-58.779212951660156
2022-11-07 06:00:00,72.60951,17.0,-55.60951232910156
2022-11-07 09:00:00,32.151546,15.0,-17.151546478271484
2022-11-09 00:00:00,89.76622,35.0,-54.76622009277344
2022-11-09 18:00:00,149.10176,29.0,-120.10176086425781
2022-11-10 12:00:00,39.732754,18.0,-21.73275375366211
2022-11-10 21:00:00,31.849936,23.0,-8.849935531616211
2022-11-11 00:00:00,42.923943,19.0,-23.92394256591797
2022-11-11 03:00:00,45.178238,19.0,-26.178237915039062
2022-11-11 06:00:00,28.351223,27.0,-1.3512229919433594
2022-11-11 09:00:00,32.08038,21.0,-11.080379486083984
2022-11-11 12:00:00,29.90828,21.0,-8.908279418945312
2022-11-21 21:00:00,101.25018,32.0,-69.25018310546875
2022-11-22 00:00:00,115.255264,26.0,-89.25526428222656
2022-11-22 03:00:00,122.17743,36.0,-86.17742919921875
2022-11-22 06:00:00,116.74615,41.0,-75.74614715576172
2022-11-22 09:00:00,76.79563,49.0,-27.795631408691406
2022-11-22 12:00:00,55.122654,45.0,-10.12265396118164
2022-11-22 15:00:00,106.76007,44.0,-62.76007080078125
2022-11-22 18:00:00,148.4018,35.0,-113.40179443359375
2022-11-22 21:00:00,121.76861,39.0,-82.76860809326172
2022-11-23 00:00:00,117.49944,43.0,-74.49944305419922
2022-11-23 03:00:00,125.74856,39.0,-86.7485580444336
2022-11-23 06:00:00,127.76173,65.0,-62.76172637939453
2022-11-23 09:00:00,83.917885,60.0,-23.917884826660156
2022-11-23 12:00:00,75.28433,59.0,-16.284332275390625
2022-11-23 15:00:00,104.07177,59.0,-45.07176971435547
2022-11-23 18:00:00,125.928635,54.0,-71.92863464355469
2022-11-23 21:00:00,135.32008,48.0,-87.32008361816406
2022-11-24 00:00:00,152.06752,35.0,-117.06752014160156
2022-11-24 06:00:00,175.91765,55.0,-120.91764831542969
2022-11-24 09:00:00,89.08978,48.0,-41.08978271484375
2022-11-24 12:00:00,61.001858,56.0,-5.001857757568359
2022-11-24 15:00:00,76.9287,52.0,-24.92870330810547
2022-11-24 18:00:00,67.57455,52.0,-15.574546813964844
2022-11-24 21:00:00,63.473637,36.0,-27.473636627197266
2022-11-25 00:00:00,31.619493,49.0,17.38050651550293
2022-11-25 03:00:00,38.529835,35.0,-3.529834747314453
2022-11-25 06:00:00,63.04026,31.0,-32.040260314941406
2022-11-25 09:00:00,89.53566,20.0,-69.53565979003906
2022-11-25 12:00:00,81.83815,38.0,-43.83815002441406
2022-11-25 15:00:00,69.71959,33.0,-36.71958923339844
2022-11-25 18:00:00,72.602234,33.0,-39.60223388671875
2022-11-25 21:00:00,93.10497,41.0,-52.10497283935547
2022-11-26 00:00:00,101.278145,28.0,-73.27814483642578
2022-11-26 03:00:00,143.86569,30.0,-113.86569213867188
2022-11-26 06:00:00,145.26723,31.0,-114.26722717285156
2022-11-26 09:00:00,117.23159,42.0,-75.2315902709961
2022-11-26 12:00:00,107.37426,43.0,-64.37425994873047
2022-11-26 15:00:00,108.05366,40.0,-68.05365753173828
2022-11-26 18:00:00,133.8226,35.0,-98.82260131835938
2022-11-26 21:00:00,156.00256,28.0,-128.0025634765625
2022-11-27 00:00:00,116.123375,38.0,-78.12337493896484
2022-11-27 03:00:00,119.61083,48.0,-71.61083221435547
2022-11-27 06:00:00,109.078255,25.0,-84.07825469970703
2022-11-27 09:00:00,61.271805,29.0,-32.27180480957031
2022-11-27 12:00:00,48.433662,32.0,-16.43366241455078
2022-11-27 15:00:00,72.87929,25.0,-47.87928771972656
2022-11-27 18:00:00,95.899734,17.0,-78.89973449707031
2022-11-27 21:00:00,80.58146,14.0,-66.58145904541016
2022-11-28 00:00:00,108.64005,11.0,-97.64005279541016
2022-11-28 03:00:00,102.45844,12.0,-90.45844268798828
2022-11-28 06:00:00,90.75177,20.0,-70.75177001953125
2022-11-28 09:00:00,54.63778,17.0,-37.637779235839844
2022-11-28 12:00:00,59.569572,14.0,-45.56957244873047
2022-11-28 15:00:00,81.72674,18.0,-63.72673797607422
2022-11-28 18:00:00,89.81487,19.0,-70.81487274169922
2022-11-28 21:00:00,94.76406,24.0,-70.7640609741211
2022-11-29 00:00:00,128.01024,22.0,-106.01023864746094
2022-11-29 03:00:00,137.07063,20.0,-117.07063293457031
2022-11-29 06:00:00,130.18929,21.0,-109.18928527832031
2022-11-29 09:00:00,77.20001,18.0,-59.20001220703125
2022-11-29 12:00:00,63.87546,21.0,-42.87546157836914
2022-11-29 15:00:00,110.44449,22.0,-88.44448852539062
2022-11-29 18:00:00,137.48808,20.0,-117.48808288574219
2022-11-29 21:00:00,135.41489,37.0,-98.41488647460938
2022-11-30 00:00:00,118.44122,26.0,-92.44122314453125
2022-11-30 03:00:00,121.18039,33.0,-88.18038940429688
2022-11-30 06:00:00,97.32878,31.0,-66.32878112792969
2022-11-30 09:00:00,45.914417,27.0,-18.914417266845703
2022-11-30 12:00:00,65.62965,32.0,-33.62964630126953
2022-11-30 15:00:00,76.68353,18.0,-58.68353271484375
2022-11-30 18:00:00,59.707417,24.0,-35.70741653442383
2022-11-30 21:00:00,60.260162,25.0,-35.260162353515625
2022-12-01 00:00:00,58.292473,38.0,-20.29247283935547
2022-12-01 03:00:00,114.63726,48.0,-66.63726043701172
2022-12-01 06:00:00,108.988045,41.0,-67.98804473876953
2022-12-01 09:00:00,70.688995,75.0,4.311004638671875
2022-12-01 12:00:00,49.463493,80.0,30.53650665283203
2022-12-01 15:00:00,71.16239,50.0,-21.162391662597656
2022-12-01 18:00:00,97.89727,52.0,-45.89727020263672
2022-12-01 21:00:00,86.43485,44.0,-42.434852600097656
2022-12-02 03:00:00,68.05641,31.0,-37.05641174316406
2022-12-02 06:00:00,71.67665,40.0,-31.676651000976562
2022-12-02 09:00:00,61.38302,33.0,-28.383018493652344
2022-12-02 12:00:00,43.418198,7.0,-36.41819763183594
2022-12-02 15:00:00,65.550125,15.0,-50.55012512207031
2022-12-02 18:00:00,75.35846,23.0,-52.35845947265625
2022-12-02 21:00:00,70.362144,27.0,-43.362144470214844
2022-12-03 00:00:00,46.91208,27.0,-19.912078857421875
2022-12-03 06:00:00,54.262615,22.0,-32.26261520385742
2022-12-03 09:00:00,40.845974,22.0,-18.84597396850586
2022-12-03 12:00:00,27.928308,9.0,-18.928308486938477
2022-12-03 15:00:00,51.373375,12.0,-39.373374938964844
2022-12-03 18:00:00,73.10382,11.0,-62.10382080078125
2022-12-03 21:00:00,70.435814,18.0,-52.435813903808594
2022-12-04 00:00:00,45.46598,20.0,-25.465980529785156
2022-12-04 03:00:00,40.077396,24.0,-16.077396392822266
2022-12-04 06:00:00,35.661343,29.0,-6.661342620849609
2022-12-04 09:00:00,31.560886,25.0,-6.560886383056641
2022-12-04 12:00:00,20.585958,18.0,-2.585958480834961
2022-12-04 15:00:00,39.485146,39.0,-0.48514556884765625
2022-12-04 18:00:00,77.60389,28.0,-49.60388946533203
2022-12-04 21:00:00,76.455536,28.0,-48.455535888671875
2022-12-05 00:00:00,79.98102,39.0,-40.98101806640625
2022-12-05 03:00:00,86.09402,51.0,-35.094017028808594
2022-12-05 06:00:00,90.748474,55.0,-35.74847412109375
2022-12-05 09:00:00,74.80961,49.0,-25.809608459472656
2022-12-05 12:00:00,47.560093,52.0,4.439907073974609
2022-12-05 15:00:00,73.266335,42.0,-31.266334533691406
2022-12-05 18:00:00,106.37245,57.0,-49.37245178222656
2022-12-05 21:00:00,86.454636,49.0,-37.45463562011719
2022-12-06 00:00:00,79.510414,50.0,-29.510414123535156
2022-12-06 03:00:00,79.94345,62.0,-17.943450927734375
2022-12-06 06:00:00,71.835754,55.0,-16.83575439453125
2022-12-06 09:00:00,78.23956,49.0,-29.23956298828125
2022-12-06 12:00:00,62.590916,48.0,-14.59091567993164
2022-12-06 15:00:00,73.21546,36.0,-37.21546173095703
2022-12-06 18:00:00,92.77738,35.0,-57.777381896972656
2022-12-06 21:00:00,124.85134,42.0,-82.8513412475586
2022-12-07 00:00:00,70.49459,43.0,-27.494590759277344
2022-12-07 03:00:00,76.280174,76.0,-0.28017425537109375
2022-12-07 06:00:00,78.44869,53.0,-25.448692321777344
2022-12-07 09:00:00,57.69823,32.0,-25.698230743408203
2022-12-07 12:00:00,40.720352,14.0,-26.720352172851562
2022-12-07 15:00:00,86.58401,17.0,-69.5840072631836
2022-12-07 18:00:00,109.970184,17.0,-92.97018432617188
2022-12-07 21:00:00,102.80292,36.0,-66.80291748046875
2022-12-08 00:00:00,69.50734,39.0,-30.507339477539062
2022-12-08 03:00:00,72.010155,41.0,-31.010154724121094
2022-12-08 06:00:00,79.83112,31.0,-48.83112335205078
2022-12-08 09:00:00,78.9056,22.0,-56.905601501464844
2022-12-08 12:00:00,61.17881,31.0,-30.178810119628906
2022-12-08 15:00:00,101.41611,20.0,-81.41610717773438
2022-12-08 18:00:00,93.14249,22.0,-71.14248657226562
2022-12-08 21:00:00,72.552666,34.0,-38.55266571044922
2022-12-09 00:00:00,69.7213,35.0,-34.72129821777344
2022-12-09 03:00:00,73.58551,33.0,-40.58551025390625
2022-12-09 06:00:00,79.09955,35.0,-44.09954833984375
2022-12-09 09:00:00,71.3336,45.0,-26.333602905273438
2022-12-09 12:00:00,66.83928,30.0,-36.83927917480469
2022-12-09 15:00:00,94.091095,27.0,-67.09109497070312
2022-12-09 18:00:00,101.028946,32.0,-69.02894592285156
2022-12-09 21:00:00,103.28387,36.0,-67.28386688232422
2022-12-10 00:00:00,93.20093,39.0,-54.200927734375
2022-12-10 03:00:00,101.53872,47.0,-54.538719177246094
2022-12-10 06:00:00,106.97568,47.0,-59.975677490234375
2022-12-10 09:00:00,90.33761,34.0,-56.337608337402344
2022-12-10 12:00:00,75.74363,29.0,-46.743629455566406
2022-12-10 15:00:00,104.60144,43.0,-61.6014404296875
2022-12-10 18:00:00,116.548904,38.0,-78.54890441894531
2022-12-10 21:00:00,111.891556,25.0,-86.89155578613281
2022-12-11 00:00:00,84.11621,21.0,-63.1162109375
2022-12-11 03:00:00,82.83871,39.0,-43.838706970214844
2022-12-11 06:00:00,82.11202,47.0,-35.112022399902344
2022-12-11 09:00:00,69.76171,31.0,-38.76171112060547
2022-12-11 12:00:00,59.292007,34.0,-25.292007446289062
2022-12-11 15:00:00,113.29343,31.0,-82.29342651367188
2022-12-11 18:00:00,148.81766,34.0,-114.81765747070312
2022-12-12 00:00:00,142.55453,44.0,-98.55453491210938
2022-12-12 03:00:00,157.77425,45.0,-112.77424621582031
2022-12-12 06:00:00,143.45142,53.0,-90.451416015625
2022-12-12 09:00:00,77.26942,35.0,-42.26941680908203
2022-12-12 12:00:00,88.99525,48.0,-40.99524688720703
2022-12-12 15:00:00,134.13785,51.0,-83.13784790039062
2022-12-12 18:00:00,139.6657,51.0,-88.66569519042969
2022-12-12 21:00:00,114.51277,51.0,-63.51277160644531
2022-12-13 00:00:00,109.97235,45.0,-64.97235107421875
2022-12-13 03:00:00,117.40405,57.0,-60.404052734375
2022-12-13 06:00:00,86.59356,65.0,-21.59355926513672
2022-12-13 09:00:00,46.52702,34.0,-12.527019500732422
2022-12-13 12:00:00,37.033146,34.0,-3.0331459045410156
2022-12-13 15:00:00,56.40027,33.0,-23.4002685546875
2022-12-13 18:00:00,51.75178,31.0,-20.751781463623047
2022-12-13 21:00:00,51.68954,23.0,-28.68954086303711
2022-12-14 00:00:00,53.54025,35.0,-18.54024887084961
2022-12-14 03:00:00,70.444,36.0,-34.444000244140625
2022-12-14 06:00:00,90.366714,34.0,-56.36671447753906
2022-12-14 09:00:00,93.87014,29.0,-64.8701400756836
2022-12-14 12:00:00,90.96095,25.0,-65.96095275878906
2022-12-15 00:00:00,39.757652,26.0,-13.757652282714844
2022-12-15 03:00:00,42.434296,31.0,-11.434295654296875
2022-12-15 06:00:00,57.379337,34.0,-23.379337310791016
2022-12-15 09:00:00,55.293186,32.0,-23.29318618774414
2022-12-15 12:00:00,23.160055,33.0,9.839944839477539
2022-12-15 15:00:00,33.39517,26.0,-7.395168304443359
2022-12-15 18:00:00,42.32203,28.0,-14.322029113769531
2022-12-15 21:00:00,55.823135,32.0,-23.823135375976562
2022-12-16 00:00:00,79.45175,17.0,-62.451751708984375
2022-12-16 03:00:00,83.13509,13.0,-70.13509368896484
2022-12-16 06:00:00,83.79692,12.0,-71.79692077636719
2022-12-16 09:00:00,77.82023,6.0,-71.82022857666016
2022-12-16 12:00:00,58.29554,13.0,-45.29553985595703
2022-12-16 15:00:00,92.428024,19.0,-73.42802429199219
2022-12-16 18:00:00,108.17894,17.0,-91.17893981933594
2022-12-16 21:00:00,112.26166,21.0,-91.26165771484375
2022-12-17 00:00:00,133.5809,36.0,-97.58090209960938
2022-12-17 03:00:00,137.58768,62.0,-75.58767700195312
2022-12-17 06:00:00,143.37082,74.0,-69.37081909179688
2022-12-17 09:00:00,127.086426,51.0,-76.08642578125
2022-12-17 12:00:00,100.13298,39.0,-61.13298034667969
2022-12-17 15:00:00,116.67572,27.0,-89.67572021484375
2022-12-17 18:00:00,125.381805,43.0,-82.38180541992188
2022-12-17 21:00:00,123.50347,44.0,-79.50347137451172
2022-12-18 00:00:00,126.471375,47.0,-79.47137451171875
2022-12-18 03:00:00,120.15357,44.0,-76.15357208251953
2022-12-18 06:00:00,108.06661,52.0,-56.066612243652344
2022-12-18 09:00:00,92.04791,49.0,-43.04791259765625
2022-12-18 12:00:00,73.04124,39.0,-34.041236877441406
2022-12-18 15:00:00,107.758125,34.0,-73.75812530517578
2022-12-18 18:00:00,122.275764,33.0,-89.27576446533203
2022-12-18 21:00:00,109.287895,33.0,-76.28789520263672
2022-12-19 00:00:00,85.60471,30.0,-55.604713439941406
2022-12-19 03:00:00,90.37489,33.0,-57.37489318847656
2022-12-19 06:00:00,98.75521,37.0,-61.755210876464844
2022-12-19 09:00:00,81.406425,42.0,-39.40642547607422
2022-12-19 12:00:00,66.090225,33.0,-33.09022521972656
2022-12-19 15:00:00,114.91875,25.0,-89.91874694824219
2022-12-19 18:00:00,148.86882,33.0,-115.86882019042969
2022-12-19 21:00:00,132.63457,40.0,-92.63456726074219
2022-12-20 00:00:00,111.47358,41.0,-70.47357940673828
2022-12-20 03:00:00,110.14526,35.0,-75.145263671875
2022-12-20 06:00:00,108.14074,29.0,-79.14073944091797
2022-12-20 09:00:00,73.18601,54.0,-19.186012268066406
2022-12-20 12:00:00,45.020668,41.0,-4.020668029785156
2022-12-20 15:00:00,112.10426,48.0,-64.10426330566406
2022-12-20 18:00:00,160.77832,55.0,-105.7783203125
2022-12-20 21:00:00,168.57349,80.0,-88.573486328125
2022-12-21 00:00:00,175.90924,31.0,-144.90924072265625
2022-12-21 03:00:00,180.61337,29.0,-151.61337280273438
2022-12-21 06:00:00,178.31656,69.0,-109.31655883789062
2022-12-21 09:00:00,82.42256,56.0,-26.422561645507812
2022-12-21 12:00:00,56.359283,49.0,-7.359283447265625
2022-12-21 15:00:00,93.553925,40.0,-53.553924560546875
2022-12-21 18:00:00,73.98353,43.0,-30.98352813720703
2022-12-21 21:00:00,62.89156,42.0,-20.891559600830078
2022-12-22 00:00:00,45.568867,46.0,0.4311332702636719
2022-12-22 03:00:00,62.432262,55.0,-7.432262420654297
2022-12-22 06:00:00,66.53363,52.0,-14.53363037109375
2022-12-22 09:00:00,60.256298,23.0,-37.25629806518555
2022-12-22 12:00:00,48.005974,21.0,-27.00597381591797
2022-12-22 15:00:00,66.74509,22.0,-44.745086669921875
2022-12-22 18:00:00,68.9779,29.0,-39.97789764404297
2022-12-22 21:00:00,73.010826,35.0,-38.010826110839844
2022-12-23 00:00:00,81.9432,41.0,-40.943199157714844
2022-12-23 03:00:00,77.92096,30.0,-47.92095947265625
2022-12-23 06:00:00,68.54805,32.0,-36.54804992675781
2022-12-23 09:00:00,72.443985,25.0,-47.44398498535156
2022-12-23 12:00:00,71.57985,20.0,-51.57984924316406
2022-12-23 15:00:00,42.046738,21.0,-21.046737670898438
2022-12-23 18:00:00,67.7162,22.0,-45.71620178222656
2022-12-23 21:00:00,168.57576,29.0,-139.5757598876953
2022-12-24 00:00:00,172.08026,81.0,-91.08026123046875
2022-12-24 03:00:00,62.60143,12.0,-50.6014289855957
2022-12-24 06:00:00,55.18632,16.0,-39.18632125854492
2022-12-24 09:00:00,59.321167,14.0,-45.3211669921875
2022-12-24 12:00:00,75.54468,17.0,-58.544677734375
2022-12-24 15:00:00,123.58947,27.0,-96.58946990966797
2022-12-24 18:00:00,156.82076,23.0,-133.8207550048828
2022-12-24 21:00:00,153.1762,22.0,-131.1761932373047
2022-12-25 00:00:00,128.32208,21.0,-107.32208251953125
2022-12-25 03:00:00,129.28671,39.0,-90.28671264648438
2022-12-25 06:00:00,120.38697,42.0,-78.38697052001953
2022-12-25 09:00:00,64.97294,31.0,-33.972938537597656
2022-12-25 12:00:00,64.88469,28.0,-36.88468933105469
2022-12-25 15:00:00,94.03641,27.0,-67.03640747070312
2022-12-25 18:00:00,111.83937,37.0,-74.83937072753906
2022-12-25 21:00:00,117.99682,47.0,-70.99681854248047
2022-12-26 00:00:00,104.22696,54.0,-50.226959228515625
2022-12-26 03:00:00,99.30431,63.0,-36.30431365966797
2022-12-26 06:00:00,89.24065,60.0,-29.240646362304688
2022-12-26 09:00:00,63.904507,58.0,-5.904506683349609
2022-12-26 12:00:00,67.292885,44.0,-23.292884826660156
2022-12-26 15:00:00,102.85697,27.0,-75.85697174072266
2022-12-26 18:00:00,119.404945,39.0,-80.40494537353516
2022-12-26 21:00:00,138.64746,95.0,-43.6474609375
2022-12-27 00:00:00,137.60837,75.0,-62.608367919921875
2022-12-27 03:00:00,144.59056,48.0,-96.59056091308594
2022-12-27 06:00:00,127.68055,50.0,-77.68054962158203
2022-12-27 09:00:00,56.516457,35.0,-21.516456604003906
2022-12-27 12:00:00,53.154167,31.0,-22.15416717529297
2022-12-27 15:00:00,77.986786,13.0,-64.98678588867188
2022-12-27 18:00:00,71.13317,17.0,-54.13317108154297
2022-12-27 21:00:00,73.24297,10.0,-63.24297332763672
2022-12-28 00:00:00,58.658314,23.0,-35.6583137512207
2022-12-28 03:00:00,52.79162,36.0,-16.79161834716797
2022-12-28 06:00:00,50.186146,67.0,16.813854217529297
2022-12-28 09:00:00,62.34336,45.0,-17.343360900878906
2022-12-28 12:00:00,76.08747,36.0,-40.08747100830078
2022-12-28 15:00:00,109.55432,51.0,-58.5543212890625
2022-12-28 18:00:00,118.80877,41.0,-77.80876922607422
2022-12-28 21:00:00,109.34559,36.0,-73.34558868408203
2022-12-29 00:00:00,91.23778,41.0,-50.23777770996094
2022-12-29 03:00:00,85.59505,37.0,-48.59504699707031
2022-12-29 06:00:00,83.726494,38.0,-45.72649383544922
2022-12-29 09:00:00,73.9019,49.0,-24.901901245117188
2022-12-29 12:00:00,36.31885,41.0,4.681148529052734
2022-12-29 15:00:00,74.033554,49.0,-25.033554077148438
2022-12-29 18:00:00,86.52023,29.0,-57.520233154296875
2022-12-29 21:00:00,78.88445,32.0,-46.88445281982422
2022-12-30 03:00:00,89.639114,34.0,-55.63911437988281
2022-12-30 06:00:00,88.95108,27.0,-61.951080322265625
2023-01-03 18:00:00,148.59915,77.0,-71.59915161132812
2023-01-03 21:00:00,142.28954,84.0,-58.28953552246094
2023-01-04 00:00:00,117.936,80.0,-37.935997009277344
2023-01-04 03:00:00,84.35564,85.0,0.6443634033203125
2023-01-04 06:00:00,59.21811,50.0,-9.218109130859375
2023-01-04 09:00:00,41.549355,56.0,14.450645446777344
2023-01-04 12:00:00,32.3887,39.0,6.611301422119141
2023-01-04 18:00:00,37.521202,29.0,-8.521202087402344
2023-01-04 21:00:00,41.166912,35.0,-6.166912078857422
2023-01-05 00:00:00,49.545635,27.0,-22.545635223388672
2023-01-05 03:00:00,82.79312,9.0,-73.79312133789062
2023-01-05 06:00:00,72.696594,8.0,-64.69659423828125
2023-01-05 09:00:00,49.457184,8.0,-41.457183837890625
2023-01-05 12:00:00,37.44691,13.0,-24.446910858154297
2023-01-05 15:00:00,62.179424,21.0,-41.17942428588867
2023-01-05 18:00:00,122.57715,18.0,-104.5771484375
2023-01-05 21:00:00,131.86946,20.0,-111.86946105957031
2023-01-06 00:00:00,104.257195,19.0,-85.25719451904297
2023-01-06 03:00:00,105.36678,25.0,-80.36678314208984
2023-01-06 06:00:00,110.204384,18.0,-92.20438385009766
2023-01-06 09:00:00,64.63597,13.0,-51.63597106933594
2023-01-06 12:00:00,66.752365,20.0,-46.75236511230469
2023-01-06 15:00:00,108.88152,12.0,-96.88152313232422
2023-01-06 18:00:00,142.73564,16.0,-126.73564147949219
2023-01-06 21:00:00,165.88501,28.0,-137.885009765625
2023-01-07 00:00:00,160.13019,39.0,-121.13018798828125
2023-01-07 03:00:00,137.31369,44.0,-93.31369018554688
2023-01-07 06:00:00,127.42066,53.0,-74.42066192626953
2023-01-07 09:00:00,51.19409,55.0,3.805908203125
2023-01-07 12:00:00,38.159782,51.0,12.840217590332031
2023-01-07 15:00:00,90.319534,44.0,-46.31953430175781
2023-01-07 18:00:00,150.58095,62.0,-88.58094787597656
2023-01-07 21:00:00,165.17334,58.0,-107.17333984375
2023-01-08 00:00:00,144.84908,70.0,-74.84907531738281
2023-01-08 03:00:00,142.00441,62.0,-80.00440979003906
2023-01-08 06:00:00,137.80345,35.0,-102.80345153808594
2023-01-08 09:00:00,49.83815,22.0,-27.838150024414062
2023-01-08 12:00:00,43.482147,12.0,-31.482147216796875
2023-01-08 15:00:00,97.4793,25.0,-72.47930145263672
2023-01-08 18:00:00,122.97073,27.0,-95.97073364257812
2023-01-08 21:00:00,118.73363,28.0,-90.73362731933594
2023-01-09 00:00:00,110.23621,35.0,-75.23621368408203
2023-01-09 03:00:00,105.051186,31.0,-74.05118560791016
2023-01-09 06:00:00,87.86537,44.0,-43.86537170410156
2023-01-09 09:00:00,73.25139,24.0,-49.25138854980469
2023-01-09 12:00:00,44.115154,18.0,-26.115154266357422
2023-01-09 15:00:00,34.961205,9.0,-25.961204528808594
2023-01-09 18:00:00,37.190716,15.0,-22.190715789794922
2023-01-09 21:00:00,46.50974,24.0,-22.50973892211914
2023-01-10 00:00:00,96.064926,37.0,-59.06492614746094
2023-01-10 03:00:00,68.81055,32.0,-36.810546875
2023-01-10 06:00:00,35.854668,9.0,-26.85466766357422
2023-01-10 09:00:00,28.828482,17.0,-11.828481674194336
2023-01-10 12:00:00,39.85605,17.0,-22.856048583984375
2023-01-10 15:00:00,77.40539,38.0,-39.40538787841797
2023-01-10 18:00:00,88.31239,30.0,-58.31239318847656
2023-01-10 21:00:00,80.59487,23.0,-57.594871520996094
2023-01-11 00:00:00,61.112133,19.0,-42.11213302612305
2023-01-11 03:00:00,56.405952,22.0,-34.40595245361328
2023-01-11 06:00:00,57.016224,22.0,-35.0162239074707
2023-01-11 09:00:00,57.827946,15.0,-42.827945709228516
2023-01-11 12:00:00,55.9329,16.0,-39.932899475097656
2023-01-11 15:00:00,75.80911,23.0,-52.809112548828125
2023-01-11 18:00:00,81.5304,25.0,-56.53040313720703
2023-01-16 03:00:00,81.91569,49.0,-32.915687561035156
2023-01-16 06:00:00,88.94375,50.0,-38.943748474121094
2023-01-16 09:00:00,71.63288,41.0,-30.63288116455078
2023-01-16 12:00:00,85.82541,55.0,-30.825408935546875
2023-01-16 15:00:00,122.90599,49.0,-73.90599060058594
2023-01-16 18:00:00,135.55524,64.0,-71.55523681640625
2023-01-16 21:00:00,117.425995,71.0,-46.425994873046875
2023-01-17 00:00:00,90.928894,40.0,-50.92889404296875
2023-01-17 03:00:00,89.16749,24.0,-65.16748809814453
2023-01-18 15:00:00,104.41778,63.0,-41.41777801513672
2023-01-18 18:00:00,109.62231,49.0,-60.62230682373047
2023-01-18 21:00:00,99.48007,25.0,-74.48007202148438
2023-01-19 00:00:00,114.8486,24.0,-90.84860229492188
2023-01-19 03:00:00,96.08584,32.0,-64.0858383178711
2023-01-19 06:00:00,78.75156,31.0,-47.751556396484375
2023-01-19 09:00:00,63.67128,27.0,-36.67127990722656
2023-01-19 12:00:00,38.93217,21.0,-17.932170867919922
2023-01-19 15:00:00,66.195694,15.0,-51.19569396972656
2023-01-19 18:00:00,79.603294,19.0,-60.603294372558594
2023-01-19 21:00:00,75.74477,19.0,-56.74476623535156
2023-01-20 00:00:00,84.46409,15.0,-69.4640884399414
2023-01-20 03:00:00,85.69077,22.0,-63.690773010253906
2023-01-20 09:00:00,54.151627,38.0,-16.151626586914062
2023-01-20 12:00:00,66.05103,30.0,-36.05103302001953
2023-01-20 15:00:00,120.16449,49.0,-71.16448974609375
2023-01-20 18:00:00,164.98007,73.0,-91.98007202148438
2023-01-20 21:00:00,181.93771,71.0,-110.93771362304688
2023-01-21 00:00:00,166.87329,73.0,-93.873291015625
2023-01-21 03:00:00,165.365,56.0,-109.36500549316406
2023-01-21 06:00:00,156.66945,51.0,-105.66944885253906
2023-01-21 09:00:00,77.30495,80.0,2.6950531005859375
2023-01-21 12:00:00,55.73122,85.0,29.268779754638672
2023-01-21 15:00:00,97.881294,90.0,-7.881294250488281
2023-01-21 18:00:00,134.41206,96.0,-38.41206359863281
2023-01-21 21:00:00,149.88495,80.0,-69.88494873046875
2023-01-22 00:00:00,174.73804,88.0,-86.738037109375
2023-01-23 03:00:00,131.19217,80.0,-51.192169189453125
2023-01-23 06:00:00,127.31709,80.0,-47.31709289550781
2023-01-23 09:00:00,124.779434,75.0,-49.77943420410156
2023-01-23 12:00:00,102.73652,78.0,-24.73651885986328
2023-01-23 15:00:00,132.88332,117.0,-15.883316040039062
2023-01-23 18:00:00,157.13931,114.0,-43.139312744140625
2023-01-23 21:00:00,149.20488,126.0,-23.204879760742188
2023-01-24 00:00:00,148.1601,91.0,-57.16009521484375
2023-01-24 03:00:00,135.1109,89.0,-46.11090087890625
2023-01-24 06:00:00,130.32025,117.0,-13.32025146484375
2023-01-24 09:00:00,116.117805,115.0,-1.1178054809570312
2023-01-24 12:00:00,93.2273,114.0,20.77269744873047
2023-01-24 15:00:00,128.58385,86.0,-42.58384704589844
2023-01-24 18:00:00,171.89575,76.0,-95.895751953125
2023-01-24 21:00:00,177.97243,114.0,-63.97242736816406
2023-01-25 00:00:00,160.73523,114.0,-46.7352294921875
2023-01-25 03:00:00,163.9122,113.0,-50.912200927734375
2023-01-25 06:00:00,173.23885,107.0,-66.23884582519531
2023-01-25 09:00:00,110.98888,96.0,-14.988876342773438
2023-01-25 12:00:00,93.39993,78.0,-15.399932861328125
2023-01-25 15:00:00,120.210304,89.0,-31.210304260253906
2023-01-25 18:00:00,144.75989,101.0,-43.7598876953125
2023-01-25 21:00:00,151.48914,93.0,-58.4891357421875
2023-01-26 00:00:00,107.54382,100.0,-7.5438232421875
2023-01-26 03:00:00,100.78577,88.0,-12.7857666015625
2023-01-26 06:00:00,91.36869,110.0,18.631309509277344
2023-01-26 09:00:00,72.17389,110.0,37.82611083984375
2023-01-26 12:00:00,51.664757,107.0,55.335243225097656
2023-01-26 15:00:00,91.27018,77.0,-14.270179748535156
2023-01-26 18:00:00,131.9578,90.0,-41.957794189453125
2023-01-26 21:00:00,159.20341,79.0,-80.20341491699219
2023-01-27 03:00:00,130.07547,87.0,-43.075469970703125
2023-01-27 06:00:00,119.82888,78.0,-41.828880310058594
2023-01-27 09:00:00,76.0819,45.0,-31.08190155029297
2023-01-27 12:00:00,67.53288,55.0,-12.532882690429688
2023-01-27 15:00:00,100.18568,44.0,-56.18567657470703
2023-01-27 18:00:00,122.51502,43.0,-79.51502227783203
2023-01-27 21:00:00,121.915375,50.0,-71.91537475585938
2023-01-28 00:00:00,105.52003,66.0,-39.52002716064453
2023-01-28 03:00:00,99.1173,56.0,-43.11730194091797
2023-01-28 06:00:00,99.36025,75.0,-24.360252380371094
2023-01-28 09:00:00,54.50556,18.0,-36.50556182861328
2023-01-28 12:00:00,35.758205,18.0,-17.75820541381836
2023-01-28 15:00:00,106.994835,24.0,-82.99483489990234
2023-01-28 18:00:00,161.08698,26.0,-135.08697509765625
2023-01-28 21:00:00,139.76762,33.0,-106.76762390136719
2023-01-29 00:00:00,97.10061,33.0,-64.1006088256836
2023-01-29 03:00:00,93.230934,33.0,-60.230934143066406
2023-01-29 06:00:00,91.347374,22.0,-69.34737396240234
2023-01-29 09:00:00,70.30812,22.0,-48.30812072753906
2023-01-29 12:00:00,73.243484,16.0,-57.24348449707031
2023-01-29 15:00:00,94.63412,17.0,-77.63411712646484
2023-01-29 18:00:00,102.30633,38.0,-64.30632781982422
2023-01-29 21:00:00,126.09098,37.0,-89.09098052978516
2023-01-30 00:00:00,133.08034,38.0,-95.08033752441406
2023-01-30 03:00:00,146.91364,31.0,-115.91363525390625
2023-01-30 06:00:00,147.05586,42.0,-105.05586242675781
2023-01-30 09:00:00,144.66348,31.0,-113.66348266601562
2023-01-30 12:00:00,130.11523,24.0,-106.115234375
2023-01-30 15:00:00,151.46367,32.0,-119.46366882324219
2023-01-30 18:00:00,154.32767,31.0,-123.32766723632812
2023-01-30 21:00:00,158.13805,34.0,-124.13804626464844
2023-01-31 00:00:00,156.05167,19.0,-137.05166625976562
2023-01-31 03:00:00,191.08961,27.0,-164.08961486816406
2023-01-31 06:00:00,260.58035,59.0,-201.58035278320312
2023-01-31 09:00:00,297.63727,132.0,-165.63726806640625
2023-01-31 12:00:00,267.84006,264.0,-3.840057373046875
2023-01-31 15:00:00,230.07066,170.0,-60.07066345214844
2023-01-31 18:00:00,243.61531,71.0,-172.6153106689453
2023-01-31 21:00:00,270.40164,303.0,32.598358154296875
2023-02-01 00:00:00,206.26515,30.0,-176.26515197753906
2023-02-01 03:00:00,116.298454,17.0,-99.29845428466797
2023-02-01 06:00:00,71.240776,17.0,-54.24077606201172
2023-02-01 09:00:00,56.90913,75.0,18.090869903564453
2023-02-01 12:00:00,68.105354,162.0,93.89464569091797
2023-02-01 15:00:00,107.48443,132.0,24.51557159423828
2023-02-01 18:00:00,122.36728,97.0,-25.367279052734375
2023-02-01 21:00:00,126.381,126.0,-0.3809967041015625
2023-02-02 00:00:00,62.905087,142.0,79.09491348266602
2023-02-14 03:00:00,23.785105,15.0,-8.785104751586914
2023-02-14 06:00:00,28.87316,20.0,-8.873159408569336
2023-02-14 09:00:00,35.877804,24.0,-11.877803802490234
2023-02-14 12:00:00,51.435223,25.0,-26.435222625732422
2023-02-14 15:00:00,58.829983,22.0,-36.82998275756836
2023-02-14 18:00:00,57.097622,24.0,-33.09762191772461
2023-02-14 21:00:00,52.102108,17.0,-35.102108001708984
2023-02-15 00:00:00,41.393776,16.0,-25.393775939941406
2023-02-15 03:00:00,43.99908,25.0,-18.999080657958984
2023-02-15 06:00:00,50.8407,26.0,-24.8406982421875
2023-02-15 09:00:00,58.876877,27.0,-31.876876831054688
2023-02-15 12:00:00,56.791065,26.0,-30.791065216064453
2023-02-15 15:00:00,66.95114,23.0,-43.951141357421875
2023-02-15 18:00:00,72.27004,16.0,-56.270042419433594
2023-02-15 21:00:00,73.84574,26.0,-47.845741271972656
2023-02-16 00:00:00,51.34143,26.0,-25.3414306640625
2023-03-20 15:00:00,47.746655,11.0,-36.74665451049805
2023-03-20 18:00:00,56.988937,21.0,-35.98893737792969
2023-03-20 21:00:00,50.952168,23.0,-27.952167510986328
2023-03-21 00:00:00,57.745525,12.0,-45.74552536010742
2023-03-21 03:00:00,38.555527,4.0,-34.55552673339844
2023-03-21 06:00:00,43.464184,12.0,-31.464183807373047
2023-03-21 09:00:00,46.993023,3.0,-43.99302291870117
2023-03-21 12:00:00,35.856148,5.0,-30.85614776611328
2023-03-22 00:00:00,62.11758,15.0,-47.11758041381836
2023-03-22 03:00:00,77.82711,18.0,-59.827110290527344
2023-03-22 06:00:00,65.938705,12.0,-53.93870544433594
2023-03-22 09:00:00,30.311752,11.0,-19.311752319335938
2023-03-22 12:00:00,33.99862,6.0,-27.998619079589844
2023-03-22 15:00:00,50.29034,6.0,-44.290340423583984
2023-03-22 18:00:00,65.641075,9.0,-56.641075134277344
2023-03-22 21:00:00,88.44199,22.0,-66.4419937133789
2023-03-24 00:00:00,167.05302,28.0,-139.0530242919922
2023-03-24 03:00:00,177.32031,29.0,-148.3203125
2023-03-24 06:00:00,147.83018,30.0,-117.83018493652344
2023-03-24 09:00:00,91.323044,29.0,-62.32304382324219
2023-03-24 12:00:00,77.74861,18.0,-59.74861145019531
2023-03-24 15:00:00,84.31175,27.0,-57.31175231933594
2023-03-24 18:00:00,108.37493,41.0,-67.37493133544922
2023-03-24 21:00:00,126.15396,36.0,-90.15396118164062
2023-03-25 00:00:00,134.24687,35.0,-99.24687194824219
2023-03-25 03:00:00,150.17316,37.0,-113.17315673828125
2023-03-25 06:00:00,105.94931,42.0,-63.949310302734375
2023-03-25 09:00:00,62.86672,43.0,-19.866718292236328
2023-03-25 12:00:00,34.12049,33.0,-1.1204910278320312
2023-03-25 15:00:00,40.76446,36.0,-4.764461517333984
2023-03-25 18:00:00,38.952293,35.0,-3.9522933959960938
2023-03-25 21:00:00,34.881397,40.0,5.118602752685547
2023-03-26 00:00:00,33.51056,34.0,0.48944091796875
2023-03-26 03:00:00,42.89882,27.0,-15.898818969726562
2023-03-26 06:00:00,97.38824,31.0,-66.38823699951172
2023-03-26 09:00:00,135.77539,32.0,-103.775390625
2023-03-26 12:00:00,117.326866,26.0,-91.32686614990234
2023-03-26 15:00:00,94.16544,32.0,-62.165443420410156
2023-03-26 18:00:00,89.55294,27.0,-62.552940368652344
2023-03-26 21:00:00,100.164925,26.0,-74.16492462158203
2023-03-27 00:00:00,133.79895,29.0,-104.7989501953125
2023-03-27 03:00:00,172.75578,52.0,-120.75578308105469
2023-03-27 06:00:00,167.55211,28.0,-139.55210876464844
2023-03-27 09:00:00,118.734764,26.0,-92.7347640991211
2023-03-27 12:00:00,80.224594,13.0,-67.22459411621094
2023-03-27 15:00:00,115.51856,30.0,-85.51856231689453
2023-03-27 18:00:00,150.56708,26.0,-124.56707763671875
2023-03-27 21:00:00,160.60403,27.0,-133.60403442382812
2023-03-28 00:00:00,137.06494,27.0,-110.06494140625
2023-03-28 03:00:00,126.23309,32.0,-94.23309326171875
2023-03-28 06:00:00,103.7987,19.0,-84.79869842529297
2023-03-28 09:00:00,83.76952,18.0,-65.76952362060547
2023-03-28 12:00:00,41.80606,10.0,-31.806060791015625
2023-03-28 15:00:00,65.121414,13.0,-52.12141418457031
2023-03-28 18:00:00,85.27627,9.0,-76.2762680053711
2023-03-28 21:00:00,86.050026,16.0,-70.0500259399414
2023-03-30 00:00:00,124.75084,39.0,-85.75083923339844
2023-03-30 03:00:00,139.61789,30.0,-109.61788940429688
2023-03-30 06:00:00,76.48549,24.0,-52.48548889160156
2023-03-30 09:00:00,33.635418,23.0,-10.635417938232422
2023-03-30 12:00:00,15.072828,24.0,8.92717170715332
2023-03-30 15:00:00,47.6673,19.0,-28.667301177978516
2023-03-30 18:00:00,47.46971,13.0,-34.46971130371094
2023-03-30 21:00:00,38.061443,13.0,-25.061443328857422
2023-03-31 00:00:00,15.311343,18.0,2.688656806945801
2023-03-31 03:00:00,41.723526,60.0,18.276473999023438
2023-03-31 06:00:00,41.959652,59.0,17.040348052978516
2023-03-31 09:00:00,36.14815,66.0,29.851848602294922
2023-03-31 12:00:00,58.106422,50.0,-8.106422424316406
2023-03-31 15:00:00,89.869446,25.0,-64.86944580078125
2023-03-31 18:00:00,112.916954,53.0,-59.916954040527344
2023-03-31 21:00:00,113.799385,5.0,-108.79938507080078
2023-04-01 00:00:00,79.86296,15.0,-64.86296081542969
2023-04-01 03:00:00,57.19073,13.0,-44.190731048583984
2023-04-01 06:00:00,52.771496,41.0,-11.771495819091797
2023-04-01 09:00:00,60.31064,41.0,-19.310638427734375
2023-04-01 12:00:00,52.106655,32.0,-20.10665512084961
2023-04-01 15:00:00,52.641552,34.0,-18.641551971435547
2023-04-01 18:00:00,64.82787,33.0,-31.82787322998047
2023-04-01 21:00:00,62.078472,44.0,-18.078472137451172
2023-04-02 00:00:00,57.06306,25.0,-32.06306076049805
2023-04-02 03:00:00,60.13522,25.0,-35.13521957397461
2023-04-02 06:00:00,42.85994,11.0,-31.859939575195312
2023-04-02 09:00:00,26.017971,6.0,-20.01797103881836
2023-04-02 12:00:00,40.482517,6.0,-34.48251724243164
2023-04-02 15:00:00,56.24298,9.0,-47.24298095703125
2023-04-02 18:00:00,76.37141,14.0,-62.37140655517578
2023-04-02 21:00:00,85.938156,12.0,-73.93815612792969
2023-04-03 00:00:00,87.37948,24.0,-63.379478454589844
2023-04-03 03:00:00,84.37416,19.0,-65.37416076660156
2023-04-03 06:00:00,49.08759,17.0,-32.087589263916016
2023-04-03 09:00:00,36.007977,7.0,-29.007976531982422
2023-04-03 12:00:00,33.874813,10.0,-23.874813079833984
2023-04-03 15:00:00,47.725735,12.0,-35.72573471069336
2023-04-03 18:00:00,74.26888,19.0,-55.268882751464844
2023-04-03 21:00:00,81.01688,25.0,-56.016876220703125
2023-04-04 00:00:00,55.36003,23.0,-32.36003112792969
2023-04-04 03:00:00,58.250576,19.0,-39.25057601928711
2023-04-04 06:00:00,55.97127,23.0,-32.97127151489258
2023-04-04 09:00:00,45.659306,16.0,-29.659305572509766
2023-04-04 12:00:00,24.285555,11.0,-13.285554885864258
2023-04-04 15:00:00,39.22082,8.0,-31.220821380615234
2023-04-04 18:00:00,67.50406,20.0,-47.504058837890625
2023-04-04 21:00:00,74.17157,20.0,-54.17156982421875
2023-04-05 00:00:00,62.72194,21.0,-41.72193908691406
2023-04-05 03:00:00,75.47078,22.0,-53.47077941894531
2023-04-05 06:00:00,68.64116,21.0,-47.64115905761719
2023-04-05 09:00:00,36.676395,37.0,0.3236045837402344
2023-04-05 12:00:00,29.15499,13.0,-16.15498924255371
2023-04-05 15:00:00,50.194557,9.0,-41.194557189941406
2023-04-05 18:00:00,109.95473,36.0,-73.95472717285156
2023-04-05 21:00:00,101.30316,40.0,-61.30316162109375
2023-04-06 00:00:00,103.71877,38.0,-65.7187728881836
2023-04-06 03:00:00,94.45569,26.0,-68.4556884765625
2023-04-06 06:00:00,78.52373,35.0,-43.52372741699219
2023-04-06 09:00:00,43.624935,34.0,-9.624935150146484
2023-04-06 12:00:00,17.309048,27.0,9.69095230102539
2023-04-06 15:00:00,31.824583,26.0,-5.824583053588867
2023-04-06 18:00:00,40.67215,23.0,-17.672149658203125
2023-04-06 21:00:00,48.027233,29.0,-19.027233123779297
2023-04-07 00:00:00,52.1527,31.0,-21.152698516845703
2023-04-07 03:00:00,76.3605,32.0,-44.360496520996094
2023-04-07 06:00:00,77.635605,27.0,-50.63560485839844
2023-04-07 09:00:00,58.42321,16.0,-42.42321014404297
2023-04-07 12:00:00,43.972477,17.0,-26.972476959228516
2023-04-07 15:00:00,63.04367,16.0,-47.043670654296875
2023-04-07 18:00:00,105.44431,17.0,-88.4443130493164
2023-04-07 21:00:00,93.09679,18.0,-75.09678649902344
2023-04-08 00:00:00,40.38975,19.0,-21.389751434326172
2023-04-08 03:00:00,58.184925,14.0,-44.1849250793457
2023-04-08 06:00:00,57.363194,20.0,-37.36319351196289
2023-04-08 09:00:00,41.966812,27.0,-14.966812133789062
2023-04-08 12:00:00,36.766552,25.0,-11.766551971435547
2023-04-08 15:00:00,56.06057,31.0,-25.060569763183594
2023-04-08 18:00:00,106.52411,33.0,-73.52410888671875
2023-04-08 21:00:00,117.96328,21.0,-96.9632797241211
2023-04-09 00:00:00,111.75598,21.0,-90.7559814453125
2023-04-09 03:00:00,118.062874,62.0,-56.06287384033203
2023-04-09 06:00:00,99.25407,40.0,-59.254066467285156
2023-04-09 09:00:00,67.375824,25.0,-42.375823974609375
2023-04-09 12:00:00,68.06658,25.0,-43.06658172607422
2023-04-09 15:00:00,81.52813,25.0,-56.52812957763672
2023-04-09 18:00:00,108.873795,24.0,-84.87379455566406
2023-04-09 21:00:00,117.98875,26.0,-91.9887466430664
2023-04-10 00:00:00,87.17325,65.0,-22.173248291015625
2023-04-10 03:00:00,106.399055,58.0,-48.39905548095703
2023-04-10 06:00:00,104.43614,53.0,-51.43614196777344
2023-04-10 09:00:00,89.255196,27.0,-62.25519561767578
2023-04-10 12:00:00,86.502045,28.0,-58.502044677734375
2023-04-10 15:00:00,98.75635,34.0,-64.75634765625
2023-04-10 18:00:00,104.88406,50.0,-54.884063720703125
2023-04-10 21:00:00,91.71526,46.0,-45.71526336669922
2023-04-11 00:00:00,90.11728,38.0,-52.117279052734375
2023-04-11 03:00:00,78.9837,47.0,-31.98370361328125
2023-04-11 06:00:00,78.385254,55.0,-23.38525390625
2023-04-11 09:00:00,95.36143,62.0,-33.361427307128906
2023-04-11 15:00:00,70.26893,45.0,-25.26892852783203
2023-04-11 18:00:00,57.681973,31.0,-26.68197250366211
2023-04-11 21:00:00,48.083622,40.0,-8.083621978759766
2023-04-12 00:00:00,91.609764,19.0,-72.6097640991211
2023-04-12 03:00:00,151.52614,29.0,-122.52613830566406
2023-04-12 06:00:00,185.76134,39.0,-146.76133728027344
2023-04-12 09:00:00,166.1823,50.0,-116.18229675292969
2023-04-12 12:00:00,167.96117,31.0,-136.96116638183594
2023-04-12 15:00:00,172.5466,35.0,-137.54660034179688
2023-04-12 18:00:00,122.20107,28.0,-94.2010726928711
2023-04-12 21:00:00,90.90536,28.0,-62.905357360839844
2023-04-13 00:00:00,70.442184,28.0,-42.44218444824219
2023-04-13 03:00:00,58.418777,26.0,-32.41877746582031
2023-04-13 06:00:00,70.56735,128.0,57.432647705078125
2023-04-13 09:00:00,110.114,54.0,-56.11399841308594
2023-04-13 12:00:00,84.4318,55.0,-29.431800842285156
2023-04-13 15:00:00,74.869835,38.0,-36.869834899902344
2023-04-13 18:00:00,82.750374,17.0,-65.75037384033203
2023-04-13 21:00:00,70.694565,8.0,-62.69456481933594
2023-04-14 00:00:00,99.95892,10.0,-89.95892333984375
2023-04-14 03:00:00,109.03545,11.0,-98.03545379638672
2023-04-14 06:00:00,65.48965,10.0,-55.489646911621094
2023-04-14 09:00:00,49.45093,6.0,-43.450931549072266
2023-04-14 12:00:00,51.23525,8.0,-43.23524856567383
2023-04-14 15:00:00,68.91537,39.0,-29.915367126464844
2023-04-14 18:00:00,92.617485,12.0,-80.61748504638672
2023-04-14 21:00:00,95.09222,17.0,-78.09221649169922
2023-04-15 00:00:00,80.39569,11.0,-69.39569091796875
2023-04-15 03:00:00,81.74493,13.0,-68.74492645263672
2023-04-15 06:00:00,68.81487,20.0,-48.81487274169922
2023-04-15 09:00:00,52.128998,31.0,-21.128997802734375
2023-04-15 12:00:00,41.63519,27.0,-14.635189056396484
2023-04-15 15:00:00,60.781303,21.0,-39.78130340576172
2023-04-15 18:00:00,83.71126,24.0,-59.71125793457031
2023-04-15 21:00:00,81.829056,15.0,-66.82905578613281
2023-04-16 00:00:00,69.59908,12.0,-57.599082946777344
2023-04-16 03:00:00,77.30523,11.0,-66.30522918701172
2023-04-16 06:00:00,61.910667,14.0,-47.910667419433594
2023-04-16 09:00:00,53.392456,25.0,-28.3924560546875
2023-04-16 12:00:00,57.993816,19.0,-38.99381637573242
2023-04-16 15:00:00,76.855545,18.0,-58.85554504394531
2023-04-16 18:00:00,113.9108,13.0,-100.91079711914062
2023-04-16 21:00:00,116.63178,4.0,-112.63178253173828
2023-04-17 00:00:00,91.483795,22.0,-69.48379516601562
2023-04-17 03:00:00,95.05948,20.0,-75.05947875976562
2023-04-17 06:00:00,62.30539,27.0,-35.305389404296875
2023-04-17 09:00:00,39.743896,22.0,-17.743896484375
2023-04-17 12:00:00,27.347652,21.0,-6.347652435302734
2023-04-17 15:00:00,36.41219,16.0,-20.412189483642578
2023-04-17 21:00:00,95.14679,34.0,-61.14678955078125
2023-04-18 00:00:00,87.06866,44.0,-43.06865692138672
2023-04-18 03:00:00,89.92424,48.0,-41.92424011230469
2023-04-18 06:00:00,67.67721,36.0,-31.677207946777344
2023-04-18 09:00:00,42.05958,39.0,-3.059581756591797
2023-04-18 12:00:00,52.484894,17.0,-35.484893798828125
2023-04-18 15:00:00,61.44137,22.0,-39.441368103027344
2023-04-18 18:00:00,104.10406,34.0,-70.10405731201172
2023-04-18 21:00:00,119.24476,37.0,-82.24475860595703
2023-04-19 00:00:00,101.018715,39.0,-62.018714904785156
2023-04-19 03:00:00,94.95397,47.0,-47.95397186279297
2023-04-19 06:00:00,72.08223,38.0,-34.08222961425781
2023-04-19 09:00:00,39.998894,22.0,-17.99889373779297
2023-04-19 12:00:00,39.390102,36.0,-3.3901023864746094
2023-04-19 15:00:00,44.485886,44.0,-0.4858856201171875
2023-04-19 18:00:00,89.085915,42.0,-47.085914611816406
2023-04-19 21:00:00,111.57362,55.0,-56.57362365722656
2023-04-20 00:00:00,66.27534,51.0,-15.275337219238281
2023-04-20 03:00:00,78.16834,31.0,-47.16834259033203
2023-04-20 06:00:00,49.386246,37.0,-12.386245727539062
2023-04-20 09:00:00,16.647505,28.0,11.352495193481445
2023-04-20 12:00:00,20.162703,46.0,25.837297439575195
2023-04-20 15:00:00,31.411901,49.0,17.588098526000977
2023-04-20 18:00:00,66.69415,33.0,-33.69415283203125
2023-04-20 21:00:00,67.91902,39.0,-28.919021606445312
2023-04-21 00:00:00,99.34274,31.0,-68.34274291992188
2023-04-21 03:00:00,106.70317,27.0,-79.70317077636719
2023-04-21 06:00:00,88.97302,28.0,-60.9730224609375
2023-04-21 12:00:00,44.738842,37.0,-7.738842010498047
2023-04-21 15:00:00,47.317657,49.0,1.682342529296875
2023-04-21 18:00:00,48.402626,36.0,-12.402626037597656
2023-04-21 21:00:00,64.08811,35.0,-29.088111877441406
2023-04-22 00:00:00,43.177124,33.0,-10.1771240234375
2023-04-23 03:00:00,88.07433,36.0,-52.07433319091797
2023-04-23 06:00:00,89.24249,32.0,-57.24249267578125
2023-04-23 09:00:00,61.075012,48.0,-13.07501220703125
2023-04-23 12:00:00,62.333073,44.0,-18.333072662353516
2023-04-23 15:00:00,66.72508,48.0,-18.725082397460938
2023-04-23 18:00:00,75.66723,48.0,-27.66722869873047
2023-04-23 21:00:00,75.133354,43.0,-32.13335418701172
2023-04-24 00:00:00,76.98145,31.0,-45.98145294189453
2023-04-24 03:00:00,83.91771,39.0,-44.91770935058594
2023-04-24 06:00:00,70.87908,38.0,-32.87908172607422
2023-04-24 09:00:00,46.31488,39.0,-7.31488037109375
2023-04-24 12:00:00,61.480934,43.0,-18.480934143066406
2023-04-24 15:00:00,73.07687,38.0,-35.076873779296875
2023-05-08 00:00:00,75.41507,19.0,-56.415069580078125
2023-05-08 03:00:00,118.25273,47.0,-71.25273132324219
2023-05-08 06:00:00,78.76213,53.0,-25.762130737304688
2023-05-08 09:00:00,70.346115,40.0,-30.346115112304688
2023-05-08 12:00:00,41.129055,38.0,-3.1290550231933594
2023-05-08 15:00:00,44.72349,34.0,-10.723491668701172
2023-05-08 18:00:00,54.40938,42.0,-12.409381866455078
2023-05-08 21:00:00,51.846657,48.0,-3.8466567993164062
2023-05-09 00:00:00,50.977634,34.0,-16.97763442993164
2023-05-09 03:00:00,45.527317,32.0,-13.52731704711914
2023-05-09 06:00:00,77.619,47.0,-30.619003295898438
2023-05-09 09:00:00,94.163284,38.0,-56.16328430175781
2023-05-09 12:00:00,79.530876,33.0,-46.53087615966797
2023-05-09 15:00:00,53.728626,38.0,-15.728626251220703
2023-05-09 18:00:00,46.46563,33.0,-13.465629577636719
2023-05-09 21:00:00,41.32562,23.0,-18.325618743896484
2023-05-10 00:00:00,47.06476,21.0,-26.06475830078125
2023-05-10 03:00:00,105.46375,35.0,-70.46375274658203
2023-05-10 06:00:00,76.12562,37.0,-39.12561798095703
2023-05-10 09:00:00,60.794037,39.0,-21.794036865234375
2023-05-10 12:00:00,49.7252,39.0,-10.725200653076172
2023-05-10 15:00:00,58.46505,38.0,-20.465049743652344
2023-05-10 18:00:00,96.88756,40.0,-56.88755798339844
2023-05-10 21:00:00,109.77578,27.0,-82.7757797241211
2023-05-11 00:00:00,12.97758,27.0,14.022419929504395
2023-05-11 03:00:00,22.54194,26.0,3.458059310913086
2023-05-11 06:00:00,17.982758,45.0,27.017242431640625
2023-05-11 09:00:00,21.010805,29.0,7.989194869995117
2023-05-11 12:00:00,17.788353,23.0,5.211647033691406
2023-05-11 15:00:00,36.55424,17.0,-19.554241180419922
2023-05-11 18:00:00,75.532394,21.0,-54.53239440917969
2023-05-11 21:00:00,84.5248,19.0,-65.5248031616211
2023-05-12 00:00:00,99.88071,25.0,-74.88070678710938
2023-05-12 03:00:00,117.04356,27.0,-90.0435562133789
2023-05-12 06:00:00,70.176384,34.0,-36.17638397216797
2023-05-12 09:00:00,49.310074,33.0,-16.310073852539062
2023-05-12 12:00:00,34.50941,44.0,9.490589141845703
2023-05-12 15:00:00,41.54424,28.0,-13.544239044189453
2023-05-12 18:00:00,38.65739,34.0,-4.657390594482422
2023-05-12 21:00:00,44.976334,28.0,-16.976333618164062
2023-05-13 00:00:00,49.80302,17.0,-32.80302047729492
2023-05-13 03:00:00,81.840996,36.0,-45.84099578857422
2023-05-13 06:00:00,111.293274,47.0,-64.29327392578125
2023-05-13 09:00:00,105.10871,44.0,-61.10871124267578
2023-05-13 12:00:00,86.10141,35.0,-51.101409912109375
2023-05-13 15:00:00,94.73763,25.0,-69.73763275146484
2023-05-13 18:00:00,136.12123,34.0,-102.12123107910156
2023-05-13 21:00:00,164.9189,50.0,-114.91889953613281
2023-05-14 00:00:00,102.42502,59.0,-43.425018310546875
2023-05-14 03:00:00,75.00887,85.0,9.991127014160156
2023-05-14 06:00:00,68.562256,55.0,-13.562255859375
2023-05-14 09:00:00,60.369076,24.0,-36.369075775146484
2023-05-14 12:00:00,66.276245,20.0,-46.2762451171875
2023-05-14 15:00:00,82.980705,30.0,-52.98070526123047
2023-05-14 18:00:00,110.84023,26.0,-84.8402328491211
2023-05-14 21:00:00,114.25595,22.0,-92.25595092773438
2023-05-15 00:00:00,93.17273,16.0,-77.1727294921875
2023-05-15 03:00:00,98.33843,40.0,-58.33843231201172
2023-05-15 06:00:00,88.67528,18.0,-70.67527770996094
2023-05-15 09:00:00,62.28993,32.0,-30.289928436279297
2023-05-15 12:00:00,54.367775,20.0,-34.367774963378906
2023-05-15 15:00:00,56.98075,18.0,-38.980751037597656
2023-05-15 18:00:00,89.96574,18.0,-71.96573638916016
2023-05-15 21:00:00,84.58153,28.0,-56.58152770996094
2023-05-16 00:00:00,15.062824,31.0,15.937175750732422
2023-05-16 03:00:00,24.857855,23.0,-1.8578548431396484
2023-05-16 06:00:00,8.073016,14.0,5.926983833312988
2023-05-16 09:00:00,18.810965,16.0,-2.810964584350586
2023-05-16 12:00:00,34.082745,20.0,-14.082744598388672
2023-05-16 15:00:00,41.982956,19.0,-22.982955932617188
2023-05-16 18:00:00,66.19456,29.0,-37.194557189941406
2023-05-16 21:00:00,81.24675,24.0,-57.24674987792969
2023-05-17 00:00:00,103.86725,16.0,-87.86724853515625
2023-05-17 03:00:00,113.8659,30.0,-83.86589813232422
2023-05-17 06:00:00,68.74598,45.0,-23.74597930908203
2023-05-17 09:00:00,49.51039,34.0,-15.510391235351562
2023-05-17 12:00:00,43.608223,42.0,-1.6082229614257812
2023-05-17 15:00:00,44.517265,37.0,-7.517265319824219
2023-05-17 18:00:00,52.907352,39.0,-13.907352447509766
2023-05-17 21:00:00,53.629265,36.0,-17.62926483154297
2023-05-18 00:00:00,83.240135,43.0,-40.240135192871094
2023-05-18 03:00:00,97.33026,31.0,-66.33026123046875
2023-05-18 06:00:00,72.78277,45.0,-27.78276824951172
2023-05-18 09:00:00,55.172676,20.0,-35.17267608642578
2023-05-18 12:00:00,34.934147,7.0,-27.934146881103516
2023-05-18 15:00:00,57.396393,24.0,-33.396392822265625
2023-05-18 18:00:00,72.88958,18.0,-54.88957977294922
2023-05-18 21:00:00,77.499916,12.0,-65.49991607666016
2023-05-22 12:00:00,85.94384,34.0,-51.94384002685547
2023-05-22 15:00:00,89.791,27.0,-62.79100036621094
2023-05-22 18:00:00,111.67026,37.0,-74.67025756835938
2023-05-22 21:00:00,106.836975,39.0,-67.83697509765625
2023-05-23 00:00:00,78.98848,48.0,-30.988479614257812
2023-05-23 03:00:00,76.08651,53.0,-23.086509704589844
2023-05-23 06:00:00,67.03499,43.0,-24.034988403320312
2023-05-23 09:00:00,64.50341,47.0,-17.50341033935547
2023-05-23 12:00:00,81.591225,48.0,-33.591224670410156
2023-05-23 15:00:00,81.71128,42.0,-39.711280822753906
2023-05-23 18:00:00,98.20303,53.0,-45.203033447265625
2023-05-23 21:00:00,106.39678,49.0,-57.39678192138672
2023-05-24 00:00:00,74.87847,41.0,-33.87847137451172
2023-05-24 03:00:00,85.73534,47.0,-38.73533630371094
2023-05-24 06:00:00,80.77313,44.0,-36.77313232421875
2023-05-24 09:00:00,69.45015,35.0,-34.45014953613281
2023-05-24 12:00:00,75.7027,45.0,-30.70269775390625
2023-05-24 15:00:00,79.52167,43.0,-36.52166748046875
2023-05-24 18:00:00,83.72172,43.0,-40.721717834472656
2023-05-24 21:00:00,79.7985,50.0,-29.798500061035156
2023-05-25 00:00:00,88.46996,65.0,-23.46996307373047
2023-05-25 03:00:00,107.81707,88.0,-19.81707000732422
2023-05-25 06:00:00,104.785614,63.0,-41.785614013671875
2023-05-25 09:00:00,94.97285,34.0,-60.97284698486328
2023-05-25 12:00:00,94.606094,35.0,-59.60609436035156
2023-05-25 15:00:00,95.98818,32.0,-63.988182067871094
2023-05-25 18:00:00,122.30413,40.0,-82.30413055419922
2023-05-25 21:00:00,133.12779,41.0,-92.12779235839844
2023-05-26 00:00:00,121.011566,43.0,-78.01156616210938
2023-05-26 03:00:00,131.03772,37.0,-94.0377197265625
2023-05-26 06:00:00,102.11136,36.0,-66.11135864257812
2023-05-26 09:00:00,78.160385,39.0,-39.16038513183594
2023-05-26 12:00:00,85.421104,27.0,-58.421104431152344
2023-05-26 15:00:00,84.28322,25.0,-59.28321838378906
2023-05-26 18:00:00,97.15097,24.0,-73.15097045898438
2023-05-26 21:00:00,104.77606,23.0,-81.77606201171875
2023-05-27 00:00:00,89.32125,26.0,-63.321250915527344
2023-05-27 03:00:00,108.04343,43.0,-65.04342651367188
2023-05-27 06:00:00,100.80748,38.0,-62.80747985839844
2023-05-27 09:00:00,85.75705,31.0,-54.757049560546875
2023-05-27 12:00:00,78.21154,37.0,-41.21154022216797
2023-05-27 15:00:00,83.904755,43.0,-40.904754638671875
2023-05-27 18:00:00,107.64802,54.0,-53.64801788330078
2023-05-27 21:00:00,117.796844,54.0,-63.796844482421875
2023-05-28 00:00:00,126.262474,51.0,-75.2624740600586
2023-05-28 03:00:00,131.20114,66.0,-65.20114135742188
2023-05-28 06:00:00,108.84003,46.0,-62.84002685546875
2023-05-28 09:00:00,62.07392,42.0,-20.07392120361328
2023-05-28 12:00:00,59.48755,29.0,-30.487548828125
2023-05-28 15:00:00,63.567314,20.0,-43.56731414794922
2023-05-28 18:00:00,78.3869,16.0,-62.38690185546875
2023-05-28 21:00:00,78.46961,31.0,-47.46961212158203
2023-05-29 00:00:00,132.31306,41.0,-91.31306457519531
2023-05-29 03:00:00,165.62195,43.0,-122.6219482421875
2023-05-29 06:00:00,154.615,32.0,-122.61500549316406
2023-05-29 09:00:00,116.592445,32.0,-84.59244537353516
2023-05-29 12:00:00,75.44986,21.0,-54.449859619140625
2023-05-29 15:00:00,76.94734,22.0,-54.94734191894531
2023-05-29 18:00:00,106.538666,27.0,-79.53866577148438
2023-05-29 21:00:00,100.45983,39.0,-61.45983123779297
2023-05-30 00:00:00,67.0891,47.0,-20.08910369873047
2023-05-30 03:00:00,74.681564,48.0,-26.681564331054688
2023-05-30 06:00:00,79.15401,51.0,-28.154006958007812
2023-05-30 09:00:00,79.15969,53.0,-26.159690856933594
2023-05-30 12:00:00,106.00525,52.0,-54.0052490234375
2023-05-30 15:00:00,114.66864,37.0,-77.66864013671875
2023-05-30 18:00:00,118.283424,28.0,-90.2834243774414
2023-05-30 21:00:00,123.20402,26.0,-97.20401763916016
2023-06-05 15:00:00,68.18993,31.0,-37.18993377685547
2023-06-05 18:00:00,101.01348,37.0,-64.01348114013672
2023-06-05 21:00:00,91.042465,37.0,-54.04246520996094
2023-06-06 00:00:00,71.40989,41.0,-30.409889221191406
2023-06-06 03:00:00,92.71969,36.0,-56.719688415527344
2023-06-06 06:00:00,94.41135,39.0,-55.411346435546875
2023-06-06 09:00:00,77.961205,23.0,-54.961204528808594
2023-06-06 12:00:00,67.17516,46.0,-21.17516326904297
2023-06-06 15:00:00,73.13645,35.0,-38.136451721191406
2023-06-06 18:00:00,94.781395,23.0,-71.7813949584961
2023-06-06 21:00:00,100.94709,23.0,-77.94709014892578
2023-06-07 00:00:00,94.94011,35.0,-59.94010925292969
2023-06-07 03:00:00,100.70539,41.0,-59.70539093017578
2023-06-07 06:00:00,90.898026,83.0,-7.8980255126953125
2023-06-07 09:00:00,72.38327,46.0,-26.383270263671875
2023-06-07 12:00:00,76.115555,35.0,-41.11555480957031
2023-06-07 15:00:00,70.26096,24.0,-46.260963439941406
2023-06-07 18:00:00,91.6425,25.0,-66.64250183105469
2023-06-07 21:00:00,93.16909,33.0,-60.169090270996094
2023-06-08 00:00:00,109.03068,34.0,-75.03067779541016
2023-06-08 03:00:00,124.66546,27.0,-97.66545867919922
2023-06-08 06:00:00,104.256516,44.0,-60.25651550292969
2023-06-08 09:00:00,78.35433,28.0,-50.354331970214844
2023-06-08 12:00:00,52.413044,39.0,-13.413043975830078
2023-06-08 15:00:00,52.80617,40.0,-12.806171417236328
2023-06-08 18:00:00,78.191986,47.0,-31.191986083984375
2023-06-08 21:00:00,94.31392,60.0,-34.31391906738281
2023-06-09 00:00:00,38.961388,46.0,7.038612365722656
2023-06-09 03:00:00,35.71131,31.0,-4.711311340332031
2023-06-09 06:00:00,39.12487,35.0,-4.124870300292969
2023-06-09 09:00:00,38.56985,15.0,-23.56985092163086
2023-06-09 12:00:00,56.43096,19.0,-37.43096160888672
2023-06-09 15:00:00,67.39447,17.0,-50.39447021484375
2023-06-09 18:00:00,90.71391,26.0,-64.71391296386719
2023-06-09 21:00:00,92.26665,44.0,-48.26664733886719
2023-06-10 00:00:00,61.74014,29.0,-32.74013900756836
2023-06-10 03:00:00,69.98812,30.0,-39.988121032714844
2023-06-10 06:00:00,66.6289,32.0,-34.62889862060547
2023-06-10 09:00:00,59.842476,30.0,-29.84247589111328
2023-06-10 12:00:00,57.093075,32.0,-25.093074798583984
2023-06-10 15:00:00,74.60312,26.0,-48.603118896484375
2023-06-10 18:00:00,93.55699,38.0,-55.55699157714844
2023-06-10 21:00:00,92.820526,33.0,-59.820526123046875
2023-06-11 00:00:00,71.8046,29.0,-42.804603576660156
2023-06-11 03:00:00,81.11374,46.0,-35.113739013671875
2023-06-11 06:00:00,78.93618,51.0,-27.936180114746094
2023-06-11 09:00:00,68.36444,43.0,-25.36444091796875
2023-06-11 12:00:00,82.99912,41.0,-41.999122619628906
2023-06-11 15:00:00,79.30112,39.0,-40.301116943359375
2023-06-11 18:00:00,109.35446,44.0,-65.35446166992188
2023-06-11 21:00:00,122.72608,48.0,-74.72608184814453
2023-06-12 00:00:00,97.73293,40.0,-57.732933044433594
2023-06-12 03:00:00,121.23496,55.0,-66.2349624633789
2023-06-12 06:00:00,124.11374,61.0,-63.113739013671875
2023-06-12 09:00:00,106.420204,67.0,-39.420204162597656
2023-06-12 12:00:00,67.406746,50.0,-17.40674591064453
2023-06-12 15:00:00,72.78117,35.0,-37.78117370605469
2023-06-12 18:00:00,100.89366,28.0,-72.89366149902344
2023-06-12 21:00:00,106.76808,44.0,-62.76808166503906
2023-06-13 00:00:00,88.79942,49.0,-39.79942321777344
2023-06-13 03:00:00,83.730125,46.0,-37.730125427246094
2023-06-13 06:00:00,82.51459,56.0,-26.51458740234375
2023-06-13 09:00:00,71.51129,45.0,-26.51129150390625
2023-06-13 12:00:00,59.23903,46.0,-13.239028930664062
2023-06-13 15:00:00,64.984535,47.0,-17.984535217285156
2023-06-13 18:00:00,107.784676,51.0,-56.78467559814453
2023-06-13 21:00:00,131.61684,20.0,-111.61683654785156
2023-06-14 00:00:00,124.63397,13.0,-111.63397216796875
2023-06-14 03:00:00,98.882996,18.0,-80.88299560546875
2023-06-14 06:00:00,65.87948,19.0,-46.879478454589844
2023-06-14 09:00:00,48.293713,26.0,-22.293712615966797
2023-06-14 12:00:00,72.16738,51.0,-21.167381286621094
2023-06-14 15:00:00,82.814156,36.0,-46.81415557861328
2023-06-14 18:00:00,99.62844,40.0,-59.628440856933594
2023-06-14 21:00:00,95.9742,44.0,-51.97419738769531
2023-06-15 00:00:00,83.796295,48.0,-35.796295166015625
2023-06-15 03:00:00,80.64194,45.0,-35.641937255859375
2023-06-15 06:00:00,69.89535,57.0,-12.895347595214844
2023-06-15 09:00:00,66.15482,49.0,-17.154823303222656
2023-06-15 12:00:00,73.29732,39.0,-34.29731750488281
2023-06-15 15:00:00,88.83614,38.0,-50.836143493652344
2023-06-15 18:00:00,105.439766,44.0,-61.43976593017578
2023-06-15 21:00:00,98.61003,37.0,-61.61003112792969
2023-06-16 00:00:00,50.439896,38.0,-12.439895629882812
2023-06-16 03:00:00,63.356083,41.0,-22.356082916259766
2023-06-16 06:00:00,62.882236,40.0,-22.88223648071289
2023-06-16 09:00:00,54.924614,34.0,-20.92461395263672
2023-06-16 12:00:00,58.191177,24.0,-34.19117736816406
2023-06-16 15:00:00,76.90153,37.0,-39.901527404785156
2023-06-16 18:00:00,111.35944,34.0,-77.35944366455078
2023-06-16 21:00:00,119.372086,19.0,-100.37208557128906
2023-06-17 00:00:00,89.79919,34.0,-55.79918670654297
2023-06-17 03:00:00,91.76847,24.0,-67.76847076416016
2023-06-17 06:00:00,80.61204,23.0,-57.612037658691406
2023-06-17 09:00:00,67.014465,17.0,-50.01446533203125
2023-06-17 12:00:00,59.35152,25.0,-34.35152053833008
2023-06-17 15:00:00,71.194565,34.0,-37.19456481933594
2023-06-17 18:00:00,96.73318,102.0,5.266822814941406
2023-06-17 21:00:00,101.05987,38.0,-63.05986785888672
2023-06-18 00:00:00,81.79632,19.0,-62.79631805419922
2023-06-18 03:00:00,96.71976,51.0,-45.719757080078125
2023-06-18 06:00:00,87.296486,120.0,32.703514099121094
2023-06-18 09:00:00,47.482216,78.0,30.517784118652344
2023-06-18 12:00:00,50.68307,54.0,3.3169288635253906
2023-06-18 15:00:00,67.149475,48.0,-19.14947509765625
2023-06-18 18:00:00,106.55015,44.0,-62.550148010253906
2023-06-18 21:00:00,97.51398,43.0,-54.51397705078125
2023-06-19 00:00:00,96.75728,30.0,-66.75727844238281
2023-06-19 03:00:00,79.1108,27.0,-52.110801696777344
2023-06-19 06:00:00,53.496593,48.0,-5.496593475341797
2023-06-19 09:00:00,40.32688,23.0,-17.326881408691406
2023-06-19 12:00:00,49.86549,19.0,-30.865489959716797
2023-06-19 15:00:00,69.06504,12.0,-57.065040588378906
2023-06-19 18:00:00,88.728935,17.0,-71.72893524169922
2023-06-19 21:00:00,81.160355,22.0,-59.16035461425781
2023-06-20 00:00:00,91.71867,30.0,-61.71867370605469
2023-06-20 03:00:00,85.18714,37.0,-48.18714141845703
2023-06-20 06:00:00,64.886536,31.0,-33.88653564453125
2023-06-20 09:00:00,48.05952,16.0,-32.05952072143555
2023-06-20 12:00:00,46.997684,18.0,-28.997684478759766
2023-06-20 15:00:00,54.758743,19.0,-35.75874328613281
2023-06-20 18:00:00,76.32218,47.0,-29.322181701660156
2023-06-20 21:00:00,72.65635,48.0,-24.656349182128906
2023-06-21 00:00:00,37.076233,36.0,-1.07623291015625
2023-06-21 03:00:00,48.689686,25.0,-23.689685821533203
2023-06-21 06:00:00,52.30072,13.0,-39.30072021484375
2023-06-21 09:00:00,46.95244,10.0,-36.95243835449219
2023-06-21 12:00:00,61.641457,17.0,-44.641456604003906
2023-06-21 15:00:00,80.96958,17.0,-63.969581604003906
2023-06-21 18:00:00,106.485344,24.0,-82.48534393310547
2023-06-21 21:00:00,109.70871,48.0,-61.708709716796875
2023-06-22 00:00:00,99.76611,32.0,-67.76611328125
2023-06-22 03:00:00,93.53903,24.0,-69.53903198242188
2023-06-22 06:00:00,79.82066,30.0,-49.82066345214844
2023-06-22 09:00:00,56.334103,15.0,-41.334102630615234
2023-06-22 12:00:00,40.604618,17.0,-23.604618072509766
2023-06-22 15:00:00,46.86967,9.0,-37.86967086791992
2023-06-22 18:00:00,72.65703,11.0,-61.65702819824219
2023-06-22 21:00:00,75.2143,19.0,-56.21430206298828
2023-06-23 00:00:00,64.04752,17.0,-47.047523498535156
2023-06-23 03:00:00,65.3215,31.0,-34.321502685546875
2023-06-23 06:00:00,51.556526,25.0,-26.55652618408203
2023-06-23 09:00:00,26.551788,14.0,-12.551788330078125
2023-06-23 12:00:00,42.458622,17.0,-25.458621978759766
2023-06-23 15:00:00,50.959442,11.0,-39.959442138671875
2023-06-23 18:00:00,74.38087,11.0,-63.38086700439453
2023-06-23 21:00:00,66.98519,10.0,-56.985191345214844
2023-06-24 00:00:00,34.692677,20.0,-14.692676544189453
2023-06-24 03:00:00,42.030933,27.0,-15.030933380126953
2023-06-24 06:00:00,38.269947,25.0,-13.269947052001953
2023-06-24 09:00:00,32.889374,20.0,-12.889373779296875
2023-06-24 12:00:00,34.849792,17.0,-17.84979248046875
2023-06-24 15:00:00,50.262997,16.0,-34.262996673583984
2023-06-24 18:00:00,80.73266,16.0,-64.73265838623047
2023-06-24 21:00:00,74.288666,23.0,-51.288665771484375
2023-06-25 00:00:00,54.685528,33.0,-21.685527801513672
2023-06-25 03:00:00,45.384808,29.0,-16.384807586669922
2023-06-25 06:00:00,34.92096,66.0,31.07904052734375
2023-06-25 09:00:00,40.43693,17.0,-23.436931610107422
2023-06-25 12:00:00,57.75678,43.0,-14.756778717041016
2023-06-25 15:00:00,81.04417,191.0,109.9558334350586
2023-06-25 18:00:00,115.69341,41.0,-74.69341278076172
2023-06-25 21:00:00,127.58665,73.0,-54.586647033691406
2023-06-26 00:00:00,118.090614,49.0,-69.09061431884766
2023-06-26 03:00:00,107.18554,21.0,-86.18553924560547
2023-06-26 06:00:00,75.41144,21.0,-54.41143798828125
2023-06-26 09:00:00,40.502754,29.0,-11.502754211425781
2023-06-26 12:00:00,47.78542,17.0,-30.785419464111328
2023-06-26 15:00:00,67.73803,100.0,32.26197052001953
2023-06-26 18:00:00,115.76162,75.0,-40.761619567871094
2023-06-26 21:00:00,133.11955,62.0,-71.11955261230469
2023-06-27 00:00:00,91.647964,29.0,-62.64796447753906
2023-06-27 03:00:00,74.14815,28.0,-46.14814758300781
2023-06-27 06:00:00,65.15734,21.0,-44.15734100341797
2023-06-27 09:00:00,43.212593,15.0,-28.21259307861328
2023-06-27 12:00:00,36.054188,12.0,-24.054187774658203
2023-06-27 15:00:00,49.850086,11.0,-38.8500862121582
2023-06-27 18:00:00,77.72178,22.0,-55.721778869628906
2023-06-27 21:00:00,74.35665,35.0,-39.356651306152344
2023-06-28 00:00:00,54.99669,25.0,-29.996688842773438
2023-06-28 03:00:00,58.75586,20.0,-38.755859375
2023-06-28 06:00:00,47.627964,19.0,-28.62796401977539
2023-06-28 09:00:00,32.57014,19.0,-13.570140838623047
2023-06-28 12:00:00,43.43201,15.0,-28.432010650634766
2023-06-28 15:00:00,65.3713,10.0,-55.371299743652344
2023-06-28 18:00:00,103.495834,26.0,-77.49583435058594
2023-06-28 21:00:00,111.4621,18.0,-93.46209716796875
2023-06-29 00:00:00,61.653282,23.0,-38.653282165527344
2023-06-29 03:00:00,60.409206,17.0,-43.40920639038086
2023-06-29 06:00:00,56.052612,15.0,-41.0526123046875
2023-06-29 09:00:00,49.01517,15.0,-34.01517105102539
2023-06-29 12:00:00,40.09826,11.0,-29.09825897216797
2023-06-29 15:00:00,52.92418,16.0,-36.92417907714844
2023-06-29 18:00:00,79.96141,12.0,-67.96141052246094
2023-06-29 21:00:00,80.53723,32.0,-48.5372314453125
2023-06-30 00:00:00,68.471306,22.0,-46.47130584716797
2023-06-30 03:00:00,72.45671,16.0,-56.45671081542969
2023-06-30 06:00:00,60.98196,31.0,-29.98196029663086
2023-06-30 09:00:00,33.87845,16.0,-17.878448486328125
2023-06-30 12:00:00,45.27169,14.0,-31.271690368652344
2023-06-30 15:00:00,62.543903,12.0,-50.54390335083008
2023-06-30 21:00:00,79.50552,27.0,-52.505523681640625
2023-07-01 00:00:00,57.137184,30.0,-27.137184143066406
2023-07-01 03:00:00,50.71047,44.0,-6.710468292236328
2023-07-01 06:00:00,43.852425,30.0,-13.852424621582031
2023-07-01 09:00:00,37.867493,14.0,-23.86749267578125
2023-07-01 12:00:00,42.527744,18.0,-24.52774429321289
2023-07-01 15:00:00,51.958523,8.0,-43.95852279663086
2023-07-01 18:00:00,77.49782,19.0,-58.49781799316406
2023-07-01 21:00:00,76.17837,34.0,-42.178367614746094
2023-07-02 00:00:00,74.48557,27.0,-47.485572814941406
2023-07-03 09:00:00,31.16952,20.0,-11.169519424438477
2023-07-03 12:00:00,45.80397,35.0,-10.803970336914062
2023-07-03 15:00:00,68.7703,16.0,-52.770301818847656
2023-07-03 18:00:00,93.12634,23.0,-70.1263427734375
2023-07-03 21:00:00,76.73089,30.0,-46.73088836669922
2023-07-04 00:00:00,59.122158,21.0,-38.12215805053711
2023-07-04 03:00:00,50.770267,14.0,-36.770267486572266
2023-07-04 06:00:00,49.585197,28.0,-21.58519744873047
2023-07-04 09:00:00,52.3778,31.0,-21.37779998779297
2023-07-04 12:00:00,49.997654,48.0,-1.9976539611816406
2023-07-04 15:00:00,63.654854,130.0,66.34514617919922
2023-07-04 18:00:00,100.61831,122.0,21.381690979003906
2023-07-04 21:00:00,111.45084,38.0,-73.45084381103516
2023-07-05 00:00:00,105.98888,20.0,-85.98887634277344
2023-07-05 03:00:00,108.31673,19.0,-89.31672668457031
2023-07-05 06:00:00,91.235504,27.0,-64.23550415039062
2023-07-05 09:00:00,51.30255,32.0,-19.30255126953125
2023-07-05 12:00:00,45.55295,20.0,-25.55295181274414
2023-07-05 15:00:00,58.671047,54.0,-4.671047210693359
2023-07-05 18:00:00,103.42205,96.0,-7.422050476074219
2023-07-05 21:00:00,137.33325,22.0,-115.333251953125
2023-07-06 00:00:00,125.38135,16.0,-109.38134765625
2023-07-06 03:00:00,123.988,25.0,-98.98799896240234
2023-07-06 06:00:00,103.3975,27.0,-76.39749908447266
2023-07-06 09:00:00,57.94186,22.0,-35.94186019897461
2023-07-06 12:00:00,39.7813,23.0,-16.781299591064453
2023-07-06 15:00:00,48.710262,27.0,-21.710262298583984
2023-07-06 18:00:00,87.27329,39.0,-48.273292541503906
2023-07-06 21:00:00,114.118164,42.0,-72.1181640625
2023-07-07 03:00:00,109.820465,23.0,-86.82046508789062
2023-07-07 06:00:00,101.3625,29.0,-72.36250305175781
2023-07-07 09:00:00,69.03246,37.0,-32.03246307373047
2023-07-07 12:00:00,60.71605,36.0,-24.716049194335938
2023-07-07 15:00:00,63.57095,30.0,-33.57094955444336
2023-07-07 18:00:00,92.14295,42.0,-50.14295196533203
2023-07-07 21:00:00,110.112976,20.0,-90.11297607421875
2023-07-08 00:00:00,76.60208,9.0,-67.60208129882812
2023-07-08 03:00:00,72.03698,7.0,-65.03697967529297
2023-07-08 06:00:00,62.40498,30.0,-32.40497970581055
2023-07-08 09:00:00,52.011726,41.0,-11.011726379394531
2023-07-08 12:00:00,46.99814,44.0,-2.998138427734375
2023-07-08 15:00:00,48.0361,34.0,-14.03609848022461
2023-07-08 18:00:00,77.504524,21.0,-56.50452423095703
2023-07-08 21:00:00,74.63995,21.0,-53.63995361328125
2023-07-09 00:00:00,74.13428,35.0,-39.13427734375
2023-07-09 03:00:00,74.07266,33.0,-41.072662353515625
2023-07-09 06:00:00,69.54724,39.0,-30.5472412109375
2023-07-09 09:00:00,34.873665,19.0,-15.873664855957031
2023-07-09 12:00:00,47.965385,20.0,-27.96538543701172
2023-07-09 15:00:00,57.89616,18.0,-39.89616012573242
2023-07-09 18:00:00,82.22969,31.0,-51.22969055175781
2023-07-09 21:00:00,78.125824,29.0,-49.125823974609375
2023-07-10 00:00:00,59.29621,30.0,-29.29621124267578
2023-07-10 03:00:00,71.8826,52.0,-19.882598876953125
2023-07-10 06:00:00,51.864616,24.0,-27.86461639404297
2023-07-10 09:00:00,28.615433,21.0,-7.6154327392578125
2023-07-10 12:00:00,32.154274,16.0,-16.154273986816406
2023-07-10 15:00:00,34.25748,20.0,-14.25748062133789
2023-07-10 18:00:00,44.100033,27.0,-17.100032806396484
2023-07-10 21:00:00,53.149734,21.0,-32.14973449707031
2023-07-11 00:00:00,45.83501,49.0,3.164989471435547
2023-07-11 03:00:00,63.83675,40.0,-23.836750030517578
2023-07-11 06:00:00,62.966137,36.0,-26.966136932373047
2023-07-11 09:00:00,43.976116,41.0,-2.976116180419922
2023-07-11 12:00:00,32.81707,45.0,12.182929992675781
2023-07-11 15:00:00,45.099113,21.0,-24.09911346435547
2023-07-11 18:00:00,73.6361,39.0,-34.63610076904297
2023-07-11 21:00:00,77.250885,33.0,-44.250885009765625
2023-07-12 00:00:00,54.618908,50.0,-4.618907928466797
2023-07-12 03:00:00,63.004562,28.0,-35.00456237792969
2023-07-12 06:00:00,58.872955,32.0,-26.872955322265625
2023-07-12 09:00:00,38.42797,31.0,-7.427970886230469
2023-07-12 12:00:00,47.07772,37.0,-10.077720642089844
2023-07-12 15:00:00,77.31432,43.0,-34.31432342529297
2023-07-12 18:00:00,114.64454,230.0,115.35546112060547
2023-07-12 21:00:00,107.80582,228.0,120.19418334960938
2023-07-13 00:00:00,95.46295,20.0,-75.46295166015625
2023-07-13 03:00:00,100.72881,26.0,-74.72881317138672
2023-07-13 06:00:00,80.478004,25.0,-55.478004455566406
2023-07-13 09:00:00,50.710243,22.0,-28.710243225097656
2023-07-13 12:00:00,48.572018,74.0,25.427982330322266
2023-07-13 15:00:00,60.023468,74.0,13.976531982421875
2023-07-13 18:00:00,93.899414,54.0,-39.8994140625
2023-07-13 21:00:00,119.33571,43.0,-76.33570861816406
2023-07-14 06:00:00,119.26841,30.0,-89.2684097290039
2023-07-15 00:00:00,69.66411,17.0,-52.66410827636719
2023-07-15 03:00:00,71.85167,19.0,-52.85166931152344
2023-07-15 06:00:00,65.17189,30.0,-35.17189025878906
2023-07-15 09:00:00,55.03148,41.0,-14.031478881835938
2023-07-15 12:00:00,43.487034,52.0,8.51296615600586
2023-07-15 15:00:00,51.297775,48.0,-3.2977752685546875
2023-07-15 18:00:00,80.21812,54.0,-26.218116760253906
2023-07-15 21:00:00,85.31515,35.0,-50.315147399902344
2023-07-16 00:00:00,92.00426,20.0,-72.00425720214844
2023-07-16 03:00:00,85.03776,30.0,-55.037757873535156
2023-07-16 06:00:00,71.12658,38.0,-33.12657928466797
2023-07-16 09:00:00,44.60526,25.0,-19.60525894165039
2023-07-16 12:00:00,38.148754,33.0,-5.148754119873047
2023-07-16 15:00:00,45.765774,27.0,-18.76577377319336
2023-07-16 18:00:00,68.23143,22.0,-46.23143005371094
2023-07-16 21:00:00,66.14755,22.0,-44.147552490234375
2023-07-17 00:00:00,56.468254,19.0,-37.46825408935547
2023-07-17 03:00:00,63.0273,16.0,-47.02730178833008
2023-07-17 06:00:00,56.13788,29.0,-27.13787841796875
2023-07-17 09:00:00,33.216564,24.0,-9.216564178466797
2023-07-17 12:00:00,28.984005,29.0,0.015995025634765625
2023-07-17 15:00:00,40.83495,9.0,-31.834949493408203
2023-07-17 18:00:00,66.12072,18.0,-48.12071990966797
2023-07-17 21:00:00,67.7112,48.0,-19.711196899414062
2023-07-18 00:00:00,54.07867,31.0,-23.078670501708984
2023-07-18 03:00:00,63.025253,53.0,-10.025253295898438
2023-07-18 06:00:00,44.95655,32.0,-12.956550598144531
2023-07-18 09:00:00,29.499916,31.0,1.5000839233398438
2023-07-18 12:00:00,16.992544,33.0,16.007455825805664
2023-07-18 15:00:00,26.598627,29.0,2.4013729095458984
2023-07-18 18:00:00,63.979313,29.0,-34.979312896728516
2023-07-18 21:00:00,87.09663,20.0,-67.09662628173828
2023-07-19 00:00:00,95.58403,20.0,-75.58403015136719
2023-07-19 03:00:00,92.940125,28.0,-64.94012451171875
2023-07-19 06:00:00,74.92053,35.0,-39.9205322265625
2023-07-19 09:00:00,34.895947,23.0,-11.895946502685547
2023-07-19 12:00:00,30.499222,15.0,-15.499221801757812
2023-07-19 15:00:00,40.9068,13.0,-27.90679931640625
2023-07-19 18:00:00,66.81853,6.0,-60.81852722167969
2023-07-19 21:00:00,66.444496,11.0,-55.444496154785156
2023-07-20 00:00:00,48.32998,29.0,-19.329978942871094
2023-07-20 03:00:00,43.06014,20.0,-23.060138702392578
2023-07-20 06:00:00,24.00202,29.0,4.997980117797852
2023-07-20 09:00:00,17.814728,22.0,4.185272216796875
2023-07-20 12:00:00,26.161615,13.0,-13.161615371704102
2023-07-20 15:00:00,33.594006,16.0,-17.594005584716797
2023-07-20 18:00:00,60.6492,38.0,-22.649200439453125
2023-07-20 21:00:00,65.26307,31.0,-34.26306915283203
2023-07-21 00:00:00,46.139576,23.0,-23.139575958251953
2023-07-21 03:00:00,59.562355,25.0,-34.562355041503906
2023-07-21 06:00:00,68.33989,1.0,-67.33988952636719
2023-07-21 09:00:00,40.84336,42.0,1.1566390991210938
2023-07-21 12:00:00,33.31593,29.0,-4.315929412841797
2023-07-21 15:00:00,45.299656,12.0,-33.29965591430664
2023-07-21 18:00:00,78.133095,14.0,-64.13309478759766
2023-07-21 21:00:00,88.96768,129.0,40.032318115234375
2023-07-22 00:00:00,74.81844,19.0,-55.818443298339844
2023-07-22 03:00:00,65.422226,17.0,-48.42222595214844
2023-07-22 06:00:00,50.910557,20.0,-30.91055679321289
2023-07-22 09:00:00,33.428932,28.0,-5.428932189941406
2023-07-22 12:00:00,34.864117,12.0,-22.864116668701172
2023-07-22 15:00:00,47.461983,140.0,92.53801727294922
2023-07-22 18:00:00,82.03983,22.0,-60.039833068847656
2023-07-22 21:00:00,92.68365,171.0,78.31635284423828
2023-07-23 00:00:00,80.89296,40.0,-40.89295959472656
2023-07-23 03:00:00,82.48207,23.0,-59.48207092285156
2023-07-23 06:00:00,81.01756,15.0,-66.01756286621094
2023-07-23 09:00:00,54.802967,26.0,-28.802967071533203
2023-07-23 12:00:00,47.071354,25.0,-22.071353912353516
2023-07-23 15:00:00,59.23016,19.0,-40.230159759521484
2023-07-23 18:00:00,88.245544,14.0,-74.24554443359375
2023-07-23 21:00:00,95.179756,33.0,-62.17975616455078
2023-07-24 00:00:00,87.63914,22.0,-65.6391372680664
2023-07-24 03:00:00,92.436264,24.0,-68.43626403808594
2023-07-24 06:00:00,74.79207,6.0,-68.79206848144531
2023-07-24 09:00:00,39.158524,30.0,-9.158523559570312
2023-07-24 12:00:00,38.207874,21.0,-17.207874298095703
2023-07-24 15:00:00,54.86345,8.0,-46.86344909667969
2023-07-24 18:00:00,86.09345,9.0,-77.09345245361328
2023-07-24 21:00:00,90.1,37.0,-53.099998474121094
2023-07-25 00:00:00,68.79463,24.0,-44.79463195800781
2023-07-25 03:00:00,78.16152,35.0,-43.161521911621094
2023-07-25 06:00:00,63.599144,61.0,-2.5991439819335938
2023-07-25 09:00:00,41.519115,41.0,-0.5191154479980469
2023-07-25 12:00:00,33.988274,25.0,-8.988273620605469
2023-07-25 15:00:00,33.1047,28.0,-5.104698181152344
2023-07-25 18:00:00,62.13054,30.0,-32.13053894042969
2023-07-25 21:00:00,68.51201,21.0,-47.51200866699219
2023-07-26 00:00:00,130.04205,40.0,-90.04205322265625
2023-07-26 03:00:00,140.15234,40.0,-100.15234375
2023-07-26 06:00:00,117.28798,64.0,-53.28797912597656
2023-07-26 09:00:00,80.27467,36.0,-44.27467346191406
2023-07-26 12:00:00,54.53103,34.0,-20.531028747558594
2023-07-26 15:00:00,56.75588,22.0,-34.75587844848633
2023-07-26 18:00:00,86.57696,36.0,-50.57695770263672
2023-07-26 21:00:00,99.73508,35.0,-64.73507690429688
2023-07-27 00:00:00,44.73577,57.0,12.264228820800781
2023-07-27 03:00:00,54.90574,35.0,-19.905738830566406
2023-07-27 06:00:00,31.385752,28.0,-3.385751724243164
2023-07-27 09:00:00,21.32765,31.0,9.67234992980957
2023-07-27 12:00:00,35.352287,31.0,-4.352287292480469
2023-07-27 15:00:00,41.09006,23.0,-18.09006118774414
2023-07-27 18:00:00,70.99061,27.0,-43.99060821533203
2023-07-27 21:00:00,70.88238,44.0,-26.88237762451172
2023-07-28 00:00:00,65.57548,32.0,-33.575477600097656
2023-07-28 03:00:00,68.82442,30.0,-38.82441711425781
2023-07-28 06:00:00,62.921574,34.0,-28.921573638916016
2023-07-28 09:00:00,33.888226,21.0,-12.888225555419922
2023-07-28 12:00:00,44.069565,18.0,-26.069564819335938
2023-07-28 15:00:00,61.244236,16.0,-45.24423599243164
2023-07-28 18:00:00,90.193,24.0,-66.19300079345703
2023-07-28 21:00:00,87.28375,40.0,-47.28375244140625
2023-07-29 00:00:00,83.47661,28.0,-55.47660827636719
2023-07-29 03:00:00,90.06089,20.0,-70.0608901977539
2023-07-29 06:00:00,80.57418,27.0,-53.574180603027344
2023-07-29 09:00:00,51.65339,30.0,-21.65338897705078
2023-07-29 12:00:00,33.92688,16.0,-17.9268798828125
2023-07-29 15:00:00,51.153393,38.0,-13.153392791748047
2023-07-29 18:00:00,88.10844,44.0,-44.108436584472656
2023-07-29 21:00:00,98.89664,37.0,-61.896636962890625
2023-07-30 00:00:00,100.798164,31.0,-69.79816436767578
2023-07-30 03:00:00,109.85241,33.0,-76.85240936279297
2023-07-30 06:00:00,101.64013,33.0,-68.64012908935547
2023-07-30 09:00:00,56.937553,33.0,-23.93755340576172
2023-07-30 12:00:00,54.611065,22.0,-32.61106491088867
2023-07-30 15:00:00,61.033916,22.0,-39.03391647338867
2023-07-30 18:00:00,91.12137,22.0,-69.12136840820312
2023-07-30 21:00:00,94.95034,27.0,-67.9503402709961
2023-07-31 00:00:00,84.21216,22.0,-62.212158203125
2023-07-31 03:00:00,81.8477,23.0,-58.84770202636719
2023-07-31 06:00:00,71.28983,25.0,-46.289833068847656
2023-07-31 09:00:00,44.125954,29.0,-15.125953674316406
2023-07-31 12:00:00,54.4444,17.0,-37.444400787353516
2023-07-31 15:00:00,56.74656,19.0,-37.746559143066406
2023-07-31 18:00:00,84.91247,18.0,-66.91246795654297
2023-07-31 21:00:00,89.53657,4.0,-85.53656768798828
2023-08-01 00:00:00,50.692505,16.0,-34.6925048828125
2023-08-01 03:00:00,48.228683,30.0,-18.228683471679688
2023-08-01 06:00:00,35.69039,35.0,-0.6903915405273438
2023-08-01 09:00:00,22.633457,30.0,7.366542816162109
2023-08-01 12:00:00,25.589998,33.0,7.410001754760742
2023-08-01 15:00:00,39.71968,26.0,-13.719680786132812
2023-08-01 18:00:00,85.283775,26.0,-59.283775329589844
2023-08-01 21:00:00,107.67849,38.0,-69.6784896850586
2023-08-02 00:00:00,86.65779,19.0,-67.65779113769531
2023-08-02 03:00:00,101.67412,21.0,-80.67411804199219
2023-08-02 06:00:00,96.49398,21.0,-75.49398040771484
2023-08-02 09:00:00,55.798637,26.0,-29.79863739013672
2023-08-02 12:00:00,45.924934,24.0,-21.92493438720703
2023-08-02 15:00:00,60.440014,21.0,-39.44001388549805
2023-08-02 18:00:00,96.29446,27.0,-69.2944564819336
2023-08-02 21:00:00,85.23824,21.0,-64.23824310302734
2023-08-03 00:00:00,30.20648,24.0,-6.206480026245117
2023-08-03 03:00:00,36.12672,32.0,-4.126720428466797
2023-08-03 06:00:00,42.520016,32.0,-10.520015716552734
2023-08-03 09:00:00,36.557823,38.0,1.4421768188476562
2023-08-03 12:00:00,40.289707,45.0,4.710292816162109
2023-08-03 15:00:00,64.59209,148.0,83.40791320800781
2023-08-03 18:00:00,89.52395,62.0,-27.523948669433594
2023-08-03 21:00:00,85.93997,52.0,-33.939971923828125
2023-08-04 00:00:00,106.73057,56.0,-50.730567932128906
2023-08-04 03:00:00,118.682236,21.0,-97.68223571777344
2023-08-04 06:00:00,104.16056,29.0,-75.16056060791016
2023-08-04 09:00:00,60.189903,16.0,-44.189903259277344
2023-08-04 12:00:00,62.09757,28.0,-34.09756851196289
2023-08-04 15:00:00,78.85137,10.0,-68.85137176513672
2023-08-04 18:00:00,112.90922,31.0,-81.90921783447266
2023-08-04 21:00:00,118.95077,41.0,-77.95076751708984
2023-08-05 00:00:00,86.582985,23.0,-63.582984924316406
2023-08-05 03:00:00,85.417694,19.0,-66.41769409179688
2023-08-05 06:00:00,77.33411,23.0,-54.3341064453125
2023-08-05 09:00:00,59.90569,20.0,-39.90568923950195
2023-08-05 12:00:00,52.410995,22.0,-30.410995483398438
2023-08-05 15:00:00,62.95613,24.0,-38.95613098144531
2023-08-05 18:00:00,87.35606,18.0,-69.3560562133789
2023-08-05 21:00:00,88.6846,36.0,-52.684600830078125
2023-08-06 00:00:00,48.846233,20.0,-28.846233367919922
2023-08-06 03:00:00,49.224583,18.0,-31.22458267211914
2023-08-06 06:00:00,47.86375,33.0,-14.863750457763672
2023-08-06 09:00:00,38.09373,23.0,-15.093730926513672
2023-08-06 12:00:00,41.757404,32.0,-9.757404327392578
2023-08-06 15:00:00,49.29916,29.0,-20.29916000366211
2023-08-06 18:00:00,70.028366,15.0,-55.02836608886719
2023-08-06 21:00:00,67.96654,10.0,-57.96653747558594
2023-08-07 00:00:00,63.510696,15.0,-48.51069641113281
2023-08-07 03:00:00,73.99331,0.0,-73.9933090209961
2023-08-07 06:00:00,71.82552,11.0,-60.825523376464844
2023-08-07 09:00:00,43.107094,38.0,-5.107093811035156
2023-08-07 12:00:00,39.48935,16.0,-23.489349365234375
2023-08-07 15:00:00,54.538303,17.0,-37.53830337524414
2023-08-07 18:00:00,90.275986,13.0,-77.27598571777344
2023-08-07 21:00:00,109.819664,27.0,-82.81966400146484
2023-08-08 00:00:00,114.43103,49.0,-65.4310302734375
2023-08-08 03:00:00,119.51738,58.0,-61.51737976074219
2023-08-08 06:00:00,107.01274,26.0,-81.01274108886719
2023-08-08 09:00:00,73.70886,27.0,-46.7088623046875
2023-08-08 12:00:00,48.117046,25.0,-23.117046356201172
2023-08-08 15:00:00,54.397106,20.0,-34.3971061706543
2023-08-08 18:00:00,95.34301,21.0,-74.34300994873047
2023-08-08 21:00:00,104.19217,25.0,-79.19216918945312
2023-08-09 00:00:00,94.00662,11.0,-83.00662231445312
2023-08-09 03:00:00,102.0328,12.0,-90.03279876708984
2023-08-09 06:00:00,99.85115,8.0,-91.85115051269531
2023-08-09 09:00:00,81.08168,51.0,-30.081680297851562
2023-08-09 12:00:00,66.55341,40.0,-26.55341339111328
2023-08-09 15:00:00,69.59067,41.0,-28.590667724609375
2023-08-09 18:00:00,89.523834,29.0,-60.523834228515625
2023-08-09 21:00:00,97.36163,32.0,-65.36163330078125
2023-08-10 00:00:00,84.90724,29.0,-55.90724182128906
2023-08-10 03:00:00,105.71807,35.0,-70.71807098388672
2023-08-10 06:00:00,65.42666,52.0,-13.426658630371094
2023-08-10 09:00:00,43.656086,49.0,5.343914031982422
2023-08-10 12:00:00,47.52633,54.0,6.473670959472656
2023-08-10 15:00:00,52.65815,47.0,-5.658149719238281
2023-08-10 18:00:00,80.11875,33.0,-47.118751525878906
2023-08-10 21:00:00,91.48585,54.0,-37.48584747314453
2023-08-11 00:00:00,76.09492,40.0,-36.09491729736328
2023-08-11 03:00:00,98.86333,44.0,-54.86332702636719
2023-08-11 06:00:00,71.4972,47.0,-24.49720001220703
2023-08-11 09:00:00,54.797512,59.0,4.202487945556641
2023-08-11 12:00:00,61.989113,59.0,-2.9891128540039062
2023-08-11 15:00:00,66.00931,69.0,2.990692138671875
2023-08-11 18:00:00,84.45045,60.0,-24.45044708251953
2023-08-11 21:00:00,89.80965,74.0,-15.809646606445312
2023-08-12 00:00:00,119.58639,62.0,-57.586387634277344
2023-08-12 03:00:00,117.320045,65.0,-52.320045471191406
2023-08-12 06:00:00,96.587204,62.0,-34.58720397949219
2023-08-12 09:00:00,58.968906,80.0,21.03109359741211
2023-08-12 12:00:00,44.492252,74.0,29.507747650146484
2023-08-12 15:00:00,51.263668,72.0,20.736331939697266
2023-08-12 18:00:00,82.40818,63.0,-19.408180236816406
2023-08-12 21:00:00,96.41167,70.0,-26.411666870117188
2023-08-13 00:00:00,99.41732,61.0,-38.417320251464844
2023-08-13 03:00:00,104.7797,64.0,-40.779701232910156
2023-08-13 06:00:00,92.278015,76.0,-16.27801513671875
2023-08-13 09:00:00,39.72127,88.0,48.27872848510742
2023-08-13 12:00:00,58.666046,37.0,-21.666046142578125
2023-08-13 15:00:00,65.07014,50.0,-15.070137023925781
2023-08-13 18:00:00,101.39524,67.0,-34.395240783691406
2023-08-13 21:00:00,102.1491,57.0,-45.14910125732422
2023-08-14 00:00:00,107.72862,72.0,-35.72862243652344
2023-08-14 03:00:00,113.84714,82.0,-31.847137451171875
2023-08-14 06:00:00,111.57454,80.0,-31.574539184570312
2023-08-14 09:00:00,40.199665,62.0,21.800334930419922
2023-08-14 12:00:00,26.539965,31.0,4.46003532409668
2023-08-14 15:00:00,37.819065,30.0,-7.819065093994141
2023-08-14 18:00:00,64.5764,24.0,-40.57640075683594
2023-08-14 21:00:00,93.782776,23.0,-70.78277587890625
2023-08-15 00:00:00,113.319855,31.0,-82.31985473632812
2023-08-15 03:00:00,135.68274,40.0,-95.6827392578125
2023-08-15 06:00:00,89.14981,42.0,-47.149810791015625
2023-08-15 09:00:00,22.669382,37.0,14.330617904663086
2023-08-15 12:00:00,27.165697,35.0,7.83430290222168
2023-08-15 15:00:00,35.50849,32.0,-3.5084915161132812
2023-08-15 18:00:00,55.861393,27.0,-28.861392974853516
2023-08-15 21:00:00,76.64312,35.0,-41.64311981201172
2023-08-16 00:00:00,126.85973,45.0,-81.85973358154297
2023-08-16 03:00:00,136.40556,44.0,-92.40556335449219
2023-08-16 06:00:00,113.82121,39.0,-74.82121276855469
2023-08-16 09:00:00,64.37335,60.0,-4.37335205078125
2023-08-16 12:00:00,53.092434,63.0,9.90756607055664
2023-08-16 15:00:00,62.207848,51.0,-11.207847595214844
2023-08-16 18:00:00,75.685196,60.0,-15.685195922851562
2023-08-16 21:00:00,85.14712,46.0,-39.147117614746094
2023-08-17 00:00:00,83.885086,53.0,-30.885086059570312
2023-08-17 03:00:00,73.613594,52.0,-21.61359405517578
2023-08-17 06:00:00,64.3181,57.0,-7.3180999755859375
2023-08-17 09:00:00,64.93156,71.0,6.068443298339844
2023-08-17 12:00:00,64.712364,55.0,-9.712364196777344
2023-08-17 15:00:00,78.6913,50.0,-28.691299438476562
2023-08-17 18:00:00,91.96526,55.0,-36.96526336669922
2023-08-17 21:00:00,101.65058,42.0,-59.65058135986328
2023-08-18 00:00:00,130.40381,40.0,-90.40380859375
2023-08-18 03:00:00,139.20851,38.0,-101.20851135253906
2023-08-18 06:00:00,154.49474,46.0,-108.49473571777344
2023-08-18 12:00:00,147.0271,57.0,-90.027099609375
2023-08-18 15:00:00,141.87663,59.0,-82.87663269042969
2023-08-18 18:00:00,133.02371,64.0,-69.02371215820312
2023-08-18 21:00:00,128.07823,37.0,-91.07823181152344
2023-08-19 00:00:00,142.21564,36.0,-106.21563720703125
2023-08-19 03:00:00,146.59622,38.0,-108.59622192382812
2023-08-19 06:00:00,145.0942,54.0,-91.09419250488281
2023-08-19 09:00:00,122.10353,39.0,-83.10353088378906
2023-08-19 12:00:00,88.78669,40.0,-48.78668975830078
2023-08-19 15:00:00,89.215515,37.0,-52.21551513671875
2023-08-19 18:00:00,115.23474,46.0,-69.2347412109375
2023-08-19 21:00:00,125.42148,53.0,-72.42147827148438
2023-08-20 00:00:00,127.57948,65.0,-62.57948303222656
2023-08-20 03:00:00,146.1392,48.0,-98.13920593261719
2023-08-20 06:00:00,146.63055,57.0,-89.63055419921875
2023-08-20 09:00:00,90.503815,60.0,-30.503814697265625
2023-08-20 12:00:00,73.970116,51.0,-22.970115661621094
2023-08-20 15:00:00,91.34237,57.0,-34.342369079589844
2023-08-20 18:00:00,104.21263,67.0,-37.21263122558594
2023-08-20 21:00:00,105.66328,83.0,-22.66327667236328
2023-08-21 00:00:00,114.76675,53.0,-61.766746520996094
2023-08-21 03:00:00,132.95403,57.0,-75.95402526855469
2023-08-21 06:00:00,136.86122,68.0,-68.86122131347656
2023-08-21 09:00:00,121.77838,54.0,-67.77838134765625
2023-08-21 12:00:00,134.04883,49.0,-85.048828125
2023-08-21 15:00:00,136.48174,69.0,-67.48173522949219
2023-08-21 18:00:00,136.33087,83.0,-53.33087158203125
2023-08-21 21:00:00,127.72659,79.0,-48.726593017578125
2023-08-22 00:00:00,115.54744,80.0,-35.54743957519531
2023-08-22 03:00:00,122.50075,77.0,-45.50074768066406
2023-08-22 06:00:00,121.125595,72.0,-49.12559509277344
2023-08-22 09:00:00,83.24764,83.0,-0.24764251708984375
2023-08-22 12:00:00,57.999386,92.0,34.000614166259766
2023-08-22 15:00:00,63.197147,63.0,-0.19714736938476562
2023-08-22 18:00:00,85.58436,59.0,-26.58435821533203
2023-08-22 21:00:00,91.681046,89.0,-2.6810455322265625
2023-08-23 00:00:00,99.11332,97.0,-2.1133193969726562
2023-08-23 03:00:00,107.25034,88.0,-19.250343322753906
2023-08-23 06:00:00,100.182205,81.0,-19.182205200195312
2023-08-23 09:00:00,61.833817,57.0,-4.8338165283203125
2023-08-23 12:00:00,56.863655,58.0,1.1363449096679688
2023-08-23 15:00:00,70.1732,38.0,-32.17320251464844
2023-08-23 18:00:00,110.96381,72.0,-38.96381378173828
2023-08-23 21:00:00,96.302414,72.0,-24.302413940429688
2023-08-24 00:00:00,83.53004,62.0,-21.53003692626953
2023-08-24 03:00:00,77.489746,65.0,-12.48974609375
2023-08-24 06:00:00,73.08313,45.0,-28.0831298828125
2023-08-24 09:00:00,43.944283,38.0,-5.944282531738281
2023-08-24 12:00:00,24.906967,33.0,8.093032836914062
2023-08-24 15:00:00,39.839504,23.0,-16.83950424194336
2023-08-24 18:00:00,84.03049,22.0,-62.030487060546875
2023-08-24 21:00:00,76.18064,19.0,-57.180641174316406
2023-08-25 00:00:00,75.860954,20.0,-55.86095428466797
2023-08-25 03:00:00,78.356834,17.0,-61.356834411621094
2023-08-25 06:00:00,63.201126,21.0,-42.20112609863281
2023-08-25 09:00:00,44.57411,23.0,-21.574108123779297
2023-08-25 12:00:00,47.68367,18.0,-29.683670043945312
2023-08-25 15:00:00,68.51633,19.0,-49.516326904296875
2023-08-25 18:00:00,107.50409,74.0,-33.50408935546875
2023-08-25 21:00:00,102.2728,42.0,-60.272796630859375
2023-08-26 00:00:00,87.10129,113.0,25.898712158203125
2023-08-26 03:00:00,98.604576,36.0,-62.604576110839844
2023-08-26 06:00:00,100.60421,13.0,-87.60420989990234
2023-08-26 09:00:00,68.53634,34.0,-34.536338806152344
2023-08-26 12:00:00,52.653378,26.0,-26.653377532958984
2023-08-26 15:00:00,79.45096,17.0,-62.450958251953125
2023-08-26 18:00:00,111.03304,15.0,-96.03304290771484
2023-08-26 21:00:00,109.434265,31.0,-78.43426513671875
2023-08-27 00:00:00,85.01513,68.0,-17.01512908935547
2023-08-27 03:00:00,82.65692,31.0,-51.65692138671875
2023-08-27 06:00:00,62.527306,26.0,-36.527305603027344
2023-08-27 09:00:00,44.247826,30.0,-14.247825622558594
2023-08-27 12:00:00,45.476555,22.0,-23.47655487060547
2023-08-27 15:00:00,60.728325,26.0,-34.72832489013672
2023-08-27 18:00:00,95.00218,23.0,-72.00218200683594
2023-08-27 21:00:00,100.97824,28.0,-72.97824096679688
2023-08-28 00:00:00,78.77747,16.0,-62.77747344970703
2023-08-28 03:00:00,90.69686,18.0,-72.69686126708984
2023-08-28 06:00:00,91.85532,22.0,-69.8553237915039
2023-08-28 09:00:00,59.781998,35.0,-24.781997680664062
2023-08-28 12:00:00,51.778896,33.0,-18.77889633178711
2023-08-28 15:00:00,64.298096,25.0,-39.298095703125
2023-08-28 18:00:00,107.344246,35.0,-72.34424591064453
2023-08-28 21:00:00,119.11516,42.0,-77.11515808105469
2023-08-29 00:00:00,67.70074,43.0,-24.70073699951172
2023-08-29 03:00:00,91.76597,44.0,-47.765968322753906
2023-08-29 06:00:00,69.92832,51.0,-18.928321838378906
2023-08-29 09:00:00,48.39649,47.0,-1.3964881896972656
2023-08-29 12:00:00,39.978203,53.0,13.021797180175781
2023-08-29 15:00:00,48.335094,48.0,-0.3350944519042969
2023-08-29 18:00:00,92.54199,58.0,-34.5419921875
2023-08-29 21:00:00,97.52421,58.0,-39.524208068847656
2023-08-30 00:00:00,53.96305,50.0,-3.9630508422851562
2023-08-30 03:00:00,39.769928,32.0,-7.769927978515625
2023-08-30 06:00:00,39.00641,31.0,-8.00640869140625
2023-08-30 09:00:00,24.026121,30.0,5.973878860473633
2023-08-30 12:00:00,33.37527,21.0,-12.37527084350586
2023-08-30 15:00:00,43.43019,28.0,-15.430191040039062
2023-08-30 18:00:00,74.69703,25.0,-49.69702911376953
2023-08-30 21:00:00,67.55318,19.0,-48.55317687988281
2023-08-31 00:00:00,66.12822,13.0,-53.12821960449219
2023-08-31 03:00:00,73.127014,23.0,-50.12701416015625
2023-08-31 06:00:00,68.31806,39.0,-29.31806182861328
2023-08-31 09:00:00,42.027523,38.0,-4.027523040771484
2023-08-31 12:00:00,35.102516,27.0,-8.102516174316406
2023-08-31 15:00:00,47.30623,9.0,-38.30622863769531
2023-08-31 18:00:00,73.32073,6.0,-67.32073211669922
2023-08-31 21:00:00,76.378,11.0,-65.37799835205078
2023-09-01 00:00:00,34.205185,27.0,-7.2051849365234375
2023-09-01 03:00:00,38.323605,21.0,-17.323604583740234
2023-09-01 06:00:00,29.956482,34.0,4.04351806640625
2023-09-01 09:00:00,29.831654,25.0,-4.831653594970703
2023-09-01 12:00:00,43.403816,14.0,-29.40381622314453
2023-09-01 15:00:00,59.263584,18.0,-41.26358413696289
2023-09-01 18:00:00,89.6232,16.0,-73.62319946289062
2023-09-01 21:00:00,95.96238,24.0,-71.9623794555664
2023-09-02 00:00:00,81.60452,20.0,-61.604522705078125
2023-09-02 03:00:00,83.919304,21.0,-62.91930389404297
2023-09-02 06:00:00,79.394455,19.0,-60.39445495605469
2023-09-02 09:00:00,67.608315,29.0,-38.608314514160156
2023-09-02 12:00:00,43.49158,33.0,-10.491580963134766
2023-09-02 15:00:00,53.092434,35.0,-18.09243392944336
2023-09-02 18:00:00,100.843864,27.0,-73.84386444091797
2023-09-02 21:00:00,123.276436,35.0,-88.27643585205078
2023-09-03 00:00:00,94.55903,34.0,-60.55902862548828
2023-09-03 03:00:00,103.6608,40.0,-63.660797119140625
2023-09-03 06:00:00,92.48197,28.0,-64.48197174072266
2023-09-03 09:00:00,72.461266,43.0,-29.461265563964844
2023-09-03 12:00:00,41.031513,53.0,11.968486785888672
2023-09-03 15:00:00,55.68586,46.0,-9.685859680175781
2023-09-03 18:00:00,78.64969,50.0,-28.649688720703125
2023-09-03 21:00:00,95.03378,55.0,-40.033782958984375
2023-09-04 00:00:00,114.2887,54.0,-60.2886962890625
2023-09-04 03:00:00,125.74355,48.0,-77.7435531616211
2023-09-04 06:00:00,114.48765,58.0,-56.487648010253906
2023-09-04 09:00:00,90.76098,39.0,-51.76097869873047
2023-09-04 12:00:00,62.129402,55.0,-7.129402160644531
2023-09-04 15:00:00,65.97384,68.0,2.0261611938476562
2023-09-04 18:00:00,80.669334,47.0,-33.669334411621094
2023-09-04 21:00:00,89.274635,57.0,-32.274635314941406
2023-09-05 00:00:00,116.91282,65.0,-51.912818908691406
2023-09-05 03:00:00,130.5698,61.0,-69.56979370117188
2023-09-05 06:00:00,120.71041,78.0,-42.710411071777344
2023-09-05 09:00:00,75.13108,66.0,-9.131080627441406
2023-09-05 12:00:00,56.864563,66.0,9.13543701171875
2023-09-05 15:00:00,68.09921,59.0,-9.099212646484375
2023-09-05 18:00:00,97.60402,51.0,-46.60401916503906
2023-09-05 21:00:00,88.219055,48.0,-40.21905517578125
2023-09-06 00:00:00,60.06621,78.0,17.933788299560547
2023-09-06 03:00:00,61.509014,44.0,-17.509014129638672
2023-09-06 06:00:00,56.565342,35.0,-21.56534194946289
2023-09-06 09:00:00,34.65277,36.0,1.34722900390625
2023-09-06 12:00:00,37.111477,17.0,-20.11147689819336
2023-09-06 15:00:00,53.73147,27.0,-26.731468200683594
2023-09-06 18:00:00,100.640816,47.0,-53.64081573486328
2023-09-06 21:00:00,130.12936,56.0,-74.12936401367188
2023-09-07 00:00:00,131.43347,61.0,-70.4334716796875
2023-09-07 03:00:00,137.1733,30.0,-107.17329406738281
2023-09-07 06:00:00,135.36806,34.0,-101.36805725097656
2023-09-07 09:00:00,99.79294,48.0,-51.792938232421875
2023-09-07 12:00:00,73.319824,57.0,-16.31982421875
2023-09-07 15:00:00,95.6793,73.0,-22.679298400878906
2023-09-07 18:00:00,109.35605,61.0,-48.356048583984375
2023-09-07 21:00:00,119.54546,63.0,-56.54546356201172
2023-09-08 00:00:00,115.05574,82.0,-33.05574035644531
2023-09-08 03:00:00,133.77184,92.0,-41.77183532714844
2023-09-08 06:00:00,108.10254,96.0,-12.1025390625
2023-09-08 09:00:00,88.53658,83.0,-5.536582946777344
2023-09-08 12:00:00,76.37618,91.0,14.623817443847656
2023-09-08 15:00:00,95.65383,103.0,7.346168518066406
2023-09-08 18:00:00,115.56,79.0,-36.55999755859375
2023-09-08 21:00:00,121.1721,86.0,-35.172096252441406
2023-09-09 00:00:00,117.68179,90.0,-27.681793212890625
2023-09-09 03:00:00,122.87341,84.0,-38.8734130859375
2023-09-09 06:00:00,113.45719,90.0,-23.457191467285156
2023-09-09 09:00:00,78.857285,83.0,4.1427154541015625
2023-09-09 12:00:00,48.320087,40.0,-8.320087432861328
2023-09-09 15:00:00,58.940712,30.0,-28.940711975097656
2023-09-09 18:00:00,81.302,26.0,-55.302001953125
2023-09-09 21:00:00,76.999985,12.0,-64.99998474121094
2023-09-10 00:00:00,60.69013,27.0,-33.690128326416016
2023-09-10 03:00:00,73.711136,23.0,-50.71113586425781
2023-09-10 06:00:00,76.00511,26.0,-50.00511169433594
2023-09-10 09:00:00,63.32357,44.0,-19.323570251464844
2023-09-10 12:00:00,44.53341,48.0,3.4665908813476562
2023-09-10 15:00:00,60.97298,42.0,-18.972980499267578
2023-09-10 18:00:00,78.37275,27.0,-51.37274932861328
2023-09-10 21:00:00,86.70474,29.0,-57.704742431640625
2023-09-11 00:00:00,122.31863,22.0,-100.3186264038086
2023-09-11 03:00:00,124.33134,36.0,-88.33133697509766
2023-09-11 06:00:00,108.3954,47.0,-61.39540100097656
2023-09-11 09:00:00,65.77466,47.0,-18.774658203125
2023-09-11 12:00:00,59.152172,61.0,1.8478279113769531
2023-09-11 15:00:00,69.24393,51.0,-18.243927001953125
2023-09-11 18:00:00,97.25681,53.0,-44.256813049316406
2023-09-11 21:00:00,94.01492,48.0,-46.014923095703125
2023-09-12 00:00:00,62.46319,26.0,-36.46318817138672
2023-09-12 03:00:00,73.049934,16.0,-57.04993438720703
2023-09-12 06:00:00,69.665245,26.0,-43.665245056152344
2023-09-12 09:00:00,48.381027,28.0,-20.381027221679688
2023-09-12 12:00:00,38.952976,27.0,-11.95297622680664
2023-09-12 15:00:00,60.612366,22.0,-38.61236572265625
2023-09-12 18:00:00,88.651634,17.0,-71.6516342163086
2023-09-13 00:00:00,69.314865,33.0,-36.31486511230469
2023-09-13 03:00:00,85.57754,35.0,-50.577537536621094
2023-09-13 06:00:00,75.62426,27.0,-48.62425994873047
2023-09-13 09:00:00,56.628323,27.0,-29.62832260131836
2023-09-13 12:00:00,58.187992,33.0,-25.187992095947266
2023-09-13 15:00:00,71.65624,31.0,-40.65624237060547
2023-09-13 18:00:00,104.64987,20.0,-84.64987182617188
2023-09-13 21:00:00,108.74919,29.0,-79.74919128417969
2023-09-14 00:00:00,76.10265,36.0,-40.10265350341797
2023-09-14 03:00:00,112.09181,24.0,-88.09181213378906
2023-09-14 06:00:00,143.45494,25.0,-118.45494079589844
2023-09-14 09:00:00,106.37393,37.0,-69.37393188476562
2023-09-14 12:00:00,63.185555,57.0,-6.185554504394531
2023-09-14 15:00:00,70.03496,51.0,-19.034957885742188
2023-09-14 18:00:00,83.83722,38.0,-45.83721923828125
2023-09-14 21:00:00,80.346016,34.0,-46.34601593017578
2023-09-15 00:00:00,81.49777,40.0,-41.497772216796875
2023-09-15 03:00:00,80.327255,38.0,-42.32725524902344
2023-09-15 06:00:00,65.91836,35.0,-30.918357849121094
2023-09-15 09:00:00,40.58893,59.0,18.41107177734375
2023-09-15 12:00:00,48.451057,45.0,-3.4510574340820312
2023-09-15 15:00:00,59.049397,39.0,-20.049396514892578
2023-09-15 18:00:00,73.8437,41.0,-32.84369659423828
2023-09-15 21:00:00,75.828094,38.0,-37.828094482421875
2023-09-16 00:00:00,98.67733,40.0,-58.677330017089844
2023-09-16 03:00:00,85.21556,27.0,-58.21556091308594
2023-09-16 06:00:00,64.458046,16.0,-48.458045959472656
2023-09-16 09:00:00,50.56154,22.0,-28.561538696289062
2023-09-16 12:00:00,63.01184,41.0,-22.0118408203125
2023-09-16 15:00:00,81.21469,39.0,-42.214691162109375
2023-09-16 18:00:00,101.61603,34.0,-67.61602783203125
2023-09-16 21:00:00,97.353,45.0,-52.352996826171875
2023-09-17 00:00:00,106.66463,32.0,-74.66462707519531
2023-09-17 06:00:00,97.70952,35.0,-62.70951843261719
2023-09-17 09:00:00,70.02677,41.0,-29.026771545410156
2023-09-17 12:00:00,62.886555,36.0,-26.886554718017578
2023-09-17 15:00:00,87.20463,27.0,-60.204627990722656
2023-09-17 18:00:00,110.28191,31.0,-79.28191375732422
2023-09-17 21:00:00,107.76614,29.0,-78.76614379882812
2023-09-18 00:00:00,70.030975,37.0,-33.030975341796875
2023-09-18 03:00:00,67.38332,39.0,-28.383323669433594
2023-09-18 06:00:00,56.467117,45.0,-11.467117309570312
2023-09-18 09:00:00,48.96242,46.0,-2.962421417236328
2023-09-18 12:00:00,53.553093,33.0,-20.55309295654297
2023-09-18 15:00:00,70.0943,27.0,-43.09429931640625
2023-09-18 18:00:00,98.29739,22.0,-76.29739379882812
2023-09-18 21:00:00,97.5806,28.0,-69.58059692382812
2023-09-19 00:00:00,82.48651,35.0,-47.48651123046875
2023-09-19 03:00:00,84.69521,38.0,-46.695213317871094
2023-09-19 06:00:00,79.59511,14.0,-65.59510803222656
2023-09-19 09:00:00,63.45988,51.0,-12.459880828857422
2023-09-19 12:00:00,49.150345,41.0,-8.150344848632812
2023-09-19 15:00:00,65.08071,35.0,-30.080711364746094
2023-09-19 18:00:00,88.97837,25.0,-63.978370666503906
2023-09-19 21:00:00,75.780235,28.0,-47.780235290527344
2023-09-20 00:00:00,48.6267,28.0,-20.62670135498047
2023-09-20 03:00:00,58.451065,20.0,-38.45106506347656
2023-09-20 06:00:00,52.410088,30.0,-22.41008758544922
2023-09-20 09:00:00,35.118374,49.0,13.88162612915039
2023-09-20 12:00:00,32.652794,20.0,-12.652793884277344
2023-09-20 15:00:00,53.649727,15.0,-38.64972686767578
2023-09-20 18:00:00,87.627594,21.0,-66.62759399414062
2023-09-20 21:00:00,85.07402,28.0,-57.07402038574219
2023-09-21 00:00:00,87.84366,35.0,-52.843658447265625
2023-09-21 03:00:00,94.46853,38.0,-56.468528747558594
2023-09-21 06:00:00,85.578445,39.0,-46.57844543457031
2023-09-21 09:00:00,51.182953,48.0,-3.182952880859375
2023-09-21 12:00:00,29.362581,24.0,-5.362581253051758
2023-09-21 15:00:00,51.80675,17.0,-34.8067512512207
2023-09-21 18:00:00,78.25673,22.0,-56.25672912597656
2023-09-21 21:00:00,78.465065,23.0,-55.465065002441406
2023-09-22 00:00:00,76.099014,30.0,-46.09901428222656
2023-09-22 06:00:00,88.497475,39.0,-49.497474670410156
2023-09-22 12:00:00,29.445118,21.0,-8.445117950439453
2023-09-22 15:00:00,56.390945,20.0,-36.39094543457031
2023-09-22 18:00:00,80.54053,29.0,-51.54052734375
2023-09-22 21:00:00,83.34359,26.0,-57.343589782714844
2023-09-23 00:00:00,89.72847,27.0,-62.72846984863281
2023-09-23 03:00:00,80.75858,33.0,-47.758583068847656
2023-09-23 06:00:00,57.293617,37.0,-20.293617248535156
2023-09-23 09:00:00,32.72089,43.0,10.279109954833984
2023-09-23 12:00:00,31.862783,42.0,10.137216567993164
2023-09-23 15:00:00,55.69245,34.0,-21.69245147705078
2023-09-23 18:00:00,91.952644,35.0,-56.95264434814453
2023-09-23 21:00:00,89.34876,27.0,-62.34876251220703
2023-09-24 00:00:00,74.99148,34.0,-40.991477966308594
2023-09-24 03:00:00,89.180504,38.0,-51.180503845214844
2023-09-24 06:00:00,86.99044,33.0,-53.990440368652344
2023-09-24 09:00:00,51.044025,39.0,-12.044025421142578
2023-09-24 12:00:00,33.782272,23.0,-10.782272338867188
2023-09-24 15:00:00,57.122635,22.0,-35.12263488769531
2023-09-24 18:00:00,90.99199,24.0,-66.99198913574219
2023-09-24 21:00:00,90.08545,22.0,-68.08544921875
2023-09-25 00:00:00,72.62179,20.0,-52.621788024902344
2023-09-25 03:00:00,90.510864,43.0,-47.5108642578125
2023-09-25 06:00:00,87.83195,49.0,-38.831947326660156
2023-09-25 09:00:00,56.028286,73.0,16.97171401977539
2023-09-25 12:00:00,52.77184,58.0,5.228160858154297
2023-09-25 15:00:00,67.727,47.0,-20.72699737548828
2023-09-25 18:00:00,75.63403,39.0,-36.634033203125
2023-09-25 21:00:00,73.24786,37.0,-36.24786376953125
2023-09-26 00:00:00,126.74332,43.0,-83.74331665039062
2023-09-26 03:00:00,133.16139,35.0,-98.16139221191406
2023-09-26 06:00:00,129.32037,43.0,-86.32037353515625
2023-09-26 09:00:00,93.97178,42.0,-51.971778869628906
2023-09-26 12:00:00,44.705585,50.0,5.294414520263672
2023-09-26 15:00:00,67.6024,42.0,-25.602401733398438
2023-09-26 18:00:00,86.03672,93.0,6.963279724121094
2023-09-26 21:00:00,117.17202,109.0,-8.172019958496094
2023-09-27 00:00:00,142.20792,66.0,-76.20791625976562
2023-09-27 03:00:00,154.12076,60.0,-94.12075805664062
2023-09-27 06:00:00,137.6771,70.0,-67.67709350585938
2023-09-27 09:00:00,101.71851,70.0,-31.71851348876953
2023-09-27 12:00:00,56.75372,72.0,15.246280670166016
2023-09-27 15:00:00,76.43575,59.0,-17.435752868652344
2023-09-27 18:00:00,112.04088,60.0,-52.04087829589844
2023-09-27 21:00:00,127.03663,59.0,-68.03662872314453
2023-09-28 00:00:00,112.39137,57.0,-55.39137268066406
2023-09-28 03:00:00,111.69493,63.0,-48.69493103027344
2023-09-28 06:00:00,81.64159,38.0,-43.64158630371094
2023-09-28 09:00:00,38.064854,53.0,14.93514633178711
2023-09-28 12:00:00,21.797064,42.0,20.20293617248535
2023-09-28 15:00:00,45.778847,26.0,-19.778846740722656
2023-09-28 18:00:00,84.58085,26.0,-58.580848693847656
2023-09-28 21:00:00,92.24937,17.0,-75.2493667602539
2023-09-29 00:00:00,80.46288,23.0,-57.46288299560547
2023-09-29 03:00:00,84.061295,79.0,-5.0612945556640625
2023-09-29 06:00:00,74.26263,67.0,-7.262626647949219
2023-09-29 09:00:00,49.55126,38.0,-11.551261901855469
2023-09-29 12:00:00,33.22714,41.0,7.772861480712891
2023-09-29 15:00:00,58.12694,26.0,-32.1269416809082
2023-09-29 18:00:00,103.70604,25.0,-78.70603942871094
2023-09-29 21:00:00,104.30676,35.0,-69.3067626953125
2023-09-30 00:00:00,82.77538,40.0,-42.77538299560547
2023-09-30 03:00:00,85.96919,34.0,-51.96919250488281
2023-09-30 06:00:00,88.09297,31.0,-57.09297180175781
2023-09-30 09:00:00,59.717194,40.0,-19.717193603515625
2023-09-30 12:00:00,51.28169,26.0,-25.281688690185547
2023-09-30 15:00:00,75.75238,36.0,-39.75238037109375
2023-09-30 18:00:00,104.17688,30.0,-74.1768798828125
2023-09-30 21:00:00,93.107704,30.0,-63.107704162597656
2023-10-01 00:00:00,78.86694,30.0,-48.866943359375
2023-10-01 03:00:00,76.837524,45.0,-31.8375244140625
2023-10-01 06:00:00,69.867386,43.0,-26.867385864257812
2023-10-01 09:00:00,67.858765,51.0,-16.8587646484375
2023-10-01 12:00:00,59.488686,31.0,-28.488685607910156
2023-10-01 15:00:00,78.14879,17.0,-61.14878845214844
2023-10-01 18:00:00,105.96682,14.0,-91.9668197631836
2023-10-01 21:00:00,110.81534,48.0,-62.815338134765625
2023-10-02 00:00:00,112.28235,29.0,-83.2823486328125
2023-10-02 03:00:00,128.19556,28.0,-100.195556640625
2023-10-02 06:00:00,108.664154,34.0,-74.66415405273438
2023-10-02 09:00:00,66.21014,56.0,-10.210136413574219
2023-10-02 12:00:00,53.90791,44.0,-9.907909393310547
2023-10-02 15:00:00,75.4585,31.0,-44.45850372314453
2023-10-02 18:00:00,95.926506,25.0,-70.92650604248047
2023-10-02 21:00:00,111.21267,19.0,-92.2126693725586
2023-10-03 00:00:00,155.32965,16.0,-139.32965087890625
2023-10-03 03:00:00,160.15878,36.0,-124.15878295898438
2023-10-03 06:00:00,132.16197,43.0,-89.16197204589844
2023-10-03 09:00:00,91.154335,19.0,-72.15433502197266
2023-10-03 12:00:00,63.31561,21.0,-42.315608978271484
2023-10-03 15:00:00,87.79489,24.0,-63.794891357421875
2023-10-03 18:00:00,116.03356,24.0,-92.03356170654297
2023-10-03 21:00:00,138.21681,24.0,-114.21681213378906
2023-10-04 00:00:00,120.938126,18.0,-102.93812561035156
2023-10-04 03:00:00,118.09078,27.0,-91.09078216552734
2023-10-04 06:00:00,101.221245,28.0,-73.22124481201172
2023-10-04 09:00:00,69.00609,30.0,-39.00608825683594
2023-10-04 12:00:00,59.686443,38.0,-21.686443328857422
2023-10-04 15:00:00,75.33947,70.0,-5.339469909667969
2023-10-04 18:00:00,69.00098,28.0,-41.0009765625
2023-10-04 21:00:00,59.19378,28.0,-31.19377899169922
2023-10-05 00:00:00,68.631836,21.0,-47.6318359375
2023-10-05 03:00:00,68.465965,25.0,-43.465965270996094
2023-10-05 06:00:00,65.89721,34.0,-31.89720916748047
2023-10-05 09:00:00,60.79182,26.0,-34.79182052612305
2023-10-05 12:00:00,51.635426,23.0,-28.635425567626953
2023-10-05 15:00:00,59.42934,32.0,-27.429340362548828
2023-10-05 18:00:00,62.598133,26.0,-36.5981330871582
2023-10-05 21:00:00,56.937553,27.0,-29.93755340576172
2023-10-06 00:00:00,59.918194,26.0,-33.91819381713867
2023-10-06 03:00:00,67.08274,22.0,-45.082740783691406
2023-10-06 09:00:00,60.4025,20.0,-40.40250015258789
2023-10-06 12:00:00,39.028408,27.0,-12.02840805053711
2023-10-06 15:00:00,56.437103,24.0,-32.437103271484375
2023-10-06 18:00:00,75.543655,24.0,-51.54365539550781
2023-10-06 21:00:00,78.30226,25.0,-53.30226135253906
2023-10-07 00:00:00,74.0913,31.0,-43.09130096435547
2023-10-07 03:00:00,78.81419,25.0,-53.81419372558594
2023-10-07 06:00:00,71.6102,34.0,-37.610198974609375
2023-10-07 09:00:00,50.321774,35.0,-15.321773529052734
2023-10-07 12:00:00,41.97193,41.0,-0.9719314575195312
2023-10-07 15:00:00,71.60634,23.0,-48.60633850097656
2023-10-07 18:00:00,114.84246,21.0,-93.84246063232422
2023-10-07 21:00:00,128.56572,26.0,-102.56571960449219
2023-10-08 00:00:00,143.14651,41.0,-102.14651489257812
2023-10-08 03:00:00,137.75946,67.0,-70.75946044921875
2023-10-08 06:00:00,114.147385,68.0,-46.14738464355469
2023-10-08 09:00:00,70.21612,54.0,-16.21611785888672
2023-10-08 12:00:00,40.8877,48.0,7.112300872802734
2023-10-08 15:00:00,69.30065,40.0,-29.30065155029297
2023-10-08 18:00:00,101.67139,40.0,-61.67138671875
2023-10-08 21:00:00,97.548874,57.0,-40.54887390136719
2023-10-09 00:00:00,82.413635,44.0,-38.41363525390625
2023-10-09 03:00:00,91.464355,36.0,-55.46435546875
2023-10-09 06:00:00,90.15184,33.0,-57.15184020996094
2023-10-09 09:00:00,67.17516,29.0,-38.17516326904297
2023-10-09 12:00:00,66.59411,39.0,-27.59410858154297
2023-10-09 15:00:00,85.71078,24.0,-61.710777282714844
2023-10-09 18:00:00,108.779434,19.0,-89.77943420410156
2023-10-09 21:00:00,102.26791,22.0,-80.26790618896484
2023-10-10 00:00:00,119.11374,24.0,-95.11373901367188
2023-10-10 03:00:00,114.10185,42.0,-72.10185241699219
2023-10-10 06:00:00,99.03232,47.0,-52.032318115234375
2023-10-10 09:00:00,77.40277,46.0,-31.40277099609375
2023-10-10 12:00:00,35.785774,71.0,35.21422576904297
2023-10-10 15:00:00,71.1218,35.0,-36.121803283691406
2023-10-10 18:00:00,107.141205,16.0,-91.14120483398438
2023-10-10 21:00:00,116.40486,24.0,-92.40486145019531
2023-10-11 00:00:00,119.42757,50.0,-69.42756652832031
2023-10-11 03:00:00,131.15913,53.0,-78.15913391113281
2023-10-11 06:00:00,113.697754,39.0,-74.69775390625
2023-10-11 09:00:00,57.80953,54.0,-3.809528350830078
2023-10-11 12:00:00,61.064156,44.0,-17.06415557861328
2023-10-11 15:00:00,83.590294,32.0,-51.590293884277344
2023-10-11 18:00:00,83.24514,54.0,-29.245140075683594
2023-10-11 21:00:00,78.624,41.0,-37.624000549316406
2023-10-12 00:00:00,83.96001,58.0,-25.960006713867188
2023-10-12 03:00:00,101.61375,41.0,-60.613746643066406
2023-10-12 06:00:00,103.20733,54.0,-49.20732879638672
2023-10-12 09:00:00,80.17326,55.0,-25.173263549804688
2023-10-12 12:00:00,65.20975,46.0,-19.209747314453125
2023-10-12 15:00:00,87.90869,59.0,-28.90869140625
2023-10-12 18:00:00,92.65887,59.0,-33.65886688232422
2023-10-12 21:00:00,93.52516,59.0,-34.52516174316406
2023-10-13 00:00:00,104.13351,70.0,-34.133506774902344
2023-10-13 03:00:00,128.65257,82.0,-46.65257263183594
2023-10-13 06:00:00,128.29514,76.0,-52.295135498046875
2023-10-13 09:00:00,100.647415,56.0,-44.64741516113281
2023-10-13 12:00:00,62.33364,55.0,-7.333641052246094
2023-10-13 15:00:00,96.382454,57.0,-39.38245391845703
2023-10-13 18:00:00,136.23549,55.0,-81.23548889160156
2023-10-14 00:00:00,121.458015,64.0,-57.45801544189453
2023-10-14 03:00:00,116.89576,82.0,-34.89575958251953
2023-10-14 06:00:00,98.6413,55.0,-43.64129638671875
2023-10-14 09:00:00,63.847496,44.0,-19.847496032714844
2023-10-14 12:00:00,44.635727,29.0,-15.635726928710938
2023-10-14 15:00:00,80.08692,24.0,-56.08692169189453
2023-10-14 18:00:00,124.195595,29.0,-95.19559478759766
2023-10-14 21:00:00,135.15182,32.0,-103.15182495117188
2023-10-15 00:00:00,131.71234,42.0,-89.71234130859375
2023-10-15 03:00:00,140.50499,62.0,-78.50498962402344
2023-10-15 06:00:00,109.84826,71.0,-38.84825897216797
2023-10-15 09:00:00,64.29309,58.0,-6.2930908203125
2023-10-15 12:00:00,45.570686,53.0,7.429313659667969
2023-10-15 15:00:00,76.16018,54.0,-22.160179138183594
2023-10-15 18:00:00,81.63852,58.0,-23.638519287109375
2023-10-15 21:00:00,78.76429,54.0,-24.76428985595703
2023-10-16 00:00:00,111.50087,67.0,-44.50086975097656
2023-10-16 03:00:00,147.95444,48.0,-99.95443725585938
2023-10-16 06:00:00,171.07266,36.0,-135.07266235351562
2023-10-16 09:00:00,141.90033,41.0,-100.90032958984375
2023-10-16 12:00:00,125.4532,48.0,-77.45320129394531
2023-10-16 15:00:00,131.33934,48.0,-83.33934020996094
2023-10-16 18:00:00,126.693184,30.0,-96.69318389892578
2023-10-16 21:00:00,89.60183,26.0,-63.601829528808594
2023-10-17 00:00:00,43.536716,27.0,-16.53671646118164
2023-10-17 03:00:00,42.16213,23.0,-19.162128448486328
2023-10-17 06:00:00,40.496162,18.0,-22.49616241455078
2023-10-17 09:00:00,30.772753,21.0,-9.77275276184082
2023-10-17 12:00:00,21.606638,18.0,-3.606637954711914
2023-10-17 15:00:00,46.639004,17.0,-29.63900375366211
2023-10-17 18:00:00,82.10543,13.0,-69.10543060302734
2023-10-17 21:00:00,90.4522,25.0,-65.45220184326172
2023-10-18 00:00:00,92.169556,19.0,-73.1695556640625
2023-10-18 03:00:00,94.6967,22.0,-72.69670104980469
2023-10-18 06:00:00,63.550148,26.0,-37.550148010253906
2023-10-18 09:00:00,31.101648,23.0,-8.101648330688477
2023-10-18 12:00:00,33.938248,26.0,-7.9382476806640625
2023-10-18 15:00:00,53.675194,18.0,-35.675193786621094
2023-10-18 18:00:00,74.0572,18.0,-56.05719757080078
2023-10-18 21:00:00,91.11795,16.0,-75.11795043945312
2023-10-19 00:00:00,86.52796,23.0,-63.52796173095703
2023-10-19 03:00:00,113.26847,36.0,-77.26847076416016
2023-10-24 15:00:00,60.248566,24.0,-36.248565673828125
2023-10-24 18:00:00,76.74521,30.0,-46.745208740234375
2023-10-24 21:00:00,74.81458,39.0,-35.81458282470703
2023-10-25 00:00:00,69.11,28.0,-41.11000061035156
2023-10-25 03:00:00,76.382545,33.0,-43.382545471191406
2023-10-25 06:00:00,53.05094,34.0,-19.050941467285156
2023-10-25 09:00:00,45.760544,30.0,-15.760543823242188
2023-10-25 12:00:00,50.7099,32.0,-18.70989990234375
2023-10-25 15:00:00,61.310856,26.0,-35.310855865478516
2023-10-25 18:00:00,67.993935,28.0,-39.993934631347656
2023-10-25 21:00:00,73.15771,27.0,-46.15770721435547
2023-10-26 00:00:00,78.90867,28.0,-50.908668518066406
2023-10-26 03:00:00,118.34413,32.0,-86.34413146972656
2023-10-26 06:00:00,58.240063,23.0,-35.24006271362305
2023-10-26 09:00:00,48.820312,36.0,-12.8203125
2023-10-26 12:00:00,39.46616,33.0,-6.466159820556641
2023-10-26 15:00:00,55.059673,33.0,-22.059673309326172
2023-10-26 18:00:00,93.16545,23.0,-70.16545104980469
2023-10-26 21:00:00,104.21354,27.0,-77.21353912353516
2023-10-27 00:00:00,113.08089,23.0,-90.08088684082031
2023-10-27 03:00:00,109.706436,24.0,-85.70643615722656
2023-10-27 06:00:00,83.08632,25.0,-58.08631896972656
2023-10-27 09:00:00,39.685345,29.0,-10.685344696044922
2023-10-27 12:00:00,28.45195,44.0,15.548049926757812
2023-10-27 15:00:00,52.338238,47.0,-5.338237762451172
2023-10-27 18:00:00,83.21558,36.0,-47.21558380126953
2023-10-27 21:00:00,79.51394,30.0,-49.513938903808594
2023-10-28 00:00:00,90.31601,31.0,-59.316009521484375
2023-10-28 03:00:00,88.36378,32.0,-56.36377716064453
2023-10-28 06:00:00,75.7218,28.0,-47.7218017578125
2023-10-28 09:00:00,49.579285,41.0,-8.57928466796875
2023-10-28 12:00:00,48.794506,40.0,-8.794506072998047
2023-10-28 15:00:00,77.57194,29.0,-48.571937561035156
2023-10-28 18:00:00,125.19172,30.0,-95.19171905517578
2023-10-28 21:00:00,133.0411,36.0,-97.04110717773438
2023-10-29 00:00:00,128.10869,45.0,-83.10868835449219
2023-10-29 03:00:00,128.21237,66.0,-62.212371826171875
2023-10-29 06:00:00,108.542,53.0,-55.54199981689453
2023-10-29 09:00:00,49.704285,34.0,-15.70428466796875
2023-10-29 12:00:00,46.339664,37.0,-9.339664459228516
2023-10-29 15:00:00,65.25192,43.0,-22.251922607421875
2023-10-29 18:00:00,116.0015,44.0,-72.00150299072266
2023-10-29 21:00:00,136.21547,65.0,-71.21546936035156
2023-10-30 00:00:00,161.36346,51.0,-110.36346435546875
2023-10-30 03:00:00,160.87143,44.0,-116.87142944335938
2023-10-30 06:00:00,131.6276,59.0,-72.62759399414062
2023-10-30 09:00:00,79.40747,48.0,-31.407470703125
2023-10-30 12:00:00,64.57026,53.0,-11.570259094238281
2023-10-30 15:00:00,82.61736,58.0,-24.61736297607422
2023-10-30 18:00:00,135.55246,61.0,-74.55245971679688
2023-10-30 21:00:00,140.55832,70.0,-70.55831909179688
2023-10-31 00:00:00,144.4655,70.0,-74.46549987792969
2023-10-31 03:00:00,148.83426,55.0,-93.83425903320312
2023-10-31 06:00:00,98.111176,64.0,-34.111175537109375
2023-10-31 09:00:00,56.53578,75.0,18.464218139648438
2023-10-31 12:00:00,65.40654,74.0,8.593460083007812
2023-10-31 15:00:00,86.77125,100.0,13.228752136230469
2023-10-31 18:00:00,117.478294,62.0,-55.478294372558594
2023-10-31 21:00:00,114.35236,63.0,-51.35236358642578
2023-11-01 00:00:00,116.526505,58.0,-58.52650451660156
2023-11-01 03:00:00,119.74873,60.0,-59.74873352050781
2023-11-01 06:00:00,113.94843,53.0,-60.94843292236328
2023-11-01 12:00:00,65.85935,58.0,-7.859352111816406
2023-11-01 15:00:00,86.514885,68.0,-18.51488494873047
2023-11-01 18:00:00,112.64569,66.0,-46.64569091796875
2023-11-01 21:00:00,121.99257,61.0,-60.99256896972656
2023-11-02 00:00:00,116.01571,67.0,-49.015708923339844
2023-11-02 03:00:00,57.703915,60.0,2.2960853576660156
2023-11-02 06:00:00,64.99124,51.0,-13.991241455078125
2023-11-02 09:00:00,82.77874,67.0,-15.778739929199219
2023-11-02 12:00:00,90.528435,37.0,-53.52843475341797
2023-11-02 15:00:00,95.615295,48.0,-47.61529541015625
2023-11-02 18:00:00,107.9502,40.0,-67.95020294189453
2023-11-02 21:00:00,136.1666,63.0,-73.16659545898438
2023-11-03 00:00:00,121.69357,42.0,-79.69357299804688
2023-11-03 03:00:00,125.08758,43.0,-82.08757781982422
2023-11-03 06:00:00,96.89291,47.0,-49.892906188964844
2023-11-03 09:00:00,61.446598,45.0,-16.446598052978516
2023-11-03 12:00:00,43.08026,48.0,4.91973876953125
2023-11-03 15:00:00,99.05693,56.0,-43.05693054199219
2023-11-03 18:00:00,144.50665,39.0,-105.50665283203125
2023-11-03 21:00:00,154.95743,56.0,-98.95742797851562
2023-11-04 00:00:00,145.90387,63.0,-82.90386962890625
2023-11-04 03:00:00,120.97462,66.0,-54.97461700439453
2023-11-04 06:00:00,92.81336,36.0,-56.81336212158203
2023-11-04 09:00:00,44.373905,43.0,-1.3739051818847656
2023-11-04 12:00:00,52.46409,32.0,-20.464088439941406
2023-11-04 15:00:00,109.353325,42.0,-67.35332489013672
2023-11-04 18:00:00,148.8561,53.0,-95.85609436035156
2023-11-04 21:00:00,156.56406,58.0,-98.56405639648438
2023-11-05 00:00:00,128.38336,49.0,-79.38336181640625
2023-11-05 03:00:00,121.22564,38.0,-83.22563934326172
2023-11-05 06:00:00,95.81231,25.0,-70.81230926513672
2023-11-05 09:00:00,62.341316,42.0,-20.34131622314453
2023-11-05 12:00:00,35.29442,20.0,-15.294418334960938
2023-11-05 15:00:00,69.838394,23.0,-46.83839416503906
2023-11-05 18:00:00,85.72817,26.0,-59.728172302246094
2023-11-05 21:00:00,84.82789,28.0,-56.82788848876953
2023-11-06 00:00:00,85.28832,27.0,-58.28832244873047
2023-11-06 03:00:00,92.85395,35.0,-57.85395050048828
2023-11-06 06:00:00,92.58304,32.0,-60.583038330078125
2023-11-06 09:00:00,59.297806,30.0,-29.297805786132812
2023-11-06 12:00:00,36.426174,19.0,-17.42617416381836
2023-11-06 15:00:00,73.90144,23.0,-50.90144348144531
2023-11-06 18:00:00,97.4751,28.0,-69.47509765625
2023-11-06 21:00:00,93.4524,23.0,-70.45240020751953
2023-11-07 00:00:00,85.351074,31.0,-54.35107421875
2023-11-07 03:00:00,87.70803,35.0,-52.708030700683594
2023-11-07 06:00:00,75.70179,36.0,-39.70178985595703
2023-11-07 09:00:00,52.946346,38.0,-14.946346282958984
2023-11-07 12:00:00,39.233555,26.0,-13.23355484008789
2023-11-07 15:00:00,67.9388,27.0,-40.93879699707031
2023-11-07 18:00:00,83.18852,38.0,-45.18852233886719
2023-11-07 21:00:00,79.143776,51.0,-28.143775939941406
2023-11-08 00:00:00,93.303696,24.0,-69.30369567871094
2023-11-08 03:00:00,109.02613,35.0,-74.02613067626953
2023-11-08 06:00:00,114.1417,47.0,-67.1417007446289
2023-11-08 09:00:00,80.69389,43.0,-37.69389343261719
2023-11-08 12:00:00,40.93147,29.0,-11.931468963623047
2023-11-08 15:00:00,78.40026,30.0,-48.40026092529297
2023-11-08 18:00:00,122.81157,28.0,-94.81156921386719
2023-11-08 21:00:00,108.66097,51.0,-57.660972595214844
2023-11-09 00:00:00,106.532295,33.0,-73.53229522705078
2023-11-09 03:00:00,115.94648,58.0,-57.94647979736328
2023-11-09 06:00:00,110.24372,50.0,-60.24372100830078
2023-11-09 09:00:00,73.648094,59.0,-14.648094177246094
2023-11-09 12:00:00,46.52918,41.0,-5.529178619384766
2023-11-09 15:00:00,88.982,44.0,-44.98200225830078
2023-11-09 18:00:00,126.184204,43.0,-83.1842041015625
2023-11-09 21:00:00,136.13158,65.0,-71.13157653808594
2023-11-10 00:00:00,130.9827,43.0,-87.98269653320312
2023-11-10 03:00:00,147.861,54.0,-93.86099243164062
2023-11-10 06:00:00,127.66219,48.0,-79.66219329833984
2023-11-10 09:00:00,59.54746,47.0,-12.54745864868164
2023-11-10 12:00:00,42.17384,49.0,6.826160430908203
2023-11-10 15:00:00,70.752495,45.0,-25.75249481201172
2023-11-10 18:00:00,93.086044,46.0,-47.08604431152344
2023-11-10 21:00:00,103.27193,55.0,-48.27192687988281
2023-11-11 00:00:00,122.848175,57.0,-65.84817504882812
2023-11-11 03:00:00,139.3036,58.0,-81.30360412597656
2023-11-11 06:00:00,129.4444,41.0,-88.44439697265625
2023-11-11 09:00:00,68.48415,49.0,-19.484153747558594
2023-11-11 12:00:00,57.792023,38.0,-19.792022705078125
2023-11-11 15:00:00,93.00851,41.0,-52.008506774902344
2023-11-11 18:00:00,134.25824,47.0,-87.25823974609375
2023-11-11 21:00:00,137.1227,59.0,-78.12269592285156
2023-11-12 00:00:00,136.83029,69.0,-67.83029174804688
2023-11-12 03:00:00,152.49861,58.0,-94.49861145019531
2023-11-12 06:00:00,134.9971,51.0,-83.99710083007812
2023-11-12 09:00:00,77.95711,60.0,-17.957107543945312
2023-11-12 12:00:00,54.451336,53.0,-1.4513359069824219
2023-11-12 15:00:00,90.9061,53.0,-37.906097412109375
2023-11-12 18:00:00,115.52265,49.0,-66.52265167236328
2023-11-12 21:00:00,113.393295,57.0,-56.39329528808594
2023-11-13 00:00:00,146.32405,60.0,-86.32405090332031
2023-11-13 03:00:00,155.46085,66.0,-89.46084594726562
2023-11-13 06:00:00,149.59619,62.0,-87.59619140625
2023-11-13 09:00:00,103.03438,43.0,-60.03437805175781
2023-11-13 12:00:00,77.84536,55.0,-22.845359802246094
2023-11-13 15:00:00,117.06629,62.0,-55.06629180908203
2023-11-13 18:00:00,136.4707,59.0,-77.470703125
2023-11-13 21:00:00,136.24402,64.0,-72.2440185546875
2023-11-14 00:00:00,105.08041,56.0,-49.080406188964844
2023-11-14 03:00:00,108.83377,68.0,-40.833770751953125
2023-11-14 06:00:00,89.638885,50.0,-39.638885498046875
2023-11-14 09:00:00,56.077057,58.0,1.922943115234375
2023-11-14 12:00:00,42.4817,64.0,21.518299102783203
2023-11-14 15:00:00,76.20599,59.0,-17.20599365234375
2023-11-14 18:00:00,76.15188,50.0,-26.151878356933594
2023-11-14 21:00:00,67.25736,67.0,-0.25736236572265625
2023-11-15 00:00:00,47.16958,51.0,3.8304214477539062
2023-11-15 03:00:00,59.6724,66.0,6.327598571777344
2023-11-15 06:00:00,56.387306,57.0,0.6126937866210938
2023-11-15 09:00:00,73.66526,39.0,-34.665260314941406
2023-11-15 12:00:00,93.02164,43.0,-50.021636962890625
2023-11-15 15:00:00,106.17867,49.0,-57.178672790527344
2023-11-15 18:00:00,75.8655,6.0,-69.8655014038086
2023-11-15 21:00:00,60.575077,20.0,-40.575077056884766
2023-11-16 00:00:00,60.685123,30.0,-30.685123443603516
2023-11-16 03:00:00,54.706562,32.0,-22.706562042236328
2023-11-16 06:00:00,61.243553,29.0,-32.243553161621094
2023-11-16 09:00:00,73.67362,31.0,-42.673622131347656
2023-11-16 12:00:00,87.57911,63.0,-24.57910919189453
2023-11-16 15:00:00,124.78631,47.0,-77.78630828857422
2023-11-16 18:00:00,141.50282,45.0,-96.50282287597656
2023-11-16 21:00:00,97.86709,42.0,-55.867088317871094
2023-11-17 00:00:00,75.2525,29.0,-46.25250244140625
2023-11-17 03:00:00,71.660904,26.0,-45.66090393066406
2023-11-17 06:00:00,70.58679,17.0,-53.5867919921875
2023-11-17 09:00:00,54.310135,17.0,-37.31013488769531
2023-11-17 12:00:00,51.184258,23.0,-28.18425750732422
2023-11-17 15:00:00,88.462456,36.0,-52.46245574951172
2023-11-17 18:00:00,105.32858,50.0,-55.328582763671875
2023-11-17 21:00:00,110.63275,54.0,-56.63275146484375
2023-11-18 00:00:00,106.96385,54.0,-52.96385192871094
2023-11-18 03:00:00,113.86874,58.0,-55.868736267089844
2023-11-18 06:00:00,107.76694,71.0,-36.766937255859375
2023-11-18 09:00:00,68.52975,44.0,-24.529747009277344
2023-11-18 12:00:00,51.094048,58.0,6.905952453613281
2023-11-18 15:00:00,86.90472,42.0,-44.90471649169922
2023-11-18 18:00:00,142.82887,62.0,-80.82887268066406
2023-11-18 21:00:00,155.1216,90.0,-65.12159729003906
2023-11-19 00:00:00,151.1662,99.0,-52.16619873046875
2023-11-19 03:00:00,153.53271,105.0,-48.53271484375
2023-11-19 06:00:00,116.61632,45.0,-71.61631774902344
2023-11-19 09:00:00,53.221355,34.0,-19.221355438232422
2023-11-19 12:00:00,26.566454,23.0,-3.5664539337158203
2023-11-19 15:00:00,45.3241,34.0,-11.324100494384766
2023-11-19 18:00:00,36.775078,16.0,-20.77507781982422
2023-11-19 21:00:00,33.971672,44.0,10.028327941894531
2023-11-20 00:00:00,30.274122,25.0,-5.27412223815918
2023-11-20 03:00:00,39.146015,29.0,-10.146015167236328
2023-11-20 06:00:00,47.413437,34.0,-13.413436889648438
2023-11-20 09:00:00,119.082245,51.0,-68.08224487304688
2023-11-20 12:00:00,219.29367,73.0,-146.29367065429688
2023-11-20 15:00:00,181.78502,19.0,-162.78501892089844
2023-11-20 18:00:00,126.5912,60.0,-66.59120178222656
2023-11-20 21:00:00,124.54803,56.0,-68.54802703857422
2023-11-21 00:00:00,158.11293,32.0,-126.11293029785156
2023-11-21 03:00:00,182.00717,56.0,-126.00717163085938
2023-11-21 06:00:00,170.30698,45.0,-125.30697631835938
2023-11-21 09:00:00,117.3371,54.0,-63.33709716796875
2023-11-21 12:00:00,110.099106,26.0,-84.09910583496094
2023-11-21 15:00:00,140.6072,24.0,-116.60719299316406
2023-11-21 18:00:00,135.12408,46.0,-89.12408447265625
2023-11-21 21:00:00,113.018814,21.0,-92.01881408691406
2023-11-22 00:00:00,71.85099,23.0,-48.850990295410156
2023-11-22 03:00:00,60.00482,18.0,-42.00482177734375
2023-11-22 06:00:00,53.449867,65.0,11.550132751464844
2023-11-22 09:00:00,33.66199,85.0,51.338008880615234
2023-11-22 12:00:00,32.671665,35.0,2.3283348083496094
2023-11-22 15:00:00,61.21479,16.0,-45.21479034423828
2023-11-22 18:00:00,62.920208,19.0,-43.92020797729492
2023-11-22 21:00:00,56.66425,22.0,-34.664249420166016
2023-11-23 00:00:00,60.19491,19.0,-41.194908142089844
2023-11-23 03:00:00,59.39819,19.0,-40.398189544677734
2023-11-23 06:00:00,52.819813,16.0,-36.8198127746582
2023-11-23 09:00:00,40.75923,26.0,-14.759231567382812
2023-11-23 12:00:00,41.904514,23.0,-18.90451431274414
2023-11-23 15:00:00,65.44951,17.0,-48.44950866699219
2023-11-23 18:00:00,69.99483,28.0,-41.99482727050781
2023-11-23 21:00:00,68.905136,18.0,-50.90513610839844
2023-11-24 00:00:00,49.536083,32.0,-17.536083221435547
2023-11-24 03:00:00,49.819393,38.0,-11.819393157958984
2023-11-24 06:00:00,48.581,33.0,-15.581001281738281
2023-11-24 09:00:00,42.140358,44.0,1.8596420288085938
2023-11-24 12:00:00,36.74944,22.0,-14.749439239501953
2023-11-24 15:00:00,73.26775,13.0,-60.26775360107422
2023-11-24 18:00:00,85.161446,26.0,-59.16144561767578
2023-11-24 21:00:00,74.7541,31.0,-43.75409698486328
2023-11-25 00:00:00,76.165634,28.0,-48.16563415527344
2023-11-25 03:00:00,85.22693,27.0,-58.2269287109375
2023-11-25 06:00:00,91.206406,38.0,-53.20640563964844
2023-11-25 09:00:00,75.797516,90.0,14.202484130859375
2023-11-25 12:00:00,59.990837,56.0,-3.9908370971679688
2023-11-25 15:00:00,123.90876,33.0,-90.90876007080078
2023-11-25 18:00:00,159.01878,36.0,-123.01878356933594
2023-11-25 21:00:00,174.78442,31.0,-143.784423828125
2023-11-26 00:00:00,169.27243,43.0,-126.27243041992188
2023-11-26 03:00:00,162.30661,60.0,-102.30661010742188
2023-11-26 06:00:00,140.44713,45.0,-95.44712829589844
2023-11-26 09:00:00,87.02273,18.0,-69.0227279663086
2023-11-26 12:00:00,69.416725,29.0,-40.416725158691406
2023-11-26 15:00:00,89.21614,31.0,-58.21614074707031
2023-11-26 18:00:00,86.313774,27.0,-59.31377410888672
2023-11-26 21:00:00,89.38219,54.0,-35.38218688964844
2023-11-27 00:00:00,121.68494,39.0,-82.6849365234375
2023-11-27 03:00:00,147.12987,50.0,-97.12986755371094
2023-11-27 06:00:00,144.08101,52.0,-92.08100891113281
2023-11-27 09:00:00,112.58305,46.0,-66.58305358886719
2023-11-27 12:00:00,79.74017,45.0,-34.74017333984375
2023-11-27 15:00:00,138.69862,55.0,-83.69862365722656
2023-11-27 18:00:00,184.67233,55.0,-129.67233276367188
2023-11-27 21:00:00,177.42696,39.0,-138.4269561767578
2023-11-28 00:00:00,151.73213,27.0,-124.73213195800781
2023-11-28 03:00:00,134.70639,19.0,-115.70639038085938
2023-11-28 06:00:00,130.86037,26.0,-104.86036682128906
2023-11-28 09:00:00,131.98946,30.0,-101.98945617675781
2023-11-28 12:00:00,122.881714,32.0,-90.8817138671875
2023-11-28 15:00:00,148.08057,17.0,-131.08056640625
2023-11-28 18:00:00,136.43182,30.0,-106.43182373046875
2023-11-28 21:00:00,108.82423,4.0,-104.82422637939453
2023-11-29 00:00:00,59.853733,23.0,-36.85373306274414
2023-11-29 03:00:00,63.31743,18.0,-45.31742858886719
2023-11-29 06:00:00,62.379627,17.0,-45.3796272277832
2023-11-29 09:00:00,44.237934,11.0,-33.23793411254883
2023-11-29 12:00:00,41.811974,10.0,-31.811973571777344
2023-11-29 15:00:00,68.95465,11.0,-57.95465087890625
2023-11-29 18:00:00,78.28663,33.0,-45.28662872314453
2023-11-29 21:00:00,77.66493,21.0,-56.66493225097656
2023-11-30 00:00:00,73.2266,23.0,-50.226600646972656
2023-11-30 03:00:00,79.83408,19.0,-60.834083557128906
2023-11-30 06:00:00,76.68433,23.0,-53.68433380126953
2023-11-30 09:00:00,65.360725,69.0,3.6392745971679688
2023-11-30 12:00:00,61.606953,40.0,-21.606952667236328
2023-11-30 15:00:00,98.7028,24.0,-74.70279693603516
2023-11-30 18:00:00,112.292015,16.0,-96.2920150756836
2023-11-30 21:00:00,101.9431,23.0,-78.94309997558594
2023-12-01 00:00:00,81.282906,32.0,-49.28290557861328
2023-12-01 03:00:00,83.58529,19.0,-64.58528900146484
2023-12-01 06:00:00,79.43004,27.0,-52.43003845214844
2023-12-01 09:00:00,65.04183,61.0,-4.041831970214844
2023-12-01 12:00:00,54.0075,54.0,-0.00749969482421875
2023-12-01 15:00:00,91.33953,34.0,-57.33953094482422
2023-12-01 18:00:00,97.95741,16.0,-81.95741271972656
2023-12-01 21:00:00,85.48966,19.0,-66.48966217041016
2023-12-02 00:00:00,90.072266,33.0,-57.072265625
2023-12-02 03:00:00,87.30581,38.0,-49.305809020996094
2023-12-02 06:00:00,83.64748,49.0,-34.64747619628906
2023-12-02 09:00:00,68.735855,335.0,266.26414489746094
2023-12-02 12:00:00,63.565495,85.0,21.434505462646484
2023-12-02 15:00:00,108.09674,16.0,-92.09674072265625
2023-12-02 18:00:00,123.98561,18.0,-105.98561096191406
2023-12-02 21:00:00,111.01997,32.0,-79.01997375488281
2023-12-03 00:00:00,101.93344,23.0,-78.93344116210938
2023-12-03 03:00:00,96.79661,25.0,-71.7966079711914
2023-12-03 06:00:00,91.10812,33.0,-58.108123779296875
2023-12-03 09:00:00,76.62243,46.0,-30.62242889404297
2023-12-03 12:00:00,41.189766,54.0,12.810234069824219
2023-12-03 15:00:00,88.25861,23.0,-65.25861358642578
2023-12-03 18:00:00,106.36563,41.0,-65.36563110351562
2023-12-03 21:00:00,89.828064,32.0,-57.82806396484375
2023-12-04 00:00:00,85.90269,32.0,-53.902687072753906
2023-12-04 03:00:00,98.84389,29.0,-69.84388732910156
2023-12-04 06:00:00,99.10854,36.0,-63.108543395996094
2023-12-04 09:00:00,73.74706,49.0,-24.74706268310547
2023-12-04 12:00:00,51.790836,54.0,2.2091636657714844
2023-12-04 15:00:00,92.75857,40.0,-52.758567810058594
2023-12-04 18:00:00,99.34274,31.0,-68.34274291992188
2023-12-04 21:00:00,93.97536,48.0,-45.97535705566406
2023-12-05 00:00:00,94.147255,38.0,-56.147254943847656
2023-12-05 03:00:00,109.45405,41.0,-68.45404815673828
2023-12-05 06:00:00,117.67497,47.0,-70.67497253417969
2023-12-05 09:00:00,91.884315,45.0,-46.884315490722656
2023-12-05 12:00:00,66.79431,63.0,-3.7943115234375
2023-12-05 15:00:00,118.997604,38.0,-80.99760437011719
2023-12-05 18:00:00,135.89761,37.0,-98.89761352539062
2023-12-05 21:00:00,130.49612,36.0,-94.49612426757812
2023-12-06 00:00:00,127.56027,57.0,-70.56027221679688
2023-12-06 03:00:00,147.45638,51.0,-96.45637512207031
2023-12-06 06:00:00,133.47063,72.0,-61.47062683105469
2023-12-06 09:00:00,72.31756,67.0,-5.317558288574219
2023-12-06 12:00:00,57.932537,73.0,15.067462921142578
2023-12-06 15:00:00,111.91332,58.0,-53.91332244873047
2023-12-06 18:00:00,145.76836,58.0,-87.76835632324219
2023-12-06 21:00:00,141.56104,71.0,-70.56103515625
2023-12-07 00:00:00,128.74261,79.0,-49.74261474609375
2023-12-07 03:00:00,119.97327,65.0,-54.9732666015625
2023-12-07 06:00:00,121.682205,55.0,-66.68220520019531
2023-12-07 09:00:00,105.383606,51.0,-54.38360595703125
2023-12-07 12:00:00,106.508766,56.0,-50.508766174316406
2023-12-07 15:00:00,141.50533,77.0,-64.50532531738281
2023-12-07 18:00:00,128.95908,76.0,-52.959075927734375
2023-12-07 21:00:00,132.32967,87.0,-45.32966613769531
2023-12-08 00:00:00,145.56099,78.0,-67.56098937988281
2023-12-08 03:00:00,177.84077,78.0,-99.84077453613281
2023-12-08 06:00:00,182.62471,43.0,-139.6247100830078
2023-12-08 09:00:00,114.11612,42.0,-72.11611938476562
2023-12-08 12:00:00,70.228226,38.0,-32.22822570800781
2023-12-08 15:00:00,126.37202,55.0,-71.37201690673828
2023-12-08 18:00:00,151.65051,64.0,-87.6505126953125
2023-12-08 21:00:00,141.51851,78.0,-63.51850891113281
2023-12-09 00:00:00,111.63479,71.0,-40.634788513183594
2023-12-09 03:00:00,96.478745,81.0,-15.478744506835938
2023-12-09 06:00:00,91.08635,58.0,-33.08634948730469
2023-12-09 09:00:00,80.25973,53.0,-27.259727478027344
2023-12-09 12:00:00,78.4504,56.0,-22.450401306152344
2023-12-09 15:00:00,116.8724,55.0,-61.872398376464844
2023-12-09 18:00:00,103.27756,68.0,-35.277557373046875
2023-12-09 21:00:00,96.32686,99.0,2.6731414794921875
2023-12-10 00:00:00,87.519936,99.0,11.480064392089844
2023-12-10 03:00:00,116.127975,125.0,8.872024536132812
2023-12-10 06:00:00,145.58754,94.0,-51.58753967285156
2023-12-10 09:00:00,140.83318,84.0,-56.83317565917969
2023-12-10 12:00:00,110.333534,86.0,-24.333534240722656
2023-12-10 15:00:00,136.76703,89.0,-47.76702880859375
2023-12-10 18:00:00,156.14796,119.0,-37.14796447753906
2023-12-10 21:00:00,169.84541,89.0,-80.84541320800781
2023-12-11 00:00:00,170.69215,103.0,-67.69215393066406
2023-12-11 03:00:00,153.781,105.0,-48.781005859375
2023-12-11 06:00:00,156.51813,114.0,-42.51812744140625
2023-12-11 09:00:00,98.57149,71.0,-27.571487426757812
2023-12-11 12:00:00,72.29255,40.0,-32.29254913330078
2023-12-11 15:00:00,123.96663,42.0,-81.96662902832031
2023-12-11 18:00:00,151.60413,63.0,-88.6041259765625
2023-12-11 21:00:00,156.59816,72.0,-84.59815979003906
2023-12-12 00:00:00,181.45056,60.0,-121.4505615234375
2023-12-12 03:00:00,192.95476,71.0,-121.95475769042969
2023-12-12 06:00:00,208.78564,69.0,-139.78564453125
2023-12-12 09:00:00,128.97522,63.0,-65.9752197265625
2023-12-12 12:00:00,91.26234,63.0,-28.26233673095703
2023-12-12 15:00:00,145.61897,73.0,-72.61897277832031
2023-12-12 18:00:00,136.08588,89.0,-47.08587646484375
2023-12-12 21:00:00,103.686485,111.0,7.313514709472656
2023-12-13 00:00:00,100.96187,91.0,-9.961868286132812
2023-12-13 03:00:00,98.638565,64.0,-34.63856506347656
2023-12-13 06:00:00,95.37098,46.0,-49.37097930908203
2023-12-13 09:00:00,99.33922,47.0,-52.33921813964844
2023-12-13 12:00:00,104.388565,52.0,-52.38856506347656
2023-12-19 21:00:00,80.71982,42.0,-38.719818115234375
2023-12-20 00:00:00,59.337196,55.0,-4.337196350097656
2023-12-20 03:00:00,81.35259,56.0,-25.35259246826172
2023-12-20 06:00:00,94.073074,51.0,-43.07307434082031
2023-12-20 09:00:00,77.05563,57.0,-20.055633544921875
2023-12-20 12:00:00,43.993965,43.0,-0.9939651489257812
2023-12-20 15:00:00,82.55313,39.0,-43.553131103515625
2023-12-20 18:00:00,86.98606,39.0,-47.986061096191406
2023-12-20 21:00:00,89.00452,40.0,-49.0045166015625
2023-12-21 00:00:00,94.918274,39.0,-55.91827392578125
2023-12-21 03:00:00,112.836235,61.0,-51.83623504638672
2023-12-21 06:00:00,105.341034,68.0,-37.341033935546875
2023-12-21 09:00:00,64.9053,54.0,-10.905296325683594
2023-12-21 12:00:00,50.473774,53.0,2.526226043701172
2023-12-21 15:00:00,81.1898,48.0,-33.189796447753906
2023-12-21 18:00:00,81.03416,45.0,-36.034156799316406
2023-12-21 21:00:00,75.41251,36.0,-39.412513732910156
2023-12-22 00:00:00,68.70164,36.0,-32.701637268066406
2023-12-22 03:00:00,57.195564,44.0,-13.195564270019531
2023-12-22 06:00:00,57.843807,43.0,-14.843807220458984
2023-12-22 09:00:00,70.99143,36.0,-34.991432189941406
2023-12-22 12:00:00,79.99029,32.0,-47.99028778076172
2023-12-22 15:00:00,90.12467,51.0,-39.124671936035156
2023-12-22 18:00:00,87.177795,35.0,-52.17779541015625
2023-12-22 21:00:00,98.06831,39.0,-59.06831359863281
2023-12-23 00:00:00,78.711136,18.0,-60.71113586425781
2023-12-23 03:00:00,96.6254,20.0,-76.62539672851562
2023-12-23 06:00:00,93.36668,32.0,-61.366676330566406
2023-12-23 09:00:00,139.63174,30.0,-109.63174438476562
2023-12-23 12:00:00,134.41899,47.0,-87.41899108886719
2023-12-23 15:00:00,175.29897,42.0,-133.29896545410156
2023-12-23 18:00:00,199.5545,33.0,-166.55450439453125
2023-12-23 21:00:00,183.83014,31.0,-152.83013916015625
2023-12-24 00:00:00,143.5667,36.0,-107.56669616699219
2023-12-24 03:00:00,124.01074,49.0,-75.0107421875
2023-12-24 06:00:00,119.93427,59.0,-60.93427276611328
2023-12-24 09:00:00,98.807106,44.0,-54.807106018066406
2023-12-24 12:00:00,86.26671,40.0,-46.26670837402344
2023-12-24 15:00:00,139.59868,41.0,-98.59867858886719
2023-12-24 18:00:00,161.30264,46.0,-115.30264282226562
2023-12-24 21:00:00,158.08974,72.0,-86.08973693847656
2023-12-25 00:00:00,132.97484,53.0,-79.97483825683594
2023-12-25 03:00:00,130.33469,52.0,-78.33468627929688
2023-12-25 06:00:00,115.721886,53.0,-62.721885681152344
2023-12-25 09:00:00,53.31458,27.0,-26.314579010009766
2023-12-25 12:00:00,28.088436,56.0,27.911563873291016
2023-12-25 15:00:00,70.843666,55.0,-15.843666076660156
2023-12-25 18:00:00,90.91059,53.0,-37.91059112548828
2023-12-25 21:00:00,102.411606,37.0,-65.41160583496094
2023-12-26 00:00:00,93.87122,25.0,-68.87122344970703
2023-12-26 03:00:00,77.31654,26.0,-51.31654357910156
2023-12-26 06:00:00,70.70537,32.0,-38.70536804199219
2023-12-26 09:00:00,47.188335,42.0,-5.188335418701172
2023-12-26 12:00:00,47.965443,16.0,-31.965442657470703
2023-12-26 15:00:00,96.91064,6.0,-90.91063690185547
2023-12-26 18:00:00,125.7348,22.0,-103.73480224609375
2023-12-26 21:00:00,116.85393,25.0,-91.85392761230469
2023-12-27 00:00:00,88.73104,29.0,-59.731040954589844
2023-12-27 03:00:00,82.40698,25.0,-57.406982421875
2023-12-27 06:00:00,81.48283,25.0,-56.482826232910156
2023-12-27 09:00:00,58.087437,24.0,-34.08743667602539
2023-12-27 12:00:00,35.764854,15.0,-20.764854431152344
2023-12-27 15:00:00,103.427055,21.0,-82.42705535888672
2023-12-27 18:00:00,150.0365,19.0,-131.0364990234375
2023-12-27 21:00:00,127.59642,20.0,-107.59642028808594
2023-12-28 00:00:00,75.14757,31.0,-44.14756774902344
2023-12-28 03:00:00,66.45019,30.0,-36.45018768310547
2023-12-28 06:00:00,47.589424,33.0,-14.589424133300781
2023-12-28 09:00:00,37.4435,35.0,-2.443500518798828
2023-12-28 12:00:00,32.97151,26.0,-6.9715118408203125
2023-12-28 15:00:00,93.82035,28.0,-65.82035064697266
2023-12-28 18:00:00,72.08643,21.0,-51.08643341064453
2023-12-28 21:00:00,56.17903,51.0,-5.1790313720703125
2023-12-29 00:00:00,52.62075,14.0,-38.620750427246094
2023-12-29 03:00:00,56.2801,24.0,-32.28010177612305
2023-12-29 06:00:00,61.12839,35.0,-26.12839126586914
2023-12-29 09:00:00,51.842106,20.0,-31.842105865478516
2023-12-29 12:00:00,44.106003,28.0,-16.106002807617188
2023-12-29 15:00:00,95.670944,26.0,-69.67094421386719
2023-12-29 18:00:00,113.28336,36.0,-77.28336334228516
2023-12-29 21:00:00,89.110245,30.0,-59.11024475097656
2023-12-30 00:00:00,85.90632,43.0,-42.90631866455078
2023-12-30 03:00:00,91.96924,56.0,-35.96923828125
2023-12-30 06:00:00,88.42147,60.0,-28.421470642089844
2023-12-30 09:00:00,73.202354,42.0,-31.202354431152344
2023-12-30 12:00:00,51.5181,45.0,-6.518100738525391
2023-12-30 15:00:00,102.13199,34.0,-68.13198852539062
2023-12-30 18:00:00,95.88024,41.0,-54.88024139404297
2023-12-30 21:00:00,82.49992,53.0,-29.499923706054688
2023-12-31 00:00:00,55.659256,41.0,-14.659255981445312
2023-12-31 03:00:00,56.643726,37.0,-19.643726348876953
2023-12-31 06:00:00,61.391575,55.0,-6.391574859619141
2023-12-31 09:00:00,56.76077,48.0,-8.76076889038086
2023-12-31 12:00:00,51.4504,32.0,-19.450401306152344
2023-12-31 15:00:00,101.28065,29.0,-72.28064727783203
2023-12-31 18:00:00,118.88767,35.0,-83.8876724243164
2023-12-31 21:00:00,104.70478,29.0,-75.70478057861328
