file,value,matched,sources,context
main_ems.tex,0.78,True,aligned_pm10_369972.csv:resid; audit_v3.json.bh.llto_coordfree_R0.binom_bh~pct; audit_v3.json.bh.llto_coordfree_R25.binom_bh~pct,strong residual spatial autocorrelation (Moran's $I=+0.78$ within 25~km).
main_ems.tex,0.08,True,aligned_Doha.csv:cams; audit_v3.json.ablation.cams+hour_R100.pooled_ci~delta; audit_v3.json.bh.space_only_coordfree_R50.binom_bh,$+0.08$ only at ten.
main_ems.tex,0.251,True,audit_v3.json.bias_corr.llto_full_R0.spearman_p; audit_v6.json.buffer_time_coordfree_R25.delta_pooled_ci_cell; audit_v7_qc3.json.buffer_full_R0.per_station.369967.delta,"$0.251$, while costing $11.6\%$ of the training data."
main_ems.tex,11.6,True,audit_v3.json.ablation.cams+doy_R100.wilcoxon_p~pct; audit_v3.json.source_boot.full_R100.sd; audit_v4_heavy.json.srcboot_full_R100.sd,"$0.251$, while costing $11.6\%$ of the training data."
main_ems.tex,1300,False,,"No upper concentration cap was applied to \pmten{}: a fixed ceiling appropriate to fine particulate matter would delete genuine Gulf haboob peaks, and the record's largest event (15 consecutive hours above 1{,}300~\ugm{}"
main_ems.tex,2978,True,aligned_pm10_369973.csv:obs,"No upper concentration cap was applied to \pmten{}: a fixed ceiling appropriate to fine particulate matter would delete genuine Gulf haboob peaks, and the record's largest event (15 consecutive hours above 1{,}300~\ugm{}"
main_ems.tex,124,True,audit_v7_qc3.json.buffer_coordfree_R0.per_station.369974.raw; audit_v7_qc3.json.buffer_coordfree_R100.per_station.369974.raw; audit_v7_qc3.json.buffer_coordfree_R25.per_station.369974.raw,"No upper concentration cap was applied to \pmten{}: a fixed ceiling appropriate to fine particulate matter would delete genuine Gulf haboob peaks, and the record's largest event (15 consecutive hours above 1{,}300~\ugm{}"
main_ems.tex,1.16,True,audit_v3.json.space_only.full_R50.mae_transfer.369968~delta; audit_v5.json.aoa.coordfree_R100.per_station.369966.di_median; audit_v6.json.buffer_full_R50.per_station.369968.transfer~delta,"This yielded approximately $1.16\times10^{5}$ quality-controlled hourly \pmtf{} records, which reduce to $38{,}730$ matched three-hourly \pmtf{} samples (and $20{,}818$ for \pmten{}; Figure~ d); rolling-origin evaluation"
main_ems.tex,38730,False,,"This yielded approximately $1.16\times10^{5}$ quality-controlled hourly \pmtf{} records, which reduce to $38{,}730$ matched three-hourly \pmtf{} samples (and $20{,}818$ for \pmten{}; Figure~ d); rolling-origin evaluation"
main_ems.tex,20818,True,qc_flatline.json.n_obs,"This yielded approximately $1.16\times10^{5}$ quality-controlled hourly \pmtf{} records, which reduce to $38{,}730$ matched three-hourly \pmtf{} samples (and $20{,}818$ for \pmten{}; Figure~ d); rolling-origin evaluation"
main_ems.tex,4800,True,tables_s12_s13.json.s13.n; tables_s12_s13_full.json.s13.n; tables_s12_s13_full2.json.s13.n,"This yielded approximately $1.16\times10^{5}$ quality-controlled hourly \pmtf{} records, which reduce to $38{,}730$ matched three-hourly \pmtf{} samples (and $20{,}818$ for \pmten{}; Figure~ d); rolling-origin evaluation"
main_ems.tex,9920,True,tables_s12_s13.json.s13.n; tables_s12_s13_full.json.s13.n; tables_s12_s13_full2.json.s13.n,"This yielded approximately $1.16\times10^{5}$ quality-controlled hourly \pmtf{} records, which reduce to $38{,}730$ matched three-hourly \pmtf{} samples (and $20{,}818$ for \pmten{}; Figure~ d); rolling-origin evaluation"
main_ems.tex,6.5,True,audit_v3.json.ablation.cams+doy_R0.per_station.369955; audit_v3.json.space_only.coordfree_R50.per_station.369972; audit_v5.json.nndm.R0.cv_nn_median,"We note that the \pmten{} network, while our densest and most complete, is a single regional cluster (median nearest-neighbour distance 6.5~km) observed over a single September--December 2023 window, which bounds the geo"
main_ems.tex,1626,True,aligned_pm10_369957.csv:obs,"The window lies outside the climatological \emph{summer} Shamal maximum , so the year's strongest outbreaks are unsampled; it does, however, contain winter Shamal activity, including a $1{,}626$~\ugm{} event on 16--17 De"
main_ems.tex,167,False,,August 2023 was the highest-concentration month in the record (station mean $167$~\ugm) but falls outside the benchmark window because its observational coverage cannot satisfy the context-completeness requirement; the c
main_ems.tex,37,True,aligned_pm10_369957.csv:resid; aligned_pm10_369961.csv:obs; audit_v3.json.ablation.cams+doy_R100.per_station.369966,tellite aerosol optical depth and selected reactive-gas retrievals but does not assimilate the surface \pmtf{}/\pmten{} concentrations used here; the large station-level biases we report (up to $+37$ and $-121$~\ugm) are
main_ems.tex,-121,True,audit_v7_qc3.json.buffer_coordfree_R100.per_station.369953.delta~pct; audit_v7_qc3.json.buffer_full_R100.delta_pooled_ci_cell~pct; audit_v7_qc3.json.buffer_time_cell_full_R50.per_station.369968.delta~pct,tellite aerosol optical depth and selected reactive-gas retrievals but does not assimilate the surface \pmtf{}/\pmten{} concentrations used here; the large station-level biases we report (up to $+37$ and $-121$~\ugm) are
main_ems.tex,80,True,aligned_pm10_369955.csv:cams; audit_v3.json.ablation.cams_R100.mae_transfer.369973; audit_v3.json.ablation.full_R0.mae_transfer.369965,"is that comparing a $0.75^\circ$ ($\approx$80~km) grid cell against a point monitor folds spatial-representativeness error into what we call ``CAMS bias'', potentially over-stating a model deficiency; and regulatory moni"
main_ems.tex,-121,True,audit_v7_qc3.json.buffer_coordfree_R100.per_station.369953.delta~pct; audit_v7_qc3.json.buffer_full_R100.delta_pooled_ci_cell~pct; audit_v7_qc3.json.buffer_time_cell_full_R50.per_station.369968.delta~pct,"Representativeness error is real and does inflate the largest single-station biases: the extreme values concentrate at urban/roadside sites (Al~Mafraq $-121$, E11~Road $-74$, Mussafah $-73$~\ugm) while remote desert stat"
main_ems.tex,-74,True,audit_v7_qc3.json.buffer_coordfree_R100.per_station.369965.delta~pct; audit_v7_qc3.json.buffer_coordfree_R25.per_station.369967.delta~pct; audit_v7_qc3.json.buffer_coordfree_R50.per_station.369965.delta~pct,"Representativeness error is real and does inflate the largest single-station biases: the extreme values concentrate at urban/roadside sites (Al~Mafraq $-121$, E11~Road $-74$, Mussafah $-73$~\ugm) while remote desert stat"
main_ems.tex,-73,True,audit_v3.json.ablation.cams_R100.d_z_ci~pct; audit_v5.json.learners.ridge_full_R100.median_ci; audit_v5.json.learners.ridge_full_R100.per_station.369960,"Representativeness error is real and does inflate the largest single-station biases: the extreme values concentrate at urban/roadside sites (Al~Mafraq $-121$, E11~Road $-74$, Mussafah $-73$~\ugm) while remote desert stat"
main_ems.tex,37,True,aligned_pm10_369957.csv:resid; aligned_pm10_369961.csv:obs; audit_v3.json.ablation.cams+doy_R100.per_station.369966,"Representativeness error is real and does inflate the largest single-station biases: the extreme values concentrate at urban/roadside sites (Al~Mafraq $-121$, E11~Road $-74$, Mussafah $-73$~\ugm) while remote desert stat"
main_ems.tex,-23.6,True,loso_v2_stability.json.full_R50.seeds.mean; tables_s12_s13.json.s13.Bias; tables_s12_s13_full.json.s13.Bias,"We therefore report the network-mean bias over the evaluated forecast points ($-23.6$~\ugm; Table~S13); the unweighted station-mean over the full matched record is $-27.5$~\ugm{} (Table~S1), the difference reflecting the"
main_ems.tex,-27.5,True,audit_v3.json.llto.coordfree_R0.per_station.369967; audit_v3.json.space_only.full_R25.d_z_ci~pct; audit_v5.json.learners.gbm_d6_coordfree_R0.per_station.369967,"We therefore report the network-mean bias over the evaluated forecast points ($-23.6$~\ugm; Table~S13); the unweighted station-mean over the full matched record is $-27.5$~\ugm{} (Table~S1), the difference reflecting the"
main_ems.tex,6.1,True,audit_v4c.json.placebo_llto_R100.perm_median; audit_v7_qc6_guard3.json.buffer_time_full_R25.delta_pooled~pct; loso_v2_stability.json.full_R0.seeds.mean,"First, the result survives where representativeness is minimal: restricting to the nine \pmten{} stations whose CAMS bias is small ($|\text{bias}|\leq15$~\ugm, mean $|\text{bias}|$ $6.1$~\ugm), the best-represented sites"
main_ems.tex,68,True,aligned_pm10_369960.csv:obs; audit_v3.json.space_only.full_R50.mae_transfer.369969; audit_v6.json.buffer_full_R50.per_station.369969.transfer,"First, the result survives where representativeness is minimal: restricting to the nine \pmten{} stations whose CAMS bias is small ($|\text{bias}|\leq15$~\ugm, mean $|\text{bias}|$ $6.1$~\ugm), the best-represented sites"
main_ems.tex,26.7,True,audit_v3.json.ablation.coordfree_R0.mae_transfer.369971; audit_v3.json.cell.coordfree_spaceonly.mae_transfer.369971; audit_v3.json.llto.full_R25.per_station.369954,"First, the result survives where representativeness is minimal: restricting to the nine \pmten{} stations whose CAMS bias is small ($|\text{bias}|\leq15$~\ugm, mean $|\text{bias}|$ $6.1$~\ugm), the best-represented sites"
main_ems.tex,69,True,aligned_pm10_369955.csv:cams; aligned_pm10_369955.csv:obs; aligned_pm10_369962.csv:obs,"First, the result survives where representativeness is minimal: restricting to the nine \pmten{} stations whose CAMS bias is small ($|\text{bias}|\leq15$~\ugm, mean $|\text{bias}|$ $6.1$~\ugm), the best-represented sites"
main_ems.tex,20,True,aligned_Jeddah.csv:cams; aligned_pm10_369962.csv:resid; aligned_pm10_369963.csv:obs,"Because the MERRA-2 surface product resolves dust only as total (to $\sim$20~$\mu$m) and PM$_{2.5}$-mode, we evaluate two reconstruction scenarios: a PM$_{2.5}$-mode case that under-predicts coarse dust and a total-dust "
main_ems.tex,25.9,True,audit_v3.json.ablation.full_R0.pooled_ci; audit_v3.json.llto.coordfree_R25.per_station.369966; audit_v5.json.learners.gbm_d2_coordfree_R0.per_station.369963,"Bias-corrected MAE spans $25.9$--$101$~\ugm{} on the same origins (SI, Table~S19)."
main_ems.tex,101,True,audit_v7.json.buffer_full_R25.per_station.369974.transfer; audit_v7.json.buffer_full_R50.per_station.369974.transfer; audit_v7_qc6.json.buffer_full_R25.per_station.369974.transfer,"Bias-corrected MAE spans $25.9$--$101$~\ugm{} on the same origins (SI, Table~S19)."
main_ems.tex,13,True,aligned_pm10_369959.csv:cams; aligned_pm10_369960.csv:cams; aligned_pm10_369968.csv:cams,"This span is not a mathematical MAE bound, because bias-corrected MAE need not vary monotonically with the reconstructed concentration, but the most favourable scenario is still roughly twice the observation-driven nowca"
main_ems.tex,30.3,True,audit_v3.json.ablation.cams+doy_R100.mae_transfer.369969; audit_v7_qc3.json.buffer_coordfree_R0.delta_median~pct; audit_v7_qc3.json.buffer_coordfree_R0.per_station.369968.delta~pct,"This span is not a mathematical MAE bound, because bias-corrected MAE need not vary monotonically with the reconstructed concentration, but the most favourable scenario is still roughly twice the observation-driven nowca"
main_ems.tex,0.0625,True,audit_v3.json.llto.coordfree_R50.mean~delta; audit_v3.json.source_boot.coordfree_R100.mean~delta; audit_v5.json.aoa.full_R0.n_stations_mostly_outside~delta,"Because the \pmtf{} arm has only five stations (at which the smallest attainable Wilcoxon $p$ is $0.0625$), \pmtf{} comparisons are treated as descriptive effect sizes rather than confirmatory tests."
main_ems.tex,6.5,True,audit_v3.json.ablation.cams+doy_R0.per_station.369955; audit_v3.json.space_only.coordfree_R50.per_station.369972; audit_v5.json.nndm.R0.cv_nn_median,"Because the \pmten{} network is spatially dense (median nearest-neighbour distance 6.5~km), LOSO risks rewarding spatial autocorrelation rather than genuine transfer."
main_ems.tex,0.85,True,audit_v5.json.aoa.full_R0.per_station.369961.di_median; audit_v7.json.buffer_full_R50.per_station.369972.transfer~delta; audit_v7_qc6.json.buffer_full_R50.per_station.369972.transfer~delta,"field is indeed strongly spatially structured: Moran's $I$ on the station-level CAMS bias is $+0.85$ for neighbours within 15~km, $+0.78$ within 25~km, $+0.77$ within 50~km and $+0.47$ within 100~km (permutation $p<0.001"
main_ems.tex,0.78,True,aligned_pm10_369972.csv:resid; audit_v3.json.bh.llto_coordfree_R0.binom_bh~pct; audit_v3.json.bh.llto_coordfree_R25.binom_bh~pct,"field is indeed strongly spatially structured: Moran's $I$ on the station-level CAMS bias is $+0.85$ for neighbours within 15~km, $+0.78$ within 25~km, $+0.77$ within 50~km and $+0.47$ within 100~km (permutation $p<0.001"
main_ems.tex,0.77,True,audit_v3.json.ablation.cams+doy_R0.d_z; audit_v3.json.cell.full_llto.mae_transfer.369957~delta; audit_v6.json.buffer_time_cell_full_R0.per_station.369957.transfer~delta,"field is indeed strongly spatially structured: Moran's $I$ on the station-level CAMS bias is $+0.85$ for neighbours within 15~km, $+0.78$ within 25~km, $+0.77$ within 50~km and $+0.47$ within 100~km (permutation $p<0.001"
main_ems.tex,0.47,True,audit_v3.json.ablation.cams+doy_R0.mae_transfer.369957~delta; audit_v3.json.ablation.cams+hour_R0.per_station.369963~delta; audit_v3.json.ablation.coordfree_R0.mae_transfer.369957~delta,"field is indeed strongly spatially structured: Moran's $I$ on the station-level CAMS bias is $+0.85$ for neighbours within 15~km, $+0.78$ within 25~km, $+0.77$ within 50~km and $+0.47$ within 100~km (permutation $p<0.001"
main_ems.tex,0.001,True,audit_v3.json.ablation.cams+doy_R100.wilcoxon_p~delta; audit_v3.json.ablation.cams+hour_R100.per_station.369960~delta; audit_v3.json.bh.llto_coordfree_R100.wilcoxon_bh~delta,"field is indeed strongly spatially structured: Moran's $I$ on the station-level CAMS bias is $+0.85$ for neighbours within 15~km, $+0.78$ within 25~km, $+0.77$ within 50~km and $+0.47$ within 100~km (permutation $p<0.001"
main_ems.tex,9999,True,moran.json.n_perm,"field is indeed strongly spatially structured: Moran's $I$ on the station-level CAMS bias is $+0.85$ for neighbours within 15~km, $+0.78$ within 25~km, $+0.77$ within 50~km and $+0.47$ within 100~km (permutation $p<0.001"
main_ems.tex,-0.06,True,audit_v3.json.ablation.cams+hour_R0.median_ci~delta; audit_v3.json.ablation.cams+hour_R0.per_station.369972~delta; audit_v3.json.ablation.cams+hour_R100.median~delta,"field is indeed strongly spatially structured: Moran's $I$ on the station-level CAMS bias is $+0.85$ for neighbours within 15~km, $+0.78$ within 25~km, $+0.77$ within 50~km and $+0.47$ within 100~km (permutation $p<0.001"
main_ems.tex,0.49,True,audit_v3.json.ablation.cams+doy_R100.per_station.369960~delta; audit_v3.json.ablation.cams+hour_R0.mae_transfer.369953~delta; audit_v3.json.ablation.cams+hour_R0.mae_transfer.369954~delta,"field is indeed strongly spatially structured: Moran's $I$ on the station-level CAMS bias is $+0.85$ for neighbours within 15~km, $+0.78$ within 25~km, $+0.77$ within 50~km and $+0.47$ within 100~km (permutation $p<0.001"
main_ems.tex,0.026,True,audit_v3.json.bh.llto_coordfree_R100.binom_bh; audit_v3.json.bh.llto_full_R100.binom_bh; audit_v3.json.bh.llto_full_R50.binom_bh,"field is indeed strongly spatially structured: Moran's $I$ on the station-level CAMS bias is $+0.85$ for neighbours within 15~km, $+0.78$ within 25~km, $+0.77$ within 50~km and $+0.47$ within 100~km (permutation $p<0.001"
main_ems.tex,0.08,True,aligned_Doha.csv:cams; audit_v3.json.ablation.cams+hour_R100.pooled_ci~delta; audit_v3.json.bh.space_only_coordfree_R50.binom_bh,"The guard is set from the measured lag autocorrelation of the observation-minus-CAMS residual rather than from an assumed episode duration: ten days, where that autocorrelation reaches $+0.08$ (SI, Table~S30)."
main_ems.tex,0.19,True,audit_v3.json.ablation.cams+hour_R100.median_ci~delta; audit_v3.json.ablation.cams+hour_R100.per_station.369958~delta; audit_v3.json.ablation.full_R0.mae_transfer.369968~delta,"A three-day guard, chosen instead to exceed the duration of a synoptic dust episode, leaves it at $+0.19$, and we report both settings throughout (Table~S6)."
main_ems.tex,171,True,aligned_Doha.csv:cams,"Because CAMS is sampled at the nearest $0.75^\circ$ cell, stations sharing a cell carry \emph{identical} covariate series: 15 of the 171 station pairs here, involving 16 of the 19 stations, at separations up to 46~km."
main_ems.tex,46,True,audit_v3.json.ablation.cams+doy_R100.mae_transfer.369953; audit_v3.json.ablation.full_R0.mae_transfer.369958; audit_v3.json.ablation.full_R0.mae_transfer.369961,"Because CAMS is sampled at the nearest $0.75^\circ$ cell, stations sharing a cell carry \emph{identical} covariate series: 15 of the 171 station pairs here, involving 16 of the 19 stations, at separations up to 46~km."
main_ems.tex,3.8,True,audit_v3.json.ablation.cams_R0.mae_transfer.369974~delta; audit_v3.json.llto.coordfree_R100.per_station.369973; audit_v5.json.aoa.coordfree_R100.per_station.369958.threshold,"Across sites, CAMS bias ranges from $+3.8$ to $+36.9$~\ugm{} for \pmtf{} (systematic over-prediction, largest in the northern-Gulf dust-and-industry corridor around Kuwait) and from $-121$ to $+37$~\ugm{} for \pmten{}, w"
main_ems.tex,36.9,True,audit_v7_qc6.json.buffer_time_coordfree_R0.per_station.369965.transfer; audit_v7_qc6.json.buffer_time_coordfree_R25.per_station.369965.transfer; ets_hss_ci.json.pm25:snaive.ETS_hi~pct,"Across sites, CAMS bias ranges from $+3.8$ to $+36.9$~\ugm{} for \pmtf{} (systematic over-prediction, largest in the northern-Gulf dust-and-industry corridor around Kuwait) and from $-121$ to $+37$~\ugm{} for \pmten{}, w"
main_ems.tex,-121,True,audit_v7_qc3.json.buffer_coordfree_R100.per_station.369953.delta~pct; audit_v7_qc3.json.buffer_full_R100.delta_pooled_ci_cell~pct; audit_v7_qc3.json.buffer_time_cell_full_R50.per_station.369968.delta~pct,"Across sites, CAMS bias ranges from $+3.8$ to $+36.9$~\ugm{} for \pmtf{} (systematic over-prediction, largest in the northern-Gulf dust-and-industry corridor around Kuwait) and from $-121$ to $+37$~\ugm{} for \pmten{}, w"
main_ems.tex,37,True,aligned_pm10_369957.csv:resid; aligned_pm10_369961.csv:obs; audit_v3.json.ablation.cams+doy_R100.per_station.369966,"Across sites, CAMS bias ranges from $+3.8$ to $+36.9$~\ugm{} for \pmtf{} (systematic over-prediction, largest in the northern-Gulf dust-and-industry corridor around Kuwait) and from $-121$ to $+37$~\ugm{} for \pmten{}, w"
main_ems.tex,0.11,True,audit_v3.json.ablation.cams+doy_R0.per_station.369973~delta; audit_v3.json.ablation.cams+doy_R100.pooled~delta; audit_v3.json.ablation.cams+hour_R100.per_station.369974~delta,"Temporal correlation with observations is only weak-to-moderate (station-level $r$ for the \pmten{} network ranging $0.11$--$0.52$; Table~S7), confirming that a large, partly learnable error remains in both the level and"
main_ems.tex,0.52,True,audit_v3.json.ablation.cams_R100.mae_transfer.369953~delta; audit_v3.json.ablation.coordfree_R0.per_station.369961~delta; audit_v3.json.bias_corr.space_only_coordfree_R100.spearman,"Temporal correlation with observations is only weak-to-moderate (station-level $r$ for the \pmten{} network ranging $0.11$--$0.52$; Table~S7), confirming that a large, partly learnable error remains in both the level and"
main_ems.tex,14.8,True,audit_v4c.json.placebo_llto_R100.perm_hi; audit_v4c.json.placebo_llto_R100.perm_median; audit_v6.json.buffer_time_coordfree_R0.delta_mean~pct,"A pretrained foundation model applied directly to the observed series attains overall \pmtf{} MAE $14.8$~\ugm{} (95\% CI $11.4$--$18.9$) for Chronos-2, against $26.4$~\ugm{} ($17.8$--$37.7$) for raw CAMS, $23.1$ for bias"
main_ems.tex,11.4,True,audit_v3.json.cell.coordfree_spaceonly.d_z_ci~pct; audit_v3.json.llto.coordfree_R100.median; audit_v3.json.llto.coordfree_R100.per_station.369972,"A pretrained foundation model applied directly to the observed series attains overall \pmtf{} MAE $14.8$~\ugm{} (95\% CI $11.4$--$18.9$) for Chronos-2, against $26.4$~\ugm{} ($17.8$--$37.7$) for raw CAMS, $23.1$ for bias"
main_ems.tex,18.9,True,audit_v3.json.llto.coordfree_R0.mae_transfer.369969; audit_v4_heavy.json.srcboot_coordfree_R0.mean; audit_v6.json.buffer_time_coordfree_R0.per_station.369969.transfer,"A pretrained foundation model applied directly to the observed series attains overall \pmtf{} MAE $14.8$~\ugm{} (95\% CI $11.4$--$18.9$) for Chronos-2, against $26.4$~\ugm{} ($17.8$--$37.7$) for raw CAMS, $23.1$ for bias"
main_ems.tex,26.4,True,audit_v3.json.ablation.full_R100.per_station.369954; audit_v3.json.space_only.full_R100.per_station.369954; audit_v6.json.buffer_full_R100.per_station.369954.delta~pct,"A pretrained foundation model applied directly to the observed series attains overall \pmtf{} MAE $14.8$~\ugm{} (95\% CI $11.4$--$18.9$) for Chronos-2, against $26.4$~\ugm{} ($17.8$--$37.7$) for raw CAMS, $23.1$ for bias"
main_ems.tex,17.8,True,audit_v3.json.paired.space_only_R50.ci; audit_v3.json.space_only.coordfree_R25.per_station.369958; audit_v3.json.space_only.coordfree_R50.per_station.369958,"A pretrained foundation model applied directly to the observed series attains overall \pmtf{} MAE $14.8$~\ugm{} (95\% CI $11.4$--$18.9$) for Chronos-2, against $26.4$~\ugm{} ($17.8$--$37.7$) for raw CAMS, $23.1$ for bias"
main_ems.tex,37.7,True,audit_v3.json.ablation.coordfree_R0.mae_transfer.369957; audit_v3.json.llto.full_R100.mae_transfer.369971; audit_v3.json.space_only.coordfree_R0.mae_transfer.369957,"A pretrained foundation model applied directly to the observed series attains overall \pmtf{} MAE $14.8$~\ugm{} (95\% CI $11.4$--$18.9$) for Chronos-2, against $26.4$~\ugm{} ($17.8$--$37.7$) for raw CAMS, $23.1$ for bias"
main_ems.tex,23.1,True,audit_v3.json.ablation.coordfree_R100.per_station.369963; audit_v3.json.paired.llto_R25.d_z~pct; audit_v3.json.space_only.coordfree_R100.per_station.369963,"A pretrained foundation model applied directly to the observed series attains overall \pmtf{} MAE $14.8$~\ugm{} (95\% CI $11.4$--$18.9$) for Chronos-2, against $26.4$~\ugm{} ($17.8$--$37.7$) for raw CAMS, $23.1$ for bias"
main_ems.tex,16.5,True,audit_v3.json.llto.coordfree_R0.per_station.369974; audit_v3.json.llto.full_R0.mae_transfer.369969; audit_v3.json.llto.full_R0.pooled,"A pretrained foundation model applied directly to the observed series attains overall \pmtf{} MAE $14.8$~\ugm{} (95\% CI $11.4$--$18.9$) for Chronos-2, against $26.4$~\ugm{} ($17.8$--$37.7$) for raw CAMS, $23.1$ for bias"
main_ems.tex,13.3,True,aligned_pm10_369959.csv:cams; aligned_pm10_369968.csv:cams; aligned_pm10_369969.csv:cams,"A pretrained foundation model applied directly to the observed series attains overall \pmtf{} MAE $14.8$~\ugm{} (95\% CI $11.4$--$18.9$) for Chronos-2, against $26.4$~\ugm{} ($17.8$--$37.7$) for raw CAMS, $23.1$ for bias"
main_ems.tex,10.2,True,audit_v3.json.cell.coordfree_spaceonly.per_station.369968; audit_v3.json.llto.coordfree_R100.pooled; audit_v3.json.space_only.coordfree_R25.per_station.369968,"A pretrained foundation model applied directly to the observed series attains overall \pmtf{} MAE $14.8$~\ugm{} (95\% CI $11.4$--$18.9$) for Chronos-2, against $26.4$~\ugm{} ($17.8$--$37.7$) for raw CAMS, $23.1$ for bias"
main_ems.tex,17.6,True,audit_v3.json.llto.coordfree_R25.per_station.369963; audit_v3.json.llto.coordfree_R50.per_station.369963; audit_v5.json.learners.gbm_d2_full_R100.per_station.369965,"A pretrained foundation model applied directly to the observed series attains overall \pmtf{} MAE $14.8$~\ugm{} (95\% CI $11.4$--$18.9$) for Chronos-2, against $26.4$~\ugm{} ($17.8$--$37.7$) for raw CAMS, $23.1$ for bias"
main_ems.tex,43.0,True,aligned_pm10_369954.csv:cams; aligned_pm10_369957.csv:cams; audit_v3.json.ablation.cams+doy_R0.mae_transfer.369963,"A pretrained foundation model applied directly to the observed series attains overall \pmtf{} MAE $14.8$~\ugm{} (95\% CI $11.4$--$18.9$) for Chronos-2, against $26.4$~\ugm{} ($17.8$--$37.7$) for raw CAMS, $23.1$ for bias"
main_ems.tex,33.3,True,audit_v5.json.nndm.R25.cv_nn_iqr; audit_v7_qc3.json.buffer_coordfree_R50.per_station.369968.transfer; audit_v7_qc3.json.buffer_full_R50.per_station.369966.delta~pct,"A pretrained foundation model applied directly to the observed series attains overall \pmtf{} MAE $14.8$~\ugm{} (95\% CI $11.4$--$18.9$) for Chronos-2, against $26.4$~\ugm{} ($17.8$--$37.7$) for raw CAMS, $23.1$ for bias"
main_ems.tex,55.4,True,aligned_pm10_369958.csv:cams; aligned_pm10_369966.csv:cams; aligned_pm10_369974.csv:cams,"A pretrained foundation model applied directly to the observed series attains overall \pmtf{} MAE $14.8$~\ugm{} (95\% CI $11.4$--$18.9$) for Chronos-2, against $26.4$~\ugm{} ($17.8$--$37.7$) for raw CAMS, $23.1$ for bias"
main_ems.tex,9480,True,tables_s12_s13.json.s13.n; tables_s12_s13_full.json.s13.n; tables_s12_s13_full2.json.s13.n,"Persistence, which requires a defined immediately preceding observation, is scored on the $9{,}480$ of $9{,}920$ \pmten{} points where one exists; the $440$ excluded points follow a data gap and are the cases least favou"
main_ems.tex,9920,True,tables_s12_s13.json.s13.n; tables_s12_s13_full.json.s13.n; tables_s12_s13_full2.json.s13.n,"Persistence, which requires a defined immediately preceding observation, is scored on the $9{,}480$ of $9{,}920$ \pmten{} points where one exists; the $440$ excluded points follow a data gap and are the cases least favou"
main_ems.tex,440,False,,"Persistence, which requires a defined immediately preceding observation, is scored on the $9{,}480$ of $9{,}920$ \pmten{} points where one exists; the $440$ excluded points follow a data gap and are the cases least favou"
main_ems.tex,1.49,True,audit_v3.json.cell.coordfree_spaceonly.per_station.369969; audit_v3.json.space_only.coordfree_R25.per_station.369969; audit_v6.json.buffer_coordfree_R25.per_station.369969.delta~pct,"The margin over the CTM is large and consistent (Table~S2): the paired effect size is Cohen's $d_z=1.49$ for \pmten{} (Wilcoxon $p<0.001$ after Benjamini--Hochberg correction, 19 stations; Figure~ b), while for \pmtf{} $"
main_ems.tex,0.001,True,audit_v3.json.ablation.cams+doy_R100.wilcoxon_p~delta; audit_v3.json.ablation.cams+hour_R100.per_station.369960~delta; audit_v3.json.bh.llto_coordfree_R100.wilcoxon_bh~delta,"The margin over the CTM is large and consistent (Table~S2): the paired effect size is Cohen's $d_z=1.49$ for \pmten{} (Wilcoxon $p<0.001$ after Benjamini--Hochberg correction, 19 stations; Figure~ b), while for \pmtf{} $"
main_ems.tex,1.37,True,audit_v3.json.llto.full_R25.d_z_ci; audit_v3.json.space_only.coordfree_R25.pooled_ci; audit_v5.json.aoa.coordfree_R100.per_station.369974.frac_outside~pct,"The margin over the CTM is large and consistent (Table~S2): the paired effect size is Cohen's $d_z=1.49$ for \pmten{} (Wilcoxon $p<0.001$ after Benjamini--Hochberg correction, 19 stations; Figure~ b), while for \pmtf{} $"
main_ems.tex,0.062,True,audit_v3.json.llto.coordfree_R50.mean~delta; audit_v3.json.source_boot.coordfree_R100.mean~delta; audit_v5.json.aoa.full_R0.n_stations_mostly_outside~delta,"The margin over the CTM is large and consistent (Table~S2): the paired effect size is Cohen's $d_z=1.49$ for \pmten{} (Wilcoxon $p<0.001$ after Benjamini--Hochberg correction, 19 stations; Figure~ b), while for \pmtf{} $"
main_ems.tex,36,True,aligned_pm10_369966.csv:resid; audit_v3.json.ablation.cams+doy_R0.median_ci; audit_v3.json.ablation.cams+doy_R0.per_station.369971,"runs of origins separated by no more than 36~h) in an episode-block bootstrap; its per-model intervals differ from the station-cluster intervals (episode resampling holds the station panel fixed, so between-station varia"
main_ems.tex,29.8,True,audit_v3.json.ablation.cams+doy_R100.per_station.369957; audit_v3.json.ablation.full_R100.per_station.369957; audit_v3.json.space_only.full_R100.per_station.369957,"runs of origins separated by no more than 36~h) in an episode-block bootstrap; its per-model intervals differ from the station-cluster intervals (episode resampling holds the station panel fixed, so between-station varia"
main_ems.tex,28.7,True,audit_v3.json.ablation.cams_R100.per_station.369966; audit_v3.json.bias_corr.space_only_coordfree_R25.spearman~pct; audit_v3.json.cell.coordfree_llto.per_station.369961,"runs of origins separated by no more than 36~h) in an episode-block bootstrap; its per-model intervals differ from the station-cluster intervals (episode resampling holds the station panel fixed, so between-station varia"
main_ems.tex,31.5,True,audit_v3.json.llto.coordfree_R100.mae_transfer.369955; audit_v3.json.llto.coordfree_R100.mae_transfer.369966; audit_v6.json.buffer_time_cell_coordfree_R100.per_station.369955.transfer,"runs of origins separated by no more than 36~h) in an episode-block bootstrap; its per-model intervals differ from the station-cluster intervals (episode resampling holds the station panel fixed, so between-station varia"
main_ems.tex,1.53,True,audit_v3.json.paired.llto_R25.mean_diff; loso_v2_stability.json.full_R100.seeds.median,"A trivial persistence baseline also beats CAMS by a comparable margin ($d_z=1.53$ for \pmten{}, $p<0.001$), and head-to-head the foundation model's advantage over persistence is negligible: for \pmten{} the two are stati"
main_ems.tex,0.001,True,audit_v3.json.ablation.cams+doy_R100.wilcoxon_p~delta; audit_v3.json.ablation.cams+hour_R100.per_station.369960~delta; audit_v3.json.bh.llto_coordfree_R100.wilcoxon_bh~delta,"A trivial persistence baseline also beats CAMS by a comparable margin ($d_z=1.53$ for \pmten{}, $p<0.001$), and head-to-head the foundation model's advantage over persistence is negligible: for \pmten{} the two are stati"
main_ems.tex,13.3,True,aligned_pm10_369959.csv:cams; aligned_pm10_369968.csv:cams; aligned_pm10_369969.csv:cams,"A trivial persistence baseline also beats CAMS by a comparable margin ($d_z=1.53$ for \pmten{}, $p<0.001$), and head-to-head the foundation model's advantage over persistence is negligible: for \pmten{} the two are stati"
main_ems.tex,13.0,True,aligned_pm10_369959.csv:cams; aligned_pm10_369960.csv:cams; aligned_pm10_369968.csv:cams,"\ $13.0$~\ugm; $d_z=-0.12$, $p=0.52$, 95\% CI on $d_z$ approximately $[-0.60,+0.36]$; the foundation model wins at only 8 of 19 stations), which we read as unresolved rather than as evidence of equivalence: the interval "
main_ems.tex,-0.12,True,audit_v3.json.ablation.cams+hour_R100.d_z; audit_v3.json.ablation.cams_R0.per_station.369969~delta; audit_v3.json.ablation.cams_R100.mean~delta,"\ $13.0$~\ugm; $d_z=-0.12$, $p=0.52$, 95\% CI on $d_z$ approximately $[-0.60,+0.36]$; the foundation model wins at only 8 of 19 stations), which we read as unresolved rather than as evidence of equivalence: the interval "
main_ems.tex,0.52,True,audit_v3.json.ablation.cams_R100.mae_transfer.369953~delta; audit_v3.json.ablation.coordfree_R0.per_station.369961~delta; audit_v3.json.bias_corr.space_only_coordfree_R100.spearman,"\ $13.0$~\ugm; $d_z=-0.12$, $p=0.52$, 95\% CI on $d_z$ approximately $[-0.60,+0.36]$; the foundation model wins at only 8 of 19 stations), which we read as unresolved rather than as evidence of equivalence: the interval "
main_ems.tex,-0.60,True,audit_v3.json.ablation.cams+hour_R0.per_station.369953~delta; audit_v3.json.ablation.cams+hour_R0.pooled_ci; audit_v3.json.ablation.cams+hour_R100.d_z_ci,"\ $13.0$~\ugm; $d_z=-0.12$, $p=0.52$, 95\% CI on $d_z$ approximately $[-0.60,+0.36]$; the foundation model wins at only 8 of 19 stations), which we read as unresolved rather than as evidence of equivalence: the interval "
main_ems.tex,0.36,True,audit_v3.json.ablation.cams+doy_R100.binom_p; audit_v3.json.ablation.cams+doy_R100.mae_transfer.369962~delta; audit_v3.json.ablation.cams+doy_R100.mae_transfer.369969~delta,"\ $13.0$~\ugm; $d_z=-0.12$, $p=0.52$, 95\% CI on $d_z$ approximately $[-0.60,+0.36]$; the foundation model wins at only 8 of 19 stations), which we read as unresolved rather than as evidence of equivalence: the interval "
main_ems.tex,41.5,True,audit_v3.json.ablation.cams+doy_R0.mae_transfer.369954; audit_v3.json.ablation.cams+hour_R100.mae_transfer.369959; audit_v3.json.ablation.cams+hour_R100.mae_transfer.369961,"\ $13.0$~\ugm; $d_z=-0.12$, $p=0.52$, 95\% CI on $d_z$ approximately $[-0.60,+0.36]$; the foundation model wins at only 8 of 19 stations), which we read as unresolved rather than as evidence of equivalence: the interval "
main_ems.tex,43.0,True,aligned_pm10_369954.csv:cams; aligned_pm10_369957.csv:cams; audit_v3.json.ablation.cams+doy_R0.mae_transfer.369963,"\ $43.0$~\ugm; Table~S13), and for \pmtf{} the effect size is large but the absolute difference is small ($1.7$~\ugm) and the sample is too small ($n=5$) to be conclusive."
main_ems.tex,1.7,True,audit_v3.json.ablation.full_R100.mae_transfer.369959~delta; audit_v3.json.cell.coordfree_llto.mae_transfer.369973~delta; audit_v3.json.llto.coordfree_R50.mae_transfer.369973~delta,"\ $43.0$~\ugm; Table~S13), and for \pmtf{} the effect size is large but the absolute difference is small ($1.7$~\ugm) and the sample is too small ($n=5$) to be conclusive."
main_ems.tex,32,True,aligned_pm10_369972.csv:obs; audit_v3.json.ablation.cams+doy_R0.mae_transfer.369955; audit_v3.json.ablation.cams+doy_R100.d_z~pct,"The advantage over CAMS holds across the entire context range tested ($K=2$--$32$; Figure~ c): the foundation model beats CAMS even from a two-observation window, although its own accuracy improves as the context lengthe"
main_ems.tex,0.2,True,audit_v3.json.ablation.cams+doy_R0.mae_transfer.369959~delta; audit_v3.json.ablation.cams+doy_R0.mae_transfer.369962~delta; audit_v3.json.ablation.cams+doy_R0.mae_transfer.369966~delta,"Supplying CAMS as a covariate does not materially improve the foundation model; its only advantage is $0.2$~\ugm{} at the longest context tested ($K=32$), and at very short context it degrades the forecast."
main_ems.tex,32,True,aligned_pm10_369972.csv:obs; audit_v3.json.ablation.cams+doy_R0.mae_transfer.369955; audit_v3.json.ablation.cams+doy_R100.d_z~pct,"Supplying CAMS as a covariate does not materially improve the foundation model; its only advantage is $0.2$~\ugm{} at the longest context tested ($K=32$), and at very short context it degrades the forecast."
main_ems.tex,1.75,True,audit_v3.json.ablation.full_R100.mae_transfer.369959~delta; audit_v3.json.space_only.full_R100.mae_transfer.369959~delta; audit_v6.json.buffer_full_R100.per_station.369959.transfer~delta,"Even bias-corrected CAMS, which already folds in the recent-observation mean and is thus itself partly observation-driven, is beaten by the foundation model ($d_z=1.75$ for \pmten{}, $p<0.001$); the decisive factor is th"
main_ems.tex,0.001,True,audit_v3.json.ablation.cams+doy_R100.wilcoxon_p~delta; audit_v3.json.ablation.cams+hour_R100.per_station.369960~delta; audit_v3.json.bh.llto_coordfree_R100.wilcoxon_bh~delta,"Even bias-corrected CAMS, which already folds in the recent-observation mean and is thus itself partly observation-driven, is beaten by the foundation model ($d_z=1.75$ for \pmten{}, $p<0.001$); the decisive factor is th"
main_ems.tex,90.2,True,aligned_pm10_369966.csv:obs,is high ($90.2\%$ of origin-level 24-h means exceed the guideline) we report chance-corrected scores alongside CSI: the equitable threat score is $0.06$ for raw CAMS against $0.53$--$0.56$ for the observation-driven nowc
main_ems.tex,0.06,True,audit_v3.json.ablation.coordfree_R0.per_station.369955~delta; audit_v3.json.bh.llto_full_R50.wilcoxon_bh; audit_v3.json.bh.space_only_coordfree_R50.binom_p,is high ($90.2\%$ of origin-level 24-h means exceed the guideline) we report chance-corrected scores alongside CSI: the equitable threat score is $0.06$ for raw CAMS against $0.53$--$0.56$ for the observation-driven nowc
main_ems.tex,0.53,True,audit_v3.json.bias_corr.llto_full_R100.spearman; audit_v3.json.cell.full_llto.mae_transfer.369971~delta; audit_v3.json.llto.coordfree_R0.mae_transfer.369954~delta,is high ($90.2\%$ of origin-level 24-h means exceed the guideline) we report chance-corrected scores alongside CSI: the equitable threat score is $0.06$ for raw CAMS against $0.53$--$0.56$ for the observation-driven nowc
main_ems.tex,0.56,True,audit_v3.json.ablation.cams+doy_R0.mae_transfer.369963~delta; audit_v3.json.ablation.cams+hour_R0.mae_transfer.369957~delta; audit_v3.json.ablation.cams+hour_R100.mae_transfer.369953~delta,is high ($90.2\%$ of origin-level 24-h means exceed the guideline) we report chance-corrected scores alongside CSI: the equitable threat score is $0.06$ for raw CAMS against $0.53$--$0.56$ for the observation-driven nowc
main_ems.tex,0.54,True,audit_v3.json.ablation.cams+doy_R0.mae_transfer.369954~delta; audit_v3.json.ablation.cams+doy_R100.mae_transfer.369967~delta; audit_v3.json.ablation.cams+hour_R100.mae_transfer.369959~delta,is high ($90.2\%$ of origin-level 24-h means exceed the guideline) we report chance-corrected scores alongside CSI: the equitable threat score is $0.06$ for raw CAMS against $0.53$--$0.56$ for the observation-driven nowc
main_ems.tex,0.27,True,audit_v3.json.ablation.cams+doy_R0.d_z_ci; audit_v3.json.ablation.cams+doy_R100.per_station.369963~delta; audit_v3.json.ablation.cams+hour_R100.per_station.369963~delta,is high ($90.2\%$ of origin-level 24-h means exceed the guideline) we report chance-corrected scores alongside CSI: the equitable threat score is $0.06$ for raw CAMS against $0.53$--$0.56$ for the observation-driven nowc
main_ems.tex,68.3,True,aligned_pm10_369960.csv:obs; audit_v3.json.space_only.full_R50.mae_transfer.369969; audit_v6.json.buffer_full_R50.per_station.369969.transfer,"For \pmtf{} the central ranking inverts and raw CAMS becomes the more accurate model ($68.3$~\ugm, 95\% CI $38.2$--$101.3$, vs."
main_ems.tex,38.2,True,aligned_pm10_369954.csv:cams; audit_v3.json.ablation.cams+hour_R0.per_station.369954; audit_v3.json.ablation.coordfree_R0.mae_transfer.369967,"For \pmtf{} the central ranking inverts and raw CAMS becomes the more accurate model ($68.3$~\ugm, 95\% CI $38.2$--$101.3$, vs."
main_ems.tex,101.3,True,audit_v7.json.buffer_full_R25.per_station.369974.transfer; audit_v7.json.buffer_full_R50.per_station.369974.transfer; audit_v7_qc6.json.buffer_full_R25.per_station.369974.transfer,"For \pmtf{} the central ranking inverts and raw CAMS becomes the more accurate model ($68.3$~\ugm, 95\% CI $38.2$--$101.3$, vs."
main_ems.tex,91.2,True,audit_v3.json.ablation.coordfree_R0.mae_transfer.369974; audit_v3.json.space_only.coordfree_R0.mae_transfer.369974; audit_v6.json.buffer_coordfree_R0.per_station.369974.transfer,"\ $91.2$, $54.4$--$134.0$, for the foundation model), and the foundation-model/CAMS error ratio crosses unity above the 95th percentile (Figure~ d); we emphasise that these extreme-subset intervals overlap substantially,"
main_ems.tex,54.4,True,fig1_station_table.csv:lon,"\ $91.2$, $54.4$--$134.0$, for the foundation model), and the foundation-model/CAMS error ratio crosses unity above the 95th percentile (Figure~ d); we emphasise that these extreme-subset intervals overlap substantially,"
main_ems.tex,134.0,True,qc_flatline.json.long_runs.value,"\ $91.2$, $54.4$--$134.0$, for the foundation model), and the foundation-model/CAMS error ratio crosses unity above the 95th percentile (Figure~ d); we emphasise that these extreme-subset intervals overlap substantially,"
main_ems.tex,13.4,True,audit_v3.json.ablation.full_R100.per_station.369971; audit_v3.json.llto.full_R0.per_station.369953; audit_v3.json.space_only.full_R100.per_station.369971,"Conditioning on high \emph{observed} values favours a positively biased predictor, the classic forecaster's dilemma , and raw CAMS is positively biased for \pmtf{} ($+13.4$~\ugm)."
main_ems.tex,56.9,True,audit_v3.json.llto.full_R50.mae_transfer.369954; audit_v5.json.aoa.coordfree_R0.per_station.369962.di_median~pct; audit_v6.json.buffer_time_cell_full_R50.per_station.369954.transfer,"Removing only each site's own mean bias worsens its extreme-subset error at all five sites (station-mean MAE $56.9\rightarrow64.8$~\ugm), so roughly eight of the apparent advantage is bias fortuitously cancelling at high"
main_ems.tex,653,False,,"A Kuwait City dust storm illustrates the limitation of purely autoregressive nowcasting (Figure~ c): observations surged to $653$~\ugm{} while the foundation-model forecast, anchored near a recent baseline of $\sim$15~\u"
main_ems.tex,35.8,True,audit_v3.json.cell.coordfree_llto.mae_transfer.369967; audit_v3.json.llto.coordfree_R50.mae_transfer.369967; audit_v6.json.buffer_time_cell_coordfree_R0.per_station.369967.transfer,"A residual correction transferred from other stations lowers the pooled cold-start error over raw CAMS, by $35.8\%$ for \pmtf{} and $12.0\%$ for \pmten{} (Table~S10), and improves 16 of 19 \pmten{} sites individually (me"
main_ems.tex,12.0,True,audit_v3.json.ablation.cams+doy_R100.n_src_mean; audit_v3.json.ablation.cams+doy_R100.per_station.369959; audit_v3.json.ablation.cams+doy_R100.wilcoxon_p~pct,"A residual correction transferred from other stations lowers the pooled cold-start error over raw CAMS, by $35.8\%$ for \pmtf{} and $12.0\%$ for \pmten{} (Table~S10), and improves 16 of 19 \pmten{} sites individually (me"
main_ems.tex,15.6,True,audit_v3.json.ablation.coordfree_R0.mae_transfer.369959; audit_v3.json.ablation.full_R0.median; audit_v3.json.ablation.full_R0.per_station.369961,"A residual correction transferred from other stations lowers the pooled cold-start error over raw CAMS, by $35.8\%$ for \pmtf{} and $12.0\%$ for \pmten{} (Table~S10), and improves 16 of 19 \pmten{} sites individually (me"
main_ems.tex,13.9,True,audit_v3.json.ablation.cams+hour_R0.per_station.369960~pct; audit_v3.json.ablation.full_R0.median_ci; audit_v3.json.ablation.full_R0.per_station.369973,"A residual correction transferred from other stations lowers the pooled cold-start error over raw CAMS, by $35.8\%$ for \pmtf{} and $12.0\%$ for \pmten{} (Table~S10), and improves 16 of 19 \pmten{} sites individually (me"
main_ems.tex,32.5,True,audit_v3.json.ablation.cams_R100.mae_transfer.369965; audit_v3.json.ablation.full_R0.median_ci; audit_v3.json.ablation.full_R0.per_station.369963,"A residual correction transferred from other stations lowers the pooled cold-start error over raw CAMS, by $35.8\%$ for \pmtf{} and $12.0\%$ for \pmten{} (Table~S10), and improves 16 of 19 \pmten{} sites individually (me"
main_ems.tex,0.004,True,audit_v3.json.ablation.cams+doy_R0.binom_p; audit_v3.json.ablation.cams+doy_R100.binom_p~delta; audit_v3.json.ablation.cams+doy_R100.d_z~delta,"A residual correction transferred from other stations lowers the pooled cold-start error over raw CAMS, by $35.8\%$ for \pmtf{} and $12.0\%$ for \pmten{} (Table~S10), and improves 16 of 19 \pmten{} sites individually (me"
main_ems.tex,0.018,True,audit_v3.json.ablation.full_R0.wilcoxon_p; audit_v3.json.bh.space_only_full_R0.wilcoxon_p; audit_v3.json.paired.space_only_R100.wilcoxon_p,"A residual correction transferred from other stations lowers the pooled cold-start error over raw CAMS, by $35.8\%$ for \pmtf{} and $12.0\%$ for \pmten{} (Table~S10), and improves 16 of 19 \pmten{} sites individually (me"
main_ems.tex,15.6,True,audit_v3.json.ablation.coordfree_R0.mae_transfer.369959; audit_v3.json.ablation.full_R0.median; audit_v3.json.ablation.full_R0.per_station.369961,"Percentage gain and the log error ratio $\Delta$ used in the audit below are the same quantity on two scales, related by $\Delta=-\log(1-g/100)$, and because that map is monotone the median and its percentile interval co"
main_ems.tex,0.170,True,audit_v3.json.ablation.cams+doy_R0.mae_transfer.369959~delta; audit_v3.json.ablation.cams+doy_R0.mean~delta; audit_v3.json.ablation.cams+doy_R0.wins~delta,"Percentage gain and the log error ratio $\Delta$ used in the audit below are the same quantity on two scales, related by $\Delta=-\log(1-g/100)$, and because that map is monotone the median and its percentile interval co"
main_ems.tex,13.9,True,audit_v3.json.ablation.cams+hour_R0.per_station.369960~pct; audit_v3.json.ablation.full_R0.median_ci; audit_v3.json.ablation.full_R0.per_station.369973,"Percentage gain and the log error ratio $\Delta$ used in the audit below are the same quantity on two scales, related by $\Delta=-\log(1-g/100)$, and because that map is monotone the median and its percentile interval co"
main_ems.tex,32.5,True,audit_v3.json.ablation.cams_R100.mae_transfer.369965; audit_v3.json.ablation.full_R0.median_ci; audit_v3.json.ablation.full_R0.per_station.369963,"Percentage gain and the log error ratio $\Delta$ used in the audit below are the same quantity on two scales, related by $\Delta=-\log(1-g/100)$, and because that map is monotone the median and its percentile interval co"
main_ems.tex,0.150,True,audit_v3.json.ablation.cams+doy_R100.per_station.369973~delta; audit_v3.json.ablation.cams+hour_R0.per_station.369960; audit_v3.json.ablation.full_R0.median_ci~delta,"Percentage gain and the log error ratio $\Delta$ used in the audit below are the same quantity on two scales, related by $\Delta=-\log(1-g/100)$, and because that map is monotone the median and its percentile interval co"
main_ems.tex,0.393,True,audit_v3.json.ablation.full_R0.median_ci~delta; audit_v3.json.ablation.full_R0.per_station.369963~delta; audit_v3.json.cell.coordfree_spaceonly.median_ci~delta,"Percentage gain and the log error ratio $\Delta$ used in the audit below are the same quantity on two scales, related by $\Delta=-\log(1-g/100)$, and because that map is monotone the median and its percentile interval co"
main_ems.tex,4.7,True,audit_v3.json.ablation.full_R0.mean; audit_v3.json.paired.space_only_R0.mean_diff; audit_v3.json.space_only.full_R0.mean,"The corresponding \emph{mean} gain, $+4.7\%$, has a 95\% interval of $[-28.0,+25.9]$ that includes zero: percentage gain is bounded above by $100\%$ but unbounded below, so a single badly over-corrected station (Ruwais, "
main_ems.tex,-28.0,True,audit_v3.json.llto.coordfree_R0.per_station.369967; audit_v3.json.space_only.full_R25.d_z_ci~pct; audit_v5.json.learners.gbm_d6_coordfree_R0.per_station.369967,"The corresponding \emph{mean} gain, $+4.7\%$, has a 95\% interval of $[-28.0,+25.9]$ that includes zero: percentage gain is bounded above by $100\%$ but unbounded below, so a single badly over-corrected station (Ruwais, "
main_ems.tex,25.9,True,audit_v3.json.ablation.full_R0.pooled_ci; audit_v3.json.llto.coordfree_R25.per_station.369966; audit_v5.json.learners.gbm_d2_coordfree_R0.per_station.369963,"The corresponding \emph{mean} gain, $+4.7\%$, has a 95\% interval of $[-28.0,+25.9]$ that includes zero: percentage gain is bounded above by $100\%$ but unbounded below, so a single badly over-corrected station (Ruwais, "
main_ems.tex,-244.1,True,audit_v3.json.ablation.full_R0.per_station.369965; audit_v3.json.space_only.full_R0.per_station.369965; audit_v3.json.space_only.full_R25.per_station.369965,"The corresponding \emph{mean} gain, $+4.7\%$, has a 95\% interval of $[-28.0,+25.9]$ that includes zero: percentage gain is bounded above by $100\%$ but unbounded below, so a single badly over-corrected station (Ruwais, "
main_ems.tex,18.6,True,audit_v3.json.llto.coordfree_R50.median_ci; audit_v3.json.llto.coordfree_R50.per_station.369957; audit_v3.json.llto.coordfree_R50.per_station.369966,We therefore treat the median and the win rate as the summaries of record and report the mean only for completeness (excluding Ruwais it is $+18.6\%$).
main_ems.tex,-0.13,True,audit_v3.json.ablation.cams_R100.per_station.369962~delta; audit_v3.json.ablation.coordfree_R100.per_station.369962~delta; audit_v3.json.bias_corr.space_only_full_R0.spearman,"The size of the gain is \emph{not} predicted by how biased CAMS is at the target: across the 19 stations the rank correlation between $|\text{CAMS bias}|$ and transfer gain is $-0.13$ (Spearman; Pearson $+0.18$, and $-0."
main_ems.tex,0.18,True,audit_v3.json.ablation.cams+doy_R0.mae_transfer.369972~delta; audit_v3.json.ablation.cams_R100.median_ci~delta; audit_v3.json.ablation.cams_R100.per_station.369958~delta,"The size of the gain is \emph{not} predicted by how biased CAMS is at the target: across the 19 stations the rank correlation between $|\text{CAMS bias}|$ and transfer gain is $-0.13$ (Spearman; Pearson $+0.18$, and $-0."
main_ems.tex,-0.23,True,audit_v5.json.learners.gbm_d2_full_R100.per_station.369962~delta; audit_v6.json.buffer_full_R50.d_z; audit_v6.json.buffer_time_coordfree_R50.delta_pooled_ci_cell~pct,"The size of the gain is \emph{not} predicted by how biased CAMS is at the target: across the 19 stations the rank correlation between $|\text{CAMS bias}|$ and transfer gain is $-0.13$ (Spearman; Pearson $+0.18$, and $-0."
main_ems.tex,-244,True,audit_v3.json.ablation.full_R0.per_station.369965; audit_v3.json.space_only.full_R0.per_station.369965; audit_v3.json.space_only.full_R25.per_station.369965,"First, it is a double-edged sword: at the near-unbiased Ruwais site the transferred correction inflates concentrations far above the observations (per-station gain $-244\%$; Table~S7), so the mean gain is sensitive to da"
main_ems.tex,12.0,True,audit_v3.json.ablation.cams+doy_R100.n_src_mean; audit_v3.json.ablation.cams+doy_R100.per_station.369959; audit_v3.json.ablation.cams+doy_R100.wilcoxon_p~pct,"With a distance buffer only, the pooled gain appears to \emph{reverse}: $+12.0\%$ at $R=0$, $+3.5\%$ at 25~km, $-10.0\%$ at 50~km and $-39.3\%$ at 100~km, while a coordinate-free feature set stays positive throughout ($+"
main_ems.tex,3.5,True,audit_v3.json.space_only.full_R25.pooled; audit_v5.json.aoa.coordfree_R0.per_station.369955.threshold; audit_v5.json.aoa.coordfree_R0.per_station.369971.threshold,"With a distance buffer only, the pooled gain appears to \emph{reverse}: $+12.0\%$ at $R=0$, $+3.5\%$ at 25~km, $-10.0\%$ at 50~km and $-39.3\%$ at 100~km, while a coordinate-free feature set stays positive throughout ($+"
main_ems.tex,-10.0,True,audit_v3.json.ablation.cams+doy_R100.per_station.369969; audit_v3.json.ablation.cams+hour_R0.per_station.369969; audit_v3.json.ablation.full_R0.pooled_ci,"With a distance buffer only, the pooled gain appears to \emph{reverse}: $+12.0\%$ at $R=0$, $+3.5\%$ at 25~km, $-10.0\%$ at 50~km and $-39.3\%$ at 100~km, while a coordinate-free feature set stays positive throughout ($+"
main_ems.tex,-39.3,True,audit_v3.json.ablation.full_R100.pooled; audit_v3.json.space_only.full_R100.pooled; audit_v6.json.buffer_full_R100.delta_pooled~pct,"With a distance buffer only, the pooled gain appears to \emph{reverse}: $+12.0\%$ at $R=0$, $+3.5\%$ at 25~km, $-10.0\%$ at 50~km and $-39.3\%$ at 100~km, while a coordinate-free feature set stays positive throughout ($+"
main_ems.tex,22.3,True,audit_v3.json.ablation.cams+doy_R0.pooled; audit_v3.json.ablation.coordfree_R0.pooled; audit_v3.json.llto.coordfree_R25.per_station.369957,"With a distance buffer only, the pooled gain appears to \emph{reverse}: $+12.0\%$ at $R=0$, $+3.5\%$ at 25~km, $-10.0\%$ at 50~km and $-39.3\%$ at 100~km, while a coordinate-free feature set stays positive throughout ($+"
main_ems.tex,9.3,True,audit_v3.json.ablation.coordfree_R100.pooled; audit_v3.json.bias_corr.llto_coordfree_R0.spearman_p~pct; audit_v3.json.space_only.coordfree_R100.pooled,"With a distance buffer only, the pooled gain appears to \emph{reverse}: $+12.0\%$ at $R=0$, $+3.5\%$ at 25~km, $-10.0\%$ at 50~km and $-39.3\%$ at 100~km, while a coordinate-free feature set stays positive throughout ($+"
main_ems.tex,-0.4,True,audit_v3.json.ablation.cams+doy_R0.per_station.369965~delta; audit_v3.json.ablation.cams+doy_R0.per_station.369967~delta; audit_v3.json.ablation.cams+doy_R100.per_station.369965~delta,"A feature ablation locates the coordinate-free gain entirely in the day-of-year term: CAMS alone gives a median gain of $-0.4\%$ (9/19 stations) and CAMS with hour-of-day $-1.6\%$ (9/19), whereas CAMS with day-of-year gi"
main_ems.tex,-1.6,True,audit_v3.json.ablation.cams+hour_R0.median; audit_v3.json.ablation.cams+hour_R0.per_station.369973; audit_v3.json.ablation.cams_R0.d_z_ci~pct,"A feature ablation locates the coordinate-free gain entirely in the day-of-year term: CAMS alone gives a median gain of $-0.4\%$ (9/19 stations) and CAMS with hour-of-day $-1.6\%$ (9/19), whereas CAMS with day-of-year gi"
main_ems.tex,31.0,True,audit_v3.json.ablation.cams+doy_R0.median; audit_v3.json.ablation.cams+doy_R0.per_station.369958; audit_v3.json.ablation.cams+doy_R0.per_station.369963,"A feature ablation locates the coordinate-free gain entirely in the day-of-year term: CAMS alone gives a median gain of $-0.4\%$ (9/19 stations) and CAMS with hour-of-day $-1.6\%$ (9/19), whereas CAMS with day-of-year gi"
main_ems.tex,-0.69,True,audit_v3.json.llto.full_R50.per_station.369972~delta; audit_v6.json.buffer_time_cell_full_R50.per_station.369972.delta; audit_v6.json.buffer_time_cell_full_R50.per_station.369972.pct~delta,"We report the log error ratio $\Delta=\log(\mathrm{MAE_{raw}}/\mathrm{MAE_{transfer}})$, fixed before the analysis: a station whose error doubles contributes $-0.69$ against the $+0.69$ of a station whose error halves."
main_ems.tex,0.69,True,audit_v3.json.ablation.cams+hour_R0.mae_transfer.369958~delta; audit_v3.json.llto.coordfree_R100.mae_transfer.369963~delta; audit_v3.json.llto.full_R25.mae_transfer.369957~delta,"We report the log error ratio $\Delta=\log(\mathrm{MAE_{raw}}/\mathrm{MAE_{transfer}})$, fixed before the analysis: a station whose error doubles contributes $-0.69$ against the $+0.69$ of a station whose error halves."
main_ems.tex,0.13,True,audit_v3.json.ablation.cams+doy_R100.n_src_mean~delta; audit_v3.json.ablation.cams+doy_R100.per_station.369959~delta; audit_v3.json.ablation.cams+doy_R100.wins~delta,"For orientation, $\Delta=+0.13$ is a $12\%$ error reduction."
main_ems.tex,369959,False,,"the six folds nearly empty at every station, because the record has months with no observations at all --- at station 369959, for instance, they hold 9, 4 and 7 points --- so a nominal six-fold control was really three-f"
main_ems.tex,170,True,audit_v7_qc6.json.buffer_time_cell_coordfree_R0.fold_n_min; audit_v7_qc6.json.buffer_time_cell_coordfree_R100.fold_n_min; audit_v7_qc6.json.buffer_time_cell_coordfree_R25.fold_n_min,"the six folds nearly empty at every station, because the record has months with no observations at all --- at station 369959, for instance, they hold 9, 4 and 7 points --- so a nominal six-fold control was really three-f"
main_ems.tex,190,True,fold_occupancy.json.quantile_max_fold,"the six folds nearly empty at every station, because the record has months with no observations at all --- at station 369959, for instance, they hold 9, 4 and 7 points --- so a nominal six-fold control was really three-f"
main_ems.tex,1.01,True,audit_v3.json.ablation.cams+hour_R100.mae_transfer.369958~delta; audit_v5.json.aoa.coordfree_R0.per_station.369963.frac_outside~pct; audit_v7_qc3.json.buffer_coordfree_R25.per_station.369958.transfer~delta,"the six folds nearly empty at every station, because the record has months with no observations at all --- at station 369959, for instance, they hold 9, 4 and 7 points --- so a nominal six-fold control was really three-f"
main_ems.tex,124,True,audit_v7_qc3.json.buffer_coordfree_R0.per_station.369974.raw; audit_v7_qc3.json.buffer_coordfree_R100.per_station.369974.raw; audit_v7_qc3.json.buffer_coordfree_R25.per_station.369974.raw,"the six folds nearly empty at every station, because the record has months with no observations at all --- at station 369959, for instance, they hold 9, 4 and 7 points --- so a nominal six-fold control was really three-f"
main_ems.tex,0.87,True,audit_v3.json.cell.full_llto.d_z; audit_v5.json.nndm.R0.W1_km; audit_v7.json.buffer_full_R25.per_station.369957.transfer~delta,"Three days was chosen to exceed a synoptic dust episode, but the residual field of this network does not decorrelate on that scale: its median autocorrelation is $+0.87$ at three hours, falls below $1/e$ at one day, then"
main_ems.tex,0.20,True,audit_v3.json.ablation.cams+doy_R0.mae_transfer.369959~delta; audit_v3.json.ablation.cams+doy_R0.mae_transfer.369962~delta; audit_v3.json.ablation.cams+doy_R0.mae_transfer.369966~delta,"Three days was chosen to exceed a synoptic dust episode, but the residual field of this network does not decorrelate on that scale: its median autocorrelation is $+0.87$ at three hours, falls below $1/e$ at one day, then"
main_ems.tex,0.08,True,aligned_Doha.csv:cams; audit_v3.json.ablation.cams+hour_R100.pooled_ci~delta; audit_v3.json.bh.space_only_coordfree_R50.binom_bh,"Three days was chosen to exceed a synoptic dust episode, but the residual field of this network does not decorrelate on that scale: its median autocorrelation is $+0.87$ at three hours, falls below $1/e$ at one day, then"
main_ems.tex,0.192,True,audit_v3.json.cell.coordfree_llto.d_z_ci; audit_v7.json.buffer_full_R25.delta_median_ci_cell; audit_v7.json.buffer_full_R25.delta_median_ci_station,"With a three-day guard and everything else held fixed, both feature sets are significant against zero at the two narrowest radii: median $\Delta=+0.192$ and $+0.143$ with coordinates and $+0.181$ and $+0.161$ without, ce"
main_ems.tex,0.143,True,audit_v3.json.cell.full_spaceonly.per_station.369969~delta; audit_v3.json.llto.full_R0.per_station.369962~delta; audit_v3.json.llto.full_R25.median_ci~delta,"With a three-day guard and everything else held fixed, both feature sets are significant against zero at the two narrowest radii: median $\Delta=+0.192$ and $+0.143$ with coordinates and $+0.181$ and $+0.161$ without, ce"
main_ems.tex,0.181,True,audit_v3.json.llto.coordfree_R0.per_station.369974~delta; audit_v5.json.aoa.coordfree_R100.per_station.369971.frac_outside; audit_v5.json.learners.gbm_d6_coordfree_R0.per_station.369974~delta,"With a three-day guard and everything else held fixed, both feature sets are significant against zero at the two narrowest radii: median $\Delta=+0.192$ and $+0.143$ with coordinates and $+0.181$ and $+0.161$ without, ce"
main_ems.tex,0.161,True,audit_v3.json.cell.coordfree_llto.median~delta; audit_v3.json.cell.coordfree_llto.per_station.369955~delta; audit_v3.json.llto.coordfree_R0.per_station.369955~delta,"With a three-day guard and everything else held fixed, both feature sets are significant against zero at the two narrowest radii: median $\Delta=+0.192$ and $+0.143$ with coordinates and $+0.181$ and $+0.161$ without, ce"
main_ems.tex,0.006,True,audit_v3.json.bh.llto_full_R0.binom_bh; audit_v3.json.bh.llto_full_R25.binom_bh; audit_v3.json.bias_corr.llto_full_R25.pearson_p~delta,"With a three-day guard and everything else held fixed, both feature sets are significant against zero at the two narrowest radii: median $\Delta=+0.192$ and $+0.143$ with coordinates and $+0.181$ and $+0.161$ without, ce"
main_ems.tex,0.008,True,audit_v3.json.ablation.cams+doy_R0.d_z~delta; audit_v3.json.ablation.coordfree_R0.d_z~delta; audit_v3.json.bh.llto_coordfree_R0.binom_bh,"With a three-day guard and everything else held fixed, both feature sets are significant against zero at the two narrowest radii: median $\Delta=+0.192$ and $+0.143$ with coordinates and $+0.181$ and $+0.161$ without, ce"
main_ems.tex,11.6,True,audit_v3.json.ablation.cams+doy_R100.wilcoxon_p~pct; audit_v3.json.source_boot.full_R100.sd; audit_v4_heavy.json.srcboot_full_R100.sd,"The obvious alternative explanation does not hold: the wider guard costs $11.6\%$ of the training data, from a median of $11{,}068$ samples per fold to $9{,}789$, which is not a loss that turns $q=0.006$ into $q=0.251$."
main_ems.tex,11068,True,headline_v7.json.train.guard3_median,"The obvious alternative explanation does not hold: the wider guard costs $11.6\%$ of the training data, from a median of $11{,}068$ samples per fold to $9{,}789$, which is not a loss that turns $q=0.006$ into $q=0.251$."
main_ems.tex,9789,True,headline_v7.json.train.guard10_median,"The obvious alternative explanation does not hold: the wider guard costs $11.6\%$ of the training data, from a median of $11{,}068$ samples per fold to $9{,}789$, which is not a loss that turns $q=0.006$ into $q=0.251$."
main_ems.tex,0.006,True,audit_v3.json.bh.llto_full_R0.binom_bh; audit_v3.json.bh.llto_full_R25.binom_bh; audit_v3.json.bias_corr.llto_full_R25.pearson_p~delta,"The obvious alternative explanation does not hold: the wider guard costs $11.6\%$ of the training data, from a median of $11{,}068$ samples per fold to $9{,}789$, which is not a loss that turns $q=0.006$ into $q=0.251$."
main_ems.tex,0.251,True,audit_v3.json.bias_corr.llto_full_R0.spearman_p; audit_v6.json.buffer_time_coordfree_R25.delta_pooled_ci_cell; audit_v7_qc3.json.buffer_full_R0.per_station.369967.delta,"The obvious alternative explanation does not hold: the wider guard costs $11.6\%$ of the training data, from a median of $11{,}068$ samples per fold to $9{,}789$, which is not a loss that turns $q=0.006$ into $q=0.251$."
main_ems.tex,0.65,True,audit_v3.json.ablation.cams+hour_R0.per_station.369966~delta; audit_v3.json.ablation.cams_R0.mae_transfer.369960~delta; audit_v3.json.ablation.cams_R100.mae_transfer.369954~delta,"icance against zero, the coordinate-free specification is indistinguishable from the coordinate-bearing one where every neighbour is available (11 of 19 stations at $R=0$, sign $p=0.65$) and ahead of it at every radius b"
main_ems.tex,0.019,True,audit_v3.json.ablation.cams+doy_R0.d_z_ci~delta; audit_v3.json.ablation.coordfree_R0.d_z_ci~delta; audit_v3.json.bh.llto_coordfree_R100.binom_p,"icance against zero, the coordinate-free specification is indistinguishable from the coordinate-bearing one where every neighbour is available (11 of 19 stations at $R=0$, sign $p=0.65$) and ahead of it at every radius b"
main_ems.tex,14,True,aligned_pm10_369965.csv:obs; aligned_pm10_369967.csv:resid; audit_v3.json.ablation.cams+doy_R100.per_station.369973,"icance against zero, the coordinate-free specification is indistinguishable from the coordinate-bearing one where every neighbour is available (11 of 19 stations at $R=0$, sign $p=0.65$) and ahead of it at every radius b"
main_ems.tex,0.064,True,audit_v3.json.bh.space_only_coordfree_R50.binom_p; audit_v3.json.space_only.coordfree_R50.binom_p; audit_v4_heavy.json.placebo_llto.perm_pooled~delta,"icance against zero, the coordinate-free specification is indistinguishable from the coordinate-bearing one where every neighbour is available (11 of 19 stations at $R=0$, sign $p=0.65$) and ahead of it at every radius b"
main_ems.tex,13,True,aligned_pm10_369959.csv:cams; aligned_pm10_369960.csv:cams; aligned_pm10_369968.csv:cams,"icance against zero, the coordinate-free specification is indistinguishable from the coordinate-bearing one where every neighbour is available (11 of 19 stations at $R=0$, sign $p=0.65$) and ahead of it at every radius b"
main_ems.tex,0.036,True,audit_v5.json.aoa.coordfree_R100.per_station.369960.threshold~delta; audit_v5.json.aoa.coordfree_R100.per_station.369962.threshold~delta; audit_v5.json.aoa.coordfree_R100.per_station.369972.threshold~delta,"icance against zero, the coordinate-free specification is indistinguishable from the coordinate-bearing one where every neighbour is available (11 of 19 stations at $R=0$, sign $p=0.65$) and ahead of it at every radius b"
main_ems.tex,0.077,True,audit_v3.json.ablation.cams+hour_R100.pooled_ci~delta; audit_v5.json.aoa.full_R100.per_station.369959.di_median~delta; audit_v7.json.buffer_coordfree_R0.per_station.369955.delta,"The direction is consistent, but it does not clear correction: applying the same Benjamini--Hochberg treatment across the four radii that we apply to the tests against zero, the smallest $q$ is $0.077$ on the sign test a"
main_ems.tex,0.144,True,audit_v3.json.ablation.full_R100.per_station.369971~delta; audit_v3.json.llto.full_R0.per_station.369953~delta; audit_v3.json.space_only.full_R100.per_station.369971~delta,"The direction is consistent, but it does not clear correction: applying the same Benjamini--Hochberg treatment across the four radii that we apply to the tests against zero, the smallest $q$ is $0.077$ on the sign test a"
main_ems.tex,1.2,True,aligned_pm10_369962.csv:cams; aligned_pm10_369965.csv:cams; audit_v3.json.ablation.cams+doy_R100.d_z_ci,"Our primary threshold removes runs of six or more identical consecutive observations, $1.2\%$ of the record; a threshold of three, which is the value most quality-control schemes use for hourly data, removes $9.9\%$."
main_ems.tex,9.9,True,audit_v3.json.paired.space_only_R50.mean_diff; audit_v3.json.space_only.coordfree_R0.pooled_ci; audit_v4c.json.placebo_llto_R100.perm_median,"Our primary threshold removes runs of six or more identical consecutive observations, $1.2\%$ of the record; a threshold of three, which is the value most quality-control schemes use for hourly data, removes $9.9\%$."
main_ems.tex,0.011,True,audit_v3.json.ablation.coordfree_R100.d_z_ci~delta; audit_v3.json.bh.llto_coordfree_R25.wilcoxon_p; audit_v3.json.cell.full_llto.per_station.369963~delta,Under the aggressive threshold the coordinate-free specification becomes significant again ($q=0.011$ at zero buffer and $q=0.035$ at 100~km).
main_ems.tex,0.035,True,audit_v3.json.space_only.full_R25.pooled~delta; audit_v5.json.aoa.coordfree_R0.per_station.369955.threshold~delta; audit_v5.json.aoa.coordfree_R0.per_station.369957.threshold~delta,Under the aggressive threshold the coordinate-free specification becomes significant again ($q=0.011$ at zero buffer and $q=0.035$ at 100~km).
main_ems.tex,60,True,aligned_pm10_369954.csv:resid; aligned_pm10_369965.csv:obs; aligned_pm10_369973.csv:obs,"It does so because the observations it deletes are not a random sample: their median is $60$~\ugm{} against the network's $74$, and only $9.8\%$ of them exceed $100$~\ugm{} against $28.5\%$ of the record, so removing the"
main_ems.tex,74,True,aligned_pm10_369973.csv:resid; audit_v3.json.ablation.cams+doy_R0.mae_transfer.369973; audit_v3.json.ablation.coordfree_R0.mae_transfer.369973,"It does so because the observations it deletes are not a random sample: their median is $60$~\ugm{} against the network's $74$, and only $9.8\%$ of them exceed $100$~\ugm{} against $28.5\%$ of the record, so removing the"
main_ems.tex,9.8,True,audit_v3.json.ablation.full_R0.per_station.369957; audit_v3.json.cell.full_llto.per_station.369967; audit_v3.json.llto.full_R50.per_station.369967,"It does so because the observations it deletes are not a random sample: their median is $60$~\ugm{} against the network's $74$, and only $9.8\%$ of them exceed $100$~\ugm{} against $28.5\%$ of the record, so removing the"
main_ems.tex,28.5,True,audit_v6_cellunit.json.buffer_coordfree_R50.per_cell.33_72~pct; audit_v7.json.buffer_full_R0.per_station.369955.transfer; audit_v7.json.buffer_full_R25.per_station.369955.transfer,"It does so because the observations it deletes are not a random sample: their median is $60$~\ugm{} against the network's $74$, and only $9.8\%$ of them exceed $100$~\ugm{} against $28.5\%$ of the record, so removing the"
main_ems.tex,46.6,True,aligned_KuwaitCity.csv:obs; audit_v3.json.ablation.cams_R0.per_station.369966; audit_v3.json.ablation.cams_R100.mae_transfer.369963,"It does so because the observations it deletes are not a random sample: their median is $60$~\ugm{} against the network's $74$, and only $9.8\%$ of them exceed $100$~\ugm{} against $28.5\%$ of the record, so removing the"
main_ems.tex,48.4,True,aligned_pm10_369966.csv:cams; audit_v3.json.ablation.cams+hour_R0.per_station.369966; audit_v3.json.ablation.cams+hour_R100.mae_transfer.369954,"It does so because the observations it deletes are not a random sample: their median is $60$~\ugm{} against the network's $74$, and only $9.8\%$ of them exceed $100$~\ugm{} against $28.5\%$ of the record, so removing the"
main_ems.tex,6.5,True,audit_v3.json.ablation.cams+doy_R0.per_station.369955; audit_v3.json.space_only.coordfree_R50.per_station.369972; audit_v5.json.nndm.R0.cv_nn_median,"leave-one-station-out holds out a station whose nearest training neighbour is a median $6.5$~km away, while an unmonitored site in this region sits a median $35.0$~km from the nearest monitor, so the unbuffered design va"
main_ems.tex,35.0,True,aligned_Doha.csv:obs; audit_v3.json.ablation.cams+doy_R100.mae_transfer.369955; audit_v3.json.ablation.cams+hour_R0.mae_transfer.369961,"leave-one-station-out holds out a station whose nearest training neighbour is a median $6.5$~km away, while an unmonitored site in this region sits a median $35.0$~km from the nearest monitor, so the unbuffered design va"
main_ems.tex,48.3,True,audit_v3.json.cell.full_spaceonly.mae_transfer.369958; knndm.json.buffered_designs.R0.median_nn_to_source; tables_s12_s13.json.s13.nMAE_pct,"leave-one-station-out holds out a station whose nearest training neighbour is a median $6.5$~km away, while an unmonitored site in this region sits a median $35.0$~km from the nearest monitor, so the unbuffered design va"
main_ems.tex,108.1,True,audit_v5.json.nndm.R100.sample_to_prediction_median; knndm.json.buffered_designs.R100.median_nn_to_source,"leave-one-station-out holds out a station whose nearest training neighbour is a median $6.5$~km away, while an unmonitored site in this region sits a median $35.0$~km from the nearest monitor, so the unbuffered design va"
main_ems.tex,99,True,aligned_pm10_369965.csv:resid; fig3_percentile.csv:plo; placebo_v7.json.R0.n_perm,"The second is the coordinate permutation placebo, now run under the reported specification with 99 draws per radius so that a $p$ below $0.05$ is attainable."
main_ems.tex,0.90,True,audit_v3.json.ablation.cams+doy_R0.wilcoxon_p~pct; audit_v3.json.ablation.cams+doy_R100.mean; audit_v3.json.ablation.cams+hour_R0.d_z_ci,"At zero buffer the true coordinate assignment sits at the 59th percentile of its own null and is indistinguishable from a geographically scrambled one ($p=0.90$), which confirms from a second direction what the feature a"
main_ems.tex,89,True,audit_v3.json.ablation.full_R0.mae_transfer.369974; audit_v3.json.space_only.full_R0.mae_transfer.369974; audit_v6.json.buffer_full_R0.per_station.369974.transfer,"At a 100~km buffer the true assignment sits at the 10th percentile and 89 of 99 scrambled assignments beat it, the signature of extrapolation beyond the region the surviving sources span, though at this sample size that "
main_ems.tex,99,True,aligned_pm10_369965.csv:resid; fig3_percentile.csv:plo; placebo_v7.json.R0.n_perm,"At a 100~km buffer the true assignment sits at the 10th percentile and 89 of 99 scrambled assignments beat it, the signature of extrapolation beyond the region the surviving sources span, though at this sample size that "
main_ems.tex,0.11,True,audit_v3.json.ablation.cams+doy_R0.per_station.369973~delta; audit_v3.json.ablation.cams+doy_R100.pooled~delta; audit_v3.json.ablation.cams+hour_R100.per_station.369974~delta,"At a 100~km buffer the true assignment sits at the 10th percentile and 89 of 99 scrambled assignments beat it, the signature of extrapolation beyond the region the surviving sources span, though at this sample size that "
main_ems.tex,31,True,audit_v3.json.ablation.cams+doy_R0.median; audit_v3.json.ablation.cams+doy_R0.per_station.369958; audit_v3.json.ablation.cams+doy_R0.per_station.369963,"The third check moves the CAMS grid origin over seven offsets: the number of station pairs sharing a cell moves between 15 and 31, but the median $\Delta$ moves by at most $0.058$ log units at zero buffer and not at all "
main_ems.tex,0.058,True,audit_v3.json.bh.llto_full_R50.wilcoxon_bh; audit_v3.json.cell.full_spaceonly.mean~delta; audit_v4c.json.placebo_llto_R100.perm_median~delta,"The third check moves the CAMS grid origin over seven offsets: the number of station pairs sharing a cell moves between 15 and 31, but the median $\Delta$ moves by at most $0.058$ log units at zero buffer and not at all "
main_ems.tex,13,True,aligned_pm10_369959.csv:cams; aligned_pm10_369960.csv:cams; aligned_pm10_369968.csv:cams,Reported source-station counts per buffer (Table~S6) confirm none of this is training-data starvation: at the widest buffer the median target still retains 13 of 18 possible source stations (minimum 7).
main_ems.tex,18,True,aligned_pm10_369954.csv:obs; audit_v3.json.ablation.cams+doy_R0.n_src_mean; audit_v3.json.ablation.cams+doy_R0.n_src_min,Reported source-station counts per buffer (Table~S6) confirm none of this is training-data starvation: at the widest buffer the median target still retains 13 of 18 possible source stations (minimum 7).
main_ems.tex,-0.13,True,audit_v3.json.ablation.cams_R100.per_station.369962~delta; audit_v3.json.ablation.coordfree_R100.per_station.369962~delta; audit_v3.json.bias_corr.space_only_full_R0.spearman,"It does \emph{not}, however, license a gate based on local CTM bias in the unbuffered configuration: with every source station available, the transfer gain is uncorrelated with target-site $|$CAMS bias$|$ (Spearman $-0.1"
main_ems.tex,0.59,True,audit_v3.json.ablation.cams+hour_R100.mae_transfer.369957~delta; audit_v3.json.ablation.coordfree_R0.per_station.369959~delta; audit_v3.json.ablation.coordfree_R100.mae_transfer.369954~delta,"It does \emph{not}, however, license a gate based on local CTM bias in the unbuffered configuration: with every source station available, the transfer gain is uncorrelated with target-site $|$CAMS bias$|$ (Spearman $-0.1"
main_ems.tex,0.53,True,audit_v3.json.bias_corr.llto_full_R100.spearman; audit_v3.json.cell.full_llto.mae_transfer.369971~delta; audit_v3.json.llto.coordfree_R0.mae_transfer.369954~delta,"The rank correlation rises monotonically with radius and is largest at the radius that actually corresponds to an unmonitored site (Spearman $+0.53$, uncorrected $p=0.021$ at $R=100$~km under the full control; $+0.68$, $"
main_ems.tex,0.021,True,audit_v3.json.bias_corr.llto_full_R100.spearman_p; audit_v3.json.source_boot.coordfree_R100.sd~delta; audit_v4_heavy.json.srcboot_coordfree_R0.sd~delta,"The rank correlation rises monotonically with radius and is largest at the radius that actually corresponds to an unmonitored site (Spearman $+0.53$, uncorrected $p=0.021$ at $R=100$~km under the full control; $+0.68$, $"
main_ems.tex,0.68,True,audit_v3.json.bias_corr.space_only_full_R100.spearman; audit_v3.json.llto.coordfree_R50.mae_transfer.369954~delta; audit_v3.json.llto.full_R100.mae_transfer.369957~delta,"The rank correlation rises monotonically with radius and is largest at the radius that actually corresponds to an unmonitored site (Spearman $+0.53$, uncorrected $p=0.021$ at $R=100$~km under the full control; $+0.68$, $"
main_ems.tex,0.0014,True,audit_v3.json.bias_corr.space_only_coordfree_R25.pearson_p~delta; audit_v3.json.bias_corr.space_only_full_R100.spearman_p; audit_v3.json.paired.space_only_R25.wilcoxon_p~delta,"The rank correlation rises monotonically with radius and is largest at the radius that actually corresponds to an unmonitored site (Spearman $+0.53$, uncorrected $p=0.021$ at $R=100$~km under the full control; $+0.68$, $"
main_ems.tex,0.023,True,audit_v3.json.bias_corr.space_only_coordfree_R100.spearman_p; audit_v3.json.llto.coordfree_R50.pooled_ci~delta; audit_v3.json.paired.space_only_R50.ci~delta,"Applying Benjamini--Hochberg across all sixteen cells of this correlation family, however, only the spatial-only $R=100$~km cell survives ($q=0.023$); the full-control cell we would rely on operationally does not ($q=0.1"
main_ems.tex,0.12,True,audit_v3.json.ablation.cams+doy_R0.pooled_ci~delta; audit_v3.json.ablation.cams+doy_R100.wilcoxon_p; audit_v3.json.ablation.cams_R0.pooled~delta,"Applying Benjamini--Hochberg across all sixteen cells of this correlation family, however, only the spatial-only $R=100$~km cell survives ($q=0.023$); the full-control cell we would rely on operationally does not ($q=0.1"
main_ems.tex,0.26,True,audit_v3.json.ablation.cams+hour_R0.median_ci~delta; audit_v3.json.ablation.cams+hour_R0.per_station.369957~delta; audit_v3.json.ablation.cams+hour_R100.per_station.369954~delta,"Consistent with the reliability reading, the coordinate-free specification is the less bias-sensitive of the two at wide buffers ($+0.26$, $p=0.29$)."
main_ems.tex,0.29,True,audit_v3.json.ablation.cams+doy_R0.per_station.369974~delta; audit_v3.json.ablation.cams+doy_R100.mae_transfer.369966~delta; audit_v3.json.ablation.coordfree_R0.per_station.369974~delta,"Consistent with the reliability reading, the coordinate-free specification is the less bias-sensitive of the two at wide buffers ($+0.26$, $p=0.29$)."
main_ems.tex,41.6,True,audit_v6.json.buffer_full_R0.per_station.369963.transfer; audit_v7_qc3.json.buffer_coordfree_R0.per_station.369967.transfer; audit_v7_qc3.json.buffer_coordfree_R100.per_station.369957.transfer,"rk; both are reported in full in SI, Section~S11. Substituting the archived CAMS \emph{operational forecast} for the reanalysis on the identical rolling origins changes nothing that matters: MAE $41.6$~\ugm{} (95\% CI $3"
main_ems.tex,34.6,True,audit_v3.json.ablation.cams_R0.mae_transfer.369961; audit_v3.json.llto.coordfree_R0.per_station.369954; audit_v5.json.learners.gbm_d6_coordfree_R0.per_station.369954,"rk; both are reported in full in SI, Section~S11. Substituting the archived CAMS \emph{operational forecast} for the reanalysis on the identical rolling origins changes nothing that matters: MAE $41.6$~\ugm{} (95\% CI $3"
main_ems.tex,50.8,True,audit_v3.json.cell.coordfree_llto.per_station.369973~pct; audit_v3.json.llto.coordfree_R50.per_station.369973~pct; audit_v5.json.aoa.full_R0.per_station.369963.di_median~pct,"rk; both are reported in full in SI, Section~S11. Substituting the archived CAMS \emph{operational forecast} for the reanalysis on the identical rolling origins changes nothing that matters: MAE $41.6$~\ugm{} (95\% CI $3"
main_ems.tex,43.0,True,aligned_pm10_369954.csv:cams; aligned_pm10_369957.csv:cams; audit_v3.json.ablation.cams+doy_R0.mae_transfer.369963,"rk; both are reported in full in SI, Section~S11. Substituting the archived CAMS \emph{operational forecast} for the reanalysis on the identical rolling origins changes nothing that matters: MAE $41.6$~\ugm{} (95\% CI $3"
main_ems.tex,33.5,True,audit_v3.json.ablation.cams+hour_R100.mae_transfer.369965; audit_v3.json.paired.llto_R100.d_z~pct; audit_v7_qc3.json.buffer_time_cell_full_R0.per_station.369959.transfer,"rk; both are reported in full in SI, Section~S11. Substituting the archived CAMS \emph{operational forecast} for the reanalysis on the identical rolling origins changes nothing that matters: MAE $41.6$~\ugm{} (95\% CI $3"
main_ems.tex,54.9,True,audit_v7.json.buffer_coordfree_R0.per_station.369961.raw; audit_v7.json.buffer_coordfree_R100.per_station.369961.raw; audit_v7.json.buffer_coordfree_R25.per_station.369961.raw,"rk; both are reported in full in SI, Section~S11. Substituting the archived CAMS \emph{operational forecast} for the reanalysis on the identical rolling origins changes nothing that matters: MAE $41.6$~\ugm{} (95\% CI $3"
main_ems.tex,0.92,True,audit_v3.json.llto.coordfree_R0.mae_transfer.369958~delta; audit_v6.json.buffer_time_cell_full_R0.d_z; audit_v6.json.buffer_time_coordfree_R0.per_station.369958.transfer~delta,"rk; both are reported in full in SI, Section~S11. Substituting the archived CAMS \emph{operational forecast} for the reanalysis on the identical rolling origins changes nothing that matters: MAE $41.6$~\ugm{} (95\% CI $3"
main_ems.tex,0.72,True,audit_v6.json.buffer_time_cell_coordfree_R0.per_station.369973.delta~pct; audit_v6.json.buffer_time_cell_coordfree_R25.per_station.369973.delta~pct; audit_v6.json.buffer_time_cell_coordfree_R50.per_station.369973.delta~pct,\ $0.72$) only by over-forecasting and trailing on balanced skill.
main_ems.tex,97,True,aligned_pm10_369954.csv:obs; audit_v3.json.ablation.full_R100.mae_transfer.369969; audit_v3.json.space_only.full_R100.mae_transfer.369969,"In exposure-relevant terms, on the formal WHO 24-h mean test the CAMS reanalysis detected about seven in ten \pmten{} guideline days here, versus $\sim$97\% for observation-driven nowcasts, while the operational forecast"
main_ems.tex,0.92,True,audit_v3.json.llto.coordfree_R0.mae_transfer.369958~delta; audit_v6.json.buffer_time_cell_full_R0.d_z; audit_v6.json.buffer_time_coordfree_R0.per_station.369958.transfer~delta,"In exposure-relevant terms, on the formal WHO 24-h mean test the CAMS reanalysis detected about seven in ten \pmten{} guideline days here, versus $\sim$97\% for observation-driven nowcasts, while the operational forecast"
main_ems.tex,0.251,True,audit_v3.json.bias_corr.llto_full_R0.spearman_p; audit_v6.json.buffer_time_coordfree_R25.delta_pooled_ci_cell; audit_v7_qc3.json.buffer_full_R0.per_station.369967.delta,(coordinate-free) to $0.251$ at every radius.
main_ems.tex,0.15,True,audit_v3.json.ablation.cams+doy_R100.per_station.369973~delta; audit_v3.json.ablation.cams+hour_R0.per_station.369960; audit_v3.json.ablation.full_R0.median_ci~delta,"A distance buffer alone suggests a dramatic reversal with coordinates (log error ratio $+0.15$ at $R=0$ to $-0.33$ at 100~km) against a coordinate-free specification that stays positive, and contiguous time blocks remove"
main_ems.tex,-0.33,True,audit_v3.json.ablation.cams+hour_R0.per_station.369967~delta; audit_v3.json.ablation.full_R100.pooled~delta; audit_v3.json.space_only.full_R100.pooled~delta,"A distance buffer alone suggests a dramatic reversal with coordinates (log error ratio $+0.15$ at $R=0$ to $-0.33$ at 100~km) against a coordinate-free specification that stays positive, and contiguous time blocks remove"
main_ems.tex,124,True,audit_v7_qc3.json.buffer_coordfree_R0.per_station.369974.raw; audit_v7_qc3.json.buffer_coordfree_R100.per_station.369974.raw; audit_v7_qc3.json.buffer_coordfree_R25.per_station.369974.raw,"Calendar-equal blocks left three of six folds nearly empty at every station, because the record has empty months, with a median largest-to-smallest ratio of $124$; quantile blocks hold 170 to 190 points, a ratio of $1.01"
main_ems.tex,170,True,audit_v7_qc6.json.buffer_time_cell_coordfree_R0.fold_n_min; audit_v7_qc6.json.buffer_time_cell_coordfree_R100.fold_n_min; audit_v7_qc6.json.buffer_time_cell_coordfree_R25.fold_n_min,"Calendar-equal blocks left three of six folds nearly empty at every station, because the record has empty months, with a median largest-to-smallest ratio of $124$; quantile blocks hold 170 to 190 points, a ratio of $1.01"
main_ems.tex,190,True,fold_occupancy.json.quantile_max_fold,"Calendar-equal blocks left three of six folds nearly empty at every station, because the record has empty months, with a median largest-to-smallest ratio of $124$; quantile blocks hold 170 to 190 points, a ratio of $1.01"
main_ems.tex,1.01,True,audit_v3.json.ablation.cams+hour_R100.mae_transfer.369958~delta; audit_v5.json.aoa.coordfree_R0.per_station.369963.frac_outside~pct; audit_v7_qc3.json.buffer_coordfree_R25.per_station.369958.transfer~delta,"Calendar-equal blocks left three of six folds nearly empty at every station, because the record has empty months, with a median largest-to-smallest ratio of $124$; quantile blocks hold 170 to 190 points, a ratio of $1.01"
main_ems.tex,0.19,True,audit_v3.json.ablation.cams+hour_R100.median_ci~delta; audit_v3.json.ablation.cams+hour_R100.per_station.369958~delta; audit_v3.json.ablation.full_R0.mae_transfer.369968~delta,"A three-day guard band, chosen to exceed a dust episode, leaves the residual autocorrelation of this network at $+0.19$, since it falls to $+0.08$ only at ten days."
main_ems.tex,0.08,True,aligned_Doha.csv:cams; audit_v3.json.ablation.cams+hour_R100.pooled_ci~delta; audit_v3.json.bh.space_only_coordfree_R50.binom_bh,"A three-day guard band, chosen to exceed a dust episode, leaves the residual autocorrelation of this network at $+0.19$, since it falls to $+0.08$ only at ten days."
main_ems.tex,0.006,True,audit_v3.json.bh.llto_full_R0.binom_bh; audit_v3.json.bh.llto_full_R25.binom_bh; audit_v3.json.bias_corr.llto_full_R25.pearson_p~delta,"With the guard set from that measurement the transfer gain disappears at every radius and for both feature sets, sign-test $q$ values moving from $0.006$ to $0.251$, at a cost of $11.6\%$ of the training data."
main_ems.tex,0.251,True,audit_v3.json.bias_corr.llto_full_R0.spearman_p; audit_v6.json.buffer_time_coordfree_R25.delta_pooled_ci_cell; audit_v7_qc3.json.buffer_full_R0.per_station.369967.delta,"With the guard set from that measurement the transfer gain disappears at every radius and for both feature sets, sign-test $q$ values moving from $0.006$ to $0.251$, at a cost of $11.6\%$ of the training data."
main_ems.tex,11.6,True,audit_v3.json.ablation.cams+doy_R100.wilcoxon_p~pct; audit_v3.json.source_boot.full_R100.sd; audit_v4_heavy.json.srcboot_full_R100.sd,"With the guard set from that measurement the transfer gain disappears at every radius and for both feature sets, sign-test $q$ values moving from $0.006$ to $0.251$, at a cost of $11.6\%$ of the training data."
main_ems.tex,14,True,aligned_pm10_369965.csv:obs; aligned_pm10_369967.csv:resid; audit_v3.json.ablation.cams+doy_R100.per_station.369973,"What survives is a direction, not a second result: tested as a paired difference rather than as two separate contrasts against zero, coordinates are indistinguishable from their absence while every neighbour is available"
main_ems.tex,13,True,aligned_pm10_369959.csv:cams; aligned_pm10_369960.csv:cams; aligned_pm10_369968.csv:cams,"What survives is a direction, not a second result: tested as a paired difference rather than as two separate contrasts against zero, coordinates are indistinguishable from their absence while every neighbour is available"
main_ems.tex,0.077,True,audit_v3.json.ablation.cams+hour_R100.pooled_ci~delta; audit_v5.json.aoa.full_R100.per_station.369959.di_median~delta; audit_v7.json.buffer_coordfree_R0.per_station.369955.delta,"Corrected across those four radii as the tests against zero are corrected, that pattern does not reach significance either (smallest $q=0.077$), and we report it as a direction rather than a finding."
main_ems.tex,99,True,aligned_pm10_369965.csv:resid; fig3_percentile.csv:plo; placebo_v7.json.R0.n_perm,Ours took 99 draws at each of two radii to become readable at all; at 30 draws the floor on the $p$ value was $0.032$ and neither endpoint could be resolved.
main_ems.tex,30,True,aligned_pm10_369958.csv:obs; audit_v3.json.ablation.cams+doy_R100.binom_p~pct; audit_v3.json.ablation.cams+doy_R100.mae_transfer.369969,Ours took 99 draws at each of two radii to become readable at all; at 30 draws the floor on the $p$ value was $0.032$ and neither endpoint could be resolved.
main_ems.tex,0.032,True,audit_v3.json.ablation.cams_R100.per_station.369973~delta; audit_v3.json.bh.llto_coordfree_R100.wilcoxon_p; audit_v3.json.bh.space_only_coordfree_R25.wilcoxon_p,Ours took 99 draws at each of two radii to become readable at all; at 30 draws the floor on the $p$ value was $0.032$ and neither endpoint could be resolved.
main_ems.tex,0.2,True,audit_v3.json.ablation.cams+doy_R0.mae_transfer.369959~delta; audit_v3.json.ablation.cams+doy_R0.mae_transfer.369962~delta; audit_v3.json.ablation.cams+doy_R0.mae_transfer.369966~delta,"(c) Context, covariate and residual-hybrid ablation: neither supplying CAMS as a covariate nor forecasting the CAMS residual materially improves on the foundation model applied directly to observations (the covariate's o"
main_ems.tex,32,True,aligned_pm10_369972.csv:obs; audit_v3.json.ablation.cams+doy_R0.mae_transfer.369955; audit_v3.json.ablation.cams+doy_R100.d_z~pct,"(c) Context, covariate and residual-hybrid ablation: neither supplying CAMS as a covariate nor forecasting the CAMS residual materially improves on the foundation model applied directly to observations (the covariate's o"
main_ems.tex,11.6,True,audit_v3.json.ablation.cams+doy_R100.wilcoxon_p~pct; audit_v3.json.source_boot.full_R100.sd; audit_v4_heavy.json.srcboot_full_R100.sd,"ten-day guard nothing clears it anywhere, at a cost of $11.6\%$ of the training data."
main_ems.tex,369959,False,,"the panel shows station 369959, where they held 9, 4 and 7 points."
main_ems.tex,108.1,True,audit_v5.json.nndm.R100.sample_to_prediction_median; knndm.json.buffered_designs.R100.median_nn_to_source,at zero buffer and $108.1$~km at 100~km.
main_ems.tex,0.010,True,audit_v3.json.ablation.cams+doy_R0.d_z~delta; audit_v3.json.ablation.cams+doy_R0.wilcoxon_p; audit_v3.json.ablation.cams+doy_R100.d_z_ci~delta,at each radius so that a $p$ below $0.05$ is attainable (the floor is $0.010$).
main_ems.tex,0.11,True,audit_v3.json.ablation.cams+doy_R0.per_station.369973~delta; audit_v3.json.ablation.cams+doy_R100.pooled~delta; audit_v3.json.ablation.cams+hour_R100.per_station.369974~delta,itself significant (one-sided $p=0.11$).
main_ems.tex,3.7,True,audit_v3.json.ablation.cams+hour_R100.per_station.369973; audit_v3.json.llto.full_R25.per_station.369958; audit_v3.json.llto.full_R50.per_station.369958,"pollutant, station, model, origin, lead time, absolute error, extreme-event flag), 3.7~MB."
SI_ems.tex,-999,False,,"Sentinel ($-999$) and negative values were removed; no upper concentration cap was applied, so the record's largest \pmten{} value ($2{,}978$~\si{\micro\gram\per\cubic\metre} at E11 Road on 2023-09-15) is retained, and r"
SI_ems.tex,2978,True,aligned_pm10_369973.csv:obs,"Sentinel ($-999$) and negative values were removed; no upper concentration cap was applied, so the record's largest \pmten{} value ($2{,}978$~\si{\micro\gram\per\cubic\metre} at E11 Road on 2023-09-15) is retained, and r"
SI_ems.tex,64,True,audit_v3.json.ablation.cams+hour_R100.mae_transfer.369958; audit_v3.json.ablation.cams_R100.mae_transfer.369958; audit_v6.json.buffer_full_R0.per_station.369966.transfer,Models were applied zero-shot with context length $K$ (default 64 steps) and horizon $H=8$ (24~h).
SI_ems.tex,120,True,audit_v7_qc3.json.buffer_full_R100.per_station.369960.transfer; resid_acf.json._meta.lags_hours,"Rolling-origin evaluation used up to 120 equally spaced origins per station; each origin's context window spans $[t-K,\,t-1]$ and its targets span $[t,\,t+H-1]$, so the target never enters the context (no look-ahead leak"
SI_ems.tex,4800,True,tables_s12_s13.json.s13.n; tables_s12_s13_full.json.s13.n; tables_s12_s13_full2.json.s13.n,"After quality control this yields $4{,}800$ ($\text{PM}_{2.5}$) and $9{,}920$ ($\text{PM}_{10}$) evaluated forecast points overall, of which $230$ and $446$ fall in the top-5\% extreme subset."
SI_ems.tex,9920,True,tables_s12_s13.json.s13.n; tables_s12_s13_full.json.s13.n; tables_s12_s13_full2.json.s13.n,"After quality control this yields $4{,}800$ ($\text{PM}_{2.5}$) and $9{,}920$ ($\text{PM}_{10}$) evaluated forecast points overall, of which $230$ and $446$ fall in the top-5\% extreme subset."
SI_ems.tex,230,False,,"After quality control this yields $4{,}800$ ($\text{PM}_{2.5}$) and $9{,}920$ ($\text{PM}_{10}$) evaluated forecast points overall, of which $230$ and $446$ fall in the top-5\% extreme subset."
SI_ems.tex,446,True,aligned_Doha.csv:obs,"After quality control this yields $4{,}800$ ($\text{PM}_{2.5}$) and $9{,}920$ ($\text{PM}_{10}$) evaluated forecast points overall, of which $230$ and $446$ fall in the top-5\% extreme subset."
SI_ems.tex,99,True,aligned_pm10_369965.csv:resid; fig3_percentile.csv:plo; placebo_v7.json.R0.n_perm,"The coordinate-permutation placebo is run under the reported specification at the two radii that bracket the argument, with 99 permutations each, so the smallest attainable one-sided $p$ is $0.010$ (Table~S24), and the a"
SI_ems.tex,0.010,True,audit_v3.json.ablation.cams+doy_R0.d_z~delta; audit_v3.json.ablation.cams+doy_R0.wilcoxon_p; audit_v3.json.ablation.cams+doy_R100.d_z_ci~delta,"The coordinate-permutation placebo is run under the reported specification at the two radii that bracket the argument, with 99 permutations each, so the smallest attainable one-sided $p$ is $0.010$ (Table~S24), and the a"
SI_ems.tex,32,True,aligned_pm10_369972.csv:obs; audit_v3.json.ablation.cams+doy_R0.mae_transfer.369955; audit_v3.json.ablation.cams+doy_R100.d_z~pct,The covariate helps only marginally at the longest context ($K=32$) and hurts at short context.
SI_ems.tex,0.13,True,audit_v3.json.ablation.cams+doy_R100.n_src_mean~delta; audit_v3.json.ablation.cams+doy_R100.per_station.369959~delta; audit_v3.json.ablation.cams+doy_R100.wins~delta,$\Delta=+0.13$ is a $12\%$ error reduction.
SI_ems.tex,0.08,True,aligned_Doha.csv:cams; audit_v3.json.ablation.cams+hour_R100.pooled_ci~delta; audit_v3.json.bh.space_only_coordfree_R50.binom_bh,the residual autocorrelation of this network reaches $+0.08$ (Table~S30).
SI_ems.tex,517,True,fold_occupancy.json.calendar_max_fold,than the 4 to 517 that calendar-equal blocks produce on a record with empty months.
SI_ems.tex,11.6,True,audit_v3.json.ablation.cams+doy_R100.wilcoxon_p~pct; audit_v3.json.source_boot.full_R100.sd; audit_v4_heavy.json.srcboot_full_R100.sd,"ten-day guard nothing clears it anywhere, at a cost of $11.6\%$ of the training data."
SI_ems.tex,18,True,aligned_pm10_369954.csv:obs; audit_v3.json.ablation.cams+doy_R0.n_src_mean; audit_v3.json.ablation.cams+doy_R0.n_src_min,"\caption{Per-station zero-observation cold-start transfer for the PM$_{10}$ network (leave-one-station-out, all other 18 stations as sources): observed and CAMS means, CAMS bias, the observation--CAMS temporal correlatio"
SI_ems.tex,-3.4,True,audit_v3.json.ablation.cams+hour_R100.pooled,"Negative gains mark over-correction; at Ruwais ($-3.4$~\ugm{} bias) this is over-correction of an already accurate field, whereas Baniyas School ($-35.6$~\ugm) is a moderately biased site at which transfer nonetheless fa"
SI_ems.tex,-35.6,True,audit_v7_qc6_guard3.json.buffer_time_cell_coordfree_R100.per_station.369967.delta~pct; audit_v7_qc6_guard3.json.buffer_time_coordfree_R100.per_station.369967.delta~pct,"Negative gains mark over-correction; at Ruwais ($-3.4$~\ugm{} bias) this is over-correction of an already accurate field, whereas Baniyas School ($-35.6$~\ugm) is a moderately biased site at which transfer nonetheless fa"
SI_ems.tex,-0.13,True,audit_v3.json.ablation.cams_R100.per_station.369962~delta; audit_v3.json.ablation.coordfree_R100.per_station.369962~delta; audit_v3.json.bias_corr.space_only_full_R0.spearman,"Across the 19 stations the gain is uncorrelated with $|$bias$|$ (Spearman $-0.13$, Pearson $+0.18$; $-0.23$ excluding Ruwais), so target-site bias does not predict transfer benefit."
SI_ems.tex,0.18,True,audit_v3.json.ablation.cams+doy_R0.mae_transfer.369972~delta; audit_v3.json.ablation.cams_R100.median_ci~delta; audit_v3.json.ablation.cams_R100.per_station.369958~delta,"Across the 19 stations the gain is uncorrelated with $|$bias$|$ (Spearman $-0.13$, Pearson $+0.18$; $-0.23$ excluding Ruwais), so target-site bias does not predict transfer benefit."
SI_ems.tex,-0.23,True,audit_v5.json.learners.gbm_d2_full_R100.per_station.369962~delta; audit_v6.json.buffer_full_R50.d_z; audit_v6.json.buffer_time_coordfree_R50.delta_pooled_ci_cell~pct,"Across the 19 stations the gain is uncorrelated with $|$bias$|$ (Spearman $-0.13$, Pearson $+0.18$; $-0.23$ excluding Ruwais), so target-site bias does not predict transfer benefit."
SI_ems.tex,13.9,True,audit_v3.json.ablation.cams+hour_R0.per_station.369960~pct; audit_v3.json.ablation.full_R0.median_ci; audit_v3.json.ablation.full_R0.per_station.369973,"Station-bootstrap 95\% intervals ($2{,}000$ resamples of the 19 stations) are $[+13.9,+32.5]\%$ for the median gain and $[-28.0,+25.9]\%$ for the mean: the median excludes zero, the mean does not, because percentage gain"
SI_ems.tex,32.5,True,audit_v3.json.ablation.cams_R100.mae_transfer.369965; audit_v3.json.ablation.full_R0.median_ci; audit_v3.json.ablation.full_R0.per_station.369963,"Station-bootstrap 95\% intervals ($2{,}000$ resamples of the 19 stations) are $[+13.9,+32.5]\%$ for the median gain and $[-28.0,+25.9]\%$ for the mean: the median excludes zero, the mean does not, because percentage gain"
SI_ems.tex,-28.0,True,audit_v3.json.llto.coordfree_R0.per_station.369967; audit_v3.json.space_only.full_R25.d_z_ci~pct; audit_v5.json.learners.gbm_d6_coordfree_R0.per_station.369967,"Station-bootstrap 95\% intervals ($2{,}000$ resamples of the 19 stations) are $[+13.9,+32.5]\%$ for the median gain and $[-28.0,+25.9]\%$ for the mean: the median excludes zero, the mean does not, because percentage gain"
SI_ems.tex,25.9,True,audit_v3.json.ablation.full_R0.pooled_ci; audit_v3.json.llto.coordfree_R25.per_station.369966; audit_v5.json.learners.gbm_d2_coordfree_R0.per_station.369963,"Station-bootstrap 95\% intervals ($2{,}000$ resamples of the 19 stations) are $[+13.9,+32.5]\%$ for the median gain and $[-28.0,+25.9]\%$ for the mean: the median excludes zero, the mean does not, because percentage gain"
SI_ems.tex,0.0625,True,audit_v3.json.llto.coordfree_R50.mean~delta; audit_v3.json.source_boot.coordfree_R100.mean~delta; audit_v5.json.aoa.full_R0.n_stations_mostly_outside~delta,"\textbf{The five PM$_{2.5}$ comparisons are underpowered by design}: with $n=5$ stations the smallest attainable two-sided Wilcoxon $p$ is $0.0625$, so no PM$_{2.5}$ comparison can reach significance; these are reported "
SI_ems.tex,-0.12,True,audit_v3.json.ablation.cams+hour_R100.d_z; audit_v3.json.ablation.cams_R0.per_station.369969~delta; audit_v3.json.ablation.cams_R100.mean~delta,"The FM$\leftrightarrow$persistence comparison is non-significant ($d_z=-0.12$, $p=0.52$), which we report as unresolved rather than as evidence of equivalence: the 95\% interval on $d_z$ (approximately $[-0.60,+0.36]$) e"
SI_ems.tex,0.52,True,audit_v3.json.ablation.cams_R100.mae_transfer.369953~delta; audit_v3.json.ablation.coordfree_R0.per_station.369961~delta; audit_v3.json.bias_corr.space_only_coordfree_R100.spearman,"The FM$\leftrightarrow$persistence comparison is non-significant ($d_z=-0.12$, $p=0.52$), which we report as unresolved rather than as evidence of equivalence: the 95\% interval on $d_z$ (approximately $[-0.60,+0.36]$) e"
SI_ems.tex,-0.60,True,audit_v3.json.ablation.cams+hour_R0.per_station.369953~delta; audit_v3.json.ablation.cams+hour_R0.pooled_ci; audit_v3.json.ablation.cams+hour_R100.d_z_ci,"The FM$\leftrightarrow$persistence comparison is non-significant ($d_z=-0.12$, $p=0.52$), which we report as unresolved rather than as evidence of equivalence: the 95\% interval on $d_z$ (approximately $[-0.60,+0.36]$) e"
SI_ems.tex,0.36,True,audit_v3.json.ablation.cams+doy_R100.binom_p; audit_v3.json.ablation.cams+doy_R100.mae_transfer.369962~delta; audit_v3.json.ablation.cams+doy_R100.mae_transfer.369969~delta,"The FM$\leftrightarrow$persistence comparison is non-significant ($d_z=-0.12$, $p=0.52$), which we report as unresolved rather than as evidence of equivalence: the 95\% interval on $d_z$ (approximately $[-0.60,+0.36]$) e"
SI_ems.tex,88.6,True,audit_v3.json.ablation.full_R0.mae_transfer.369974; audit_v3.json.space_only.full_R0.mae_transfer.369974; audit_v6.json.buffer_full_R0.per_station.369974.transfer,"The routine-elevated tiers have high base rates (\pmtf{} 88.6\%, \pmten{} 90.0\% of evaluated points), so CSI values near 0.9 partly reflect the base rate rather than skill; the severe tiers are far rarer and more discri"
SI_ems.tex,90.0,True,aligned_pm10_369963.csv:obs; aligned_pm10_369966.csv:obs; audit_v7_qc3.json.buffer_full_R0.per_station.369974.transfer,"The routine-elevated tiers have high base rates (\pmtf{} 88.6\%, \pmten{} 90.0\% of evaluated points), so CSI values near 0.9 partly reflect the base rate rather than skill; the severe tiers are far rarer and more discri"
SI_ems.tex,0.9,True,audit_v3.json.ablation.cams+doy_R0.wilcoxon_p~pct; audit_v3.json.ablation.cams+doy_R100.mean; audit_v3.json.ablation.cams+hour_R0.d_z_ci,"The routine-elevated tiers have high base rates (\pmtf{} 88.6\%, \pmten{} 90.0\% of evaluated points), so CSI values near 0.9 partly reflect the base rate rather than skill; the severe tiers are far rarer and more discri"
SI_ems.tex,120,True,audit_v7_qc3.json.buffer_full_R100.per_station.369960.transfer; resid_acf.json._meta.lags_hours,"Unlike Table~S2, the cold-start evaluation uses the full matched record at each held-out station rather than the 120-origin rolling subset, so its raw-CAMS reference values differ from the main benchmark."
SI_ems.tex,35.8,True,audit_v3.json.cell.coordfree_llto.mae_transfer.369967; audit_v3.json.llto.coordfree_R50.mae_transfer.369967; audit_v6.json.buffer_time_cell_coordfree_R0.per_station.369967.transfer,The transferred residual lowers the pooled error by $35.8\%$ (PM$_{2.5}$) and $12.0\%$ (PM$_{10}$).
SI_ems.tex,12.0,True,audit_v3.json.ablation.cams+doy_R100.n_src_mean; audit_v3.json.ablation.cams+doy_R100.per_station.369959; audit_v3.json.ablation.cams+doy_R100.wilcoxon_p~pct,The transferred residual lowers the pooled error by $35.8\%$ (PM$_{2.5}$) and $12.0\%$ (PM$_{10}$).
SI_ems.tex,45,True,aligned_Manama.csv:obs; aligned_pm10_369953.csv:cams; aligned_pm10_369961.csv:cams,"Exceedance is evaluated against the WHO 24-h guideline \emph{value} (15 and 45~\si{\micro\gram\per\cubic\metre}), so these, unlike Table~S9, are genuine 24-h-mean metrics."
SI_ems.tex,545,False,,"Because both guidelines are exceeded at a high base rate ($545/600=90.8\%$ for \pmtf{}, $1119/1240=90.2\%$ for \pmten{}), an always-alarm rule already attains CSI $0.91$ and $0.90$ respectively; chance-corrected scores d"
SI_ems.tex,600,False,,"Because both guidelines are exceeded at a high base rate ($545/600=90.8\%$ for \pmtf{}, $1119/1240=90.2\%$ for \pmten{}), an always-alarm rule already attains CSI $0.91$ and $0.90$ respectively; chance-corrected scores d"
SI_ems.tex,90.8,True,audit_v7.json.buffer_coordfree_R0.per_station.369974.transfer; audit_v7_qc6.json.buffer_coordfree_R0.per_station.369974.transfer; audit_v7_qc6_guard3.json.buffer_coordfree_R0.per_station.369974.transfer,"Because both guidelines are exceeded at a high base rate ($545/600=90.8\%$ for \pmtf{}, $1119/1240=90.2\%$ for \pmten{}), an always-alarm rule already attains CSI $0.91$ and $0.90$ respectively; chance-corrected scores d"
SI_ems.tex,1119,False,,"Because both guidelines are exceeded at a high base rate ($545/600=90.8\%$ for \pmtf{}, $1119/1240=90.2\%$ for \pmten{}), an always-alarm rule already attains CSI $0.91$ and $0.90$ respectively; chance-corrected scores d"
SI_ems.tex,1240,False,,"Because both guidelines are exceeded at a high base rate ($545/600=90.8\%$ for \pmtf{}, $1119/1240=90.2\%$ for \pmten{}), an always-alarm rule already attains CSI $0.91$ and $0.90$ respectively; chance-corrected scores d"
SI_ems.tex,90.2,True,aligned_pm10_369966.csv:obs,"Because both guidelines are exceeded at a high base rate ($545/600=90.8\%$ for \pmtf{}, $1119/1240=90.2\%$ for \pmten{}), an always-alarm rule already attains CSI $0.91$ and $0.90$ respectively; chance-corrected scores d"
SI_ems.tex,0.91,True,audit_v3.json.llto.coordfree_R100.pooled_ci; audit_v3.json.space_only.full_R25.mae_transfer.369954~delta; audit_v3.json.space_only.full_R25.mae_transfer.369963~delta,"Because both guidelines are exceeded at a high base rate ($545/600=90.8\%$ for \pmtf{}, $1119/1240=90.2\%$ for \pmten{}), an always-alarm rule already attains CSI $0.91$ and $0.90$ respectively; chance-corrected scores d"
SI_ems.tex,0.90,True,audit_v3.json.ablation.cams+doy_R0.wilcoxon_p~pct; audit_v3.json.ablation.cams+doy_R100.mean; audit_v3.json.ablation.cams+hour_R0.d_z_ci,"Because both guidelines are exceeded at a high base rate ($545/600=90.8\%$ for \pmtf{}, $1119/1240=90.2\%$ for \pmten{}), an always-alarm rule already attains CSI $0.91$ and $0.90$ respectively; chance-corrected scores d"
SI_ems.tex,0.058,True,audit_v3.json.bh.llto_full_R50.wilcoxon_bh; audit_v3.json.cell.full_spaceonly.mean~delta; audit_v4c.json.placebo_llto_R100.perm_median~delta,"For \pmten{} (19 stations), ETS/HSS with 95\% intervals: raw CAMS $0.058$ $[-0.006,0.161]$ / $0.110$ $[-0.012,0.277]$; bias-corrected CAMS $0.269$ $[0.130,0.426]$ / $0.424$ $[0.231,0.597]$; persistence $0.578$ $[0.449,0."
SI_ems.tex,-0.006,True,audit_v3.json.ablation.cams+hour_R0.pooled_ci~delta; audit_v3.json.ablation.cams+hour_R100.d_z_ci~delta; audit_v3.json.ablation.full_R100.median~delta,"For \pmten{} (19 stations), ETS/HSS with 95\% intervals: raw CAMS $0.058$ $[-0.006,0.161]$ / $0.110$ $[-0.012,0.277]$; bias-corrected CAMS $0.269$ $[0.130,0.426]$ / $0.424$ $[0.231,0.597]$; persistence $0.578$ $[0.449,0."
SI_ems.tex,0.161,True,audit_v3.json.cell.coordfree_llto.median~delta; audit_v3.json.cell.coordfree_llto.per_station.369955~delta; audit_v3.json.llto.coordfree_R0.per_station.369955~delta,"For \pmten{} (19 stations), ETS/HSS with 95\% intervals: raw CAMS $0.058$ $[-0.006,0.161]$ / $0.110$ $[-0.012,0.277]$; bias-corrected CAMS $0.269$ $[0.130,0.426]$ / $0.424$ $[0.231,0.597]$; persistence $0.578$ $[0.449,0."
SI_ems.tex,0.110,True,audit_v3.json.ablation.cams+doy_R0.per_station.369973~delta; audit_v3.json.ablation.cams+doy_R100.pooled~delta; audit_v3.json.ablation.cams+hour_R100.per_station.369974~delta,"For \pmten{} (19 stations), ETS/HSS with 95\% intervals: raw CAMS $0.058$ $[-0.006,0.161]$ / $0.110$ $[-0.012,0.277]$; bias-corrected CAMS $0.269$ $[0.130,0.426]$ / $0.424$ $[0.231,0.597]$; persistence $0.578$ $[0.449,0."
SI_ems.tex,-0.012,True,audit_v3.json.ablation.cams_R100.pooled~delta; audit_v3.json.llto.full_R50.d_z; audit_v3.json.llto.full_R50.per_station.369969~delta,"For \pmten{} (19 stations), ETS/HSS with 95\% intervals: raw CAMS $0.058$ $[-0.006,0.161]$ / $0.110$ $[-0.012,0.277]$; bias-corrected CAMS $0.269$ $[0.130,0.426]$ / $0.424$ $[0.231,0.597]$; persistence $0.578$ $[0.449,0."
SI_ems.tex,0.277,True,audit_v3.json.ablation.cams+hour_R100.per_station.369961~delta; audit_v3.json.bias_corr.llto_full_R0.spearman; audit_v3.json.cell.full_llto.pooled_ci~delta,"For \pmten{} (19 stations), ETS/HSS with 95\% intervals: raw CAMS $0.058$ $[-0.006,0.161]$ / $0.110$ $[-0.012,0.277]$; bias-corrected CAMS $0.269$ $[0.130,0.426]$ / $0.424$ $[0.231,0.597]$; persistence $0.578$ $[0.449,0."
SI_ems.tex,0.269,True,audit_v7.json.buffer_coordfree_R50.delta_pooled_ci_cell; audit_v7_qc3.json.buffer_full_R25.per_station.369959.transfer~delta; audit_v7_qc3.json.buffer_full_R50.per_station.369959.transfer~delta,"For \pmten{} (19 stations), ETS/HSS with 95\% intervals: raw CAMS $0.058$ $[-0.006,0.161]$ / $0.110$ $[-0.012,0.277]$; bias-corrected CAMS $0.269$ $[0.130,0.426]$ / $0.424$ $[0.231,0.597]$; persistence $0.578$ $[0.449,0."
SI_ems.tex,0.130,True,audit_v3.json.ablation.cams+doy_R100.n_src_mean~delta; audit_v3.json.ablation.cams+doy_R100.per_station.369959~delta; audit_v3.json.ablation.cams+doy_R100.wins~delta,"For \pmten{} (19 stations), ETS/HSS with 95\% intervals: raw CAMS $0.058$ $[-0.006,0.161]$ / $0.110$ $[-0.012,0.277]$; bias-corrected CAMS $0.269$ $[0.130,0.426]$ / $0.424$ $[0.231,0.597]$; persistence $0.578$ $[0.449,0."
SI_ems.tex,0.426,True,audit_v3.json.llto.full_R50.mae_transfer.369960~delta; audit_v6.json.buffer_time_cell_full_R50.per_station.369960.transfer~delta; audit_v6.json.buffer_time_full_R50.per_station.369960.transfer~delta,"For \pmten{} (19 stations), ETS/HSS with 95\% intervals: raw CAMS $0.058$ $[-0.006,0.161]$ / $0.110$ $[-0.012,0.277]$; bias-corrected CAMS $0.269$ $[0.130,0.426]$ / $0.424$ $[0.231,0.597]$; persistence $0.578$ $[0.449,0."
SI_ems.tex,0.424,True,audit_v3.json.llto.coordfree_R0.per_station.369954~delta; audit_v5.json.learners.gbm_d6_coordfree_R0.per_station.369954~delta; audit_v6.json.buffer_time_coordfree_R0.per_station.369954.delta,"For \pmten{} (19 stations), ETS/HSS with 95\% intervals: raw CAMS $0.058$ $[-0.006,0.161]$ / $0.110$ $[-0.012,0.277]$; bias-corrected CAMS $0.269$ $[0.130,0.426]$ / $0.424$ $[0.231,0.597]$; persistence $0.578$ $[0.449,0."
SI_ems.tex,0.231,True,audit_v3.json.ablation.cams+hour_R100.per_station.369957~delta; audit_v5.json.learners.rf_coordfree_R100.per_station.369961~delta; ets_hss_ci.json.pm10:biascorr.HSS_lo,"For \pmten{} (19 stations), ETS/HSS with 95\% intervals: raw CAMS $0.058$ $[-0.006,0.161]$ / $0.110$ $[-0.012,0.277]$; bias-corrected CAMS $0.269$ $[0.130,0.426]$ / $0.424$ $[0.231,0.597]$; persistence $0.578$ $[0.449,0."
SI_ems.tex,0.597,True,audit_v7.json.buffer_full_R100.per_station.369954.transfer~delta; audit_v7_qc3.json.buffer_full_R100.per_station.369954.transfer~delta; audit_v7_qc6.json.buffer_full_R100.per_station.369954.transfer~delta,"For \pmten{} (19 stations), ETS/HSS with 95\% intervals: raw CAMS $0.058$ $[-0.006,0.161]$ / $0.110$ $[-0.012,0.277]$; bias-corrected CAMS $0.269$ $[0.130,0.426]$ / $0.424$ $[0.231,0.597]$; persistence $0.578$ $[0.449,0."
SI_ems.tex,0.578,True,audit_v3.json.ablation.cams+hour_R100.mae_transfer.369971~delta; audit_v3.json.space_only.coordfree_R25.mae_transfer.369967~delta; audit_v6.json.buffer_coordfree_R25.per_station.369967.transfer~delta,"For \pmten{} (19 stations), ETS/HSS with 95\% intervals: raw CAMS $0.058$ $[-0.006,0.161]$ / $0.110$ $[-0.012,0.277]$; bias-corrected CAMS $0.269$ $[0.130,0.426]$ / $0.424$ $[0.231,0.597]$; persistence $0.578$ $[0.449,0."
SI_ems.tex,0.449,True,ets_hss_ci.json.pm10:persistence.ETS_lo; tables_s12_s13.json.s12.ETS; tables_s12_s13_full.json.s12.ETS,"For \pmten{} (19 stations), ETS/HSS with 95\% intervals: raw CAMS $0.058$ $[-0.006,0.161]$ / $0.110$ $[-0.012,0.277]$; bias-corrected CAMS $0.269$ $[0.130,0.426]$ / $0.424$ $[0.231,0.597]$; persistence $0.578$ $[0.449,0."
SI_ems.tex,0.683,True,audit_v3.json.paired.space_only_R100.d_z; audit_v7_qc6.json.buffer_time_full_R0.per_station.369954.transfer~delta; ets_hss_ci.json.pm10:persistence.ETS_hi,"For \pmten{} (19 stations), ETS/HSS with 95\% intervals: raw CAMS $0.058$ $[-0.006,0.161]$ / $0.110$ $[-0.012,0.277]$; bias-corrected CAMS $0.269$ $[0.130,0.426]$ / $0.424$ $[0.231,0.597]$; persistence $0.578$ $[0.449,0."
SI_ems.tex,0.733,True,audit_v7_qc6_guard3.json.buffer_time_cell_full_R25.per_station.369954.transfer~delta; audit_v7_qc6_guard3.json.buffer_time_full_R25.per_station.369954.transfer~delta; ets_hss_ci.json.pm10:persistence.HSS,"For \pmten{} (19 stations), ETS/HSS with 95\% intervals: raw CAMS $0.058$ $[-0.006,0.161]$ / $0.110$ $[-0.012,0.277]$; bias-corrected CAMS $0.269$ $[0.130,0.426]$ / $0.424$ $[0.231,0.597]$; persistence $0.578$ $[0.449,0."
SI_ems.tex,0.620,True,aligned_pm10_369961.csv:cams; aligned_pm10_369963.csv:cams; audit_v3.json.ablation.cams+doy_R100.mae_transfer.369953~delta,"For \pmten{} (19 stations), ETS/HSS with 95\% intervals: raw CAMS $0.058$ $[-0.006,0.161]$ / $0.110$ $[-0.012,0.277]$; bias-corrected CAMS $0.269$ $[0.130,0.426]$ / $0.424$ $[0.231,0.597]$; persistence $0.578$ $[0.449,0."
SI_ems.tex,0.811,True,ets_hss_ci.json.pm10:persistence.HSS_hi; tables_s12_s13_full2.json.s12.CSI_lo,"For \pmten{} (19 stations), ETS/HSS with 95\% intervals: raw CAMS $0.058$ $[-0.006,0.161]$ / $0.110$ $[-0.012,0.277]$; bias-corrected CAMS $0.269$ $[0.130,0.426]$ / $0.424$ $[0.231,0.597]$; persistence $0.578$ $[0.449,0."
SI_ems.tex,0.452,True,audit_v3.json.ablation.coordfree_R100.per_station.369966~delta; audit_v3.json.space_only.coordfree_R100.per_station.369966~delta; audit_v6.json.buffer_coordfree_R100.per_station.369966.delta,"For \pmten{} (19 stations), ETS/HSS with 95\% intervals: raw CAMS $0.058$ $[-0.006,0.161]$ / $0.110$ $[-0.012,0.277]$; bias-corrected CAMS $0.269$ $[0.130,0.426]$ / $0.424$ $[0.231,0.597]$; persistence $0.578$ $[0.449,0."
SI_ems.tex,0.310,True,audit_v3.json.ablation.cams+doy_R0.mae_transfer.369971~delta; audit_v3.json.ablation.coordfree_R0.mae_transfer.369971~delta; audit_v3.json.ablation.full_R0.per_station.369974~delta,"For \pmten{} (19 stations), ETS/HSS with 95\% intervals: raw CAMS $0.058$ $[-0.006,0.161]$ / $0.110$ $[-0.012,0.277]$; bias-corrected CAMS $0.269$ $[0.130,0.426]$ / $0.424$ $[0.231,0.597]$; persistence $0.578$ $[0.449,0."
SI_ems.tex,0.572,True,audit_v3.json.ablation.cams+doy_R0.mae_transfer.369953~delta; audit_v3.json.llto.coordfree_R25.mae_transfer.369961~delta; audit_v3.json.llto.coordfree_R50.mae_transfer.369961~delta,"For \pmten{} (19 stations), ETS/HSS with 95\% intervals: raw CAMS $0.058$ $[-0.006,0.161]$ / $0.110$ $[-0.012,0.277]$; bias-corrected CAMS $0.269$ $[0.130,0.426]$ / $0.424$ $[0.231,0.597]$; persistence $0.578$ $[0.449,0."
SI_ems.tex,0.623,True,audit_v3.json.space_only.full_R50.mae_transfer.369960~delta; audit_v6.json.buffer_full_R50.per_station.369960.transfer~delta; audit_v7_qc3.json.buffer_coordfree_R25.per_station.369967.transfer~delta,"For \pmten{} (19 stations), ETS/HSS with 95\% intervals: raw CAMS $0.058$ $[-0.006,0.161]$ / $0.110$ $[-0.012,0.277]$; bias-corrected CAMS $0.269$ $[0.130,0.426]$ / $0.424$ $[0.231,0.597]$; persistence $0.578$ $[0.449,0."
SI_ems.tex,0.473,True,audit_v3.json.llto.full_R100.mae_transfer.369971~delta; audit_v6.json.buffer_time_cell_full_R100.per_station.369971.transfer~delta; audit_v6.json.buffer_time_full_R100.per_station.369971.transfer~delta,"For \pmten{} (19 stations), ETS/HSS with 95\% intervals: raw CAMS $0.058$ $[-0.006,0.161]$ / $0.110$ $[-0.012,0.277]$; bias-corrected CAMS $0.269$ $[0.130,0.426]$ / $0.424$ $[0.231,0.597]$; persistence $0.578$ $[0.449,0."
SI_ems.tex,0.728,True,audit_v3.json.space_only.full_R25.mae_transfer.369961~delta; audit_v3.json.space_only.full_R50.mae_transfer.369961~delta; audit_v6.json.buffer_full_R25.per_station.369961.transfer~delta,"For \pmten{} (19 stations), ETS/HSS with 95\% intervals: raw CAMS $0.058$ $[-0.006,0.161]$ / $0.110$ $[-0.012,0.277]$; bias-corrected CAMS $0.269$ $[0.130,0.426]$ / $0.424$ $[0.231,0.597]$; persistence $0.578$ $[0.449,0."
SI_ems.tex,0.203,True,audit_v5.json.learners.rf_full_R0.per_station.369967~delta; audit_v6_cellunit.json.buffer_coordfree_R25.wilcoxon_p; audit_v7_qc3.json.buffer_time_full_R0.per_station.369953.transfer~delta,"For \pmtf{} (5 stations): raw CAMS $0.203$ $[-0.010,0.223]$ / $0.337$ $[-0.021,0.364]$; bias-corrected CAMS $0.236$ $[0.037,0.336]$ / $0.382$ $[0.071,0.503]$; persistence $0.358$ $[0.225,0.407]$ / $0.527$ $[0.368,0.579]$"
SI_ems.tex,-0.010,True,audit_v3.json.ablation.cams+doy_R100.per_station.369955~delta; audit_v3.json.ablation.cams+hour_R0.pooled_ci~delta; audit_v3.json.ablation.cams+hour_R100.d_z_ci~delta,"For \pmtf{} (5 stations): raw CAMS $0.203$ $[-0.010,0.223]$ / $0.337$ $[-0.021,0.364]$; bias-corrected CAMS $0.236$ $[0.037,0.336]$ / $0.382$ $[0.071,0.503]$; persistence $0.358$ $[0.225,0.407]$ / $0.527$ $[0.368,0.579]$"
SI_ems.tex,0.223,True,audit_v3.json.ablation.cams_R0.per_station.369974~delta; audit_v3.json.ablation.full_R100.mae_transfer.369966~delta; audit_v3.json.space_only.full_R100.mae_transfer.369966~delta,"For \pmtf{} (5 stations): raw CAMS $0.203$ $[-0.010,0.223]$ / $0.337$ $[-0.021,0.364]$; bias-corrected CAMS $0.236$ $[0.037,0.336]$ / $0.382$ $[0.071,0.503]$; persistence $0.358$ $[0.225,0.407]$ / $0.527$ $[0.368,0.579]$"
SI_ems.tex,0.337,True,audit_v3.json.ablation.cams_R100.mae_transfer.369966~delta; audit_v3.json.bias_corr.llto_full_R50.spearman; audit_v3.json.llto.coordfree_R100.mae_transfer.369968~delta,"For \pmtf{} (5 stations): raw CAMS $0.203$ $[-0.010,0.223]$ / $0.337$ $[-0.021,0.364]$; bias-corrected CAMS $0.236$ $[0.037,0.336]$ / $0.382$ $[0.071,0.503]$; persistence $0.358$ $[0.225,0.407]$ / $0.527$ $[0.368,0.579]$"
SI_ems.tex,-0.021,True,audit_v4c.json.placebo_llto_R100.perm_pooled~delta; audit_v6.json.buffer_time_cell_coordfree_R100.delta_pooled_ci_cell; ets_hss_ci.json.pm25:raw_cams.HSS_lo,"For \pmtf{} (5 stations): raw CAMS $0.203$ $[-0.010,0.223]$ / $0.337$ $[-0.021,0.364]$; bias-corrected CAMS $0.236$ $[0.037,0.336]$ / $0.382$ $[0.071,0.503]$; persistence $0.358$ $[0.225,0.407]$ / $0.527$ $[0.368,0.579]$"
SI_ems.tex,0.364,True,audit_v7.json.buffer_full_R0.per_station.369971.transfer~delta; audit_v7.json.buffer_full_R25.per_station.369971.transfer~delta; audit_v7.json.buffer_full_R50.per_station.369971.transfer~delta,"For \pmtf{} (5 stations): raw CAMS $0.203$ $[-0.010,0.223]$ / $0.337$ $[-0.021,0.364]$; bias-corrected CAMS $0.236$ $[0.037,0.336]$ / $0.382$ $[0.071,0.503]$; persistence $0.358$ $[0.225,0.407]$ / $0.527$ $[0.368,0.579]$"
SI_ems.tex,0.236,True,audit_v3.json.source_boot.coordfree_R0.hi~delta; audit_v3.json.space_only.coordfree_R25.per_station.369963~delta; audit_v3.json.space_only.coordfree_R50.per_station.369963~delta,"For \pmtf{} (5 stations): raw CAMS $0.203$ $[-0.010,0.223]$ / $0.337$ $[-0.021,0.364]$; bias-corrected CAMS $0.236$ $[0.037,0.336]$ / $0.382$ $[0.071,0.503]$; persistence $0.358$ $[0.225,0.407]$ / $0.527$ $[0.368,0.579]$"
SI_ems.tex,0.037,True,audit_v3.json.space_only.full_R25.median_ci~delta; audit_v3.json.space_only.full_R25.per_station.369957~delta; audit_v5.json.aoa.coordfree_R100.per_station.369973.threshold~delta,"For \pmtf{} (5 stations): raw CAMS $0.203$ $[-0.010,0.223]$ / $0.337$ $[-0.021,0.364]$; bias-corrected CAMS $0.236$ $[0.037,0.336]$ / $0.382$ $[0.071,0.503]$; persistence $0.358$ $[0.225,0.407]$ / $0.527$ $[0.368,0.579]$"
SI_ems.tex,0.336,True,audit_v6_cellunit.json.buffer_coordfree_R50.per_cell.33_72; audit_v7_qc3.json.buffer_coordfree_R0.per_station.369959.raw~delta; audit_v7_qc3.json.buffer_coordfree_R100.per_station.369959.raw~delta,"For \pmtf{} (5 stations): raw CAMS $0.203$ $[-0.010,0.223]$ / $0.337$ $[-0.021,0.364]$; bias-corrected CAMS $0.236$ $[0.037,0.336]$ / $0.382$ $[0.071,0.503]$; persistence $0.358$ $[0.225,0.407]$ / $0.527$ $[0.368,0.579]$"
SI_ems.tex,0.382,True,audit_v3.json.space_only.coordfree_R50.mae_transfer.369968~delta; audit_v6.json.buffer_coordfree_R25.d_z; audit_v6.json.buffer_coordfree_R50.per_station.369968.transfer~delta,"For \pmtf{} (5 stations): raw CAMS $0.203$ $[-0.010,0.223]$ / $0.337$ $[-0.021,0.364]$; bias-corrected CAMS $0.236$ $[0.037,0.336]$ / $0.382$ $[0.071,0.503]$; persistence $0.358$ $[0.225,0.407]$ / $0.527$ $[0.368,0.579]$"
SI_ems.tex,0.071,True,audit_v4c.json.placebo_llto_R100.perm_pooled~delta; audit_v6.json.bh.buffer_time_cell_coordfree_R100.wilcoxon_bh; audit_v6.json.bh.buffer_time_coordfree_R100.wilcoxon_bh,"For \pmtf{} (5 stations): raw CAMS $0.203$ $[-0.010,0.223]$ / $0.337$ $[-0.021,0.364]$; bias-corrected CAMS $0.236$ $[0.037,0.336]$ / $0.382$ $[0.071,0.503]$; persistence $0.358$ $[0.225,0.407]$ / $0.527$ $[0.368,0.579]$"
SI_ems.tex,0.503,True,audit_v3.json.ablation.cams_R100.mae_transfer.369972~delta; audit_v3.json.ablation.coordfree_R0.per_station.369972~delta; audit_v3.json.space_only.coordfree_R0.per_station.369972~delta,"For \pmtf{} (5 stations): raw CAMS $0.203$ $[-0.010,0.223]$ / $0.337$ $[-0.021,0.364]$; bias-corrected CAMS $0.236$ $[0.037,0.336]$ / $0.382$ $[0.071,0.503]$; persistence $0.358$ $[0.225,0.407]$ / $0.527$ $[0.368,0.579]$"
SI_ems.tex,0.358,True,audit_v3.json.ablation.cams+hour_R100.d_z_ci; audit_v3.json.bias_corr.llto_coordfree_R0.pearson; audit_v6_cellunit.json.buffer_time_cell_full_R0.per_cell.33_72,"For \pmtf{} (5 stations): raw CAMS $0.203$ $[-0.010,0.223]$ / $0.337$ $[-0.021,0.364]$; bias-corrected CAMS $0.236$ $[0.037,0.336]$ / $0.382$ $[0.071,0.503]$; persistence $0.358$ $[0.225,0.407]$ / $0.527$ $[0.368,0.579]$"
SI_ems.tex,0.225,True,audit_v3.json.cell.coordfree_llto.per_station.369958~delta; audit_v5.json.learners.ridge_full_R100.per_station.369957~delta; audit_v6.json.buffer_time_cell_coordfree_R0.per_station.369958.delta,"For \pmtf{} (5 stations): raw CAMS $0.203$ $[-0.010,0.223]$ / $0.337$ $[-0.021,0.364]$; bias-corrected CAMS $0.236$ $[0.037,0.336]$ / $0.382$ $[0.071,0.503]$; persistence $0.358$ $[0.225,0.407]$ / $0.527$ $[0.368,0.579]$"
SI_ems.tex,0.407,True,audit_v3.json.ablation.coordfree_R100.mae_transfer.369968~delta; audit_v3.json.space_only.coordfree_R100.mae_transfer.369968~delta; audit_v6.json.buffer_coordfree_R100.per_station.369968.transfer~delta,"For \pmtf{} (5 stations): raw CAMS $0.203$ $[-0.010,0.223]$ / $0.337$ $[-0.021,0.364]$; bias-corrected CAMS $0.236$ $[0.037,0.336]$ / $0.382$ $[0.071,0.503]$; persistence $0.358$ $[0.225,0.407]$ / $0.527$ $[0.368,0.579]$"
SI_ems.tex,0.527,True,audit_v3.json.llto.coordfree_R0.mae_transfer.369954~delta; audit_v5.json.learners.rf_full_R0.per_station.369969~delta; audit_v5.json.learners.ridge_coordfree_R100.per_station.369960~delta,"For \pmtf{} (5 stations): raw CAMS $0.203$ $[-0.010,0.223]$ / $0.337$ $[-0.021,0.364]$; bias-corrected CAMS $0.236$ $[0.037,0.336]$ / $0.382$ $[0.071,0.503]$; persistence $0.358$ $[0.225,0.407]$ / $0.527$ $[0.368,0.579]$"
SI_ems.tex,0.368,True,audit_v7_qc6_guard3.json.buffer_time_cell_full_R0.per_station.369963.delta; ets_hss_ci.json.pm25:persistence.HSS_lo,"For \pmtf{} (5 stations): raw CAMS $0.203$ $[-0.010,0.223]$ / $0.337$ $[-0.021,0.364]$; bias-corrected CAMS $0.236$ $[0.037,0.336]$ / $0.382$ $[0.071,0.503]$; persistence $0.358$ $[0.225,0.407]$ / $0.527$ $[0.368,0.579]$"
SI_ems.tex,0.579,True,ets_hss_ci.json.pm25:persistence.HSS_hi,"For \pmtf{} (5 stations): raw CAMS $0.203$ $[-0.010,0.223]$ / $0.337$ $[-0.021,0.364]$; bias-corrected CAMS $0.236$ $[0.037,0.336]$ / $0.382$ $[0.071,0.503]$; persistence $0.358$ $[0.225,0.407]$ / $0.527$ $[0.368,0.579]$"
SI_ems.tex,0.436,True,audit_v3.json.ablation.cams+hour_R0.per_station.369958~delta; audit_v3.json.ablation.coordfree_R0.median_ci~delta; audit_v3.json.ablation.coordfree_R0.per_station.369971~delta,"For \pmtf{} (5 stations): raw CAMS $0.203$ $[-0.010,0.223]$ / $0.337$ $[-0.021,0.364]$; bias-corrected CAMS $0.236$ $[0.037,0.336]$ / $0.382$ $[0.071,0.503]$; persistence $0.358$ $[0.225,0.407]$ / $0.527$ $[0.368,0.579]$"
SI_ems.tex,0.178,True,audit_v3.json.bias_corr.llto_coordfree_R25.spearman_p; audit_v6.json.buffer_time_cell_full_R25.delta_pooled_ci_cell; audit_v7.json.buffer_full_R50.delta_median_ci_station,"For \pmtf{} (5 stations): raw CAMS $0.203$ $[-0.010,0.223]$ / $0.337$ $[-0.021,0.364]$; bias-corrected CAMS $0.236$ $[0.037,0.336]$ / $0.382$ $[0.071,0.503]$; persistence $0.358$ $[0.225,0.407]$ / $0.527$ $[0.368,0.579]$"
SI_ems.tex,0.460,True,audit_v3.json.ablation.cams+doy_R100.per_station.369966~delta; audit_v3.json.ablation.cams_R0.mae_transfer.369953~delta; audit_v3.json.ablation.cams_R0.per_station.369961~delta,"For \pmtf{} (5 stations): raw CAMS $0.203$ $[-0.010,0.223]$ / $0.337$ $[-0.021,0.364]$; bias-corrected CAMS $0.236$ $[0.037,0.336]$ / $0.382$ $[0.071,0.503]$; persistence $0.358$ $[0.225,0.407]$ / $0.527$ $[0.368,0.579]$"
SI_ems.tex,0.607,True,audit_v3.json.llto.full_R0.mae_transfer.369963~delta; audit_v6.json.buffer_time_full_R0.per_station.369963.transfer~delta; ets_hss_ci.json.pm25:snaive.HSS,"For \pmtf{} (5 stations): raw CAMS $0.203$ $[-0.010,0.223]$ / $0.337$ $[-0.021,0.364]$; bias-corrected CAMS $0.236$ $[0.037,0.336]$ / $0.382$ $[0.071,0.503]$; persistence $0.358$ $[0.225,0.407]$ / $0.527$ $[0.368,0.579]$"
SI_ems.tex,0.302,True,audit_v3.json.cell.coordfree_llto.mae_transfer.369962~delta; audit_v3.json.llto.coordfree_R50.mae_transfer.369962~delta; audit_v6.json.buffer_time_cell_coordfree_R0.per_station.369962.transfer~delta,"For \pmtf{} (5 stations): raw CAMS $0.203$ $[-0.010,0.223]$ / $0.337$ $[-0.021,0.364]$; bias-corrected CAMS $0.236$ $[0.037,0.336]$ / $0.382$ $[0.071,0.503]$; persistence $0.358$ $[0.225,0.407]$ / $0.527$ $[0.368,0.579]$"
SI_ems.tex,0.630,True,audit_v3.json.ablation.cams+hour_R100.mae_transfer.369969~delta; audit_v3.json.ablation.cams_R0.per_station.369966~delta; audit_v3.json.ablation.cams_R100.mae_transfer.369963~delta,"For \pmtf{} (5 stations): raw CAMS $0.203$ $[-0.010,0.223]$ / $0.337$ $[-0.021,0.364]$; bias-corrected CAMS $0.236$ $[0.037,0.336]$ / $0.382$ $[0.071,0.503]$; persistence $0.358$ $[0.225,0.407]$ / $0.527$ $[0.368,0.579]$"
SI_ems.tex,0.53,True,audit_v3.json.bias_corr.llto_full_R100.spearman; audit_v3.json.cell.full_llto.mae_transfer.369971~delta; audit_v3.json.llto.coordfree_R0.mae_transfer.369954~delta,"The two Chronos rows keep point estimates ($0.53$/$0.69$ and $0.54$/$0.70$ for \pmten{}, $0.42$/$0.59$ and $0.45$/$0.62$ for \pmtf{}) because their per-origin outputs were archived as absolute errors rather than signed p"
SI_ems.tex,0.69,True,audit_v3.json.ablation.cams+hour_R0.mae_transfer.369958~delta; audit_v3.json.llto.coordfree_R100.mae_transfer.369963~delta; audit_v3.json.llto.full_R25.mae_transfer.369957~delta,"The two Chronos rows keep point estimates ($0.53$/$0.69$ and $0.54$/$0.70$ for \pmten{}, $0.42$/$0.59$ and $0.45$/$0.62$ for \pmtf{}) because their per-origin outputs were archived as absolute errors rather than signed p"
SI_ems.tex,0.54,True,audit_v3.json.ablation.cams+doy_R0.mae_transfer.369954~delta; audit_v3.json.ablation.cams+doy_R100.mae_transfer.369967~delta; audit_v3.json.ablation.cams+hour_R100.mae_transfer.369959~delta,"The two Chronos rows keep point estimates ($0.53$/$0.69$ and $0.54$/$0.70$ for \pmten{}, $0.42$/$0.59$ and $0.45$/$0.62$ for \pmtf{}) because their per-origin outputs were archived as absolute errors rather than signed p"
SI_ems.tex,0.70,True,audit_v3.json.ablation.cams+doy_R0.per_station.369966~delta; audit_v3.json.ablation.cams+hour_R0.mae_transfer.369958~delta; audit_v3.json.ablation.cams+hour_R0.per_station.369966~delta,"The two Chronos rows keep point estimates ($0.53$/$0.69$ and $0.54$/$0.70$ for \pmten{}, $0.42$/$0.59$ and $0.45$/$0.62$ for \pmtf{}) because their per-origin outputs were archived as absolute errors rather than signed p"
SI_ems.tex,0.42,True,audit_v3.json.ablation.cams+hour_R0.d_z; audit_v3.json.ablation.cams+hour_R0.mae_transfer.369968~delta; audit_v3.json.ablation.cams_R0.mae_transfer.369955~delta,"The two Chronos rows keep point estimates ($0.53$/$0.69$ and $0.54$/$0.70$ for \pmten{}, $0.42$/$0.59$ and $0.45$/$0.62$ for \pmtf{}) because their per-origin outputs were archived as absolute errors rather than signed p"
SI_ems.tex,0.59,True,audit_v3.json.ablation.cams+hour_R100.mae_transfer.369957~delta; audit_v3.json.ablation.coordfree_R0.per_station.369959~delta; audit_v3.json.ablation.coordfree_R100.mae_transfer.369954~delta,"The two Chronos rows keep point estimates ($0.53$/$0.69$ and $0.54$/$0.70$ for \pmten{}, $0.42$/$0.59$ and $0.45$/$0.62$ for \pmtf{}) because their per-origin outputs were archived as absolute errors rather than signed p"
SI_ems.tex,0.45,True,audit_v3.json.ablation.cams+hour_R0.mae_transfer.369955~delta; audit_v3.json.ablation.cams+hour_R0.per_station.369961~delta; audit_v3.json.ablation.coordfree_R100.per_station.369966~delta,"The two Chronos rows keep point estimates ($0.53$/$0.69$ and $0.54$/$0.70$ for \pmten{}, $0.42$/$0.59$ and $0.45$/$0.62$ for \pmtf{}) because their per-origin outputs were archived as absolute errors rather than signed p"
SI_ems.tex,0.62,True,aligned_pm10_369961.csv:cams; aligned_pm10_369963.csv:cams; audit_v3.json.ablation.cams+doy_R100.mae_transfer.369953~delta,"The two Chronos rows keep point estimates ($0.53$/$0.69$ and $0.54$/$0.70$ for \pmten{}, $0.42$/$0.59$ and $0.45$/$0.62$ for \pmtf{}) because their per-origin outputs were archived as absolute errors rather than signed p"
SI_ems.tex,1185,False,,"Row sample sizes differ where a reference is undefined at some origins (persistence $N=1185$ for \pmten{}, others $N=1240$), so chance-corrected scores are computed on each method's own valid set."
SI_ems.tex,1240,False,,"Row sample sizes differ where a reference is undefined at some origins (persistence $N=1185$ for \pmten{}, others $N=1240$), so chance-corrected scores are computed on each method's own valid set."
SI_ems.tex,1990,True,newrefs2.json.schaefer1990.year,"ETS and HSS follow Schaefer (1990, \textit{Weather and Forecasting} 5, 570--575)."
SI_ems.tex,570,True,aligned_Manama.csv:cams,"ETS and HSS follow Schaefer (1990, \textit{Weather and Forecasting} 5, 570--575)."
SI_ems.tex,1240,False,,"1240 origin-level 24-h means, 90.2\%); an always-alarm reference would therefore have POD 1.00, FAR 0.10 and CSI 0.90. Against this high-base-rate reference, the mechanistic field detects only about seven of ten 24-h exc"
SI_ems.tex,90.2,True,aligned_pm10_369966.csv:obs,"1240 origin-level 24-h means, 90.2\%); an always-alarm reference would therefore have POD 1.00, FAR 0.10 and CSI 0.90. Against this high-base-rate reference, the mechanistic field detects only about seven of ten 24-h exc"
SI_ems.tex,1.00,True,aligned_KuwaitCity.csv:cams; aligned_Manama.csv:obs; aligned_pm10_369959.csv:resid,"1240 origin-level 24-h means, 90.2\%); an always-alarm reference would therefore have POD 1.00, FAR 0.10 and CSI 0.90. Against this high-base-rate reference, the mechanistic field detects only about seven of ten 24-h exc"
SI_ems.tex,0.10,True,aligned_Doha.csv:cams; aligned_pm10_369958.csv:cams; aligned_pm10_369966.csv:cams,"1240 origin-level 24-h means, 90.2\%); an always-alarm reference would therefore have POD 1.00, FAR 0.10 and CSI 0.90. Against this high-base-rate reference, the mechanistic field detects only about seven of ten 24-h exc"
SI_ems.tex,0.72,True,audit_v6.json.buffer_time_cell_coordfree_R0.per_station.369973.delta~pct; audit_v6.json.buffer_time_cell_coordfree_R25.per_station.369973.delta~pct; audit_v6.json.buffer_time_cell_coordfree_R50.per_station.369973.delta~pct,"1240 origin-level 24-h means, 90.2\%); an always-alarm reference would therefore have POD 1.00, FAR 0.10 and CSI 0.90. Against this high-base-rate reference, the mechanistic field detects only about seven of ten 24-h exc"
SI_ems.tex,0.68,True,audit_v3.json.bias_corr.space_only_full_R100.spearman; audit_v3.json.llto.coordfree_R50.mae_transfer.369954~delta; audit_v3.json.llto.full_R100.mae_transfer.369957~delta,"1240 origin-level 24-h means, 90.2\%); an always-alarm reference would therefore have POD 1.00, FAR 0.10 and CSI 0.90. Against this high-base-rate reference, the mechanistic field detects only about seven of ten 24-h exc"
SI_ems.tex,0.97,True,audit_v6.json.buffer_time_full_R0.d_z; audit_v7.json.buffer_coordfree_R0.per_station.369954.raw~delta; audit_v7.json.buffer_coordfree_R100.per_station.369954.raw~delta,"1240 origin-level 24-h means, 90.2\%); an always-alarm reference would therefore have POD 1.00, FAR 0.10 and CSI 0.90. Against this high-base-rate reference, the mechanistic field detects only about seven of ten 24-h exc"
SI_ems.tex,-23.6,True,loso_v2_stability.json.full_R50.seeds.mean; tables_s12_s13.json.s13.Bias; tables_s12_s13_full.json.s13.Bias,"RMSE and mean bias expose dust-peak behaviour (raw CAMS under-predicts \pmten{} with mean bias $-23.6$~\si{\micro\gram\per\cubic\metre} and RMSE 69.6, versus near-zero bias and much lower RMSE for observation-driven meth"
SI_ems.tex,69.6,True,audit_v3.json.llto.full_R100.mae_transfer.369958; audit_v5.json.nndm.R50.sample_to_prediction_iqr; audit_v6.json.buffer_time_cell_full_R100.per_station.369958.transfer,"RMSE and mean bias expose dust-peak behaviour (raw CAMS under-predicts \pmten{} with mean bias $-23.6$~\si{\micro\gram\per\cubic\metre} and RMSE 69.6, versus near-zero bias and much lower RMSE for observation-driven meth"
SI_ems.tex,00,True,aligned_Dhahran.csv:cams; aligned_Doha.csv:cams; aligned_Doha.csv:obs,"real-time product drives the conclusion, we repeated the \pmten{} benchmark with the archived CAMS \emph{global atmospheric-composition operational forecast} (\texttt{cams-global-atmospheric-composition-forecasts}, initi"
SI_ems.tex,00,True,aligned_Dhahran.csv:cams; aligned_Doha.csv:cams; aligned_Doha.csv:obs,"For each rolling origin $t_0$ the operational nowcast uses the most recent 00/12~UTC forecast cycle at or before $t_0$, and the prediction for each target valid time is that cycle's value at the corresponding lead (0--33"
SI_ems.tex,9920,True,tables_s12_s13.json.s13.n; tables_s12_s13_full.json.s13.n; tables_s12_s13_full2.json.s13.n,"and targets as the main \pmten{} benchmark: the reanalysis point estimates are reproduced identically on this matched set ($9{,}920$ forecast points; raw-CAMS MAE $43.0$, 24-h-mean POD $0.72$), so the operational forecas"
SI_ems.tex,43.0,True,aligned_pm10_369954.csv:cams; aligned_pm10_369957.csv:cams; audit_v3.json.ablation.cams+doy_R0.mae_transfer.369963,"and targets as the main \pmten{} benchmark: the reanalysis point estimates are reproduced identically on this matched set ($9{,}920$ forecast points; raw-CAMS MAE $43.0$, 24-h-mean POD $0.72$), so the operational forecas"
SI_ems.tex,0.72,True,audit_v6.json.buffer_time_cell_coordfree_R0.per_station.369973.delta~pct; audit_v6.json.buffer_time_cell_coordfree_R25.per_station.369973.delta~pct; audit_v6.json.buffer_time_cell_coordfree_R50.per_station.369973.delta~pct,"and targets as the main \pmten{} benchmark: the reanalysis point estimates are reproduced identically on this matched set ($9{,}920$ forecast points; raw-CAMS MAE $43.0$, 24-h-mean POD $0.72$), so the operational forecas"
SI_ems.tex,9480,True,tables_s12_s13.json.s13.n; tables_s12_s13_full.json.s13.n; tables_s12_s13_full2.json.s13.n,"and targets as the main \pmten{} benchmark: the reanalysis point estimates are reproduced identically on this matched set ($9{,}920$ forecast points; raw-CAMS MAE $43.0$, 24-h-mean POD $0.72$), so the operational forecas"
SI_ems.tex,0.92,True,audit_v3.json.llto.coordfree_R0.mae_transfer.369958~delta; audit_v6.json.buffer_time_cell_full_R0.d_z; audit_v6.json.buffer_time_coordfree_R0.per_station.369958.transfer~delta,On WHO 24-h mean detection it flags more exceedances than the reanalysis (POD $0.92$ vs.
SI_ems.tex,0.72,True,audit_v6.json.buffer_time_cell_coordfree_R0.per_station.369973.delta~pct; audit_v6.json.buffer_time_cell_coordfree_R25.per_station.369973.delta~pct; audit_v6.json.buffer_time_cell_coordfree_R50.per_station.369973.delta~pct,"\ $0.72$) but only by over-forecasting dust, so its balanced skill (CSI $0.86$) stays below the observation-driven nowcasts (CSI $0.94$--$0.95$)."
SI_ems.tex,0.86,True,audit_v3.json.ablation.cams_R100.wilcoxon_p; audit_v7_qc3.json.bh_paired.buffer_R0; audit_v7_qc3.json.bh_paired.buffer_time_cell_R0,"\ $0.72$) but only by over-forecasting dust, so its balanced skill (CSI $0.86$) stays below the observation-driven nowcasts (CSI $0.94$--$0.95$)."
SI_ems.tex,0.94,True,audit_v3.json.ablation.cams+doy_R0.wilcoxon_p~pct; audit_v3.json.ablation.coordfree_R0.wilcoxon_p~pct; audit_v3.json.bh.space_only_coordfree_R0.wilcoxon_p~pct,"\ $0.72$) but only by over-forecasting dust, so its balanced skill (CSI $0.86$) stays below the observation-driven nowcasts (CSI $0.94$--$0.95$)."
SI_ems.tex,0.95,True,audit_v3.json.cell.coordfree_llto.mae_transfer.369958~delta; audit_v3.json.llto.full_R100.mae_transfer.369972~delta; audit_v4c.json.placebo_llto_R100.perm_pooled,"\ $0.72$) but only by over-forecasting dust, so its balanced skill (CSI $0.86$) stays below the observation-driven nowcasts (CSI $0.94$--$0.95$)."
SI_ems.tex,0.86,True,audit_v3.json.ablation.cams_R100.wilcoxon_p; audit_v7_qc3.json.bh_paired.buffer_R0; audit_v7_qc3.json.bh_paired.buffer_time_cell_R0,"The choice of CAMS product therefore does not change the routine-nowcast regime map: on error the two CAMS products are indistinguishable, and although the operational forecast scores higher on 24-h detection (CSI $0.86$"
SI_ems.tex,0.68,True,audit_v3.json.bias_corr.space_only_full_R100.spearman; audit_v3.json.llto.coordfree_R50.mae_transfer.369954~delta; audit_v3.json.llto.full_R100.mae_transfer.369957~delta,\ the reanalysis $0.68$) it does so by over-forecasting dust and still trails the observation-driven nowcasts.
SI_ems.tex,9920,True,tables_s12_s13.json.s13.n; tables_s12_s13_full.json.s13.n; tables_s12_s13_full2.json.s13.n,"\caption{\textbf{Operational-forecast comparison (\pmten{}, matched late-2023 (September--December) dust-period subset, $9{,}920$ forecast points)."
SI_ems.tex,920,False,,"The reanalysis CI differs slightly from Table~S2 because the operational-forecast comparison was bootstrapped as an independent matched-table run around the same 9,920 targets."
SI_ems.tex,42,True,audit_v3.json.ablation.cams+doy_R100.mae_transfer.369967; audit_v3.json.ablation.cams+hour_R100.mae_transfer.369961; audit_v3.json.ablation.cams+hour_R100.mae_transfer.369972,} (a) MAE on the matched late-2023 (September--December) dust-period subset with station cluster-bootstrap 95\% intervals: the operational forecast ($42$) and the EAC4 reanalysis ($43$) are statistically indistinguishabl
SI_ems.tex,43,True,aligned_pm10_369954.csv:cams; aligned_pm10_369957.csv:cams; audit_v3.json.ablation.cams+doy_R0.mae_transfer.369963,} (a) MAE on the matched late-2023 (September--December) dust-period subset with station cluster-bootstrap 95\% intervals: the operational forecast ($42$) and the EAC4 reanalysis ($43$) are statistically indistinguishabl
SI_ems.tex,13,True,aligned_pm10_369959.csv:cams; aligned_pm10_369960.csv:cams; aligned_pm10_369968.csv:cams,} (a) MAE on the matched late-2023 (September--December) dust-period subset with station cluster-bootstrap 95\% intervals: the operational forecast ($42$) and the EAC4 reanalysis ($43$) are statistically indistinguishabl
SI_ems.tex,40,True,audit_v3.json.ablation.cams+doy_R0.per_station.369960; audit_v3.json.ablation.cams+doy_R0.per_station.369961; audit_v3.json.ablation.cams+hour_R100.mae_transfer.369967,"(b) MAE by forecast lead time: both CAMS products stay flat near $40$--$45$~\ugm{} across the 24-h horizon (they carry no recent-observation information), whereas the observation-driven nowcasts rise from $\sim$4 to $\si"
SI_ems.tex,45,True,aligned_Manama.csv:obs; aligned_pm10_369953.csv:cams; aligned_pm10_369961.csv:cams,"(b) MAE by forecast lead time: both CAMS products stay flat near $40$--$45$~\ugm{} across the 24-h horizon (they carry no recent-observation information), whereas the observation-driven nowcasts rise from $\sim$4 to $\si"
SI_ems.tex,21,True,aligned_pm10_369962.csv:obs; audit_v3.json.ablation.cams+hour_R0.mae_transfer.369966; audit_v3.json.ablation.cams+hour_R0.per_station.369974,"(b) MAE by forecast lead time: both CAMS products stay flat near $40$--$45$~\ugm{} across the 24-h horizon (they carry no recent-observation information), whereas the observation-driven nowcasts rise from $\sim$4 to $\si"
SI_ems.tex,20,True,aligned_Jeddah.csv:cams; aligned_pm10_369962.csv:resid; aligned_pm10_369963.csv:obs,"For \pmtf{} the five sites span four countries and both the Gulf and Red Sea coasts; Chronos-2 lowers MAE over the CAMS reanalysis at every one, by $20\%$ (Jeddah, Red Sea, the mildest site) to $54\%$ (Dhahran)."
SI_ems.tex,54,True,aligned_pm10_369962.csv:cams; aligned_pm10_369965.csv:cams; audit_v3.json.ablation.cams+doy_R0.d_z~pct,"For \pmtf{} the five sites span four countries and both the Gulf and Red Sea coasts; Chronos-2 lowers MAE over the CAMS reanalysis at every one, by $20\%$ (Jeddah, Red Sea, the mildest site) to $54\%$ (Dhahran)."
SI_ems.tex,30,True,aligned_pm10_369958.csv:obs; audit_v3.json.ablation.cams+doy_R100.binom_p~pct; audit_v3.json.ablation.cams+doy_R100.mae_transfer.369969,"tember--December) dust period: all \pmten{} origins fall between 1~September and 30~December 2023, and because dust is synoptic, the truly independent sampling units are not the 19 stations or the $\sim$80 distinct origi"
SI_ems.tex,80,True,aligned_pm10_369955.csv:cams; audit_v3.json.ablation.cams_R100.mae_transfer.369973; audit_v3.json.ablation.full_R0.mae_transfer.369965,"tember--December) dust period: all \pmten{} origins fall between 1~September and 30~December 2023, and because dust is synoptic, the truly independent sampling units are not the 19 stations or the $\sim$80 distinct origi"
SI_ems.tex,65,True,aligned_pm10_369967.csv:obs; audit_v3.json.ablation.full_R0.mae_transfer.369966; audit_v3.json.llto.full_R50.mae_transfer.369968,"tember--December) dust period: all \pmten{} origins fall between 1~September and 30~December 2023, and because dust is synoptic, the truly independent sampling units are not the 19 stations or the $\sim$80 distinct origi"
SI_ems.tex,18,True,aligned_pm10_369954.csv:obs; audit_v3.json.ablation.cams+doy_R0.n_src_mean; audit_v3.json.ablation.cams+doy_R0.n_src_min,"tember--December) dust period: all \pmten{} origins fall between 1~September and 30~December 2023, and because dust is synoptic, the truly independent sampling units are not the 19 stations or the $\sim$80 distinct origi"
SI_ems.tex,36,True,aligned_pm10_369966.csv:resid; audit_v3.json.ablation.cams+doy_R0.median_ci; audit_v3.json.ablation.cams+doy_R0.per_station.369971,"tember--December) dust period: all \pmten{} origins fall between 1~September and 30~December 2023, and because dust is synoptic, the truly independent sampling units are not the 19 stations or the $\sim$80 distinct origi"
SI_ems.tex,43.0,True,aligned_pm10_369954.csv:cams; aligned_pm10_369957.csv:cams; audit_v3.json.ablation.cams+doy_R0.mae_transfer.369963,"sampling at this coarser scale changes the per-model intervals (raw CAMS $43.0$, 95\% CI $[38.1, 47.7]$; Chronos-2 $13.3$, $[8.7, 17.8]$): because episode resampling holds the 19-station panel fixed, between-station vari"
SI_ems.tex,38.1,True,audit_v3.json.ablation.cams+doy_R0.mae_transfer.369967; audit_v3.json.llto.coordfree_R0.mae_transfer.369961; audit_v3.json.llto.coordfree_R100.mae_transfer.369953,"sampling at this coarser scale changes the per-model intervals (raw CAMS $43.0$, 95\% CI $[38.1, 47.7]$; Chronos-2 $13.3$, $[8.7, 17.8]$): because episode resampling holds the 19-station panel fixed, between-station vari"
SI_ems.tex,47.7,True,audit_v3.json.ablation.cams_R0.mae_transfer.369960; audit_v7.json.buffer_coordfree_R100.binom_p~pct; audit_v7.json.buffer_full_R0.per_station.369954.transfer,"sampling at this coarser scale changes the per-model intervals (raw CAMS $43.0$, 95\% CI $[38.1, 47.7]$; Chronos-2 $13.3$, $[8.7, 17.8]$): because episode resampling holds the 19-station panel fixed, between-station vari"
SI_ems.tex,13.3,True,aligned_pm10_369959.csv:cams; aligned_pm10_369968.csv:cams; aligned_pm10_369969.csv:cams,"sampling at this coarser scale changes the per-model intervals (raw CAMS $43.0$, 95\% CI $[38.1, 47.7]$; Chronos-2 $13.3$, $[8.7, 17.8]$): because episode resampling holds the 19-station panel fixed, between-station vari"
SI_ems.tex,8.7,True,audit_v3.json.llto.coordfree_R100.per_station.369968; audit_v3.json.llto.coordfree_R25.mean; audit_v3.json.source_boot.coordfree_R100.hi,"sampling at this coarser scale changes the per-model intervals (raw CAMS $43.0$, 95\% CI $[38.1, 47.7]$; Chronos-2 $13.3$, $[8.7, 17.8]$): because episode resampling holds the 19-station panel fixed, between-station vari"
SI_ems.tex,17.8,True,audit_v3.json.paired.space_only_R50.ci; audit_v3.json.space_only.coordfree_R25.per_station.369958; audit_v3.json.space_only.coordfree_R50.per_station.369958,"sampling at this coarser scale changes the per-model intervals (raw CAMS $43.0$, 95\% CI $[38.1, 47.7]$; Chronos-2 $13.3$, $[8.7, 17.8]$): because episode resampling holds the 19-station panel fixed, between-station vari"
SI_ems.tex,29.8,True,audit_v3.json.ablation.cams+doy_R100.per_station.369957; audit_v3.json.ablation.full_R100.per_station.369957; audit_v3.json.space_only.full_R100.per_station.369957,"The raw-CAMS$-$Chronos-2 pooled-MAE gap nonetheless remains $29.8$~\si{\micro\gram\per\cubic\metre} (95\% CI $28.7$--$31.5$) and excludes zero, because CAMS trails the nowcast by a similar margin in every episode (Table~"
SI_ems.tex,28.7,True,audit_v3.json.ablation.cams_R100.per_station.369966; audit_v3.json.bias_corr.space_only_coordfree_R25.spearman~pct; audit_v3.json.cell.coordfree_llto.per_station.369961,"The raw-CAMS$-$Chronos-2 pooled-MAE gap nonetheless remains $29.8$~\si{\micro\gram\per\cubic\metre} (95\% CI $28.7$--$31.5$) and excludes zero, because CAMS trails the nowcast by a similar margin in every episode (Table~"
SI_ems.tex,31.5,True,audit_v3.json.llto.coordfree_R100.mae_transfer.369955; audit_v3.json.llto.coordfree_R100.mae_transfer.369966; audit_v6.json.buffer_time_cell_coordfree_R100.per_station.369955.transfer,"The raw-CAMS$-$Chronos-2 pooled-MAE gap nonetheless remains $29.8$~\si{\micro\gram\per\cubic\metre} (95\% CI $28.7$--$31.5$) and excludes zero, because CAMS trails the nowcast by a similar margin in every episode (Table~"
SI_ems.tex,1.49,True,audit_v3.json.cell.coordfree_spaceonly.per_station.369969; audit_v3.json.space_only.coordfree_R25.per_station.369969; audit_v6.json.buffer_coordfree_R25.per_station.369969.delta~pct,The effect size ($d_z=1.49$) is nonetheless large enough that the sign is secure under episode-scale resampling.
SI_ems.tex,36,True,aligned_pm10_369966.csv:resid; audit_v3.json.ablation.cams+doy_R0.median_ci; audit_v3.json.ablation.cams+doy_R0.per_station.369971,"Episodes are defined operationally as maximal runs of forecast origins separated by no more than 36~h, which partitions the September--December 2023 record into 12 multi-day blocks; blocks, not origins, are the resamplin"
SI_ems.tex,80,True,aligned_pm10_369955.csv:cams; audit_v3.json.ablation.cams_R100.mae_transfer.369973; audit_v3.json.ablation.full_R0.mae_transfer.369965,"Because the CAMS grid is coarse ($0.75^\circ$, $\approx$80~km), point monitors within one cell share an identical CAMS value, so the spread of their observed means bounds the point-versus-cell representativeness error."
SI_ems.tex,8.4,True,audit_v3.json.llto.full_R100.pooled_ci; audit_v3.json.paired.space_only_R100.ci; audit_v4c.json.placebo_llto_R100.perm_median,"Table~S17 lists the six cells containing two or more \pmten{} monitors: the within-cell station standard deviation has median $8.4$~\ugm{} but reaches $\sim40$~\ugm{} in the two strong-gradient urban dust cells, so repre"
SI_ems.tex,-121,True,audit_v7_qc3.json.buffer_coordfree_R100.per_station.369953.delta~pct; audit_v7_qc3.json.buffer_full_R100.delta_pooled_ci_cell~pct; audit_v7_qc3.json.buffer_time_cell_full_R50.per_station.369968.delta~pct,", $-121$~\ugm{} at Al~Mafraq) is genuine sub-grid sampling mismatch rather than an emission deficiency, and we therefore report the network-mean bias rather than the extreme."
SI_ems.tex,68,True,aligned_pm10_369960.csv:obs; audit_v3.json.space_only.full_R50.mae_transfer.369969; audit_v6.json.buffer_full_R50.per_station.369969.transfer,"The key control against a representativeness artefact is not this bound but the direct test in Table~S18: restricting to the nine best-represented stations (those with $|\text{CAMS bias}|\leq15$~\ugm), where sampling mis"
SI_ems.tex,69,True,aligned_pm10_369955.csv:cams; aligned_pm10_369955.csv:obs; aligned_pm10_369962.csv:obs,"The key control against a representativeness artefact is not this bound but the direct test in Table~S18: restricting to the nine best-represented stations (those with $|\text{CAMS bias}|\leq15$~\ugm), where sampling mis"
SI_ems.tex,8.4,True,audit_v3.json.llto.full_R100.pooled_ci; audit_v3.json.paired.space_only_R100.ci; audit_v4c.json.placebo_llto_R100.perm_median,"The spread is concentration-dependent: the median within-cell standard deviation is $8.4$~\ugm{} but reaches $37.5$--$43.0$~\ugm{} in the two high-dust urban cells (within-cell ranges of 69 and 86~\ugm), so representativ"
SI_ems.tex,37.5,True,audit_v3.json.ablation.cams+doy_R0.mae_transfer.369957; audit_v3.json.ablation.cams+hour_R0.per_station.369963; audit_v3.json.cell.coordfree_spaceonly.per_station.369954,"The spread is concentration-dependent: the median within-cell standard deviation is $8.4$~\ugm{} but reaches $37.5$--$43.0$~\ugm{} in the two high-dust urban cells (within-cell ranges of 69 and 86~\ugm), so representativ"
SI_ems.tex,43.0,True,aligned_pm10_369954.csv:cams; aligned_pm10_369957.csv:cams; audit_v3.json.ablation.cams+doy_R0.mae_transfer.369963,"The spread is concentration-dependent: the median within-cell standard deviation is $8.4$~\ugm{} but reaches $37.5$--$43.0$~\ugm{} in the two high-dust urban cells (within-cell ranges of 69 and 86~\ugm), so representativ"
SI_ems.tex,69,True,aligned_pm10_369955.csv:cams; aligned_pm10_369955.csv:obs; aligned_pm10_369962.csv:obs,"The spread is concentration-dependent: the median within-cell standard deviation is $8.4$~\ugm{} but reaches $37.5$--$43.0$~\ugm{} in the two high-dust urban cells (within-cell ranges of 69 and 86~\ugm), so representativ"
SI_ems.tex,86,True,audit_v7_qc3.json.buffer_full_R0.per_station.369965.transfer; audit_v7_qc3.json.buffer_full_R25.per_station.369965.transfer; audit_v7_qc3.json.buffer_time_cell_coordfree_R0.per_station.369973.transfer,"The spread is concentration-dependent: the median within-cell standard deviation is $8.4$~\ugm{} but reaches $37.5$--$43.0$~\ugm{} in the two high-dust urban cells (within-cell ranges of 69 and 86~\ugm), so representativ"
SI_ems.tex,6.1,True,audit_v4c.json.placebo_llto_R100.perm_median; audit_v7_qc6_guard3.json.buffer_time_full_R25.delta_pooled~pct; loso_v2_stability.json.full_R0.seeds.mean,"} Benchmark MAE (\si{\micro\gram\per\cubic\metre}) split by CAMS representativeness: the nine stations with small CAMS bias ($|\text{bias}|\leq15$~\ugm, mean $|\text{bias}|$ $6.1$~\ugm; least affected by sub-grid siting)"
SI_ems.tex,68,True,aligned_pm10_369960.csv:obs; audit_v3.json.space_only.full_R50.mae_transfer.369969; audit_v6.json.buffer_full_R50.per_station.369969.transfer,"The Chronos-2 reduction over raw CAMS is essentially identical in both subsets ($68\%$ vs $70\%$) and matches the full-network value ($69\%$), so the observation-driven advantage is not driven by point-versus-cell repres"
SI_ems.tex,70,True,audit_v3.json.llto.full_R100.mae_transfer.369958; audit_v5.json.nndm.R50.sample_to_prediction_iqr; audit_v6.json.buffer_time_cell_full_R100.per_station.369958.transfer,"The Chronos-2 reduction over raw CAMS is essentially identical in both subsets ($68\%$ vs $70\%$) and matches the full-network value ($69\%$), so the observation-driven advantage is not driven by point-versus-cell repres"
SI_ems.tex,69,True,aligned_pm10_369955.csv:cams; aligned_pm10_369955.csv:obs; aligned_pm10_369962.csv:obs,"The Chronos-2 reduction over raw CAMS is essentially identical in both subsets ($68\%$ vs $70\%$) and matches the full-network value ($69\%$), so the observation-driven advantage is not driven by point-versus-cell repres"
SI_ems.tex,90,True,aligned_pm10_369963.csv:obs; aligned_pm10_369966.csv:obs; audit_v7_qc3.json.buffer_full_R0.per_station.369974.transfer,"F modelling system or to its $0.75^\circ$ resolution, we repeated the \pmten{} comparison against NASA MERRA-2 (M2T1NXAER hourly aerosol surface diagnostics, $0.5^\circ\times0.625^\circ$; GEOS/GOCART, an independent mode"
SI_ems.tex,20,True,aligned_Jeddah.csv:cams; aligned_pm10_369962.csv:resid; aligned_pm10_369963.csv:obs,"The M2T1NXAER surface collection resolves dust only as a total field (to $\sim$20~$\mu$m diameter) and a PM$_{2.5}$-mode field, with no direct sub-$10~\mu$m (PM$_{10}$) dust diagnostic, so a single MERRA-2 \pmten{} is am"
SI_ems.tex,1.4,True,aligned_pm10_369959.csv:resid; audit_v3.json.ablation.full_R0.d_z_ci; audit_v3.json.cell.coordfree_llto.d_z_ci,"The total-dust scenario uses $\text{DUSMASS}+\text{SSSMASS}+\text{BCSMASS}+1.4\,\text{OCSMASS}+1.375\,\text{SO4SMASS}$ ($\times10^{9}$ to \si{\micro\gram\per\cubic\metre}); because total dust includes coarse particles be"
SI_ems.tex,1.375,True,placebo_v7.json.R100.perm_median~pct,"The total-dust scenario uses $\text{DUSMASS}+\text{SSSMASS}+\text{BCSMASS}+1.4\,\text{OCSMASS}+1.375\,\text{SO4SMASS}$ ($\times10^{9}$ to \si{\micro\gram\per\cubic\metre}); because total dust includes coarse particles be"
SI_ems.tex,127,False,,"The total-dust scenario uses $\text{DUSMASS}+\text{SSSMASS}+\text{BCSMASS}+1.4\,\text{OCSMASS}+1.375\,\text{SO4SMASS}$ ($\times10^{9}$ to \si{\micro\gram\per\cubic\metre}); because total dust includes coarse particles be"
SI_ems.tex,-35,True,audit_v3.json.ablation.cams_R0.per_station.369965; audit_v7_qc3.json.buffer_time_cell_full_R50.delta_pooled_ci_cell~pct; loso_v2_stability.json.full_R100.seeds.pooled,"The PM$_{2.5}$-mode scenario replaces total dust and sea salt with their PM$_{2.5}$-mode diagnostics ($\text{DUSMASS25}$, $\text{SSSMASS25}$); by omitting the $2.5$--$10~\mu$m coarse dust that belongs to \pmten{}, it und"
SI_ems.tex,9872,False,,"On the same $9{,}872$ matched forecast points, bias-corrected MERRA-2 \pmten{} MAE spans $25.9$ (PM$_{2.5}$-mode scenario) to $101$~\ugm{} (total-dust scenario)."
SI_ems.tex,25.9,True,audit_v3.json.ablation.full_R0.pooled_ci; audit_v3.json.llto.coordfree_R25.per_station.369966; audit_v5.json.learners.gbm_d2_coordfree_R0.per_station.369963,"On the same $9{,}872$ matched forecast points, bias-corrected MERRA-2 \pmten{} MAE spans $25.9$ (PM$_{2.5}$-mode scenario) to $101$~\ugm{} (total-dust scenario)."
SI_ems.tex,101,True,audit_v7.json.buffer_full_R25.per_station.369974.transfer; audit_v7.json.buffer_full_R50.per_station.369974.transfer; audit_v7_qc6.json.buffer_full_R25.per_station.369974.transfer,"On the same $9{,}872$ matched forecast points, bias-corrected MERRA-2 \pmten{} MAE spans $25.9$ (PM$_{2.5}$-mode scenario) to $101$~\ugm{} (total-dust scenario)."
SI_ems.tex,1.95,True,loso_v2_primary.json.primary.coordfree_R0.d_z_ci; loso_v2_stability.json.full_R0.median_sd; si_S16_S17_S18.json.S17.cells.rng~delta,The relevant robustness point is instead conservative: even the most favourable reconstruction scenario remains about $1.95\times$ the observation-driven nowcast error ($25.9$ vs.
SI_ems.tex,25.9,True,audit_v3.json.ablation.full_R0.pooled_ci; audit_v3.json.llto.coordfree_R25.per_station.369966; audit_v5.json.learners.gbm_d2_coordfree_R0.per_station.369963,The relevant robustness point is instead conservative: even the most favourable reconstruction scenario remains about $1.95\times$ the observation-driven nowcast error ($25.9$ vs.
SI_ems.tex,13.3,True,aligned_pm10_369959.csv:cams; aligned_pm10_369968.csv:cams; aligned_pm10_369969.csv:cams,\ $13.3$~\ugm) and only modestly better than bias-corrected CAMS ($30.3$~\ugm; Table~S19).
SI_ems.tex,30.3,True,audit_v3.json.ablation.cams+doy_R100.mae_transfer.369969; audit_v7_qc3.json.buffer_coordfree_R0.delta_median~pct; audit_v7_qc3.json.buffer_coordfree_R0.per_station.369968.delta~pct,\ $13.3$~\ugm) and only modestly better than bias-corrected CAMS ($30.3$~\ugm; Table~S19).
SI_ems.tex,9872,False,,"} MAE (\si{\micro\gram\per\cubic\metre}) with station cluster-bootstrap 95\% intervals and mean bias, on the same $9{,}872$ matched \pmten{} forecast points (48 of the $9{,}920$ benchmark points lack a MERRA-2 value with"
SI_ems.tex,48,True,aligned_pm10_369966.csv:cams; audit_v3.json.ablation.cams+hour_R0.per_station.369966; audit_v3.json.ablation.cams+hour_R100.mae_transfer.369954,"} MAE (\si{\micro\gram\per\cubic\metre}) with station cluster-bootstrap 95\% intervals and mean bias, on the same $9{,}872$ matched \pmten{} forecast points (48 of the $9{,}920$ benchmark points lack a MERRA-2 value with"
SI_ems.tex,9920,True,tables_s12_s13.json.s13.n; tables_s12_s13_full.json.s13.n; tables_s12_s13_full2.json.s13.n,"} MAE (\si{\micro\gram\per\cubic\metre}) with station cluster-bootstrap 95\% intervals and mean bias, on the same $9{,}872$ matched \pmten{} forecast points (48 of the $9{,}920$ benchmark points lack a MERRA-2 value with"
SI_ems.tex,90,True,aligned_pm10_369963.csv:obs; aligned_pm10_369966.csv:obs; audit_v7_qc3.json.buffer_full_R0.per_station.369974.transfer,"} MAE (\si{\micro\gram\per\cubic\metre}) with station cluster-bootstrap 95\% intervals and mean bias, on the same $9{,}872$ matched \pmten{} forecast points (48 of the $9{,}920$ benchmark points lack a MERRA-2 value with"
SI_ems.tex,1.95,True,loso_v2_primary.json.primary.coordfree_R0.d_z_ci; loso_v2_stability.json.full_R0.median_sd; si_S16_S17_S18.json.S17.cells.rng~delta,"The resulting MAE span is not a strict mathematical bound, but even the most favourable bias-corrected scenario is about $1.95\times$ the observation-driven nowcast and only modestly better than bias-corrected CAMS."
SI_ems.tex,300,False,,"teps use fixed, recorded seeds (0 unless stated): the gradient-boosting transfer (\texttt{HistGradientBoostingRegressor}, 300 iterations, learning rate 0.05, max depth 6) and every bootstrap within a given table-generati"
SI_ems.tex,120,True,audit_v7_qc3.json.buffer_full_R100.per_station.369960.transfer; resid_acf.json._meta.lags_hours,"Rolling origins are equally spaced (up to 120 per station, stride 6 steps)."
SI_ems.tex,90,True,aligned_pm10_369963.csv:obs; aligned_pm10_369966.csv:obs; audit_v7_qc3.json.buffer_full_R0.per_station.369974.transfer,MERRA-2 M2T1NXAER (collection 5.12.4) hourly surface aerosol diagnostics were retrieved from NASA GES DISC and reconstructed to surface \pmten{} as described above; the nearest grid cell and nearest hour (within 90~min) 
SI_ems.tex,3.5,True,audit_v3.json.space_only.full_R25.pooled; audit_v5.json.aoa.coordfree_R0.per_station.369955.threshold; audit_v5.json.aoa.coordfree_R0.per_station.369971.threshold,"The coordinate-bearing specification is $3.5$ times the more variable at zero buffer and $4.6$ times at 100~km, in the same direction as every other diagnostic in the audit: which stations happen to be available matters "
SI_ems.tex,4.6,True,audit_v3.json.ablation.cams_R0.per_station.369971; audit_v5.json.aoa.full_R100.per_station.369958.di_median; audit_v5.json.learners.ridge_full_R0.per_station.369955,"The coordinate-bearing specification is $3.5$ times the more variable at zero buffer and $4.6$ times at 100~km, in the same direction as every other diagnostic in the audit: which stations happen to be available matters "
SI_ems.tex,0.023,True,audit_v3.json.bias_corr.space_only_coordfree_R100.spearman_p; audit_v3.json.llto.coordfree_R50.pooled_ci~delta; audit_v3.json.paired.space_only_R50.ci~delta,"The rank correlation rises with radius and is largest at the radius that corresponds to an unmonitored site, but only the spatial-only $R=100$~km cell survives Benjamini--Hochberg correction across the sixteen cells of t"
SI_ems.tex,0.12,True,audit_v3.json.ablation.cams+doy_R0.pooled_ci~delta; audit_v3.json.ablation.cams+doy_R100.wilcoxon_p; audit_v3.json.ablation.cams_R0.pooled~delta,"The rank correlation rises with radius and is largest at the radius that corresponds to an unmonitored site, but only the spatial-only $R=100$~km cell survives Benjamini--Hochberg correction across the sixteen cells of t"
SI_ems.tex,46,True,audit_v3.json.ablation.cams+doy_R100.mae_transfer.369953; audit_v3.json.ablation.full_R0.mae_transfer.369958; audit_v3.json.ablation.full_R0.mae_transfer.369961,"} \emph{Upper block}, leave-one-grid-cell-out: every source sharing the target's $0.75^\circ$ CAMS cell is withheld, removing the identical-covariate path created by grid sampling (16 of 19 stations share a cell with at "
SI_ems.tex,0.010,True,audit_v3.json.ablation.cams+doy_R0.d_z~delta; audit_v3.json.ablation.cams+doy_R0.wilcoxon_p; audit_v3.json.ablation.cams+doy_R100.d_z_ci~delta,"Ninety-nine permutations are run at each radius, so the smallest attainable one-sided $p$ is $0.010$; an earlier version used 30 draws, at which $0.032$ was the floor and neither result could be resolved below $0.05$."
SI_ems.tex,30,True,aligned_pm10_369958.csv:obs; audit_v3.json.ablation.cams+doy_R100.binom_p~pct; audit_v3.json.ablation.cams+doy_R100.mae_transfer.369969,"Ninety-nine permutations are run at each radius, so the smallest attainable one-sided $p$ is $0.010$; an earlier version used 30 draws, at which $0.032$ was the floor and neither result could be resolved below $0.05$."
SI_ems.tex,0.032,True,audit_v3.json.ablation.cams_R100.per_station.369973~delta; audit_v3.json.bh.llto_coordfree_R100.wilcoxon_p; audit_v3.json.bh.space_only_coordfree_R25.wilcoxon_p,"Ninety-nine permutations are run at each radius, so the smallest attainable one-sided $p$ is $0.010$; an earlier version used 30 draws, at which $0.032$ was the floor and neither result could be resolved below $0.05$."
SI_ems.tex,89,True,audit_v3.json.ablation.full_R0.mae_transfer.369974; audit_v3.json.space_only.full_R0.mae_transfer.369974; audit_v6.json.buffer_full_R0.per_station.369974.transfer,"At $R=100$~km the true assignment sits at the 10th percentile and 89 of 99 geographically wrong assignments beat it, because the target lies outside the region its surviving sources span and the learner extrapolates alon"
SI_ems.tex,99,True,aligned_pm10_369965.csv:resid; fig3_percentile.csv:plo; placebo_v7.json.R0.n_perm,"At $R=100$~km the true assignment sits at the 10th percentile and 89 of 99 geographically wrong assignments beat it, because the target lies outside the region its surviving sources span and the learner extrapolates alon"
SI_ems.tex,0.11,True,audit_v3.json.ablation.cams+doy_R0.per_station.369973~delta; audit_v3.json.ablation.cams+doy_R100.pooled~delta; audit_v3.json.ablation.cams+hour_R100.per_station.369974~delta,"At $R=100$~km the true assignment sits at the 10th percentile and 89 of 99 geographically wrong assignments beat it, because the target lies outside the region its surviving sources span and the learner extrapolates alon"
SI_ems.tex,0.21,True,audit_v3.json.ablation.cams+doy_R0.n_targets~delta; audit_v3.json.ablation.cams+doy_R100.n_targets~delta; audit_v3.json.ablation.cams+hour_R0.n_targets~delta,"At $R=100$~km the true assignment sits at the 10th percentile and 89 of 99 geographically wrong assignments beat it, because the target lies outside the region its surviving sources span and the learner extrapolates alon"
SI_ems.tex,200,True,audit_v4_heavy.json.placebo_space_only.n_perm,"The earlier buffer-only placebo at $R=0$ (200 draws) is not carried forward, because it was computed under the pipeline this paper rejects --- a three-day guard, calendar blocks and no flat-line control --- and mixing it"
SI_ems.tex,90.2,True,aligned_pm10_369966.csv:obs,"24-h means, 90.2\%), so an always-alarm rule would already reach CSI 0.90. Against that high-base-rate reference, raw CAMS detects about seven in ten 24-h exceedance windows (POD $0.72$, 95\% CI $0.61$--$0.83$; CSI $0.68"
SI_ems.tex,0.72,True,audit_v6.json.buffer_time_cell_coordfree_R0.per_station.369973.delta~pct; audit_v6.json.buffer_time_cell_coordfree_R25.per_station.369973.delta~pct; audit_v6.json.buffer_time_cell_coordfree_R50.per_station.369973.delta~pct,"24-h means, 90.2\%), so an always-alarm rule would already reach CSI 0.90. Against that high-base-rate reference, raw CAMS detects about seven in ten 24-h exceedance windows (POD $0.72$, 95\% CI $0.61$--$0.83$; CSI $0.68"
SI_ems.tex,0.61,True,audit_v3.json.llto.coordfree_R0.mae_transfer.369957~delta; audit_v3.json.llto.coordfree_R50.mae_transfer.369957~delta; audit_v3.json.llto.full_R0.mae_transfer.369963~delta,"24-h means, 90.2\%), so an always-alarm rule would already reach CSI 0.90. Against that high-base-rate reference, raw CAMS detects about seven in ten 24-h exceedance windows (POD $0.72$, 95\% CI $0.61$--$0.83$; CSI $0.68"
SI_ems.tex,0.83,True,audit_v3.json.llto.full_R0.mae_transfer.369958~delta; audit_v3.json.paired.llto_R0.wilcoxon_p; audit_v5.json.aoa.full_R0.median_DI,"24-h means, 90.2\%), so an always-alarm rule would already reach CSI 0.90. Against that high-base-rate reference, raw CAMS detects about seven in ten 24-h exceedance windows (POD $0.72$, 95\% CI $0.61$--$0.83$; CSI $0.68"
SI_ems.tex,0.68,True,audit_v3.json.bias_corr.space_only_full_R100.spearman; audit_v3.json.llto.coordfree_R50.mae_transfer.369954~delta; audit_v3.json.llto.full_R100.mae_transfer.369957~delta,"24-h means, 90.2\%), so an always-alarm rule would already reach CSI 0.90. Against that high-base-rate reference, raw CAMS detects about seven in ten 24-h exceedance windows (POD $0.72$, 95\% CI $0.61$--$0.83$; CSI $0.68"
SI_ems.tex,0.97,True,audit_v6.json.buffer_time_full_R0.d_z; audit_v7.json.buffer_coordfree_R0.per_station.369954.raw~delta; audit_v7.json.buffer_coordfree_R100.per_station.369954.raw~delta,"24-h means, 90.2\%), so an always-alarm rule would already reach CSI 0.90. Against that high-base-rate reference, raw CAMS detects about seven in ten 24-h exceedance windows (POD $0.72$, 95\% CI $0.61$--$0.83$; CSI $0.68"
SI_ems.tex,0.95,True,audit_v3.json.cell.coordfree_llto.mae_transfer.369958~delta; audit_v3.json.llto.full_R100.mae_transfer.369972~delta; audit_v4c.json.placebo_llto_R100.perm_pooled,"24-h means, 90.2\%), so an always-alarm rule would already reach CSI 0.90. Against that high-base-rate reference, raw CAMS detects about seven in ten 24-h exceedance windows (POD $0.72$, 95\% CI $0.61$--$0.83$; CSI $0.68"
SI_ems.tex,0.99,True,audit_v3.json.ablation.full_R100.mae_transfer.369958~delta; audit_v3.json.space_only.full_R100.mae_transfer.369958~delta; audit_v4_heavy.json.srcboot_coordfree_R100.mn,"24-h means, 90.2\%), so an always-alarm rule would already reach CSI 0.90. Against that high-base-rate reference, raw CAMS detects about seven in ten 24-h exceedance windows (POD $0.72$, 95\% CI $0.61$--$0.83$; CSI $0.68"
SI_ems.tex,0.06,True,audit_v3.json.ablation.coordfree_R0.per_station.369955~delta; audit_v3.json.bh.llto_full_R50.wilcoxon_bh; audit_v3.json.bh.space_only_coordfree_R50.binom_p,"s every method, so we also report chance-corrected scores computed from the same contingency tables: the equitable threat score is $0.06$ for raw CAMS (essentially no skill beyond chance despite a CSI of $0.68$) against "
SI_ems.tex,0.68,True,audit_v3.json.bias_corr.space_only_full_R100.spearman; audit_v3.json.llto.coordfree_R50.mae_transfer.369954~delta; audit_v3.json.llto.full_R100.mae_transfer.369957~delta,"s every method, so we also report chance-corrected scores computed from the same contingency tables: the equitable threat score is $0.06$ for raw CAMS (essentially no skill beyond chance despite a CSI of $0.68$) against "
SI_ems.tex,0.53,True,audit_v3.json.bias_corr.llto_full_R100.spearman; audit_v3.json.cell.full_llto.mae_transfer.369971~delta; audit_v3.json.llto.coordfree_R0.mae_transfer.369954~delta,"s every method, so we also report chance-corrected scores computed from the same contingency tables: the equitable threat score is $0.06$ for raw CAMS (essentially no skill beyond chance despite a CSI of $0.68$) against "
SI_ems.tex,0.56,True,audit_v3.json.ablation.cams+doy_R0.mae_transfer.369963~delta; audit_v3.json.ablation.cams+hour_R0.mae_transfer.369957~delta; audit_v3.json.ablation.cams+hour_R100.mae_transfer.369953~delta,"s every method, so we also report chance-corrected scores computed from the same contingency tables: the equitable threat score is $0.06$ for raw CAMS (essentially no skill beyond chance despite a CSI of $0.68$) against "
SI_ems.tex,0.45,True,audit_v3.json.ablation.cams+hour_R0.mae_transfer.369955~delta; audit_v3.json.ablation.cams+hour_R0.per_station.369961~delta; audit_v3.json.ablation.coordfree_R100.per_station.369966~delta,"s every method, so we also report chance-corrected scores computed from the same contingency tables: the equitable threat score is $0.06$ for raw CAMS (essentially no skill beyond chance despite a CSI of $0.68$) against "
SI_ems.tex,0.54,True,audit_v3.json.ablation.cams+doy_R0.mae_transfer.369954~delta; audit_v3.json.ablation.cams+doy_R100.mae_transfer.369967~delta; audit_v3.json.ablation.cams+hour_R100.mae_transfer.369959~delta,"s every method, so we also report chance-corrected scores computed from the same contingency tables: the equitable threat score is $0.06$ for raw CAMS (essentially no skill beyond chance despite a CSI of $0.68$) against "
SI_ems.tex,0.27,True,audit_v3.json.ablation.cams+doy_R0.d_z_ci; audit_v3.json.ablation.cams+doy_R100.per_station.369963~delta; audit_v3.json.ablation.cams+hour_R100.per_station.369963~delta,"s every method, so we also report chance-corrected scores computed from the same contingency tables: the equitable threat score is $0.06$ for raw CAMS (essentially no skill beyond chance despite a CSI of $0.68$) against "
SI_ems.tex,0.06,True,audit_v3.json.ablation.coordfree_R0.per_station.369955~delta; audit_v3.json.bh.llto_full_R50.wilcoxon_bh; audit_v3.json.bh.space_only_coordfree_R50.binom_p,"dust tier ($\geq150$~\ugm, 3-h), raw CAMS detects only $6\%$ of episodes (POD $0.06$, $0.03$--$0.12$), reflecting its systematic dust under-prediction, while a recent-observation nowcast recovers roughly two-thirds (foun"
SI_ems.tex,0.03,True,audit_v3.json.ablation.cams+hour_R0.mean~delta; audit_v3.json.ablation.cams_R0.mean~delta; audit_v3.json.ablation.cams_R100.per_station.369973~delta,"dust tier ($\geq150$~\ugm, 3-h), raw CAMS detects only $6\%$ of episodes (POD $0.06$, $0.03$--$0.12$), reflecting its systematic dust under-prediction, while a recent-observation nowcast recovers roughly two-thirds (foun"
SI_ems.tex,0.12,True,audit_v3.json.ablation.cams+doy_R0.pooled_ci~delta; audit_v3.json.ablation.cams+doy_R100.wilcoxon_p; audit_v3.json.ablation.cams_R0.pooled~delta,"dust tier ($\geq150$~\ugm, 3-h), raw CAMS detects only $6\%$ of episodes (POD $0.06$, $0.03$--$0.12$), reflecting its systematic dust under-prediction, while a recent-observation nowcast recovers roughly two-thirds (foun"
SI_ems.tex,0.67,True,audit_v3.json.ablation.cams+hour_R100.mae_transfer.369968~delta; audit_v3.json.ablation.full_R0.mae_transfer.369960~delta; audit_v3.json.cell.coordfree_llto.d_z,"dust tier ($\geq150$~\ugm, 3-h), raw CAMS detects only $6\%$ of episodes (POD $0.06$, $0.03$--$0.12$), reflecting its systematic dust under-prediction, while a recent-observation nowcast recovers roughly two-thirds (foun"
SI_ems.tex,0.49,True,audit_v3.json.ablation.cams+doy_R100.per_station.369960~delta; audit_v3.json.ablation.cams+hour_R0.mae_transfer.369953~delta; audit_v3.json.ablation.cams+hour_R0.mae_transfer.369954~delta,"dust tier ($\geq150$~\ugm, 3-h), raw CAMS detects only $6\%$ of episodes (POD $0.06$, $0.03$--$0.12$), reflecting its systematic dust under-prediction, while a recent-observation nowcast recovers roughly two-thirds (foun"
SI_ems.tex,0.76,True,audit_v3.json.ablation.cams+doy_R0.mae_transfer.369958~delta; audit_v3.json.ablation.coordfree_R0.d_z; audit_v3.json.llto.full_R100.mae_transfer.369954~delta,"dust tier ($\geq150$~\ugm, 3-h), raw CAMS detects only $6\%$ of episodes (POD $0.06$, $0.03$--$0.12$), reflecting its systematic dust under-prediction, while a recent-observation nowcast recovers roughly two-thirds (foun"
SI_ems.tex,0.68,True,audit_v3.json.bias_corr.space_only_full_R100.spearman; audit_v3.json.llto.coordfree_R50.mae_transfer.369954~delta; audit_v3.json.llto.full_R100.mae_transfer.369957~delta,"dust tier ($\geq150$~\ugm, 3-h), raw CAMS detects only $6\%$ of episodes (POD $0.06$, $0.03$--$0.12$), reflecting its systematic dust under-prediction, while a recent-observation nowcast recovers roughly two-thirds (foun"
SI_ems.tex,0.80,True,aligned_pm10_369972.csv:resid; audit_v3.json.ablation.cams+doy_R0.d_z; audit_v3.json.ablation.cams+doy_R0.mae_transfer.369958~delta,"le~S12); and no method reliably flags rare, sharp severe-\pmtf{} spikes ($\geq75$~\ugm, 3-h; CSI $\leq0.21$ for all), a limit of short-horizon autoregressive prediction for rare sharp \pmtf{} spikes, whose composition (f"
SI_ems.tex,00,True,aligned_Dhahran.csv:cams; aligned_Doha.csv:cams; aligned_Doha.csv:obs,"First, to test whether using EAC4 rather than a real-time product drives the result, we repeated the \pmten{} benchmark with the archived CAMS operational forecast (initialised 00/12~UTC), sampled at each origin from the"
SI_ems.tex,41.6,True,audit_v6.json.buffer_full_R0.per_station.369963.transfer; audit_v7_qc3.json.buffer_coordfree_R0.per_station.369967.transfer; audit_v7_qc3.json.buffer_coordfree_R100.per_station.369957.transfer,"The operational forecast is statistically indistinguishable from the reanalysis (MAE $41.6$~\ugm, 95\% CI $34.6$--$50.8$, vs."
SI_ems.tex,34.6,True,audit_v3.json.ablation.cams_R0.mae_transfer.369961; audit_v3.json.llto.coordfree_R0.per_station.369954; audit_v5.json.learners.gbm_d6_coordfree_R0.per_station.369954,"The operational forecast is statistically indistinguishable from the reanalysis (MAE $41.6$~\ugm, 95\% CI $34.6$--$50.8$, vs."
SI_ems.tex,50.8,True,audit_v3.json.cell.coordfree_llto.per_station.369973~pct; audit_v3.json.llto.coordfree_R50.per_station.369973~pct; audit_v5.json.aoa.full_R0.per_station.369963.di_median~pct,"The operational forecast is statistically indistinguishable from the reanalysis (MAE $41.6$~\ugm, 95\% CI $34.6$--$50.8$, vs."
SI_ems.tex,43.0,True,aligned_pm10_369954.csv:cams; aligned_pm10_369957.csv:cams; audit_v3.json.ablation.cams+doy_R0.mae_transfer.369963,"\ $43.0$, $33.5$--$54.9$) and, like it, roughly three times the observation-driven nowcast error ($13.0$--$13.3$); both CAMS products stay flat near $40$--$45$~\ugm{} across the 24-h horizon while the observation-driven "
SI_ems.tex,33.5,True,audit_v3.json.ablation.cams+hour_R100.mae_transfer.369965; audit_v3.json.paired.llto_R100.d_z~pct; audit_v7_qc3.json.buffer_time_cell_full_R0.per_station.369959.transfer,"\ $43.0$, $33.5$--$54.9$) and, like it, roughly three times the observation-driven nowcast error ($13.0$--$13.3$); both CAMS products stay flat near $40$--$45$~\ugm{} across the 24-h horizon while the observation-driven "
SI_ems.tex,54.9,True,audit_v7.json.buffer_coordfree_R0.per_station.369961.raw; audit_v7.json.buffer_coordfree_R100.per_station.369961.raw; audit_v7.json.buffer_coordfree_R25.per_station.369961.raw,"\ $43.0$, $33.5$--$54.9$) and, like it, roughly three times the observation-driven nowcast error ($13.0$--$13.3$); both CAMS products stay flat near $40$--$45$~\ugm{} across the 24-h horizon while the observation-driven "
SI_ems.tex,13.0,True,aligned_pm10_369959.csv:cams; aligned_pm10_369960.csv:cams; aligned_pm10_369968.csv:cams,"\ $43.0$, $33.5$--$54.9$) and, like it, roughly three times the observation-driven nowcast error ($13.0$--$13.3$); both CAMS products stay flat near $40$--$45$~\ugm{} across the 24-h horizon while the observation-driven "
SI_ems.tex,13.3,True,aligned_pm10_369959.csv:cams; aligned_pm10_369968.csv:cams; aligned_pm10_369969.csv:cams,"\ $43.0$, $33.5$--$54.9$) and, like it, roughly three times the observation-driven nowcast error ($13.0$--$13.3$); both CAMS products stay flat near $40$--$45$~\ugm{} across the 24-h horizon while the observation-driven "
SI_ems.tex,40,True,audit_v3.json.ablation.cams+doy_R0.per_station.369960; audit_v3.json.ablation.cams+doy_R0.per_station.369961; audit_v3.json.ablation.cams+hour_R100.mae_transfer.369967,"\ $43.0$, $33.5$--$54.9$) and, like it, roughly three times the observation-driven nowcast error ($13.0$--$13.3$); both CAMS products stay flat near $40$--$45$~\ugm{} across the 24-h horizon while the observation-driven "
SI_ems.tex,45,True,aligned_Manama.csv:obs; aligned_pm10_369953.csv:cams; aligned_pm10_369961.csv:cams,"\ $43.0$, $33.5$--$54.9$) and, like it, roughly three times the observation-driven nowcast error ($13.0$--$13.3$); both CAMS products stay flat near $40$--$45$~\ugm{} across the 24-h horizon while the observation-driven "
SI_ems.tex,21,True,aligned_pm10_369962.csv:obs; audit_v3.json.ablation.cams+hour_R0.mae_transfer.369966; audit_v3.json.ablation.cams+hour_R0.per_station.369974,"\ $43.0$, $33.5$--$54.9$) and, like it, roughly three times the observation-driven nowcast error ($13.0$--$13.3$); both CAMS products stay flat near $40$--$45$~\ugm{} across the 24-h horizon while the observation-driven "
SI_ems.tex,0.92,True,audit_v3.json.llto.coordfree_R0.mae_transfer.369958~delta; audit_v6.json.buffer_time_cell_full_R0.d_z; audit_v6.json.buffer_time_coordfree_R0.per_station.369958.transfer~delta,On WHO 24-h mean detection the operational forecast flags more exceedances than the reanalysis (POD $0.92$ vs.
SI_ems.tex,0.72,True,audit_v6.json.buffer_time_cell_coordfree_R0.per_station.369973.delta~pct; audit_v6.json.buffer_time_cell_coordfree_R25.per_station.369973.delta~pct; audit_v6.json.buffer_time_cell_coordfree_R50.per_station.369973.delta~pct,"\ $0.72$) but only by over-forecasting dust, so its balanced skill remains below the observation-driven nowcasts (CSI $0.86$ vs."
SI_ems.tex,0.86,True,audit_v3.json.ablation.cams_R100.wilcoxon_p; audit_v7_qc3.json.bh_paired.buffer_R0; audit_v7_qc3.json.bh_paired.buffer_time_cell_R0,"\ $0.72$) but only by over-forecasting dust, so its balanced skill remains below the observation-driven nowcasts (CSI $0.86$ vs."
SI_ems.tex,0.94,True,audit_v3.json.ablation.cams+doy_R0.wilcoxon_p~pct; audit_v3.json.ablation.coordfree_R0.wilcoxon_p~pct; audit_v3.json.bh.space_only_coordfree_R0.wilcoxon_p~pct,\ $0.94$--$0.95$).
SI_ems.tex,0.95,True,audit_v3.json.cell.coordfree_llto.mae_transfer.369958~delta; audit_v3.json.llto.full_R100.mae_transfer.369972~delta; audit_v4c.json.placebo_llto_R100.perm_pooled,\ $0.94$--$0.95$).
SI_ems.tex,0.86,True,audit_v3.json.ablation.cams_R100.wilcoxon_p; audit_v7_qc3.json.bh_paired.buffer_R0; audit_v7_qc3.json.bh_paired.buffer_time_cell_R0,"The choice of CAMS product therefore does not change the regime map: the two CAMS products are indistinguishable on error, and although the operational forecast scores higher on 24-h detection than the reanalysis (CSI $0"
SI_ems.tex,0.68,True,audit_v3.json.bias_corr.space_only_full_R100.spearman; audit_v3.json.llto.coordfree_R50.mae_transfer.369954~delta; audit_v3.json.llto.full_R100.mae_transfer.369957~delta,"\ $0.68$), it does so by over-forecasting and still trails every observation-driven nowcast."
SI_ems.tex,26,True,audit_v3.json.ablation.cams+doy_R100.mae_transfer.369972; audit_v3.json.ablation.coordfree_R0.mae_transfer.369960; audit_v3.json.ablation.coordfree_R100.mae_transfer.369959,"The result is likewise not specific to the CAMS model family: for an independent NASA MERRA-2 reanalysis (finer resolution), bias-corrected \pmten{} reconstruction scenarios span $26$--$101$~\ugm{} across coarse-dust tre"
SI_ems.tex,101,True,audit_v7.json.buffer_full_R25.per_station.369974.transfer; audit_v7.json.buffer_full_R50.per_station.369974.transfer; audit_v7_qc6.json.buffer_full_R25.per_station.369974.transfer,"The result is likewise not specific to the CAMS model family: for an independent NASA MERRA-2 reanalysis (finer resolution), bias-corrected \pmten{} reconstruction scenarios span $26$--$101$~\ugm{} across coarse-dust tre"
SI_ems.tex,25.9,True,audit_v3.json.ablation.full_R0.pooled_ci; audit_v3.json.llto.coordfree_R25.per_station.369966; audit_v5.json.learners.gbm_d2_coordfree_R0.per_station.369963,The most favourable scenario outperforms raw CAMS and is modestly better than bias-corrected CAMS ($25.9$ vs.
SI_ems.tex,30.3,True,audit_v3.json.ablation.cams+doy_R100.mae_transfer.369969; audit_v7_qc3.json.buffer_coordfree_R0.delta_median~pct; audit_v7_qc3.json.buffer_coordfree_R0.per_station.369968.delta~pct,"\ $30.3$~\ugm), but it remains roughly twice the observation-driven nowcast ($13$~\ugm; Methods; SI, Table~S19)."
SI_ems.tex,13,True,aligned_pm10_369959.csv:cams; aligned_pm10_369960.csv:cams; aligned_pm10_369968.csv:cams,"\ $30.3$~\ugm), but it remains roughly twice the observation-driven nowcast ($13$~\ugm; Methods; SI, Table~S19)."
SI_ems.tex,20,True,aligned_Jeddah.csv:cams; aligned_pm10_369962.csv:resid; aligned_pm10_369963.csv:obs,"Second, the observation-driven advantage is present in every national network sampled: for \pmtf{}, Chronos-2 lowers MAE over CAMS at each of the four countries and both coasts, by $20\%$ (Jeddah, Red Sea) to $54\%$ (Dha"
SI_ems.tex,54,True,aligned_pm10_369962.csv:cams; aligned_pm10_369965.csv:cams; audit_v3.json.ablation.cams+doy_R0.d_z~pct,"Second, the observation-driven advantage is present in every national network sampled: for \pmtf{}, Chronos-2 lowers MAE over CAMS at each of the four countries and both coasts, by $20\%$ (Jeddah, Red Sea) to $54\%$ (Dha"
SI_ems.tex,2001,False,,", 2001; Gandham and Hoteit, 2020), so a global CTM inherits a structural under-prediction of coarse dust at monitors (network-mean bias $-23.6$~\ugm{} here, with the largest deficits at urban and roadside sites) that ass"
SI_ems.tex,2020,True,newrefs.json.ploton2020.year,", 2001; Gandham and Hoteit, 2020), so a global CTM inherits a structural under-prediction of coarse dust at monitors (network-mean bias $-23.6$~\ugm{} here, with the largest deficits at urban and roadside sites) that ass"
SI_ems.tex,-23.6,True,loso_v2_stability.json.full_R50.seeds.mean; tables_s12_s13.json.s13.Bias; tables_s12_s13_full.json.s13.Bias,", 2001; Gandham and Hoteit, 2020), so a global CTM inherits a structural under-prediction of coarse dust at monitors (network-mean bias $-23.6$~\ugm{} here, with the largest deficits at urban and roadside sites) that ass"
SI_ems.tex,2019,True,newrefs.json.meyer2019predictors.year; newrefs2.json.remy2019.year,", 2019; R\'emy et al."
SI_ems.tex,2019,True,newrefs.json.meyer2019predictors.year; newrefs2.json.remy2019.year,", 2019); part of this deficit is also a documented property of the EAC4 \pmten{} diagnostic, whose dust representation truncates the coarsest size modes, and regional evaluations over the Middle East report a similar sur"
SI_ems.tex,2019,True,newrefs.json.meyer2019predictors.year; newrefs2.json.remy2019.year,", 2019; Ukhov et al."
SI_ems.tex,2020,True,newrefs.json.ploton2020.year,", 2020)."
SI_ems.tex,36.9,True,audit_v7_qc6.json.buffer_time_coordfree_R0.per_station.369965.transfer; audit_v7_qc6.json.buffer_time_coordfree_R25.per_station.369965.transfer; ets_hss_ci.json.pm25:snaive.ETS_hi~pct,"\pmtf{}, by contrast, is over-predicted (all five sites positive, up to $+36.9$~\ugm{}), a bias to which several mechanisms can plausibly contribute, among them anthropogenic-emission uncertainty and over-represented sea"
SI_ems.tex,80,True,aligned_pm10_369955.csv:cams; audit_v3.json.ablation.cams_R100.mae_transfer.369973; audit_v3.json.ablation.full_R0.mae_transfer.369965,"Aerosol water is not among them: the IFS-AER particulate diagnostic is defined on a dry basis, with sea-salt mass converted from its 80\% relative-humidity reference before summation (R\'emy et al."
SI_ems.tex,2019,True,newrefs.json.meyer2019predictors.year; newrefs2.json.remy2019.year,", 2019)."
SI_ems.tex,-104,True,audit_v3.json.cell.coordfree_spaceonly.per_station.369953; audit_v3.json.space_only.coordfree_R50.per_station.369953; audit_v5.json.learners.gbm_d2_full_R100.per_station.369968,station between $-104$ and $-247$\% against $-54$ to $-77$\% coordinate-free.
SI_ems.tex,-247,True,audit_v5.json.learners.rf_full_R100.per_station.369972; audit_v5.json.learners.rf_full_R100.worst3,station between $-104$ and $-247$\% against $-54$ to $-77$\% coordinate-free.
SI_ems.tex,-54,True,audit_v5.json.learners.ridge_coordfree_R100.per_station.369953; audit_v5.json.learners.ridge_coordfree_R100.worst3; audit_v7_qc3.json.buffer_coordfree_R50.per_station.369967.delta~pct,station between $-104$ and $-247$\% against $-54$ to $-77$\% coordinate-free.
SI_ems.tex,-77,True,audit_v3.json.llto.coordfree_R100.per_station.369953; audit_v5.json.learners.gbm_d6_coordfree_R100.per_station.369953; audit_v5.json.learners.gbm_d6_coordfree_R100.worst3,station between $-104$ and $-247$\% against $-54$ to $-77$\% coordinate-free.
SI_ems.tex,7.9,True,audit_v3.json.llto.full_R100.median; audit_v3.json.llto.full_R100.per_station.369962; audit_v4c.json.placebo_llto_R100.observed_median,"($+7.9\%$ $[+2.4,+12.2]$); for the other three it spans zero."
SI_ems.tex,2.4,True,audit_v3.json.ablation.coordfree_R0.mae_transfer.369974~delta; audit_v3.json.llto.full_R100.median_ci; audit_v3.json.llto.full_R100.per_station.369973,"($+7.9\%$ $[+2.4,+12.2]$); for the other three it spans zero."
SI_ems.tex,12.2,True,audit_v3.json.llto.full_R100.median_ci; audit_v3.json.llto.full_R100.per_station.369957; audit_v5.json.learners.gbm_d6_full_R100.median_ci,"($+7.9\%$ $[+2.4,+12.2]$); for the other three it spans zero."
SI_ems.tex,43,True,aligned_pm10_369954.csv:cams; aligned_pm10_369957.csv:cams; audit_v3.json.ablation.cams+doy_R0.mae_transfer.369963,"43, 74 and 108~km while the training set's own internal spacing stays near 7~km."
SI_ems.tex,74,True,aligned_pm10_369973.csv:resid; audit_v3.json.ablation.cams+doy_R0.mae_transfer.369973; audit_v3.json.ablation.coordfree_R0.mae_transfer.369973,"43, 74 and 108~km while the training set's own internal spacing stays near 7~km."
SI_ems.tex,108,True,audit_v5.json.nndm.R100.sample_to_prediction_median; audit_v7_qc3.json.buffer_full_R100.per_station.369974.transfer; audit_v7_qc6.json.buffer_time_cell_coordfree_R50.per_station.369974.transfer,"43, 74 and 108~km while the training set's own internal spacing stays near 7~km."
SI_ems.tex,101.2,True,knndm.json.nn_prediction_to_station.max,$101.2$): that is what an unmonitored site in this region is actually like.
SI_ems.tex,6.5,True,audit_v3.json.ablation.cams+doy_R0.per_station.369955; audit_v3.json.space_only.coordfree_R50.per_station.369972; audit_v5.json.nndm.R0.cv_nn_median,plain leave-one-station-out at $6.5$~km is optimistic by $28.5$~km in the median.
SI_ems.tex,28.5,True,audit_v6_cellunit.json.buffer_coordfree_R50.per_cell.33_72~pct; audit_v7.json.buffer_full_R0.per_station.369955.transfer; audit_v7.json.buffer_full_R25.per_station.369955.transfer,plain leave-one-station-out at $6.5$~km is optimistic by $28.5$~km in the median.
SI_ems.tex,6.9,True,audit_v3.json.llto.coordfree_R0.per_station.369959; audit_v4_heavy.json.placebo_llto.perm_pooled; audit_v4c.json.placebo_llto_R100.perm_pooled,$6.9\times10^{11}$ partitions).
SI_ems.tex,0.087,True,audit_v3.json.ablation.cams_R100.pooled_ci~delta; audit_v4_heavy.json.srcboot_full_R0.mean~delta; audit_v7_qc3.json.buffer_coordfree_R25.wilcoxon_p,"$\Delta=+0.087$, improves 11, and likewise clears neither ($q=0.78$ and $q=0.77$)."
SI_ems.tex,0.78,True,aligned_pm10_369972.csv:resid; audit_v3.json.bh.llto_coordfree_R0.binom_bh~pct; audit_v3.json.bh.llto_coordfree_R25.binom_bh~pct,"$\Delta=+0.087$, improves 11, and likewise clears neither ($q=0.78$ and $q=0.77$)."
SI_ems.tex,0.77,True,audit_v3.json.ablation.cams+doy_R0.d_z; audit_v3.json.cell.full_llto.mae_transfer.369957~delta; audit_v6.json.buffer_time_cell_full_R0.per_station.369957.transfer~delta,"$\Delta=+0.087$, improves 11, and likewise clears neither ($q=0.78$ and $q=0.77$)."
SI_ems.tex,-0.618,True,audit_v7_qc6.json.buffer_time_cell_full_R100.delta_median_ci_cell; headline_v7.json.guard_contrast.full_R100.g10_ci,"($[-0.618,+0.191]$ and $[-0.162,+0.244]$)."
SI_ems.tex,0.191,True,audit_v3.json.bh.space_only_full_R50.binom_bh; audit_v3.json.llto.coordfree_R100.pooled_ci~delta; audit_v4_heavy.json.placebo_llto.perm_max~delta,"($[-0.618,+0.191]$ and $[-0.162,+0.244]$)."
SI_ems.tex,-0.162,True,audit_v7_qc3.json.buffer_full_R25.per_station.369953.delta; audit_v7_qc6.json.buffer_time_cell_coordfree_R100.delta_median_ci_cell; audit_v7_qc6.json.buffer_time_cell_coordfree_R100.delta_median_ci_station,"($[-0.618,+0.191]$ and $[-0.162,+0.244]$)."
SI_ems.tex,0.244,True,audit_v3.json.ablation.cams+doy_R0.per_station.369962~delta; audit_v6.json.buffer_coordfree_R0.delta_mean; audit_v6.json.buffer_time_cell_coordfree_R25.delta_median_ci_cell,"($[-0.618,+0.191]$ and $[-0.162,+0.244]$)."
SI_ems.tex,2006,False,,"significant and not significant is not itself significant (Gelman and Stern, 2006)."
SI_ems.tex,-0.000,True,aligned_Dhahran.csv:cams; aligned_Doha.csv:cams; aligned_Doha.csv:obs,"$[-0.000,+0.567]$ for the station bootstrap."
SI_ems.tex,0.567,True,audit_v3.json.cell.coordfree_llto.per_station.369960~delta; audit_v3.json.llto.coordfree_R0.per_station.369960~delta; audit_v3.json.llto.coordfree_R25.per_station.369960~delta,"$[-0.000,+0.567]$ for the station bootstrap."
SI_ems.tex,0.648,True,audit_v3.json.ablation.cams_R0.mae_transfer.369960~delta; audit_v7.json.buffer_coordfree_R100.binom_p; audit_v7.json.buffer_full_R25.binom_p,"separates the two specifications at zero buffer (11 of 19, $p=0.648$)."
SI_ems.tex,0.14,True,audit_v3.json.ablation.cams+doy_R100.median~delta; audit_v3.json.ablation.cams+doy_R100.per_station.369974~delta; audit_v3.json.ablation.coordfree_R100.median~delta,"$+0.14$, a cell median of $-0.12$."
SI_ems.tex,-0.12,True,audit_v3.json.ablation.cams+hour_R100.d_z; audit_v3.json.ablation.cams_R0.per_station.369969~delta; audit_v3.json.ablation.cams_R100.mean~delta,"$+0.14$, a cell median of $-0.12$."
SI_ems.tex,13,True,aligned_pm10_369959.csv:cams; aligned_pm10_369960.csv:cams; aligned_pm10_369968.csv:cams,The direction is consistent from 25~km outward --- 13 to 15 of 19 stations and 7 of 9 cells favour the coordinate-free specification at every radius beyond zero --- but no cell reaches $q<0.05$ under either test.
SI_ems.tex,0.08,True,aligned_Doha.csv:cams; audit_v3.json.ablation.cams+hour_R100.pooled_ci~delta; audit_v3.json.bh.space_only_coordfree_R50.binom_bh,out to a week and reaches $+0.08$ only at ten days.
SI_ems.tex,335,True,fold_occupancy.json.example_calendar_folds,"9, 4, 7, 335 and 489 points."
SI_ems.tex,489,True,fold_occupancy.json.example_calendar_folds,"9, 4, 7, 335 and 489 points."
SI_ems.tex,1.01,True,audit_v3.json.ablation.cams+hour_R100.mae_transfer.369958~delta; audit_v5.json.aoa.coordfree_R0.per_station.369963.frac_outside~pct; audit_v7_qc3.json.buffer_coordfree_R25.per_station.369958.transfer~delta,"points across all stations and folds, a within-station imbalance ratio of $1.01$."
SI_ems.tex,74,True,aligned_pm10_369973.csv:resid; audit_v3.json.ablation.cams+doy_R0.mae_transfer.369973; audit_v3.json.ablation.coordfree_R0.mae_transfer.369973,"median of $74$~\ugm{} and be depleted in values above $100$~\ugm{}, and they are."
SI_ems.tex,29,True,audit_v3.json.ablation.cams+doy_R0.per_station.369968; audit_v3.json.ablation.cams+hour_R0.mae_transfer.369959; audit_v3.json.ablation.cams+hour_R0.mae_transfer.369972,"$100$~\ugm{}, against $29\%$ for the record as a whole."
SI_ems.tex,51,True,aligned_Dhahran.csv:cams; aligned_pm10_369953.csv:cams; aligned_pm10_369967.csv:cams,"(51 and 22 steps, $153$ and $66$ hours) look like that."
SI_ems.tex,22,True,aligned_Jeddah.csv:obs; audit_v3.json.ablation.cams+doy_R0.mae_transfer.369962; audit_v3.json.ablation.cams+doy_R0.mae_transfer.369968,"(51 and 22 steps, $153$ and $66$ hours) look like that."
SI_ems.tex,153,True,headline_v7.json.qc.long_runs.hours; qc_flatline.json.long_runs.hours,"(51 and 22 steps, $153$ and $66$ hours) look like that."
SI_ems.tex,66,True,aligned_pm10_369968.csv:obs; audit_v7_qc3.json.buffer_full_R25.per_station.369963.transfer; audit_v7_qc3.json.buffer_full_R50.per_station.369963.transfer,"(51 and 22 steps, $153$ and $66$ hours) look like that."
SI_ems.tex,9.8,True,audit_v3.json.ablation.full_R0.per_station.369957; audit_v3.json.cell.full_llto.per_station.369967; audit_v3.json.llto.full_R50.per_station.369967,and only $9.8\%$ of them exceed $100$~\ugm{} against $28.5\%$ of the record.
SI_ems.tex,28.5,True,audit_v6_cellunit.json.buffer_coordfree_R50.per_cell.33_72~pct; audit_v7.json.buffer_full_R0.per_station.369955.transfer; audit_v7.json.buffer_full_R25.per_station.369955.transfer,and only $9.8\%$ of them exceed $100$~\ugm{} against $28.5\%$ of the record.
SI_ems.tex,74.5,True,headline_v7.json.qc.median_conc; qc_flatline.json.median_concentration,median concentration from $74.5$ to $77.0$.
SI_ems.tex,77.0,True,audit_v3.json.cell.coordfree_spaceonly.mae_transfer.369973; audit_v3.json.space_only.coordfree_R50.mae_transfer.369973; audit_v5.json.nndm.R50.sample_to_prediction_iqr,median concentration from $74.5$ to $77.0$.
SI_ems.tex,0.123,True,audit_v3.json.ablation.cams+doy_R100.wilcoxon_p; audit_v4_heavy.json.srcboot_full_R100.sd~delta; audit_v6.json.buffer_time_cell_full_R25.delta_mean,the aggressive one ($p=0.123$).
SI_ems.tex,0.2,True,audit_v3.json.ablation.cams+doy_R0.mae_transfer.369959~delta; audit_v3.json.ablation.cams+doy_R0.mae_transfer.369962~delta; audit_v3.json.ablation.cams+doy_R0.mae_transfer.369966~delta,The decay is not monotone: a synoptic plateau near $+0.2$ persists from two days to a week before the correlation reaches $+0.08$ at ten days.
SI_ems.tex,0.08,True,aligned_Doha.csv:cams; audit_v3.json.ablation.cams+hour_R100.pooled_ci~delta; audit_v3.json.bh.space_only_coordfree_R50.binom_bh,The decay is not monotone: a synoptic plateau near $+0.2$ persists from two days to a week before the correlation reaches $+0.08$ at ten days.
SI_ems.tex,2006,False,,"This is the comparison the manuscript reports, in place of contrasting each specification's separate verdict against zero, which is not a comparison of the two (Gelman and Stern, 2006)."
cover_letter_EMS.tex,178,True,aligned_Jeddah.csv:obs,", 2024, \textit{EMS} 178, 106124)."
cover_letter_EMS.tex,106124,False,,", 2024, \textit{EMS} 178, 106124)."
cover_letter_EMS.tex,0.08,True,aligned_Doha.csv:cams; audit_v3.json.ablation.cams+hour_R100.pooled_ci~delta; audit_v3.json.bh.space_only_coordfree_R50.binom_bh,reaches $+0.08$ only at ten.
cover_letter_EMS.tex,0.251,True,audit_v3.json.bias_corr.llto_full_R0.spearman_p; audit_v6.json.buffer_time_coordfree_R25.delta_pooled_ci_cell; audit_v7_qc3.json.buffer_full_R0.per_station.369967.delta,"$0.251$, while costing $11.6\%$ of the training data."
cover_letter_EMS.tex,11.6,True,audit_v3.json.ablation.cams+doy_R100.wilcoxon_p~pct; audit_v3.json.source_boot.full_R100.sd; audit_v4_heavy.json.srcboot_full_R100.sd,"$0.251$, while costing $11.6\%$ of the training data."
cover_letter_EMS.tex,0.90,True,audit_v3.json.ablation.cams+doy_R0.wilcoxon_p~pct; audit_v3.json.ablation.cams+doy_R100.mean; audit_v3.json.ablation.cams+hour_R0.d_z_ci,geographically wrong one (two-sided $p=0.90$).
cover_letter_EMS.tex,0.11,True,audit_v3.json.ablation.cams+doy_R0.per_station.369973~delta; audit_v3.json.ablation.cams+doy_R100.pooled~delta; audit_v3.json.ablation.cams+hour_R100.per_station.369974~delta,not itself significant (one-sided $p=0.11$).
cover_letter_EMS.tex,0.032,True,audit_v3.json.ablation.cams_R100.per_station.369973~delta; audit_v3.json.bh.llto_coordfree_R100.wilcoxon_p; audit_v3.json.bh.space_only_coordfree_R25.wilcoxon_p,smallest attainable $p$ was $0.032$ and neither endpoint could be resolved.
cover_letter_EMS.tex,0.0625,True,audit_v3.json.llto.coordfree_R50.mean~delta; audit_v3.json.source_boot.coordfree_R100.mean~delta; audit_v5.json.aoa.full_R0.n_stations_mostly_outside~delta,"($n=5$, smallest attainable two-sided $p=0.0625$) is declared descriptive throughout."
cover_letter_EMS.tex,6.5,True,audit_v3.json.ablation.cams+doy_R0.per_station.369955; audit_v3.json.space_only.coordfree_R50.per_station.369972; audit_v5.json.nndm.R0.cv_nn_median,leave-one-station-out over this network certifies interpolation between 6.5~km neighbours.
cover_letter_EMS.tex,-4,True,aligned_Jeddah.csv:resid; aligned_pm10_369968.csv:resid; audit_v3.json.ablation.cams+doy_R100.median_ci,"regenerated and matched to the archived errors to within $10^{-4}\ \mu\mathrm{g\,m^{-3}}$."
cover_letter_EMS.tex,-3,True,audit_v3.json.ablation.cams+hour_R0.per_station.369962; audit_v3.json.ablation.cams+hour_R100.pooled; audit_v3.json.ablation.cams_R0.per_station.369973,"regenerated and matched to the archived errors to within $10^{-4}\ \mu\mathrm{g\,m^{-3}}$."
