,cams,obs,resid
2016-12-01 21:00:00,27.16365,42.3,15.136349487304685
2016-12-02 00:00:00,11.983957,41.7,29.71604270935059
2016-12-02 03:00:00,9.722953,38.1,28.3770471572876
2016-12-02 06:00:00,12.561941,38.1,25.538058853149415
2016-12-02 09:00:00,22.030235,38.1,16.069764709472658
2016-12-02 12:00:00,17.159096,37.7,20.540904235839847
2016-12-02 15:00:00,28.042223,37.8,9.757777023315427
2016-12-02 18:00:00,31.475792,35.2,3.724208068847659
2016-12-02 21:00:00,32.23704,27.1,-5.1370414733886705
2016-12-03 00:00:00,14.133548,27.6,13.466452217102052
2016-12-03 03:00:00,31.926903,32.3,0.3730972290039034
2016-12-03 06:00:00,74.01195,38.3,-35.71194763183594
2016-12-03 09:00:00,43.607544,62.8,19.192456054687497
2016-12-03 12:00:00,24.960855,59.2,34.239144515991214
2016-12-03 15:00:00,37.734024,44.9,7.165975952148436
2016-12-03 18:00:00,45.95313,41.7,-4.253128814697263
2016-12-03 21:00:00,51.63747,38.3,-13.337470245361331
2016-12-04 00:00:00,86.3829,32.6,-53.78289642333984
2016-12-04 03:00:00,84.81402,54.4,-30.41401824951172
2016-12-04 06:00:00,78.01555,71.3,-6.71554870605469
2016-12-04 09:00:00,75.185425,63.5,-11.6854248046875
2016-12-04 12:00:00,63.1818,59.7,-3.4818008422851534
2016-12-04 15:00:00,62.579945,63.9,1.3200553894042955
2016-12-04 18:00:00,51.98342,47.3,-4.683421325683597
2016-12-04 21:00:00,43.262615,40.6,-2.6626152038574205
2016-12-05 00:00:00,61.042557,36.6,-24.44255676269531
2016-12-05 03:00:00,65.47362,41.3,-24.17361755371094
2016-12-05 06:00:00,76.12107,52.4,-23.721070861816408
2016-12-05 09:00:00,79.767006,52.0,-27.767005920410156
2016-12-05 12:00:00,68.84045,65.1,-3.7404464721679744
2016-12-05 15:00:00,57.788612,65.4,7.611387634277349
2016-12-05 18:00:00,53.567192,57.7,4.132807922363284
2016-12-05 21:00:00,54.962128,61.4,6.437872314453124
2016-12-06 00:00:00,26.971066,75.0,48.028934478759766
2016-12-06 03:00:00,23.303074,76.5,53.19692611694336
2016-12-06 06:00:00,25.70664,91.2,65.49335975646973
2016-12-06 09:00:00,27.758461,81.5,53.741539001464844
2016-12-06 12:00:00,32.746925,46.9,14.153074645996092
2016-12-06 15:00:00,34.13834,40.2,6.061660003662112
2016-12-06 18:00:00,36.598522,48.7,12.101477813720706
2016-12-06 21:00:00,39.875885,54.8,14.924114990234372
2016-12-07 00:00:00,32.085155,38.6,6.5148445129394545
2016-12-07 03:00:00,39.482983,36.2,-3.282982635498044
2016-12-07 06:00:00,45.764862,35.7,-10.064862060546872
2016-12-07 15:00:00,43.039562,30.6,-12.439562225341795
2016-12-07 18:00:00,45.835804,20.1,-25.7358039855957
2016-12-07 21:00:00,58.0676,36.5,-21.56760025024414
2016-12-08 00:00:00,70.95423,88.9,17.945768737792974
2016-12-08 03:00:00,76.26932,88.6,12.33068237304687
2016-12-08 06:00:00,75.49079,68.3,-7.190791320800784
2016-12-08 09:00:00,67.33853,70.7,3.361468505859378
2016-12-08 12:00:00,63.287872,59.3,-3.987872314453128
2016-12-08 15:00:00,51.395546,51.4,0.004454040527342329
2016-12-08 18:00:00,41.369274,40.2,-1.169274139404294
2016-12-08 21:00:00,36.017353,38.2,2.1826469421386747
2016-12-09 00:00:00,35.259747,44.0,8.740253448486328
2016-12-09 03:00:00,34.84911,40.7,5.8508903503418
2016-12-09 06:00:00,36.33704,34.1,-2.237039947509764
2016-12-09 09:00:00,36.903202,26.2,-10.703202056884766
2016-12-09 12:00:00,32.170532,20.0,-12.1705322265625
2016-12-09 15:00:00,31.819126,19.1,-12.71912612915039
2016-12-09 18:00:00,27.152964,22.0,-5.152963638305664
2016-12-09 21:00:00,29.581316,21.2,-8.381315994262696
2016-12-10 00:00:00,31.27866,27.6,-3.678659820556639
2016-12-10 03:00:00,40.79993,34.0,-6.799930572509766
2016-12-10 06:00:00,45.087063,33.0,-12.08706283569336
2016-12-10 09:00:00,40.339046,22.4,-17.939046478271486
2016-12-10 12:00:00,35.604218,29.9,-5.704217529296876
2016-12-10 15:00:00,33.37232,22.1,-11.272318267822264
2016-12-10 18:00:00,32.343678,24.1,-8.243677520751952
2016-12-10 21:00:00,35.732456,28.0,-7.732456207275391
2016-12-11 00:00:00,37.24881,20.3,-16.948809814453124
2016-12-11 03:00:00,48.029053,16.7,-31.329052734375
2016-12-11 06:00:00,53.22886,21.0,-32.228858947753906
2016-12-11 09:00:00,46.309765,21.0,-25.309764862060547
2016-12-11 12:00:00,26.771603,22.2,-4.571602630615235
2016-12-11 15:00:00,29.676073,18.0,-11.67607307434082
2016-12-11 18:00:00,31.618357,15.6,-16.018356704711913
2016-12-11 21:00:00,37.2404,20.4,-16.840398406982423
2016-12-12 00:00:00,26.011322,17.0,-9.011322021484375
2016-12-12 03:00:00,35.704033,14.7,-21.00403289794922
2016-12-12 06:00:00,42.252625,21.0,-21.25262451171875
2016-12-12 09:00:00,37.739254,19.3,-18.439253997802734
2016-12-12 12:00:00,34.66687,22.2,-12.4668701171875
2016-12-12 15:00:00,33.094864,18.1,-14.994863891601561
2016-12-12 18:00:00,33.925858,16.3,-17.625857543945312
2016-12-12 21:00:00,38.602367,16.8,-21.802367401123046
2016-12-13 00:00:00,21.9884,28.9,6.911600494384764
2016-12-13 03:00:00,27.41956,38.2,10.780440521240237
2016-12-13 06:00:00,30.25275,45.9,15.647249603271483
2016-12-13 09:00:00,23.823929,40.1,16.27607116699219
2016-12-13 12:00:00,17.41347,37.3,19.886530685424802
2016-12-13 15:00:00,19.120647,43.9,24.779352569580077
2016-12-13 18:00:00,20.162077,47.4,27.237923049926756
2016-12-13 21:00:00,22.417225,54.0,31.582775115966797
2016-12-14 00:00:00,39.130783,45.0,5.8692169189453125
2016-12-14 03:00:00,36.80543,47.8,10.9945686340332
2016-12-14 09:00:00,37.35238,68.5,31.147621154785156
2016-12-14 12:00:00,44.466675,37.5,-6.9666748046875
2016-12-14 15:00:00,41.669865,38.6,-3.069864654541014
2016-12-14 18:00:00,31.745913,47.9,16.154087448120116
2016-12-14 21:00:00,27.770512,49.8,22.02948837280273
2016-12-15 00:00:00,0.17462298,53.0,52.8253770172596
2016-12-15 03:00:00,0.8876668,51.5,50.6123331785202
2016-12-15 06:00:00,11.96804,54.1,42.13195953369141
2016-12-15 09:00:00,43.40063,41.1,-2.300630950927733
2016-12-15 12:00:00,177.50563,31.0,-146.50563049316406
2016-12-15 15:00:00,229.28474,131.3,-97.9847442626953
2016-12-15 18:00:00,144.29338,166.0,21.706619262695312
2016-12-15 21:00:00,101.64285,95.1,-6.542852783203131
2016-12-16 00:00:00,92.57838,42.7,-49.87837677001953
2016-12-16 03:00:00,58.525986,35.8,-22.72598571777344
2016-12-16 06:00:00,36.533833,31.8,-4.733832550048827
2016-12-16 09:00:00,26.389215,28.6,2.21078453063965
2016-12-16 12:00:00,27.277338,23.7,-3.5773380279541023
2016-12-16 15:00:00,25.705957,22.2,-3.5059574127197273
2016-12-16 18:00:00,25.473583,17.7,-7.773583221435548
2016-12-16 21:00:00,28.899195,19.9,-8.999194717407228
2016-12-17 00:00:00,9.698852,22.7,13.001148414611816
2016-12-17 03:00:00,15.645128,29.3,13.65487174987793
2016-12-17 06:00:00,15.962087,32.4,16.43791332244873
2016-12-17 09:00:00,14.015995,36.1,22.084004974365236
2016-12-17 12:00:00,10.086978,25.9,15.8130220413208
2016-12-17 15:00:00,9.751602,20.6,10.848397827148439
2016-12-17 18:00:00,8.845291,18.8,9.954708862304688
2016-12-17 21:00:00,9.938958,20.5,10.561041831970215
2016-12-18 00:00:00,27.996065,24.0,-3.996065139770508
2016-12-18 03:00:00,43.462933,33.6,-9.86293258666992
2016-12-18 06:00:00,52.135418,40.8,-11.335417938232425
2016-12-18 09:00:00,49.0827,35.7,-13.382698822021482
2016-12-18 12:00:00,49.30132,24.3,-25.001319122314452
2016-12-18 15:00:00,33.686775,20.5,-13.186775207519531
2016-12-18 18:00:00,25.255304,21.5,-3.7553043365478516
2016-12-18 21:00:00,22.962467,25.4,2.437532806396483
2016-12-19 00:00:00,37.33294,34.4,-2.93293914794922
2016-12-19 03:00:00,45.707565,45.9,0.19243469238281108
2016-12-19 06:00:00,55.324562,46.6,-8.724562072753905
2016-12-19 09:00:00,56.76202,46.2,-10.562020111083982
2016-12-19 12:00:00,71.113846,30.2,-40.91384582519531
2016-12-19 15:00:00,61.450237,29.1,-32.35023727416992
2016-12-19 18:00:00,48.407402,23.5,-24.90740203857422
2016-12-19 21:00:00,40.485928,36.4,-4.085927581787111
2016-12-20 00:00:00,61.794254,48.0,-13.794254302978516
2016-12-20 03:00:00,60.680805,55.7,-4.980805206298825
2016-12-20 06:00:00,67.671745,64.3,-3.3717453002929716
2016-12-20 09:00:00,75.04991,50.6,-24.449911499023436
2016-12-20 12:00:00,75.14597,56.3,-18.84597320556641
2016-12-20 15:00:00,79.32016,61.7,-17.620159912109372
2016-12-20 18:00:00,78.02123,44.1,-33.92123260498047
2016-12-20 21:00:00,82.322914,53.3,-29.02291412353516
2016-12-21 00:00:00,68.53679,60.0,-8.536788940429688
2016-12-21 03:00:00,65.2326,39.5,-25.73259735107422
2016-12-21 06:00:00,70.27097,40.9,-29.370973205566408
2016-12-21 09:00:00,69.19845,43.1,-26.098448181152342
2016-12-21 12:00:00,58.795307,38.2,-20.595307159423825
2016-12-21 15:00:00,51.981487,35.8,-16.181487274169925
2016-12-21 18:00:00,43.904037,29.7,-14.204037475585938
2016-12-21 21:00:00,36.748135,30.0,-6.748134613037109
2016-12-22 00:00:00,47.162758,39.6,-7.562757873535155
2016-12-22 03:00:00,49.98492,41.9,-8.084920501708986
2016-12-22 06:00:00,53.43645,42.5,-10.936450958251953
2016-12-22 09:00:00,48.058155,44.2,-3.8581550598144503
2016-12-22 12:00:00,36.873188,30.2,-6.673188018798829
2016-12-22 15:00:00,34.86116,24.7,-10.161160278320313
2016-12-22 18:00:00,34.770664,26.0,-8.77066421508789
2016-12-22 21:00:00,35.63673,24.4,-11.236730194091798
2016-12-23 00:00:00,54.673138,31.2,-23.473137664794923
2016-12-23 03:00:00,57.247234,37.6,-19.64723434448242
2016-12-23 06:00:00,58.058277,33.4,-24.658277130126955
2016-12-23 09:00:00,60.8685,42.9,-17.968499755859376
2016-12-23 12:00:00,53.017117,48.8,-4.217116546630862
2016-12-23 15:00:00,48.64188,48.5,-0.14188003540039062
2016-12-23 18:00:00,46.340233,41.6,-4.740232849121092
2016-12-23 21:00:00,46.012703,30.4,-15.612702941894533
2016-12-24 00:00:00,40.325176,28.5,-11.825176239013672
2016-12-24 03:00:00,45.24418,29.5,-15.744178771972656
2016-12-24 06:00:00,53.614143,33.2,-20.41414337158203
2016-12-24 09:00:00,61.65078,37.1,-24.550779724121092
2016-12-24 12:00:00,69.037926,38.9,-30.137925720214845
2016-12-24 15:00:00,67.17442,47.6,-19.574423217773436
2016-12-24 18:00:00,63.916332,54.8,-9.11633224487305
2016-12-24 21:00:00,61.57859,70.0,8.421409606933594
2016-12-25 00:00:00,64.32902,73.3,8.970982360839841
2016-12-25 03:00:00,63.73375,74.7,10.966250610351565
2016-12-25 06:00:00,53.517624,65.2,11.682376098632815
2016-12-25 09:00:00,69.72152,65.7,-4.021519470214841
2016-12-25 12:00:00,47.408092,65.7,18.291907501220706
2016-12-25 15:00:00,49.3161,51.3,1.9838989257812472
2016-12-25 18:00:00,49.262554,45.3,-3.9625541687011747
2016-12-25 21:00:00,50.14226,46.6,-3.5422615051269517
2016-12-26 00:00:00,43.28649,49.2,5.913508605957034
2016-12-26 03:00:00,41.912926,49.7,7.787074279785159
2016-12-26 06:00:00,48.979927,54.7,5.720072937011722
2016-12-26 09:00:00,60.730373,59.8,-0.9303733825683622
2016-12-26 12:00:00,68.66549,77.5,8.834510803222656
2016-12-26 15:00:00,77.86264,62.1,-15.762640380859374
2016-12-26 18:00:00,84.09097,59.0,-25.090972900390625
2016-12-26 21:00:00,81.70082,47.7,-34.00082092285156
2016-12-27 00:00:00,78.9496,52.0,-26.949600219726562
2016-12-27 03:00:00,68.030205,65.0,-3.0302047729492188
2016-12-27 06:00:00,64.33197,70.7,6.368029785156253
2016-12-27 09:00:00,65.39847,84.5,19.101531982421875
2016-12-27 12:00:00,69.33641,90.5,21.163589477539062
2016-12-27 15:00:00,70.050705,87.2,17.149295043945315
2016-12-27 18:00:00,69.66445,83.4,13.735548400878912
2016-12-27 21:00:00,69.85238,70.9,1.047621154785162
2016-12-28 00:00:00,44.21099,57.8,13.589009094238278
2016-12-28 03:00:00,42.913143,52.9,9.986856842041014
2016-12-28 06:00:00,39.66966,65.2,25.53034133911133
2016-12-28 09:00:00,53.782173,67.0,13.217826843261719
2016-12-28 12:00:00,154.95657,73.3,-81.65657348632813
2016-12-28 15:00:00,84.34495,87.6,3.255052185058588
2016-12-28 18:00:00,45.55818,73.3,27.741818237304685
2016-12-28 21:00:00,42.038776,69.5,27.461223602294922
2016-12-29 00:00:00,48.460835,67.6,19.139165496826166
2016-12-29 03:00:00,45.99133,48.4,2.408670806884764
2016-12-29 06:00:00,38.152733,44.0,5.847267150878906
2016-12-29 09:00:00,34.1513,34.4,0.24870147705077983
2016-12-29 12:00:00,27.971622,30.1,2.128377532958986
2016-12-29 15:00:00,27.321392,26.5,-0.8213920593261719
2016-12-29 18:00:00,22.986683,43.0,20.013317108154297
2016-12-29 21:00:00,19.903042,41.5,21.59695816040039
2016-12-30 00:00:00,8.979782,34.6,25.620217895507814
2016-12-30 03:00:00,15.77007,33.9,18.12992992401123
2016-12-30 06:00:00,25.65855,40.0,14.341449737548828
2016-12-30 09:00:00,25.504335,39.5,13.995664596557617
2016-12-30 12:00:00,30.957039,38.5,7.542961120605469
2016-12-30 15:00:00,28.430918,22.3,-6.130917739868163
2016-12-30 18:00:00,28.004705,24.0,-4.004705429077148
2016-12-30 21:00:00,34.1754,42.6,8.424600219726564
2016-12-31 00:00:00,22.264202,48.4,26.135797882080077
2016-12-31 03:00:00,39.199223,51.9,12.700777435302733
2016-12-31 06:00:00,60.47651,62.5,2.0234909057617188
2016-12-31 09:00:00,69.506424,67.8,-1.7064239501953153
2016-12-31 12:00:00,58.532463,62.7,4.167536926269534
2016-12-31 15:00:00,55.79841,84.9,29.101591491699224
2016-12-31 18:00:00,53.26467,92.4,39.13532867431641
2016-12-31 21:00:00,52.3587,114.1,61.74130020141601
2017-01-01 00:00:00,53.03036,81.6,28.569638824462885
2017-01-01 03:00:00,54.711563,65.0,10.288436889648438
2017-01-01 06:00:00,55.455074,68.1,12.64492568969726
2017-01-01 09:00:00,55.21156,86.1,30.888440704345697
2017-01-01 12:00:00,48.696392,89.1,40.40360794067382
2017-01-01 15:00:00,50.527775,56.0,5.472225189208984
2017-01-01 18:00:00,50.433983,59.1,8.666017150878908
2017-01-01 21:00:00,49.024036,58.5,9.475963592529297
2017-01-02 00:00:00,31.507626,63.5,31.992374420166016
2017-01-02 03:00:00,47.89081,76.0,28.10919189453125
2017-01-02 06:00:00,67.42357,73.2,5.776431274414065
2017-01-02 09:00:00,72.78425,78.6,5.815751647949213
2017-01-02 12:00:00,67.192444,85.3,18.107556152343747
2017-01-02 15:00:00,62.43664,80.6,18.16335830688476
2017-01-02 18:00:00,54.965313,80.6,25.634687042236322
2017-01-02 21:00:00,48.852825,90.6,41.74717483520507
2017-01-03 00:00:00,66.44859,107.7,41.251406860351565
2017-01-03 03:00:00,57.81021,117.9,60.08978881835938
2017-01-03 06:00:00,50.748894,111.0,60.25110626220703
2017-01-03 09:00:00,39.586212,79.3,39.71378784179687
2017-01-03 12:00:00,18.522997,53.6,35.07700309753418
2017-01-03 15:00:00,21.172241,40.8,19.627758789062497
2017-01-03 18:00:00,27.783245,33.5,5.716754913330078
2017-01-03 21:00:00,37.005066,24.4,-12.605065917968751
2017-01-04 00:00:00,35.76406,24.6,-11.164060974121092
2017-01-04 03:00:00,33.134254,27.0,-6.134254455566406
2017-01-04 06:00:00,26.826683,22.3,-4.526683044433593
2017-01-04 09:00:00,23.486336,26.4,2.9136642456054673
2017-01-04 12:00:00,27.460487,27.3,-0.16048736572265554
2017-01-04 15:00:00,26.328506,24.7,-1.6285064697265632
2017-01-04 18:00:00,24.966425,24.6,-0.36642494201660014
2017-01-04 21:00:00,26.868292,22.5,-4.368291854858398
2017-01-05 00:00:00,37.482094,33.0,-4.482093811035156
2017-01-05 03:00:00,45.333763,36.7,-8.633763122558591
2017-01-05 06:00:00,45.430397,30.8,-14.630397033691406
2017-01-05 09:00:00,38.322697,25.1,-13.222696685791014
2017-01-05 12:00:00,34.169147,20.0,-14.169147491455078
2017-01-05 15:00:00,28.894022,21.6,-7.294021987915038
2017-01-05 18:00:00,31.305944,19.5,-11.805944442749023
2017-01-05 21:00:00,43.27785,29.4,-13.87785110473633
2017-01-06 00:00:00,49.217873,33.1,-16.117872619628905
2017-01-06 03:00:00,56.097404,42.5,-13.597404479980469
2017-01-06 06:00:00,64.099144,57.9,-6.199143981933595
2017-01-06 09:00:00,65.55018,48.7,-16.85017852783203
2017-01-06 12:00:00,51.197845,40.3,-10.897845458984378
2017-01-06 15:00:00,48.750393,34.0,-14.75039291381836
2017-01-06 18:00:00,50.337803,26.7,-23.63780288696289
2017-01-06 21:00:00,51.53953,29.3,-22.23953170776367
2017-01-07 00:00:00,43.001762,31.5,-11.501762390136719
2017-01-07 03:00:00,37.722317,32.0,-5.722316741943359
2017-01-07 06:00:00,38.700306,35.7,-3.0003059387207003
2017-01-07 09:00:00,33.232254,33.2,-0.03225402832030966
2017-01-07 12:00:00,31.558784,35.3,3.741215515136716
2017-01-07 15:00:00,30.29487,33.3,3.005129623413083
2017-01-07 18:00:00,29.55295,39.2,9.647050094604495
2017-01-07 21:00:00,30.535261,51.3,20.764738845825192
2017-01-08 00:00:00,7.8188124,50.4,42.581187629699706
2017-01-08 03:00:00,16.326113,57.7,41.37388725280762
2017-01-08 06:00:00,30.753426,63.1,32.34657440185547
2017-01-08 09:00:00,34.132767,54.5,20.367233276367188
2017-01-08 12:00:00,34.712116,44.4,9.68788375854492
2017-01-08 15:00:00,39.614803,42.9,3.285196685791014
2017-01-08 18:00:00,38.205315,50.7,12.494685363769534
2017-01-08 21:00:00,38.25551,49.5,11.244491577148438
2017-01-09 00:00:00,42.380405,56.6,14.21959457397461
2017-01-09 03:00:00,49.238453,78.9,29.661547088623053
2017-01-09 06:00:00,58.504383,62.8,4.295616912841794
2017-01-09 09:00:00,61.324444,48.5,-12.824443817138672
2017-01-09 12:00:00,67.49877,34.3,-33.19877166748047
2017-01-09 15:00:00,57.647297,42.1,-15.547296905517577
2017-01-09 18:00:00,46.03305,45.5,-0.533050537109375
2017-01-09 21:00:00,41.173733,43.1,1.926267242431642
2017-01-10 00:00:00,49.67751,64.0,14.322490692138672
2017-01-10 03:00:00,77.18688,72.3,-4.886882019042972
2017-01-10 06:00:00,105.16589,53.5,-51.6658935546875
2017-01-10 09:00:00,126.118576,52.2,-73.91857604980468
2017-01-10 12:00:00,90.19823,50.0,-40.19822692871094
2017-01-10 15:00:00,82.53312,59.6,-22.933119201660155
2017-01-10 18:00:00,70.8601,61.5,-9.360099792480469
2017-01-10 21:00:00,54.15632,69.2,15.043681335449222
2017-01-11 00:00:00,61.440117,70.3,8.859883117675778
2017-01-11 03:00:00,52.22921,89.0,36.770790100097656
2017-01-12 03:00:00,54.21066,55.7,1.4893409729003935
2017-01-12 21:00:00,64.27467,27.7,-36.57467346191406
2017-01-13 03:00:00,77.44939,32.3,-45.14938659667969
2017-01-13 12:00:00,33.09759,37.5,4.402408599853516
2017-01-13 18:00:00,28.880037,30.6,1.7199626922607436
2017-01-13 21:00:00,33.213608,28.5,-4.7136077880859375
2017-01-14 00:00:00,65.037056,27.5,-37.53705596923828
2017-01-14 03:00:00,65.04524,26.4,-38.645242309570314
2017-01-14 06:00:00,60.023808,36.7,-23.323807525634763
2017-01-14 09:00:00,39.05916,40.0,0.9408416748046875
2017-01-14 12:00:00,44.046032,37.3,-6.7460319519043
2017-01-14 15:00:00,36.779057,34.1,-2.679056549072264
2017-01-14 18:00:00,32.67104,21.8,-10.871039581298827
2017-01-14 21:00:00,31.224432,18.9,-12.32443199157715
2017-01-15 00:00:00,45.2319,20.6,-24.631899261474608
2017-01-15 03:00:00,39.680798,25.9,-13.780797576904298
2017-01-15 06:00:00,35.701534,34.2,-1.5015342712402315
2017-01-15 09:00:00,28.51567,27.6,-0.9156707763671861
2017-01-15 12:00:00,18.804428,22.4,3.595571899414061
2017-01-15 15:00:00,22.602592,25.5,2.8974075317382812
2017-01-15 18:00:00,30.172829,27.1,-3.072828674316405
2017-01-15 21:00:00,35.5451,32.7,-2.8451011657714815
2017-01-16 00:00:00,19.90702,33.2,13.292979431152347
2017-01-16 03:00:00,25.348072,32.5,7.151927947998047
2017-01-16 06:00:00,28.931026,39.6,10.668973541259767
2017-01-16 09:00:00,30.581758,41.1,10.518241500854494
2017-01-16 12:00:00,55.996964,41.0,-14.996963500976562
2017-01-16 15:00:00,61.362755,44.1,-17.262754821777342
2017-01-16 18:00:00,51.094276,36.4,-14.694276428222658
2017-01-16 21:00:00,32.456,25.9,-6.556001281738283
2017-01-17 00:00:00,25.818735,35.9,10.081264877319335
2017-01-17 03:00:00,26.281668,41.9,15.618332290649413
2017-01-17 06:00:00,31.521494,46.8,15.278506088256833
2017-01-18 12:00:00,26.383759,31.8,5.416241455078126
2017-01-18 15:00:00,25.25701,31.5,6.242990493774414
2017-01-22 09:00:00,45.301476,49.3,3.9985244750976534
2017-01-22 12:00:00,55.99702,55.1,-0.8970207214355455
2017-01-22 15:00:00,55.767372,55.1,-0.6673721313476548
2017-01-22 18:00:00,48.31827,55.8,7.4817283630371065
2017-01-22 21:00:00,35.719948,43.4,7.680052185058592
2017-01-23 00:00:00,27.649094,44.7,17.050906372070315
2017-01-23 03:00:00,25.420378,52.9,27.479622268676756
2017-01-23 06:00:00,39.96388,37.6,-2.3638786315917955
2017-01-23 09:00:00,48.774155,36.2,-12.574154663085935
2017-01-23 12:00:00,42.18305,41.0,-1.1830482482910156
2017-01-23 15:00:00,38.20014,37.8,-0.4001419067382841
2017-01-23 18:00:00,35.67993,28.9,-6.779931640625001
2017-01-23 21:00:00,35.534866,24.4,-11.134866333007814
2017-01-24 00:00:00,46.228706,33.1,-13.12870635986328
2017-01-24 03:00:00,61.064384,32.2,-28.864384460449216
2017-01-24 06:00:00,70.28848,36.1,-34.188482666015624
2017-01-24 09:00:00,57.464375,38.8,-18.66437454223633
2017-01-24 12:00:00,51.213646,32.4,-18.813645935058595
2017-01-24 15:00:00,52.413498,31.6,-20.813497924804686
2017-01-24 18:00:00,56.83023,33.8,-23.030230712890628
2017-01-24 21:00:00,70.35532,38.0,-32.355323791503906
2017-01-25 00:00:00,52.410088,41.0,-11.410087585449219
2017-01-25 03:00:00,78.02725,36.8,-41.22725219726563
2017-01-25 06:00:00,84.37365,38.3,-46.07364959716797
2017-01-25 09:00:00,65.54614,41.5,-24.046142578125
2017-01-25 12:00:00,61.962624,43.4,-18.562623596191408
2017-01-25 15:00:00,58.144394,38.7,-19.444393920898435
2017-01-25 18:00:00,54.954113,41.7,-13.254113006591794
2017-01-25 21:00:00,52.70141,64.2,11.498591613769534
2017-01-26 00:00:00,50.156017,65.1,14.943982696533197
2017-01-26 03:00:00,55.757027,66.1,10.342973327636713
2017-01-26 06:00:00,64.657455,77.0,12.342544555664062
2017-01-26 09:00:00,52.865517,57.9,5.034483337402342
2017-01-26 12:00:00,46.056583,40.7,-5.356583404541013
2017-01-26 15:00:00,42.324017,46.8,4.475983428955075
2017-01-26 18:00:00,37.65399,50.7,13.046008300781253
2017-01-26 21:00:00,32.95736,47.9,14.942640686035155
2017-01-27 00:00:00,31.112223,44.1,12.987777328491212
2017-01-27 03:00:00,30.210459,41.5,11.289541244506836
2017-01-27 12:00:00,27.069063,40.9,13.83093681335449
2017-01-27 15:00:00,36.822144,37.6,0.7778564453125014
2017-01-27 18:00:00,41.5082,31.4,-10.108201599121095
2017-01-27 21:00:00,42.14428,28.0,-14.144279479980469
2017-01-28 00:00:00,66.96297,27.9,-39.062966918945314
2017-01-28 03:00:00,75.86334,34.5,-41.36334228515625
2017-01-28 06:00:00,86.29547,40.1,-46.19547119140625
2017-01-28 09:00:00,93.40351,36.7,-56.70351104736328
2017-01-28 12:00:00,65.70496,36.9,-28.804963684082033
2017-01-28 15:00:00,73.28316,34.6,-38.68315734863281
2017-01-28 18:00:00,87.461845,35.2,-52.261845397949216
2017-01-28 21:00:00,98.48003,48.2,-50.280026245117185
2017-01-29 00:00:00,50.19683,102.5,52.30316925048828
2017-01-29 03:00:00,66.787605,85.3,18.512394714355466
2017-01-29 06:00:00,69.2861,70.6,1.3138977050781193
2017-01-29 09:00:00,65.08435,75.9,10.815649414062506
2017-01-29 12:00:00,70.15518,56.2,-13.955181884765622
2017-01-29 15:00:00,51.227062,36.5,-14.727062225341797
2017-01-29 18:00:00,37.325207,23.5,-13.825206756591797
2017-01-29 21:00:00,32.98385,24.3,-8.683848571777343
2017-01-30 00:00:00,54.440308,27.4,-27.0403076171875
2017-01-30 03:00:00,52.170208,25.4,-26.770207977294923
2017-01-30 06:00:00,46.292145,29.8,-16.492144775390624
2017-01-30 09:00:00,38.00602,28.3,-9.706019592285156
2017-01-30 12:00:00,33.777523,55.8,22.022476959228513
2017-01-30 15:00:00,31.473234,237.9,206.42676582336426
2017-01-30 18:00:00,28.720478,56.6,27.879521942138673
2017-01-30 21:00:00,25.82999,31.0,5.170009613037109
2017-01-31 00:00:00,44.60719,32.7,-11.907189178466794
2017-01-31 03:00:00,44.62731,30.0,-14.627311706542969
2017-01-31 06:00:00,46.693684,44.0,-2.693683624267578
2017-01-31 09:00:00,48.80576,42.4,-6.405759429931642
2017-01-31 12:00:00,57.728245,51.0,-6.728244781494141
2017-01-31 15:00:00,57.4812,44.4,-13.081201171875001
2017-01-31 18:00:00,55.052055,30.5,-24.55205535888672
2017-01-31 21:00:00,50.684776,34.1,-16.584776306152342
2017-02-01 00:00:00,82.80154,38.5,-44.301536560058594
2017-02-01 06:00:00,104.12964,46.6,-57.529638671875
2017-02-01 09:00:00,195.83626,107.0,-88.83625793457031
2017-02-01 12:00:00,221.31508,141.7,-79.61507873535157
2017-02-01 15:00:00,154.87091,89.7,-65.17091064453125
2017-02-01 18:00:00,100.331245,58.0,-42.33124542236328
2017-02-01 21:00:00,77.93449,50.8,-27.13448638916016
2017-02-02 00:00:00,78.142876,42.4,-35.74287567138672
2017-02-02 03:00:00,49.406025,24.9,-24.50602493286133
2017-02-02 06:00:00,40.6244,29.6,-11.024401092529295
2017-02-02 09:00:00,49.00835,40.8,-8.208350372314456
2017-02-02 12:00:00,70.87482,38.3,-32.57481689453125
2017-02-02 15:00:00,79.73404,52.5,-27.234039306640625
2017-02-02 18:00:00,78.857735,89.2,10.342265319824222
2017-02-02 21:00:00,89.36331,78.6,-10.76331176757813
2017-02-03 00:00:00,105.65054,67.5,-38.150543212890625
2017-02-03 03:00:00,107.74238,54.6,-53.14237823486328
2017-02-03 06:00:00,99.11582,80.8,-18.31582183837891
2017-02-03 09:00:00,82.44069,124.1,41.65931091308593
2017-02-03 12:00:00,76.91983,96.0,19.080169677734375
2017-02-03 15:00:00,63.406788,76.0,12.593212127685547
2017-02-03 18:00:00,47.721188,37.9,-9.821187591552736
2017-02-03 21:00:00,40.62531,30.9,-9.725308990478517
2017-02-04 00:00:00,49.490154,27.8,-21.69015426635742
2017-02-04 03:00:00,48.949913,27.5,-21.449913024902344
2017-02-04 06:00:00,57.314083,26.9,-30.414083099365236
2017-02-04 09:00:00,40.670784,26.7,-13.970783996582032
2017-02-04 12:00:00,26.484259,28.9,2.4157413482666
2017-02-04 15:00:00,22.861628,27.9,5.038372421264647
2017-02-04 18:00:00,25.158329,21.8,-3.358329010009765
2017-02-04 21:00:00,29.106672,19.4,-9.706672286987306
2017-02-05 00:00:00,37.308723,21.3,-16.00872344970703
2017-02-05 03:00:00,44.364697,27.0,-17.364696502685547
2017-02-05 06:00:00,58.03156,40.3,-17.73155899047852
2017-02-05 09:00:00,52.56095,33.5,-19.060951232910156
2017-02-05 12:00:00,40.260887,35.1,-5.160887145996092
2017-02-05 15:00:00,32.105278,33.5,1.3947219848632812
2017-02-05 18:00:00,26.583792,36.0,9.416208267211914
2017-02-05 21:00:00,24.950281,54.8,29.84971885681152
2017-02-06 00:00:00,17.67512,54.8,37.12488059997558
2017-02-06 03:00:00,17.563082,56.3,38.73691825866699
2017-02-06 06:00:00,16.322474,56.9,40.57752647399902
2017-02-06 09:00:00,18.693527,59.3,40.60647277832031
2017-02-06 12:00:00,24.431189,53.7,29.26881141662598
2017-02-06 15:00:00,51.12895,52.4,1.2710517883300767
2017-02-06 18:00:00,57.09745,46.3,-10.797450256347659
2017-02-06 21:00:00,54.687576,33.1,-21.58757629394531
2017-02-07 00:00:00,24.764177,29.7,4.935822677612304
2017-02-07 03:00:00,30.363935,26.7,-3.6639354705810554
2017-02-07 06:00:00,31.876766,34.5,2.6232337951660156
2017-02-07 09:00:00,25.93697,47.2,21.263030242919925
2017-02-07 12:00:00,24.922884,55.0,30.077116012573242
2017-02-07 15:00:00,31.21835,49.6,18.381650543212892
2017-02-07 18:00:00,35.489677,40.0,4.510322570800781
2017-02-07 21:00:00,41.55652,41.5,-0.0565185546875
2017-02-08 00:00:00,45.612183,43.9,-1.7121826171875014
2017-02-08 03:00:00,36.385815,55.2,18.814185333251956
2017-02-08 06:00:00,36.12047,48.2,12.079531860351565
2017-02-08 09:00:00,34.050232,40.8,6.749768066406247
2017-02-08 12:00:00,48.762386,32.9,-15.862386322021486
2017-02-08 15:00:00,46.80561,33.7,-13.105610656738278
2017-02-08 18:00:00,45.152832,33.4,-11.752832031250001
2017-02-08 21:00:00,44.00283,35.0,-9.002830505371094
2017-02-09 00:00:00,51.6676,35.8,-15.867598724365237
2017-02-09 03:00:00,55.006695,40.6,-14.40669479370117
2017-02-09 06:00:00,59.67172,57.5,-2.1717185974121094
2017-02-09 09:00:00,54.840824,42.0,-12.840824127197266
2017-02-09 12:00:00,42.430656,46.8,4.369343566894528
2017-02-09 15:00:00,50.586094,48.3,-2.2860939025878935
2017-02-09 18:00:00,44.202293,55.9,11.697706604003905
2017-02-09 21:00:00,34.476555,59.2,24.723445129394534
2017-02-10 00:00:00,72.47138,43.6,-28.87138214111328
2017-02-10 03:00:00,66.24441,46.3,-19.944407653808597
2017-02-10 06:00:00,60.834282,49.7,-11.134281921386716
2017-02-10 09:00:00,55.827682,53.3,-2.5276824951171903
2017-02-10 12:00:00,56.8329,64.2,7.36709899902344
2017-02-10 15:00:00,58.794056,78.8,20.005944061279294
2017-02-10 18:00:00,59.00756,55.5,-3.5075607299804688
2017-02-10 21:00:00,57.263832,71.9,14.63616790771485
2017-02-11 00:00:00,48.05247,69.9,21.847528839111334
2017-02-11 03:00:00,65.52818,66.5,0.9718170166015625
2017-02-11 06:00:00,94.89173,83.3,-11.591731262207034
2017-02-11 09:00:00,110.4126,84.1,-26.312597656250006
2017-02-11 12:00:00,100.157196,52.9,-47.257196044921876
2017-02-11 15:00:00,76.319626,54.6,-21.719625854492186
2017-02-11 18:00:00,60.308876,45.4,-14.908876037597658
2017-02-11 21:00:00,60.323486,38.7,-21.623486328124997
2017-02-12 00:00:00,36.626717,32.9,-3.7267166137695327
2017-02-12 03:00:00,32.245453,32.9,0.6545471191406236
2017-02-12 06:00:00,20.999779,28.9,7.900221252441405
2017-02-12 09:00:00,19.934675,23.0,3.0653247833251953
2017-02-12 12:00:00,25.462555,29.6,4.137445068359376
2017-02-12 15:00:00,28.933983,32.4,3.466017150878905
2017-02-12 18:00:00,31.266836,33.3,2.033163833618161
2017-02-12 21:00:00,38.14864,30.5,-7.648639678955078
2017-02-13 00:00:00,43.753345,27.0,-16.753345489501953
2017-02-13 03:00:00,44.945408,31.1,-13.84540786743164
2017-02-13 06:00:00,42.295937,29.2,-13.095936584472657
2017-02-13 09:00:00,100.4401,56.2,-44.24010162353515
2017-02-13 12:00:00,152.50987,212.1,59.59012756347656
2017-02-13 15:00:00,162.9133,141.6,-21.31329956054688
2017-02-13 18:00:00,135.47844,115.3,-20.17843933105469
2017-02-13 21:00:00,127.8961,104.3,-23.59610290527344
2017-02-14 00:00:00,104.76697,102.6,-2.1669677734375057
2017-02-14 03:00:00,96.81662,103.3,6.483380126953122
2017-02-14 06:00:00,96.23545,67.0,-29.235450744628906
2017-02-14 09:00:00,88.78237,48.6,-40.18237152099609
2017-02-14 12:00:00,86.227715,37.1,-49.12771453857422
2017-02-14 15:00:00,87.26494,31.7,-55.564938354492185
2017-02-14 18:00:00,75.857086,29.4,-46.457086181640626
2017-02-14 21:00:00,67.78373,28.6,-39.183729553222655
2017-02-15 00:00:00,53.706573,24.3,-29.406573486328124
2017-02-15 03:00:00,46.14867,22.2,-23.948670196533204
2017-02-15 06:00:00,44.460876,18.2,-26.26087646484375
2017-02-15 09:00:00,49.841675,25.3,-24.5416748046875
2017-02-15 12:00:00,59.707928,30.4,-29.307927703857423
2017-02-15 15:00:00,68.12343,36.4,-31.723428344726564
2017-02-15 18:00:00,63.649734,43.8,-19.849734497070315
2017-02-15 21:00:00,59.33657,36.2,-23.13657073974609
2017-02-16 00:00:00,71.72048,25.5,-46.220481872558594
2017-02-16 03:00:00,68.27514,30.1,-38.17513885498047
2017-02-16 06:00:00,68.11712,30.3,-37.81711883544922
2017-02-16 09:00:00,77.033745,39.0,-38.03374481201172
2017-02-16 12:00:00,73.59358,31.3,-42.293582153320315
2017-02-16 15:00:00,76.16478,29.9,-46.26477966308594
2017-02-16 18:00:00,75.7093,26.3,-49.409297180175784
2017-02-16 21:00:00,74.09721,29.7,-44.397213745117185
2017-02-17 00:00:00,76.98691,41.9,-35.086907958984376
2017-02-17 03:00:00,75.069695,35.8,-39.26969451904297
2017-02-17 06:00:00,69.688896,31.8,-37.88889617919922
2017-02-17 09:00:00,67.4346,35.9,-31.534600830078126
2017-02-17 12:00:00,49.679897,39.3,-10.379897308349612
2017-02-17 15:00:00,45.748154,39.2,-6.548153686523435
2017-02-17 18:00:00,54.053997,27.8,-26.25399703979492
2017-02-17 21:00:00,61.854736,22.5,-39.354736328125
2017-02-18 00:00:00,49.94763,22.3,-27.6476318359375
2017-02-18 03:00:00,46.806236,27.0,-19.806236267089844
2017-02-18 06:00:00,41.73353,33.8,-7.933528137207034
2017-02-18 09:00:00,29.74525,19.8,-9.945250701904296
2017-02-18 12:00:00,34.306366,21.1,-13.206365966796874
2017-02-18 15:00:00,51.145092,84.0,32.85490798950195
2017-02-18 18:00:00,63.93111,227.6,163.66888961791992
2017-02-18 21:00:00,72.14635,155.7,83.55365295410155
2017-02-19 00:00:00,81.3975,78.1,-3.297499084472662
2017-02-19 03:00:00,75.80593,65.8,-10.005931091308597
2017-02-19 06:00:00,68.52133,62.9,-5.621331787109376
2017-02-19 09:00:00,59.182865,69.3,10.117134857177732
2017-02-19 12:00:00,69.92991,79.2,9.270091247558597
2017-02-19 15:00:00,62.850517,79.7,16.849482727050784
2017-02-19 18:00:00,56.77646,152.7,95.92354125976561
2017-02-19 21:00:00,50.95808,75.2,24.241919708251956
2017-02-20 00:00:00,50.211613,41.6,-8.611612701416014
2017-02-20 03:00:00,41.6411,40.6,-1.0411018371582017
2017-02-20 06:00:00,38.67649,36.9,-1.7764907836914077
2017-02-20 09:00:00,33.70508,27.3,-6.405078124999999
2017-02-20 12:00:00,21.392567,30.0,8.607433319091797
2017-02-20 15:00:00,23.758047,30.4,6.641952896118163
2017-02-20 18:00:00,25.186466,30.2,5.013533782958984
2017-02-20 21:00:00,27.693829,29.1,1.4061714172363295
2017-02-21 00:00:00,10.968734,39.0,28.03126621246338
2017-02-21 03:00:00,17.999128,41.0,23.000871658325195
2017-02-21 06:00:00,32.737946,44.1,11.362054443359376
2017-02-21 09:00:00,35.51696,43.6,8.083039855957033
2017-02-21 12:00:00,44.849827,40.3,-4.5498268127441435
2017-02-21 15:00:00,42.48386,41.7,-0.7838600158691378
2017-02-21 18:00:00,46.405888,46.0,-0.4058876037597656
2017-02-21 21:00:00,50.057564,45.9,-4.157563781738283
2017-02-22 00:00:00,85.28928,46.8,-38.48928375244141
2017-02-22 03:00:00,90.293045,57.8,-32.493045043945315
2017-02-22 06:00:00,100.68112,72.7,-27.981121826171872
2017-02-22 09:00:00,78.02933,43.5,-34.529327392578125
2017-02-22 12:00:00,52.61603,36.6,-16.016031646728514
2017-02-22 15:00:00,50.835583,33.7,-17.135582733154294
2017-02-22 18:00:00,49.22998,38.2,-11.029980468749997
2017-02-22 21:00:00,47.274055,49.7,2.4259445190429716
2017-02-23 00:00:00,31.016384,57.0,25.98361587524414
2017-02-23 03:00:00,32.652565,68.5,35.847434997558594
2017-02-23 06:00:00,38.12704,66.4,28.272959136962896
2017-02-23 09:00:00,33.808617,45.6,11.791383361816408
2017-02-23 12:00:00,70.816925,36.9,-33.916925048828126
2017-02-23 15:00:00,65.87851,32.1,-33.778509521484374
2017-02-23 18:00:00,62.6801,40.2,-22.480099487304685
2017-02-23 21:00:00,64.71078,60.6,-4.110777282714842
2017-02-24 00:00:00,67.33995,72.3,4.96004943847656
2017-02-24 03:00:00,72.56682,52.6,-19.966818237304686
2017-02-24 06:00:00,90.94566,42.8,-48.14566345214844
2017-02-24 09:00:00,99.259834,41.2,-58.05983428955078
2017-02-24 12:00:00,79.25234,35.7,-43.55234222412109
2017-02-24 15:00:00,80.70651,40.1,-40.606512451171874
2017-02-24 18:00:00,74.49665,59.6,-14.89665069580078
2017-02-24 21:00:00,65.98936,42.7,-23.289356994628903
2017-02-25 00:00:00,9.566975,40.9,31.33302536010742
2017-02-25 03:00:00,15.162584,45.9,30.73741569519043
2017-02-25 06:00:00,26.721182,55.9,29.178818130493163
2017-02-25 09:00:00,41.934696,50.5,8.565303802490234
2017-02-25 12:00:00,40.82767,34.8,-6.0276710510253935
2017-02-25 15:00:00,46.144978,33.0,-13.144977569580078
2017-02-25 18:00:00,45.290337,35.2,-10.090336608886716
2017-02-25 21:00:00,44.255104,47.1,2.844895935058595
2017-02-26 00:00:00,25.383144,51.6,26.216855621337892
2017-02-26 03:00:00,26.847374,54.0,27.152626037597656
2017-02-26 06:00:00,40.184772,60.8,20.61522750854492
2017-02-26 09:00:00,56.21649,69.7,13.483508300781253
2017-02-26 12:00:00,62.82812,56.5,-6.328121185302734
2017-02-26 15:00:00,63.350002,51.2,-12.150002288818357
2017-02-26 18:00:00,56.963074,47.8,-9.163073730468753
2017-02-26 21:00:00,49.19474,50.6,1.4052597045898452
2017-02-27 00:00:00,17.479124,51.1,33.620875930786134
2017-02-27 03:00:00,39.50993,48.9,9.390070343017577
2017-02-27 06:00:00,72.32586,46.0,-26.32585906982422
2017-02-27 09:00:00,79.4318,44.1,-35.331800842285155
2017-02-27 12:00:00,48.733795,42.1,-6.633795166015624
2017-02-27 15:00:00,42.047077,41.0,-1.0470771789550781
2017-02-27 18:00:00,38.464405,39.8,1.335594940185544
2017-02-27 21:00:00,38.061047,42.5,4.438953399658203
2017-02-28 00:00:00,30.845171,48.7,17.854829025268558
2017-02-28 03:00:00,36.486084,52.5,16.013916015625
2017-02-28 06:00:00,45.326942,56.6,11.273057556152345
2017-02-28 09:00:00,50.272377,46.2,-4.072377014160153
2017-02-28 12:00:00,44.087215,31.6,-12.487215423583983
2017-02-28 15:00:00,48.112495,42.2,-5.912495422363278
2017-02-28 18:00:00,47.344032,58.4,11.055967712402342
2017-02-28 21:00:00,45.339676,104.5,59.16032409667969
2017-03-01 00:00:00,80.6192,131.9,51.280798339843756
2017-03-01 06:00:00,80.07066,102.5,22.429336547851562
2017-03-01 09:00:00,80.743065,55.9,-24.843064880371095
2017-03-01 12:00:00,39.088234,60.9,21.811766052246092
2017-03-01 15:00:00,38.999245,57.1,18.100755310058595
2017-03-01 18:00:00,33.333946,51.2,17.86605377197266
2017-03-01 21:00:00,31.565264,41.6,10.034736251831056
2017-03-02 00:00:00,32.457764,45.8,13.342236328124997
2017-03-02 03:00:00,38.665462,46.5,7.834537506103516
2017-03-02 06:00:00,37.31583,51.7,14.384169769287112
2017-03-02 09:00:00,44.76465,43.7,-1.0646484374999972
2017-03-02 12:00:00,25.088411,43.8,18.71158866882324
2017-03-02 15:00:00,29.0039,45.1,16.0960994720459
2017-03-02 18:00:00,33.001186,43.2,10.198813629150393
2017-03-02 21:00:00,35.836365,42.4,6.563635253906249
2017-03-03 00:00:00,52.55481,56.7,4.145190429687503
2017-03-03 03:00:00,53.939514,50.9,-3.0395141601562514
2017-03-03 06:00:00,60.2289,55.0,-5.228900909423828
2017-03-03 09:00:00,62.94067,53.1,-9.840670013427733
2017-03-03 12:00:00,55.06837,51.2,-3.868370819091794
2017-03-03 15:00:00,45.01061,40.6,-4.410608673095702
2017-03-03 18:00:00,24.83398,35.6,10.766019439697267
2017-03-03 21:00:00,21.564005,34.1,12.535995101928712
2017-03-04 00:00:00,23.301254,39.5,16.198745727539062
2017-03-04 03:00:00,23.512144,59.0,35.48785591125488
2017-03-04 06:00:00,25.29424,73.1,47.80575904846191
2017-03-04 09:00:00,33.25556,73.6,40.34443817138671
2017-03-04 12:00:00,47.322174,65.9,18.57782592773438
2017-03-04 15:00:00,46.04141,42.8,-3.241408538818362
2017-03-04 18:00:00,46.36894,37.8,-8.568938446044925
2017-03-04 21:00:00,49.74379,34.2,-15.54378967285156
2017-03-05 00:00:00,39.445923,37.7,-1.7459228515624972
2017-03-05 03:00:00,44.348667,56.4,12.051332855224608
2017-03-05 06:00:00,48.128555,69.1,20.971444702148432
2017-03-05 09:00:00,49.99694,88.7,38.703059387207034
2017-03-05 12:00:00,30.99629,74.3,43.30370979309082
2017-03-05 15:00:00,32.88574,54.8,21.914261627197263
2017-03-05 18:00:00,34.936024,46.7,11.7639762878418
2017-03-05 21:00:00,37.51535,48.6,11.084649658203126
2017-03-06 00:00:00,93.60349,46.3,-47.30349273681641
2017-03-06 03:00:00,71.04904,43.6,-27.449041748046874
2017-03-06 06:00:00,46.41663,30.2,-16.216629791259766
2017-03-06 09:00:00,34.667267,35.0,0.332733154296875
2017-03-06 12:00:00,11.72998,37.6,25.87001953125
2017-03-06 15:00:00,14.257239,29.4,15.142760658264159
2017-03-06 18:00:00,17.637945,25.0,7.362054824829102
2017-03-06 21:00:00,24.233145,28.0,3.766855239868164
2017-03-07 00:00:00,31.313675,31.7,0.3863250732421868
2017-03-07 03:00:00,43.437466,48.0,4.562534332275391
2017-03-07 06:00:00,56.27686,47.2,-9.076859283447263
2017-03-07 09:00:00,58.999775,32.1,-26.899774932861327
2017-03-07 12:00:00,56.470127,32.1,-24.37012710571289
2017-03-07 15:00:00,52.978065,30.0,-22.978065490722656
2017-03-07 18:00:00,45.96859,30.6,-15.368589782714842
2017-03-07 21:00:00,40.727856,36.2,-4.527855682373044
2017-03-08 00:00:00,76.67927,43.7,-32.97926788330078
2017-03-08 03:00:00,73.11769,54.7,-18.41769104003906
2017-03-08 06:00:00,75.60379,52.3,-23.303790283203128
2017-03-08 09:00:00,68.95487,45.5,-23.454872131347656
2017-03-08 12:00:00,52.725655,42.8,-9.925654602050784
2017-03-08 15:00:00,44.809895,36.2,-8.609894561767575
2017-03-09 00:00:00,23.97053,35.4,11.429470443725585
2017-03-09 03:00:00,16.932177,35.1,18.16782341003418
2017-03-09 06:00:00,22.683708,41.9,19.21629180908203
2017-03-09 09:00:00,36.608356,42.9,6.2916435241699205
2017-03-09 12:00:00,23.344568,45.4,22.055431747436522
2017-03-09 15:00:00,28.028353,41.0,12.971647262573242
2017-03-09 18:00:00,30.820501,29.9,-0.9205013275146499
2017-03-09 21:00:00,32.114487,33.5,1.3855133056640625
2017-03-10 00:00:00,93.40465,38.6,-54.804647827148436
2017-03-10 03:00:00,101.25154,39.4,-61.851541137695314
2017-03-10 06:00:00,101.473236,39.4,-62.073236083984376
2017-03-10 09:00:00,85.26993,38.2,-47.06992797851562
2017-03-10 12:00:00,49.82485,37.8,-12.024848175048831
2017-03-10 15:00:00,53.163605,38.6,-14.563604736328124
2017-03-10 18:00:00,55.01704,42.2,-12.817040252685544
2017-03-10 21:00:00,49.922848,42.5,-7.422847747802734
2017-03-11 00:00:00,47.48881,41.0,-6.488811492919922
2017-03-11 03:00:00,40.510258,43.1,2.589742279052736
2017-03-11 06:00:00,39.392715,42.1,2.707284545898439
2017-03-11 09:00:00,41.903603,55.0,13.096397399902344
2017-03-11 12:00:00,55.96638,63.8,7.83361892700195
2017-03-11 15:00:00,50.645554,53.2,2.5544464111328153
2017-03-11 18:00:00,39.18103,57.5,18.3189697265625
2017-03-11 21:00:00,34.999744,52.4,17.400255584716795
2017-03-12 00:00:00,60.330082,50.3,-10.030081939697268
2017-03-12 03:00:00,43.965427,50.8,6.8345726013183565
2017-03-12 06:00:00,43.172123,52.8,9.627877044677732
2017-03-12 09:00:00,50.61497,68.6,17.985028839111322
2017-03-12 12:00:00,59.63659,57.9,-1.7365890502929702
2017-03-12 15:00:00,58.937645,62.7,3.762355041503909
2017-03-12 18:00:00,53.058556,60.1,7.041444396972658
2017-03-12 21:00:00,42.032867,51.5,9.467132568359375
2017-03-13 00:00:00,36.39855,45.9,9.501451873779295
2017-03-13 03:00:00,47.24103,49.3,2.0589683532714815
2017-03-13 06:00:00,76.69979,66.6,-10.09979095458985
2017-03-13 09:00:00,110.987,68.3,-42.68699951171875
2017-03-13 12:00:00,120.632935,56.7,-63.9329345703125
2017-03-13 15:00:00,124.57747,41.3,-83.27746887207032
2017-03-13 18:00:00,126.2149,36.5,-89.71489715576172
2017-03-13 21:00:00,144.89717,32.3,-112.59717102050782
2017-03-14 03:00:00,235.6785,475.2,239.52150268554686
2017-03-14 06:00:00,174.67062,326.4,151.7293762207031
2017-03-14 09:00:00,138.50723,229.1,90.59276733398437
2017-03-14 12:00:00,135.47105,103.6,-31.871054077148443
2017-03-14 15:00:00,122.747734,95.3,-27.44773406982422
2017-03-14 18:00:00,93.39715,79.3,-14.097148132324222
2017-03-14 21:00:00,67.626274,68.0,0.37372589111328125
2017-03-15 00:00:00,50.505947,40.8,-9.705947113037112
2017-03-15 03:00:00,48.999256,30.5,-18.499256134033203
2017-03-15 06:00:00,50.264816,28.9,-21.36481628417969
2017-03-15 09:00:00,53.346127,29.3,-24.046126556396484
2017-03-15 12:00:00,127.77321,28.8,-98.97320861816407
2017-03-15 15:00:00,128.86926,35.0,-93.8692626953125
2017-03-15 18:00:00,103.06212,44.0,-59.06211853027344
2017-03-15 21:00:00,81.13966,43.0,-38.13966369628906
2017-03-16 00:00:00,67.52862,47.0,-20.52861785888672
2017-03-16 03:00:00,74.17248,37.0,-37.17247772216797
2017-03-16 06:00:00,72.28368,55.0,-17.28368377685547
2017-03-16 09:00:00,75.267845,46.0,-29.267845153808594
2017-03-16 12:00:00,106.20101,38.0,-68.20101165771484
2017-03-16 15:00:00,107.00296,31.0,-76.00296020507812
2017-03-16 18:00:00,102.25142,31.0,-71.25141906738281
2017-03-16 21:00:00,96.167694,35.0,-61.167694091796875
2017-03-17 00:00:00,14.927537,28.0,13.072463035583496
2017-03-17 03:00:00,81.82815,30.0,-51.828147888183594
2017-03-17 06:00:00,184.25243,68.0,-116.25242614746094
2017-03-17 09:00:00,174.41447,64.0,-110.41447448730469
2017-03-17 12:00:00,218.21443,121.0,-97.21443176269531
2017-03-17 15:00:00,186.64764,56.0,-130.64764404296875
2017-03-17 18:00:00,166.00972,59.0,-107.00971984863281
2017-03-17 21:00:00,145.36726,61.0,-84.36726379394531
2017-03-18 00:00:00,87.16006,52.0,-35.160057067871094
2017-03-18 03:00:00,82.91363,49.0,-33.91362762451172
2017-03-18 06:00:00,81.752884,63.0,-18.752883911132812
2017-03-18 09:00:00,85.94293,74.0,-11.94293212890625
2017-03-18 12:00:00,124.59424,62.0,-62.59423828125
2017-03-18 15:00:00,129.2418,70.0,-59.24180603027344
2017-03-18 18:00:00,132.79373,85.0,-47.793731689453125
2017-03-18 21:00:00,134.7903,79.0,-55.79029846191406
2017-03-19 00:00:00,141.83842,91.0,-50.83842468261719
2017-03-19 03:00:00,129.60254,107.0,-22.6025390625
2017-03-19 06:00:00,118.26842,94.0,-24.268417358398438
2017-03-19 09:00:00,106.42447,85.0,-21.424468994140625
2017-03-19 12:00:00,66.064896,40.0,-26.064895629882812
2017-03-19 15:00:00,45.935623,49.0,3.0643768310546875
2017-03-19 18:00:00,53.921555,31.0,-22.921554565429688
2017-03-19 21:00:00,60.264256,33.0,-27.26425552368164
2017-03-20 00:00:00,46.675495,40.0,-6.675495147705078
2017-03-20 03:00:00,38.322243,43.0,4.677757263183594
2017-03-20 06:00:00,109.45161,42.0,-67.45160675048828
2017-03-20 09:00:00,221.94582,324.0,102.05418395996094
2017-03-20 12:00:00,203.71231,447.0,243.28768920898438
2017-03-20 15:00:00,161.68292,50.0,-111.68292236328125
2017-03-20 18:00:00,115.12634,41.0,-74.1263427734375
2017-03-20 21:00:00,86.73396,33.0,-53.73396301269531
2017-03-21 00:00:00,44.881744,45.0,0.118255615234375
2017-03-21 03:00:00,47.150932,53.0,5.849067687988281
2017-03-21 06:00:00,54.99612,45.0,-9.99612045288086
2017-03-21 09:00:00,61.29153,56.0,-5.291530609130859
2017-03-21 12:00:00,58.10966,58.0,-0.10966110229492188
2017-03-21 15:00:00,62.254913,52.0,-10.254913330078125
2017-03-21 18:00:00,62.775597,57.0,-5.775596618652344
2017-03-21 21:00:00,63.091194,61.0,-2.0911941528320312
2017-03-22 00:00:00,97.3896,60.0,-37.38960266113281
2017-03-22 03:00:00,93.279144,70.0,-23.279144287109375
2017-03-22 06:00:00,95.912926,60.0,-35.912925720214844
2017-03-22 09:00:00,90.76734,60.0,-30.76734161376953
2017-03-22 12:00:00,66.902885,68.0,1.0971145629882812
2017-03-22 15:00:00,75.199974,57.0,-18.199974060058594
2017-03-22 18:00:00,67.153336,58.0,-9.153335571289062
2017-03-22 21:00:00,60.036312,53.0,-7.036312103271484
2017-03-23 00:00:00,85.1494,60.0,-25.149398803710938
2017-03-23 03:00:00,85.83276,46.0,-39.832763671875
2017-03-23 06:00:00,86.017166,32.0,-54.01716613769531
2017-03-23 09:00:00,81.45395,38.0,-43.453948974609375
2017-03-23 12:00:00,59.84458,50.0,-9.844581604003906
2017-03-23 15:00:00,61.5712,39.0,-22.57120132446289
2017-03-23 18:00:00,82.837685,58.0,-24.837684631347656
2017-03-23 21:00:00,107.879715,52.0,-55.87971496582031
2017-03-24 00:00:00,56.431873,40.0,-16.431873321533203
2017-03-24 03:00:00,74.83652,32.0,-42.836517333984375
2017-03-24 06:00:00,79.07874,32.0,-47.07874298095703
2017-03-24 09:00:00,87.00036,40.0,-47.00035858154297
2017-03-24 12:00:00,84.45466,30.0,-54.45465850830078
2017-03-24 15:00:00,89.79282,34.0,-55.792823791503906
2017-03-24 18:00:00,98.65812,26.0,-72.65811920166016
2017-03-24 21:00:00,86.38085,20.0,-66.38085174560547
2017-03-25 00:00:00,48.573837,27.0,-21.573837280273438
2017-03-25 03:00:00,46.82977,27.0,-19.829769134521484
2017-03-25 06:00:00,54.26574,26.0,-28.26573944091797
2017-03-25 09:00:00,73.086426,54.0,-19.08642578125
2017-03-25 12:00:00,137.95773,71.0,-66.95773315429688
2017-03-25 15:00:00,156.61897,77.0,-79.61897277832031
2017-03-25 18:00:00,111.88831,61.0,-50.88831329345703
2017-03-25 21:00:00,46.348076,68.0,21.65192413330078
2017-03-26 00:00:00,75.104256,35.0,-40.10425567626953
2017-03-26 03:00:00,79.627396,21.0,-58.62739562988281
2017-04-03 12:00:00,137.84052,45.0,-92.84051513671875
2017-04-03 15:00:00,85.05219,42.0,-43.05219268798828
2017-04-03 18:00:00,55.70837,23.0,-32.708370208740234
2017-04-03 21:00:00,44.588886,22.0,-22.588886260986328
2017-04-04 00:00:00,79.257,27.0,-52.25700378417969
2017-04-04 03:00:00,65.278076,23.0,-42.278076171875
2017-04-04 06:00:00,35.92686,24.0,-11.926860809326172
2017-04-04 09:00:00,23.881397,28.0,4.118602752685547
2017-04-04 12:00:00,29.667263,29.0,-0.6672630310058594
2017-04-04 15:00:00,30.672255,18.0,-12.67225456237793
2017-04-04 18:00:00,31.08255,24.0,-7.082550048828125
2017-04-04 21:00:00,31.790478,34.0,2.209522247314453
2017-04-05 00:00:00,88.2726,28.0,-60.27259826660156
2017-04-05 03:00:00,93.587234,26.0,-67.58723449707031
2017-04-05 06:00:00,62.791515,45.0,-17.791515350341797
2017-04-05 09:00:00,30.582327,18.0,-12.582326889038086
2017-04-05 12:00:00,24.23917,16.0,-8.23917007446289
2017-04-05 15:00:00,18.26652,26.0,7.733480453491211
2017-04-05 18:00:00,14.53202,28.0,13.46798038482666
2017-04-05 21:00:00,14.054081,32.0,17.945919036865234
2017-04-06 00:00:00,0.75692695,26.0,25.243073046207428
2017-04-06 03:00:00,4.7562027,29.0,24.243797302246094
2017-04-06 06:00:00,6.491291,19.0,12.508708953857422
2017-04-06 09:00:00,15.178671,16.0,0.8213291168212891
2017-04-06 12:00:00,37.052814,27.0,-10.052814483642578
2017-04-06 15:00:00,37.40638,29.0,-8.406379699707031
2017-04-06 18:00:00,33.782272,22.0,-11.782272338867188
2017-04-06 21:00:00,29.67738,31.0,1.3226203918457031
2017-04-07 00:00:00,0.0,45.0,45.0
2017-04-07 03:00:00,0.0,30.0,30.0
2017-04-07 06:00:00,0.23783286,44.0,43.762167140841484
2017-04-07 09:00:00,5.534048,31.0,25.465951919555664
2017-04-07 12:00:00,5.5382543,30.0,24.461745738983154
2017-04-07 15:00:00,8.776055,46.0,37.223944664001465
2017-04-07 18:00:00,14.195507,31.0,16.804492950439453
2017-04-08 00:00:00,27.046782,57.0,29.953218460083008
2017-04-08 03:00:00,39.20013,64.0,24.799869537353516
2017-04-08 06:00:00,52.73955,66.0,13.260448455810547
2017-04-08 09:00:00,64.79047,55.0,-9.79046630859375
2017-04-08 12:00:00,105.21307,64.0,-41.21307373046875
2017-04-08 15:00:00,98.36958,51.0,-47.36958312988281
2017-04-08 18:00:00,91.564285,88.0,-3.5642852783203125
2017-04-08 21:00:00,88.64526,29.0,-59.645263671875
2017-04-09 00:00:00,54.626526,34.0,-20.62652587890625
2017-04-09 03:00:00,34.596725,39.0,4.4032745361328125
2017-04-09 06:00:00,22.210428,43.0,20.78957176208496
2017-04-09 09:00:00,22.044218,30.0,7.955781936645508
2017-04-09 12:00:00,0.15427303,34.0,33.84572696685791
2017-04-09 15:00:00,0.0,49.0,49.0
2017-04-09 18:00:00,0.0,63.0,63.0
2017-04-09 21:00:00,0.52750695,58.0,57.472493052482605
2017-04-10 00:00:00,40.593475,54.0,13.406524658203125
2017-04-10 03:00:00,40.54027,60.0,19.459728240966797
2017-04-10 06:00:00,45.085926,59.0,13.914073944091797
2017-04-10 09:00:00,51.822468,80.0,28.177532196044922
2017-04-10 12:00:00,62.309597,74.0,11.69040298461914
2017-04-10 15:00:00,47.87603,65.0,17.12397003173828
2017-04-10 18:00:00,36.643543,66.0,29.356456756591797
2017-04-10 21:00:00,37.35204,56.0,18.647960662841797
2017-04-11 00:00:00,44.668922,60.0,15.331077575683594
2017-04-11 03:00:00,51.905773,70.0,18.094226837158203
2017-04-11 06:00:00,63.892914,58.0,-5.892913818359375
2017-04-11 09:00:00,71.73941,69.0,-2.739410400390625
2017-04-11 12:00:00,10.98772,69.0,58.01228046417236
2017-04-11 15:00:00,14.094212,67.0,52.90578842163086
2017-04-11 18:00:00,18.560513,66.0,47.43948745727539
2017-04-11 21:00:00,24.036125,62.0,37.96387481689453
2017-04-12 18:00:00,55.048985,92.0,36.95101547241211
2017-04-12 21:00:00,56.911633,98.0,41.0883674621582
2017-04-13 00:00:00,94.567444,84.0,-10.56744384765625
2017-04-13 03:00:00,86.229195,100.0,13.770805358886719
2017-04-13 06:00:00,82.903854,97.0,14.096145629882812
2017-04-13 09:00:00,84.898605,101.0,16.101394653320312
2017-04-13 12:00:00,91.43037,90.0,-1.4303665161132812
2017-04-13 15:00:00,90.01087,102.0,11.989128112792969
2017-04-13 18:00:00,80.29701,120.0,39.70298767089844
2017-04-13 21:00:00,75.70998,102.0,26.290023803710938
2017-04-14 00:00:00,71.20457,87.0,15.795433044433594
2017-04-14 03:00:00,71.88061,75.0,3.1193923950195312
2017-04-14 06:00:00,80.249664,73.0,-7.249664306640625
2017-04-14 09:00:00,83.02743,76.0,-7.027427673339844
2017-04-14 12:00:00,80.73346,81.0,0.26654052734375
2017-04-14 15:00:00,86.142105,77.0,-9.142105102539062
2017-04-14 18:00:00,88.15232,95.0,6.847679138183594
2017-04-14 21:00:00,80.83021,79.0,-1.8302078247070312
2017-04-15 00:00:00,77.87548,75.0,-2.8754806518554688
2017-04-15 03:00:00,63.894505,77.0,13.10549545288086
2017-04-15 06:00:00,58.457546,69.0,10.54245376586914
2017-04-15 09:00:00,89.28555,76.0,-13.285552978515625
2017-04-15 12:00:00,101.189354,72.0,-29.189353942871094
2017-04-15 15:00:00,96.96032,69.0,-27.96031951904297
2017-04-15 18:00:00,86.31059,98.0,11.689407348632812
2017-04-15 21:00:00,78.517136,79.0,0.4828643798828125
2017-04-16 00:00:00,105.04937,49.0,-56.04936981201172
2017-04-16 03:00:00,104.65601,40.0,-64.65601348876953
2017-04-16 06:00:00,111.984604,31.0,-80.98460388183594
2017-04-16 09:00:00,94.93476,24.0,-70.93476104736328
2017-04-16 12:00:00,81.144325,32.0,-49.144325256347656
2017-04-16 15:00:00,93.90294,40.0,-53.90293884277344
2017-04-16 18:00:00,93.15431,31.0,-62.15431213378906
2017-04-16 21:00:00,79.959595,35.0,-44.9595947265625
2017-04-17 00:00:00,83.62167,37.0,-46.621673583984375
2017-04-17 03:00:00,77.2277,37.0,-40.227699279785156
2017-04-17 06:00:00,77.31467,39.0,-38.314666748046875
2017-04-17 09:00:00,81.885216,37.0,-44.885215759277344
2017-04-17 12:00:00,97.85748,35.0,-62.85748291015625
2017-04-17 15:00:00,87.03205,33.0,-54.03205108642578
2017-04-17 18:00:00,75.227264,29.0,-46.227264404296875
2017-04-17 21:00:00,80.6549,43.0,-37.65489959716797
2017-04-18 00:00:00,60.887943,42.0,-18.887943267822266
2017-04-18 03:00:00,62.150322,40.0,-22.15032196044922
2017-04-18 06:00:00,58.948273,60.0,1.051727294921875
2017-04-18 09:00:00,63.81964,53.0,-10.81964111328125
2017-04-18 12:00:00,21.747383,46.0,24.25261688232422
2017-04-18 15:00:00,20.733637,51.0,30.2663631439209
2017-04-18 18:00:00,26.508133,39.0,12.491867065429688
2017-04-18 21:00:00,32.516483,36.0,3.4835166931152344
2017-04-19 00:00:00,32.61778,36.0,3.382221221923828
2017-04-19 03:00:00,37.679455,40.0,2.320545196533203
2017-04-19 06:00:00,48.076004,42.0,-6.0760040283203125
2017-04-19 09:00:00,67.611946,40.0,-27.61194610595703
2017-04-19 12:00:00,93.1496,75.0,-18.14959716796875
2017-04-19 15:00:00,136.82666,147.0,10.17333984375
2017-04-19 18:00:00,141.4395,134.0,-7.4394989013671875
2017-04-19 21:00:00,137.42488,62.0,-75.42488098144531
2017-04-20 00:00:00,86.195656,45.0,-41.195655822753906
2017-04-20 03:00:00,56.404816,28.0,-28.404815673828125
2017-04-20 06:00:00,54.931206,33.0,-21.93120574951172
2017-04-20 09:00:00,49.412167,21.0,-28.412166595458984
2017-04-20 12:00:00,67.547035,25.0,-42.547035217285156
2017-04-20 15:00:00,67.7195,29.0,-38.71949768066406
2017-04-20 18:00:00,67.953575,32.0,-35.953575134277344
2017-04-20 21:00:00,66.30353,33.0,-33.30352783203125
2017-04-21 00:00:00,106.89837,36.0,-70.89836883544922
2017-04-21 03:00:00,113.81462,18.0,-95.81462097167969
2017-04-21 06:00:00,106.82351,24.0,-82.8235092163086
2017-04-21 09:00:00,76.764084,23.0,-53.76408386230469
2017-04-21 12:00:00,34.40607,18.0,-16.406070709228516
2017-04-21 15:00:00,37.939743,18.0,-19.939743041992188
2017-04-21 18:00:00,52.318115,21.0,-31.318115234375
2017-04-21 21:00:00,68.34762,30.0,-38.347618103027344
2017-04-22 00:00:00,56.498722,30.0,-26.498722076416016
2017-04-22 03:00:00,71.96184,26.0,-45.96183776855469
2017-04-22 06:00:00,90.6482,23.0,-67.64820098876953
2017-04-22 09:00:00,95.29617,35.0,-60.296173095703125
2017-04-22 12:00:00,129.12653,33.0,-96.12652587890625
2017-04-22 15:00:00,129.18349,39.0,-90.18348693847656
2017-04-22 18:00:00,120.70313,33.0,-87.70313262939453
2017-04-22 21:00:00,109.049324,33.0,-76.04932403564453
2017-04-23 00:00:00,116.45898,33.0,-83.45897674560547
2017-04-23 03:00:00,120.35082,45.0,-75.35082244873047
2017-04-23 06:00:00,139.94873,55.0,-84.94873046875
2017-04-23 09:00:00,125.69512,70.0,-55.69512176513672
2017-04-23 12:00:00,91.63932,33.0,-58.639320373535156
2017-04-23 15:00:00,83.49633,20.0,-63.49633026123047
2017-04-23 18:00:00,67.10747,33.0,-34.10746765136719
2017-04-23 21:00:00,60.68035,38.0,-22.68035125732422
2017-04-24 00:00:00,62.013725,47.0,-15.013725280761719
2017-04-24 03:00:00,63.87336,56.0,-7.873359680175781
2017-04-24 06:00:00,64.350334,48.0,-16.35033416748047
2017-04-24 09:00:00,64.2255,51.0,-13.225502014160156
2017-04-24 12:00:00,94.21666,50.0,-44.21665954589844
2017-04-24 15:00:00,87.708885,56.0,-31.708885192871094
2017-04-24 18:00:00,66.96348,60.0,-6.963478088378906
2017-04-24 21:00:00,59.394096,61.0,1.6059036254882812
2017-04-25 00:00:00,80.28405,55.0,-25.28404998779297
2017-04-25 03:00:00,84.626434,113.0,28.373565673828125
2017-04-25 06:00:00,94.77788,67.0,-27.777877807617188
2017-04-25 09:00:00,94.639404,54.0,-40.639404296875
2017-04-25 12:00:00,23.498615,62.0,38.50138473510742
2017-04-25 15:00:00,28.521101,78.0,49.478899002075195
2017-04-25 18:00:00,37.132793,56.0,18.867206573486328
2017-04-25 21:00:00,44.066837,81.0,36.933162689208984
2017-04-26 00:00:00,50.082462,66.0,15.917537689208984
2017-04-26 03:00:00,57.97625,70.0,12.023750305175781
2017-04-26 06:00:00,63.21659,69.0,5.783409118652344
2017-04-26 09:00:00,56.786804,31.0,-25.78680419921875
2017-04-26 12:00:00,66.74236,30.0,-36.74236297607422
2017-04-26 15:00:00,68.12962,35.0,-33.12962341308594
2017-04-26 18:00:00,74.897,32.0,-42.897003173828125
2017-04-26 21:00:00,75.21407,34.0,-41.214073181152344
2017-04-27 00:00:00,58.033947,32.0,-26.033946990966797
2017-04-27 03:00:00,57.38889,32.0,-25.38888931274414
2017-04-27 06:00:00,58.177532,18.0,-40.17753219604492
2017-04-27 09:00:00,54.93632,40.0,-14.936321258544922
2017-04-27 12:00:00,9.861537,39.0,29.138463020324707
2017-04-27 15:00:00,19.037771,38.0,18.962228775024414
2017-04-27 18:00:00,27.154726,44.0,16.845273971557617
2017-04-27 21:00:00,32.015804,43.0,10.984195709228516
2017-04-28 00:00:00,82.960014,35.0,-47.96001434326172
2017-04-28 03:00:00,76.34344,44.0,-32.34343719482422
2017-04-28 06:00:00,77.328766,52.0,-25.328765869140625
2017-04-28 09:00:00,75.37676,56.0,-19.37676239013672
2017-04-28 12:00:00,39.17603,45.0,5.823970794677734
2017-04-28 15:00:00,43.73595,51.0,7.264049530029297
2017-04-28 18:00:00,50.269707,63.0,12.730293273925781
2017-04-28 21:00:00,50.79187,56.0,5.2081298828125
2017-04-29 00:00:00,49.23231,74.0,24.767688751220703
2017-04-29 03:00:00,60.490833,58.0,-2.490833282470703
2017-04-29 06:00:00,69.98005,64.0,-5.980049133300781
2017-04-29 09:00:00,74.03616,81.0,6.963836669921875
2017-04-29 12:00:00,76.889595,81.0,4.110404968261719
2017-04-29 15:00:00,62.697838,80.0,17.302162170410156
2017-04-29 18:00:00,52.735912,84.0,31.264087677001953
2017-04-29 21:00:00,46.68277,78.0,31.317230224609375
2017-04-30 00:00:00,59.082935,70.0,10.917064666748047
2017-04-30 03:00:00,100.91651,68.0,-32.91651153564453
2017-04-30 06:00:00,125.68799,61.0,-64.68798828125
2017-04-30 09:00:00,112.833565,80.0,-32.83356475830078
2017-04-30 12:00:00,119.07526,69.0,-50.07525634765625
2017-04-30 15:00:00,106.58084,73.0,-33.580841064453125
2017-04-30 18:00:00,114.96445,79.0,-35.964447021484375
2017-04-30 21:00:00,119.95735,58.0,-61.95735168457031
2017-05-01 00:00:00,70.022224,62.0,-8.022224426269531
2017-05-01 03:00:00,85.23568,68.0,-17.235679626464844
2017-05-01 06:00:00,92.534096,69.0,-23.534095764160156
2017-05-01 09:00:00,96.1611,60.0,-36.161102294921875
2017-05-01 12:00:00,71.844055,55.0,-16.84405517578125
2017-05-01 15:00:00,76.07753,49.0,-27.077529907226562
2017-05-01 18:00:00,78.41197,60.0,-18.411972045898438
2017-05-01 21:00:00,78.61331,61.0,-17.613311767578125
2017-05-02 00:00:00,35.303856,52.0,16.696144104003906
2017-05-02 03:00:00,40.108036,54.0,13.891963958740234
2017-05-02 06:00:00,54.75971,59.0,4.240291595458984
2017-05-02 09:00:00,62.371952,392.0,329.62804794311523
2017-05-02 12:00:00,53.932922,64.0,10.06707763671875
2017-05-02 15:00:00,51.639744,56.0,4.360256195068359
2017-05-02 18:00:00,45.1314,58.0,12.868598937988281
2017-05-02 21:00:00,47.220055,53.0,5.779945373535156
2017-05-03 00:00:00,38.479813,50.0,11.520187377929688
2017-05-03 03:00:00,45.851265,60.0,14.148735046386719
2017-05-03 06:00:00,53.10676,60.0,6.893241882324219
2017-05-03 09:00:00,58.20789,78.0,19.792110443115234
2017-05-03 12:00:00,108.96292,57.0,-51.962921142578125
2017-05-03 15:00:00,107.83924,77.0,-30.83924102783203
2017-05-03 18:00:00,103.48094,61.0,-42.48094177246094
2017-05-03 21:00:00,95.271385,63.0,-32.271385192871094
2017-05-04 00:00:00,121.087395,60.0,-61.08739471435547
2017-05-04 03:00:00,116.15145,67.0,-49.151451110839844
2017-05-04 06:00:00,110.04983,61.0,-49.049827575683594
2017-05-04 09:00:00,96.67844,61.0,-35.678436279296875
2017-05-04 12:00:00,92.58406,70.0,-22.584060668945312
2017-05-04 15:00:00,82.48139,62.0,-20.48139190673828
2017-05-04 18:00:00,70.393524,73.0,2.606475830078125
2017-05-04 21:00:00,62.676464,54.0,-8.676464080810547
2017-05-05 00:00:00,34.995537,58.0,23.00446319580078
2017-05-05 03:00:00,33.623905,57.0,23.376094818115234
2017-05-05 06:00:00,29.86505,58.0,28.134950637817383
2017-05-05 09:00:00,30.895905,59.0,28.104095458984375
2017-05-05 12:00:00,56.922604,60.0,3.0773963928222656
2017-05-05 15:00:00,54.40438,51.0,-3.4043807983398438
2017-05-05 18:00:00,59.34726,45.0,-14.347259521484375
2017-05-05 21:00:00,66.685974,44.0,-22.68597412109375
2017-05-06 00:00:00,112.67002,25.0,-87.6700210571289
2017-05-06 03:00:00,95.29708,47.0,-48.297080993652344
2017-05-06 06:00:00,84.48444,56.0,-28.48444366455078
2017-05-06 09:00:00,74.408714,51.0,-23.408714294433594
2017-05-06 12:00:00,42.49483,33.0,-9.494831085205078
2017-05-06 15:00:00,38.649944,35.0,-3.649944305419922
2017-05-06 18:00:00,35.89423,24.0,-11.894229888916016
2017-05-06 21:00:00,38.066902,40.0,1.9330978393554688
2017-05-07 00:00:00,36.616257,29.0,-7.6162567138671875
2017-05-07 03:00:00,36.42663,32.0,-4.426628112792969
2017-05-07 06:00:00,40.318356,40.0,-0.3183555603027344
2017-05-07 09:00:00,53.983852,60.0,6.016147613525391
2017-05-07 12:00:00,73.24258,76.0,2.7574234008789062
2017-05-07 15:00:00,79.413155,62.0,-17.41315460205078
2017-05-07 18:00:00,81.11056,55.0,-26.110557556152344
2017-05-07 21:00:00,82.837234,46.0,-36.83723449707031
2017-05-08 00:00:00,93.951256,42.0,-51.951255798339844
2017-05-08 03:00:00,88.9778,47.0,-41.97779846191406
2017-05-08 06:00:00,81.80865,50.0,-31.80864715576172
2017-05-08 09:00:00,70.62783,47.0,-23.627830505371094
2017-05-08 12:00:00,83.77191,49.0,-34.77191162109375
2017-05-08 15:00:00,86.56315,48.0,-38.563148498535156
2017-05-08 18:00:00,74.4256,59.0,-15.42559814453125
2017-05-08 21:00:00,68.8687,52.0,-16.868698120117188
2017-05-09 00:00:00,80.285645,54.0,-26.28564453125
2017-05-09 03:00:00,82.05171,56.0,-26.051712036132812
2017-05-09 06:00:00,87.99373,470.0,382.0062713623047
2017-05-09 09:00:00,86.553825,249.0,162.44617462158203
2017-05-09 12:00:00,56.089108,197.0,140.91089248657227
2017-05-09 15:00:00,58.36182,315.0,256.63817977905273
2017-05-09 18:00:00,71.058365,397.0,325.94163513183594
2017-05-09 21:00:00,89.386505,284.0,194.61349487304688
2017-05-10 00:00:00,60.258343,218.0,157.74165725708008
2017-05-10 03:00:00,61.987293,154.0,92.0127067565918
2017-05-10 06:00:00,61.164032,114.0,52.835968017578125
2017-05-10 09:00:00,60.669323,125.0,64.3306770324707
2017-05-10 12:00:00,39.07394,39.0,-0.07394027709960938
2017-05-10 15:00:00,41.924694,34.0,-7.924694061279297
2017-05-10 18:00:00,43.44929,43.0,-0.4492912292480469
2017-05-10 21:00:00,45.97382,38.0,-7.973819732666016
2017-05-11 00:00:00,46.02589,36.0,-10.025890350341797
2017-05-11 03:00:00,71.82865,43.0,-28.828651428222656
2017-05-11 06:00:00,91.18605,49.0,-42.18605041503906
2017-05-11 09:00:00,81.18832,68.0,-13.188316345214844
2017-05-11 12:00:00,72.61281,42.0,-30.612808227539062
2017-05-11 15:00:00,51.26776,40.0,-11.26776123046875
2017-05-11 18:00:00,43.601746,37.0,-6.60174560546875
2017-05-11 21:00:00,44.833088,272.0,227.16691207885742
2017-05-12 00:00:00,37.080097,39.0,1.9199028015136719
2017-05-12 03:00:00,38.303993,57.0,18.696006774902344
2017-05-12 06:00:00,56.830116,42.0,-14.830116271972656
2017-05-12 09:00:00,62.719265,39.0,-23.71926498413086
2017-05-12 12:00:00,102.82116,44.0,-58.82115936279297
2017-05-12 15:00:00,83.104965,48.0,-35.10496520996094
2017-05-12 18:00:00,71.97224,50.0,-21.97223663330078
2017-05-12 21:00:00,68.50189,56.0,-12.50189208984375
2017-05-13 00:00:00,53.89052,60.0,6.1094818115234375
2017-05-13 03:00:00,79.79623,62.0,-17.796226501464844
2017-05-13 06:00:00,96.256256,63.0,-33.256256103515625
2017-05-13 09:00:00,83.71376,62.0,-21.713760375976562
2017-05-13 12:00:00,70.252556,62.0,-8.252555847167969
2017-05-13 15:00:00,73.92401,59.0,-14.92401123046875
2017-05-13 18:00:00,74.90905,57.0,-17.90904998779297
2017-05-13 21:00:00,70.974464,65.0,-5.974464416503906
2017-05-14 00:00:00,72.633385,53.0,-19.633384704589844
2017-05-14 03:00:00,72.46695,60.0,-12.466949462890625
2017-05-14 06:00:00,75.2857,64.0,-11.285697937011719
2017-05-14 09:00:00,75.49857,73.0,-2.4985733032226562
2017-05-14 12:00:00,76.161026,96.0,19.838973999023438
2017-05-14 15:00:00,76.16069,74.0,-2.1606903076171875
2017-05-14 18:00:00,70.27211,63.0,-7.2721099853515625
2017-05-14 21:00:00,57.59182,55.0,-2.5918197631835938
2017-05-15 00:00:00,13.383442,55.0,41.61655807495117
2017-05-15 03:00:00,23.99389,63.0,39.0061092376709
2017-05-15 06:00:00,25.155031,41.0,15.844968795776367
2017-05-15 09:00:00,32.66547,30.0,-2.6654701232910156
2017-05-15 12:00:00,20.807278,34.0,13.19272232055664
2017-05-15 15:00:00,25.323118,59.0,33.67688179016113
2017-05-15 18:00:00,35.228367,48.0,12.77163314819336
2017-05-15 21:00:00,40.661007,68.0,27.338993072509766
2017-05-16 00:00:00,40.634747,69.0,28.365253448486328
2017-05-16 03:00:00,39.314613,53.0,13.685386657714844
2017-05-16 06:00:00,39.16608,50.0,10.833919525146484
2017-05-16 09:00:00,51.945564,34.0,-17.94556427001953
2017-05-16 12:00:00,32.00802,26.0,-6.008018493652344
2017-05-16 15:00:00,38.107033,61.0,22.892967224121094
2017-05-16 18:00:00,39.958023,56.0,16.041976928710938
2017-05-16 21:00:00,43.322304,81.0,37.677696228027344
2017-05-17 00:00:00,57.869102,52.0,-5.869102478027344
2017-05-17 03:00:00,60.40881,50.0,-10.408809661865234
2017-05-17 06:00:00,72.76191,59.0,-13.761909484863281
2017-05-17 09:00:00,82.010956,63.0,-19.010955810546875
2017-05-17 12:00:00,68.53242,59.0,-9.532417297363281
2017-05-23 18:00:00,69.66872,31.0,-38.66871643066406
2017-05-23 21:00:00,64.92383,34.0,-30.923828125
2017-05-24 00:00:00,62.038338,28.0,-34.03833770751953
2017-05-24 03:00:00,70.79882,16.0,-54.79882049560547
2017-05-24 06:00:00,77.71601,16.0,-61.71601104736328
2017-05-24 09:00:00,70.086655,29.0,-41.08665466308594
2017-05-24 12:00:00,78.20821,24.0,-54.208213806152344
2017-05-25 15:00:00,44.943592,60.0,15.056407928466797
2017-05-25 18:00:00,44.487705,56.0,11.51229476928711
2017-05-25 21:00:00,45.52635,58.0,12.473651885986328
2017-05-26 00:00:00,3.9769928,45.0,41.02300715446472
2017-05-26 03:00:00,18.003391,38.0,19.99660873413086
2017-05-26 06:00:00,35.777645,42.0,6.222354888916016
2017-05-26 09:00:00,47.62478,51.0,3.3752212524414062
2017-05-26 12:00:00,45.225533,37.0,-8.225532531738281
2017-05-26 15:00:00,40.74525,32.0,-8.745250701904297
2017-05-26 18:00:00,40.306362,37.0,-3.3063621520996094
2017-05-26 21:00:00,40.521854,32.0,-8.521854400634766
2017-05-27 00:00:00,56.425507,46.0,-10.425506591796875
2017-05-27 03:00:00,60.349747,46.0,-14.349746704101562
2017-05-27 06:00:00,65.539665,52.0,-13.539665222167969
2017-05-27 09:00:00,62.150635,49.0,-13.150634765625
2017-05-27 12:00:00,84.908035,59.0,-25.908035278320312
2017-05-27 15:00:00,74.8746,64.0,-10.874603271484375
2017-05-27 18:00:00,66.19268,80.0,13.807319641113281
2017-05-27 21:00:00,62.701702,80.0,17.298297882080078
2017-05-28 00:00:00,21.145979,97.0,75.8540210723877
2017-05-28 03:00:00,44.20883,74.0,29.791168212890625
2017-05-28 06:00:00,65.61413,57.0,-8.614128112792969
2017-05-28 09:00:00,78.769516,59.0,-19.769515991210938
2017-05-28 12:00:00,92.28734,75.0,-17.287338256835938
2017-05-28 15:00:00,79.302025,57.0,-22.302024841308594
2017-05-28 18:00:00,57.572266,44.0,-13.572265625
2017-05-28 21:00:00,44.25863,43.0,-1.2586288452148438
2017-05-29 00:00:00,67.474846,31.0,-36.47484588623047
2017-05-29 03:00:00,73.48876,35.0,-38.48876190185547
2017-05-29 06:00:00,71.725876,33.0,-38.72587585449219
2017-05-29 09:00:00,60.651245,42.0,-18.6512451171875
2017-05-29 12:00:00,45.16005,43.0,-2.1600494384765625
2017-05-29 15:00:00,52.10552,54.0,1.8944816589355469
2017-05-29 18:00:00,52.391895,49.0,-3.391895294189453
2017-05-29 21:00:00,57.126045,55.0,-2.1260452270507812
2017-05-30 00:00:00,65.684616,59.0,-6.6846160888671875
2017-05-30 03:00:00,62.58415,66.0,3.415851593017578
2017-05-30 06:00:00,61.248783,62.0,0.7512168884277344
2017-05-30 09:00:00,63.9036,63.0,-0.9035987854003906
2017-05-30 12:00:00,69.94742,68.0,-1.947418212890625
2017-05-30 15:00:00,69.24029,61.0,-8.240287780761719
2017-05-30 18:00:00,62.06443,56.0,-6.064430236816406
2017-05-30 21:00:00,64.72874,60.0,-4.728736877441406
2017-05-31 03:00:00,90.915306,50.0,-40.915306091308594
2017-05-31 06:00:00,84.28947,96.0,11.710533142089844
2017-05-31 09:00:00,68.15742,58.0,-10.157417297363281
2017-05-31 12:00:00,73.62826,125.0,51.371742248535156
2017-05-31 15:00:00,74.336296,133.0,58.66370391845703
2017-05-31 18:00:00,92.824394,101.0,8.175605773925781
2017-05-31 21:00:00,111.74916,90.0,-21.749160766601562
2017-06-01 00:00:00,98.19416,86.0,-12.194160461425781
2017-06-01 03:00:00,76.97338,62.0,-14.973381042480469
2017-06-01 06:00:00,57.914917,50.0,-7.9149169921875
2017-06-01 09:00:00,52.223583,42.0,-10.223583221435547
2017-06-01 12:00:00,38.948997,45.0,6.051002502441406
2017-06-01 15:00:00,44.06104,55.0,10.938961029052734
2017-06-01 18:00:00,46.599495,51.0,4.400505065917969
2017-06-01 21:00:00,49.296658,49.0,-0.2966575622558594
2017-06-02 00:00:00,38.734924,42.0,3.26507568359375
2017-06-02 03:00:00,30.465117,38.0,7.534883499145508
2017-06-02 06:00:00,28.52562,45.0,16.474380493164062
2017-06-02 09:00:00,31.170658,53.0,21.829341888427734
2017-06-02 12:00:00,39.308815,45.0,5.691184997558594
2017-06-02 15:00:00,43.704857,57.0,13.295143127441406
2017-06-02 18:00:00,46.436867,47.0,0.5631332397460938
2017-06-02 21:00:00,44.46997,42.0,-2.469970703125
2017-06-03 00:00:00,75.892105,41.0,-34.89210510253906
2017-06-03 03:00:00,68.4986,35.0,-33.49859619140625
2017-06-03 06:00:00,53.288544,46.0,-7.288543701171875
2017-06-03 09:00:00,42.632565,41.0,-1.6325645446777344
2017-06-03 12:00:00,10.851465,42.0,31.148534774780273
2017-06-03 15:00:00,14.668103,43.0,28.331896781921387
2017-06-03 18:00:00,23.748953,49.0,25.251047134399414
2017-06-04 09:00:00,41.348473,41.0,-0.34847259521484375
2017-06-04 12:00:00,32.41672,44.0,11.58327865600586
2017-06-04 15:00:00,31.453169,54.0,22.546831130981445
2017-06-04 18:00:00,32.988056,40.0,7.011943817138672
2017-06-04 21:00:00,38.56826,46.0,7.431739807128906
2017-06-05 00:00:00,63.857216,50.0,-13.857215881347656
2017-06-05 03:00:00,88.7913,51.0,-37.791297912597656
2017-06-05 06:00:00,76.76954,43.0,-33.76953887939453
2017-06-05 09:00:00,52.140705,44.0,-8.140705108642578
2017-06-05 12:00:00,34.32251,49.0,14.677490234375
2017-06-05 15:00:00,34.93875,46.0,11.061248779296875
2017-06-05 18:00:00,38.539837,41.0,2.460163116455078
2017-06-05 21:00:00,40.89037,47.0,6.109630584716797
2017-06-06 00:00:00,63.86824,48.0,-15.868240356445312
2017-06-06 03:00:00,70.03507,67.0,-3.0350723266601562
2017-06-06 06:00:00,82.09815,47.0,-35.09815216064453
2017-06-06 09:00:00,80.52967,44.0,-36.52967071533203
2017-06-06 12:00:00,74.04356,53.0,-21.043556213378906
2017-06-06 15:00:00,64.48681,56.0,-8.486808776855469
2017-06-06 18:00:00,56.25054,72.0,15.749458312988281
2017-06-06 21:00:00,53.221924,64.0,10.778076171875
2017-06-07 00:00:00,45.053185,56.0,10.946815490722656
2017-06-07 03:00:00,44.52005,93.0,48.479949951171875
2017-06-07 06:00:00,46.7943,63.0,16.205699920654297
2017-06-07 09:00:00,48.94173,87.0,38.05826950073242
2017-06-07 12:00:00,44.742363,57.0,12.257637023925781
2017-06-07 15:00:00,45.648506,48.0,2.3514938354492188
2017-06-07 18:00:00,45.682327,56.0,10.317672729492188
2017-06-07 21:00:00,45.81409,79.0,33.185909271240234
2017-06-08 00:00:00,75.178604,63.0,-12.178604125976562
2017-06-08 03:00:00,80.13399,78.0,-2.1339874267578125
2017-06-08 06:00:00,87.91812,61.0,-26.918121337890625
2017-06-08 09:00:00,72.63725,81.0,8.362747192382812
2017-06-08 12:00:00,66.50816,69.0,2.4918365478515625
2017-06-08 15:00:00,58.70652,68.0,9.293479919433594
2017-06-08 18:00:00,57.09626,62.0,4.903739929199219
2017-06-08 21:00:00,59.866013,64.0,4.1339874267578125
2017-06-09 00:00:00,12.948021,75.0,62.051979064941406
2017-06-09 03:00:00,20.104609,59.0,38.8953914642334
2017-06-09 06:00:00,17.500498,36.0,18.499502182006836
2017-06-09 09:00:00,21.022402,42.0,20.977598190307617
2017-06-09 12:00:00,49.79813,45.0,-4.798130035400391
2017-06-09 15:00:00,51.38645,79.0,27.613548278808594
2017-06-09 18:00:00,52.781956,43.0,-9.78195571899414
2017-06-09 21:00:00,53.57458,61.0,7.425418853759766
2017-06-10 00:00:00,55.939724,44.0,-11.93972396850586
2017-06-10 03:00:00,98.81376,46.0,-52.813758850097656
2017-06-10 06:00:00,112.61307,48.0,-64.61306762695312
2017-06-10 09:00:00,89.16021,55.0,-34.16020965576172
2017-06-10 12:00:00,50.272774,54.0,3.7272262573242188
2017-06-10 15:00:00,42.364944,48.0,5.6350555419921875
2017-06-10 18:00:00,38.7937,51.0,12.206298828125
2017-06-10 21:00:00,40.853024,42.0,1.1469764709472656
2017-06-11 00:00:00,27.194687,63.0,35.80531311035156
2017-06-11 03:00:00,35.415154,72.0,36.58484649658203
2017-06-11 06:00:00,50.87395,72.0,21.126049041748047
2017-06-11 09:00:00,65.063774,70.0,4.936225891113281
2017-06-11 12:00:00,73.349724,63.0,-10.349723815917969
2017-06-11 15:00:00,69.79542,59.0,-10.795417785644531
2017-06-11 18:00:00,66.62145,60.0,-6.621452331542969
2017-06-11 21:00:00,64.26285,71.0,6.737152099609375
2017-06-12 00:00:00,81.91045,64.0,-17.91045379638672
2017-06-12 03:00:00,83.903786,67.0,-16.903785705566406
2017-06-12 06:00:00,75.15445,49.0,-26.154449462890625
2017-06-12 09:00:00,62.775883,38.0,-24.775882720947266
2017-06-12 12:00:00,25.896725,43.0,17.103275299072266
2017-06-12 15:00:00,24.280666,42.0,17.71933364868164
2017-06-12 18:00:00,28.591785,38.0,9.408214569091797
2017-06-12 21:00:00,36.25223,36.0,-0.2522315979003906
2017-06-13 00:00:00,45.294884,51.0,5.705116271972656
2017-06-13 03:00:00,59.138474,65.0,5.8615264892578125
2017-06-13 06:00:00,64.29474,50.0,-14.29473876953125
2017-06-13 09:00:00,61.958473,52.0,-9.958473205566406
2017-06-13 12:00:00,76.19769,42.0,-34.19769287109375
2017-06-13 15:00:00,62.148727,45.0,-17.148727416992188
2017-06-13 18:00:00,53.37074,39.0,-14.370738983154297
2017-06-13 21:00:00,47.42128,33.0,-14.421279907226562
2017-06-14 00:00:00,68.07704,45.0,-23.077041625976562
2017-06-14 03:00:00,75.245056,55.0,-20.24505615234375
2017-06-14 06:00:00,85.11165,51.0,-34.11164855957031
2017-06-14 09:00:00,70.49849,58.0,-12.498489379882812
2017-06-14 12:00:00,31.26098,57.0,25.7390193939209
2017-06-14 15:00:00,34.887505,61.0,26.11249542236328
2017-06-14 18:00:00,38.773693,52.0,13.226306915283203
2017-06-14 21:00:00,42.750458,50.0,7.249542236328125
2017-06-15 00:00:00,38.376926,62.0,23.62307357788086
2017-06-15 03:00:00,41.185898,66.0,24.814102172851562
2017-06-15 06:00:00,45.01112,70.0,24.988880157470703
2017-06-15 09:00:00,51.725693,92.0,40.27430725097656
2017-06-15 12:00:00,60.347702,60.0,-0.3477020263671875
2017-06-15 15:00:00,52.411793,72.0,19.588207244873047
2017-06-15 18:00:00,46.78327,83.0,36.21672821044922
2017-06-15 21:00:00,46.474724,88.0,41.52527618408203
2017-06-16 00:00:00,17.551315,74.0,56.44868469238281
2017-06-16 03:00:00,24.684595,83.0,58.31540489196777
2017-06-16 06:00:00,34.96575,66.0,31.03424835205078
2017-06-16 09:00:00,44.270508,63.0,18.7294921875
2017-06-16 12:00:00,42.709133,46.0,3.2908668518066406
2017-06-16 15:00:00,40.199326,64.0,23.800674438476562
2017-06-16 18:00:00,47.24984,60.0,12.750160217285156
2017-06-16 21:00:00,61.113724,53.0,-8.113723754882812
2017-06-17 00:00:00,72.27914,50.0,-22.279136657714844
2017-06-17 03:00:00,71.71729,55.0,-16.71729278564453
2017-06-17 06:00:00,64.098,57.0,-7.097999572753906
2017-06-17 09:00:00,54.717644,48.0,-6.717643737792969
2017-06-17 12:00:00,41.850628,47.0,5.149372100830078
2017-06-17 15:00:00,39.919373,44.0,4.08062744140625
2017-06-17 18:00:00,44.006016,51.0,6.993984222412109
2017-06-17 21:00:00,44.829903,51.0,6.170097351074219
2017-06-18 00:00:00,60.05757,63.0,2.9424285888671875
2017-06-18 03:00:00,64.40632,79.0,14.593681335449219
2017-06-18 06:00:00,70.01631,67.0,-3.0163116455078125
2017-06-18 09:00:00,71.564384,76.0,4.435615539550781
2017-06-18 12:00:00,61.490196,74.0,12.509803771972656
2017-06-18 15:00:00,58.615513,70.0,11.38448715209961
2017-06-18 18:00:00,51.043343,70.0,18.95665740966797
2017-06-18 21:00:00,49.90079,64.0,14.09920883178711
2017-06-19 00:00:00,40.26606,68.0,27.73394012451172
2017-06-19 03:00:00,59.30383,80.0,20.696170806884766
2017-06-19 06:00:00,72.69432,73.0,0.3056793212890625
2017-06-19 09:00:00,70.505165,60.0,-10.505165100097656
2017-06-19 12:00:00,43.61459,57.0,13.38541030883789
2017-06-19 15:00:00,47.07306,57.0,9.92694091796875
2017-06-19 18:00:00,55.13323,57.0,1.8667716979980469
2017-06-19 21:00:00,60.268234,70.0,9.731765747070312
2017-06-20 00:00:00,62.455,66.0,3.5449981689453125
2017-06-20 03:00:00,57.84227,65.0,7.1577301025390625
2017-06-20 06:00:00,52.316635,40.0,-12.316635131835938
2017-06-20 09:00:00,61.1833,48.0,-13.183300018310547
2017-06-20 12:00:00,31.808212,43.0,11.191787719726562
2017-06-20 15:00:00,50.54585,71.0,20.454151153564453
2017-06-20 18:00:00,73.08131,74.0,0.9186935424804688
2017-06-20 21:00:00,108.41018,50.0,-58.410179138183594
2017-06-21 00:00:00,144.42082,75.0,-69.42082214355469
2017-06-21 03:00:00,121.93448,72.0,-49.934478759765625
2017-06-21 06:00:00,91.64683,58.0,-33.646827697753906
2017-06-21 09:00:00,76.83309,55.0,-21.833091735839844
2017-06-21 12:00:00,71.19411,57.0,-14.194107055664062
2017-06-21 15:00:00,73.68465,62.0,-11.684646606445312
2017-06-21 18:00:00,77.8225,101.0,23.17749786376953
2017-06-21 21:00:00,103.96707,102.0,-1.967071533203125
2017-06-22 00:00:00,140.75044,159.0,18.249557495117188
2017-06-22 03:00:00,132.54851,161.0,28.451492309570312
2017-06-22 06:00:00,106.74955,103.0,-3.7495498657226562
2017-06-22 09:00:00,75.52933,77.3,1.7706726074218722
2017-06-22 12:00:00,70.004715,67.6,-2.404714965820318
2017-06-22 15:00:00,60.291542,72.9,12.60845794677735
2017-06-22 18:00:00,52.545147,56.0,3.454853057861328
2017-06-22 21:00:00,64.90563,55.0,-9.905632019042969
2017-06-23 00:00:00,71.83007,74.0,2.1699295043945312
2017-06-23 03:00:00,50.252537,79.0,28.74746322631836
2017-06-23 06:00:00,40.769463,56.0,15.230537414550781
2017-06-23 09:00:00,41.15691,54.0,12.843090057373047
2017-06-23 12:00:00,52.55242,42.0,-10.552421569824219
2017-06-23 15:00:00,53.626537,37.0,-16.626537322998047
2017-06-23 18:00:00,56.847965,40.0,-16.847965240478516
2017-06-23 21:00:00,65.156204,51.0,-14.156204223632812
2017-06-24 00:00:00,92.12954,44.0,-48.129539489746094
2017-06-24 03:00:00,85.49682,46.0,-39.49681854248047
2017-06-24 06:00:00,66.15187,45.0,-21.151870727539062
2017-06-24 09:00:00,53.236137,38.0,-15.236137390136719
2017-06-24 12:00:00,53.447594,46.0,-7.447593688964844
2017-06-24 15:00:00,44.09776,50.0,5.902240753173828
2017-06-24 18:00:00,40.02118,43.0,2.97882080078125
2017-06-24 21:00:00,45.150955,45.0,-0.1509552001953125
2017-06-25 00:00:00,55.09446,55.0,-0.09445953369140625
2017-06-25 03:00:00,70.43866,58.0,-12.43865966796875
2017-06-25 06:00:00,57.053967,130.0,72.9460334777832
2017-06-25 09:00:00,41.640987,83.0,41.359012603759766
2017-06-25 12:00:00,50.13976,46.0,-4.139759063720703
2017-06-25 15:00:00,50.94739,60.0,9.052608489990234
2017-06-25 18:00:00,52.06766,45.0,-7.067661285400391
2017-06-26 00:00:00,93.828705,54.0,-39.828704833984375
2017-06-26 03:00:00,135.45969,88.0,-47.459686279296875
2017-06-26 06:00:00,124.424904,98.0,-26.424903869628906
2017-06-26 09:00:00,92.15137,53.0,-39.1513671875
2017-06-26 12:00:00,65.538185,75.0,9.461814880371094
2017-06-26 15:00:00,60.29768,74.0,13.702320098876953
2017-06-26 18:00:00,57.80839,59.0,1.1916084289550781
2017-06-26 21:00:00,55.746567,67.0,11.253433227539062
2017-06-27 00:00:00,69.91627,51.0,-18.91626739501953
2017-06-27 03:00:00,83.29858,50.0,-33.29857635498047
2017-06-27 06:00:00,112.10284,47.0,-65.10283660888672
2017-06-27 09:00:00,102.222885,60.0,-42.22288513183594
2017-06-27 12:00:00,70.56747,58.0,-12.567466735839844
2017-06-27 15:00:00,64.1046,60.0,-4.1045989990234375
2017-06-27 18:00:00,59.86203,82.0,22.137969970703125
2017-06-27 21:00:00,58.833622,67.0,8.166378021240234
2017-06-28 03:00:00,141.84099,69.0,-72.84098815917969
2017-06-28 06:00:00,163.09053,41.0,-122.09053039550781
2017-06-28 09:00:00,132.97398,61.0,-71.97398376464844
2017-06-28 12:00:00,108.83469,68.0,-40.834686279296875
2017-06-28 15:00:00,97.00602,66.0,-31.006019592285156
2017-06-28 18:00:00,88.8856,64.0,-24.885597229003906
2017-06-28 21:00:00,80.62193,64.0,-16.621932983398438
2017-06-29 00:00:00,66.39192,76.0,9.608078002929688
2017-06-29 03:00:00,64.39825,70.0,5.601753234863281
2017-06-29 06:00:00,70.23857,67.0,-3.2385711669921875
2017-06-29 09:00:00,71.316666,70.0,-1.3166656494140625
2017-06-29 15:00:00,73.679985,59.0,-14.679985046386719
2017-06-29 18:00:00,68.373314,85.0,16.626686096191406
2017-06-29 21:00:00,64.708954,79.0,14.291046142578125
2017-06-30 00:00:00,90.03924,76.0,-14.039237976074219
2017-06-30 03:00:00,111.56212,86.0,-25.562118530273438
2017-06-30 06:00:00,96.17608,54.0,-42.17607879638672
2017-06-30 09:00:00,75.425644,54.0,-21.425643920898438
2017-06-30 12:00:00,46.29186,58.0,11.708141326904297
2017-06-30 15:00:00,48.413086,49.0,0.5869140625
2017-06-30 18:00:00,51.734104,42.0,-9.73410415649414
2017-06-30 21:00:00,53.98783,50.0,-3.9878311157226562
2017-07-01 00:00:00,50.657944,53.0,2.3420562744140625
2017-07-01 03:00:00,56.083992,79.0,22.91600799560547
2017-07-01 06:00:00,65.69007,49.0,-16.69007110595703
2017-07-01 09:00:00,72.69057,62.0,-10.690567016601562
2017-07-01 12:00:00,76.48305,82.0,5.5169525146484375
2017-07-01 15:00:00,74.520355,76.0,1.479644775390625
2017-07-01 18:00:00,68.37581,94.0,25.624191284179688
2017-07-01 21:00:00,61.835182,76.0,14.164817810058594
2017-07-02 00:00:00,31.710897,81.0,49.28910255432129
2017-07-02 03:00:00,32.733284,81.0,48.26671600341797
2017-07-02 06:00:00,41.9484,73.0,31.05160140991211
2017-07-02 09:00:00,39.973885,63.0,23.02611541748047
2017-07-02 12:00:00,66.220085,66.0,-0.22008514404296875
2017-07-02 15:00:00,64.28104,64.0,-0.281036376953125
2017-07-02 18:00:00,59.640797,71.0,11.359203338623047
2017-07-02 21:00:00,55.820694,82.0,26.179306030273438
2017-07-03 00:00:00,55.12277,108.0,52.87723159790039
2017-07-03 03:00:00,58.399338,74.0,15.600662231445312
2017-07-03 06:00:00,62.661343,94.0,31.33865737915039
2017-07-03 09:00:00,61.841774,70.0,8.158226013183594
2017-07-03 12:00:00,55.913006,69.0,13.086994171142578
2017-07-03 15:00:00,61.225365,68.0,6.774635314941406
2017-07-03 18:00:00,62.19716,90.0,27.802841186523438
2017-07-03 21:00:00,57.99484,74.0,16.00516128540039
2017-07-04 00:00:00,89.84284,76.0,-13.842842102050781
2017-07-04 03:00:00,81.117836,81.0,-0.11783599853515625
2017-07-04 06:00:00,79.26781,75.0,-4.2678070068359375
2017-07-04 09:00:00,76.18359,97.0,20.81640625
2017-07-04 12:00:00,87.02978,131.0,43.97022247314453
2017-07-04 15:00:00,76.38164,85.0,8.618362426757812
2017-07-04 18:00:00,64.80855,102.0,37.19145202636719
2017-07-04 21:00:00,61.54346,94.0,32.456539154052734
2017-07-05 00:00:00,64.522736,104.0,39.477264404296875
2017-07-05 03:00:00,62.07722,109.0,46.92277908325195
2017-07-05 06:00:00,62.74115,137.0,74.25885009765625
2017-07-05 09:00:00,63.501717,128.0,64.49828338623047
2017-07-05 12:00:00,44.54682,84.0,39.45317840576172
2017-07-05 15:00:00,50.85644,113.0,62.143558502197266
2017-07-05 18:00:00,49.728897,136.0,86.27110290527344
2017-07-05 21:00:00,49.51221,138.0,88.48778915405273
2017-07-06 00:00:00,63.046288,121.0,57.953712463378906
2017-07-06 03:00:00,63.268032,120.0,56.73196792602539
2017-07-06 06:00:00,68.07454,99.0,30.925460815429688
2017-07-06 09:00:00,67.74872,87.0,19.25128173828125
2017-07-06 12:00:00,75.46032,86.0,10.539680480957031
2017-07-06 15:00:00,72.752525,115.0,42.247474670410156
2017-07-06 18:00:00,69.314865,103.0,33.68513488769531
2017-07-06 21:00:00,64.79763,90.0,25.202369689941406
2017-07-07 00:00:00,82.31598,107.0,24.68402099609375
2017-07-07 03:00:00,84.39844,91.0,6.6015625
2017-07-07 06:00:00,93.70876,95.0,1.2912368774414062
2017-07-07 09:00:00,85.36404,91.0,5.635963439941406
2017-07-07 12:00:00,73.13929,80.0,6.860710144042969
2017-07-07 15:00:00,78.815445,93.0,14.184555053710938
2017-07-07 18:00:00,77.16244,93.0,15.837562561035156
2017-07-07 21:00:00,83.638954,82.0,-1.6389541625976562
2017-07-08 00:00:00,94.18409,109.0,14.815910339355469
2017-07-08 03:00:00,84.73648,109.0,24.263519287109375
2017-07-08 06:00:00,87.99225,117.0,29.00775146484375
2017-07-08 09:00:00,97.72384,120.0,22.276161193847656
2017-07-08 12:00:00,169.3893,133.0,-36.38929748535156
2017-07-08 15:00:00,175.81215,134.0,-41.81214904785156
2017-07-08 18:00:00,178.3028,124.0,-54.30279541015625
2017-07-08 21:00:00,182.28844,135.0,-47.28843688964844
2017-07-09 00:00:00,279.26398,120.0,-159.26397705078125
2017-07-09 03:00:00,238.20927,84.0,-154.2092742919922
2017-07-09 06:00:00,205.61356,120.0,-85.61355590820312
2017-07-09 09:00:00,188.19765,102.0,-86.19764709472656
2017-07-09 12:00:00,111.30487,95.0,-16.30487060546875
2017-07-09 15:00:00,75.35846,77.0,1.64154052734375
2017-07-09 18:00:00,66.413574,82.0,15.58642578125
2017-07-09 21:00:00,63.198967,83.0,19.80103302001953
2017-07-10 00:00:00,171.45021,78.0,-93.45021057128906
2017-07-10 03:00:00,219.06885,90.0,-129.06884765625
2017-07-10 06:00:00,309.07404,95.0,-214.07403564453125
2017-07-10 09:00:00,493.08618,104.0,-389.086181640625
2017-07-10 12:00:00,526.72296,93.0,-433.72296142578125
2017-07-10 15:00:00,408.61005,87.0,-321.61004638671875
2017-07-10 18:00:00,389.5934,82.0,-307.5934143066406
2017-07-10 21:00:00,491.28174,83.0,-408.28173828125
2017-07-11 00:00:00,470.95682,86.0,-384.9568176269531
2017-07-11 03:00:00,380.39856,93.0,-287.3985595703125
2017-07-11 06:00:00,300.0674,102.0,-198.06741333007812
2017-07-11 09:00:00,398.63516,130.0,-268.6351623535156
2017-07-11 12:00:00,437.258,117.0,-320.25799560546875
2017-07-11 15:00:00,453.1712,112.0,-341.17120361328125
2017-07-11 18:00:00,569.57446,112.0,-457.574462890625
2017-07-11 21:00:00,538.1351,157.0,-381.13507080078125
2017-07-12 00:00:00,231.11943,101.0,-130.1194305419922
2017-07-12 03:00:00,135.58588,81.0,-54.58587646484375
2017-07-12 06:00:00,104.14738,54.0,-50.147377014160156
2017-07-12 09:00:00,85.82958,56.0,-29.82958221435547
2017-07-12 12:00:00,80.29042,56.0,-24.290420532226562
2017-07-12 15:00:00,76.595825,58.0,-18.5958251953125
2017-07-12 18:00:00,68.59204,60.0,-8.592041015625
2017-07-12 21:00:00,60.768116,70.0,9.231884002685547
2017-07-13 00:00:00,121.886955,63.0,-58.88695526123047
2017-07-13 03:00:00,127.86359,66.0,-61.86358642578125
2017-07-13 06:00:00,140.6903,99.0,-41.6903076171875
2017-07-13 09:00:00,135.50175,82.0,-53.50175476074219
2017-07-13 12:00:00,140.81673,72.0,-68.81672668457031
2017-07-13 15:00:00,134.9755,72.0,-62.975494384765625
2017-07-13 18:00:00,116.19932,79.0,-37.199317932128906
2017-07-13 21:00:00,99.905495,96.0,-3.9054946899414062
2017-07-14 00:00:00,118.43304,93.0,-25.43303680419922
2017-07-14 03:00:00,114.09497,79.0,-35.094970703125
2017-07-14 06:00:00,113.298485,69.0,-44.298484802246094
2017-07-14 09:00:00,100.0758,82.0,-18.07579803466797
2017-07-14 12:00:00,97.196335,77.0,-20.196334838867188
2017-07-14 15:00:00,109.24805,65.0,-44.248046875
2017-07-14 21:00:00,94.24684,79.0,-15.246841430664062
2017-07-15 00:00:00,52.84687,71.0,18.15312957763672
2017-07-15 03:00:00,54.665863,71.0,16.334136962890625
2017-07-15 06:00:00,59.08964,85.0,25.910358428955078
2017-07-15 09:00:00,65.68962,92.0,26.310379028320312
2017-07-15 12:00:00,123.94185,116.0,-7.9418487548828125
2017-07-15 15:00:00,111.27349,99.0,-12.273490905761719
2017-07-15 18:00:00,106.1112,81.0,-25.11119842529297
2017-07-15 21:00:00,110.491325,81.0,-29.49132537841797
2017-07-16 00:00:00,165.07135,76.0,-89.07135009765625
2017-07-16 03:00:00,162.64722,71.0,-91.647216796875
2017-07-16 06:00:00,163.19154,84.0,-79.19154357910156
2017-07-16 09:00:00,144.71266,82.0,-62.71266174316406
2017-07-16 12:00:00,52.687256,78.0,25.312744140625
2017-07-16 15:00:00,68.4613,77.0,8.5386962890625
2017-07-16 18:00:00,74.70089,76.0,1.2991104125976562
2017-07-16 21:00:00,75.02331,79.0,3.9766921997070312
2017-07-17 00:00:00,100.672874,76.0,-24.672874450683594
2017-07-17 03:00:00,94.83938,78.0,-16.839378356933594
2017-07-17 06:00:00,95.17453,88.0,-7.174530029296875
2017-07-17 09:00:00,87.88993,86.0,-1.8899307250976562
2017-07-17 12:00:00,136.38078,93.0,-43.38078308105469
2017-07-17 15:00:00,127.47057,84.0,-43.47057342529297
2017-07-17 18:00:00,110.46734,107.0,-3.4673385620117188
2017-07-17 21:00:00,90.808044,93.0,2.19195556640625
2017-07-18 00:00:00,111.63877,79.0,-32.638771057128906
2017-07-18 03:00:00,119.21929,101.0,-18.21929168701172
2017-07-18 06:00:00,137.39827,75.0,-62.39826965332031
2017-07-18 09:00:00,124.49982,69.0,-55.49981689453125
2017-07-18 12:00:00,111.373085,88.0,-23.373085021972656
2017-07-18 15:00:00,107.246254,91.0,-16.246253967285156
2017-07-18 18:00:00,95.73705,90.0,-5.737052917480469
2017-07-18 21:00:00,85.272514,80.0,-5.272514343261719
2017-07-19 00:00:00,123.231415,55.0,-68.23141479492188
2017-07-19 03:00:00,117.165085,87.0,-30.165084838867188
2017-07-19 06:00:00,117.00649,105.0,-12.006492614746094
2017-07-19 09:00:00,114.07701,100.0,-14.077011108398438
2017-07-19 12:00:00,116.2889,85.0,-31.288902282714844
2017-07-19 15:00:00,110.00975,74.0,-36.00975036621094
2017-07-19 18:00:00,99.19018,70.0,-29.19017791748047
2017-07-19 21:00:00,91.05202,84.0,-7.0520172119140625
2017-07-20 00:00:00,106.15622,69.0,-37.156219482421875
2017-07-20 03:00:00,105.69613,71.0,-34.696128845214844
2017-07-20 06:00:00,106.48091,88.0,-18.480911254882812
2017-07-20 09:00:00,101.959816,79.0,-22.959815979003906
2017-07-20 12:00:00,110.1921,87.0,-23.192100524902344
2017-07-20 15:00:00,104.41363,86.0,-18.41362762451172
2017-07-20 18:00:00,97.53592,74.0,-23.535919189453125
2017-07-20 21:00:00,88.85445,72.0,-16.854446411132812
2017-08-11 00:00:00,70.331,66.0,-4.331001281738281
2017-08-11 03:00:00,66.21599,75.0,8.784011840820312
2017-08-11 09:00:00,67.58046,59.0,-8.580459594726562
2017-08-11 12:00:00,74.53264,62.0,-12.532638549804688
2017-08-11 15:00:00,69.72369,49.0,-20.72368621826172
2017-08-11 18:00:00,63.154175,57.0,-6.1541748046875
2017-08-11 21:00:00,58.876366,55.0,-3.8763656616210938
2017-08-12 00:00:00,88.984505,45.0,-43.98450469970703
2017-08-12 03:00:00,83.002304,48.0,-35.00230407714844
2017-08-12 06:00:00,85.79059,48.0,-37.79058837890625
2017-08-12 09:00:00,83.754005,58.0,-25.754005432128906
2017-08-12 12:00:00,75.0706,81.0,5.9293975830078125
2017-08-12 15:00:00,58.390015,56.0,-2.3900146484375
2017-08-12 21:00:00,43.356407,51.0,7.643592834472656
2017-08-13 00:00:00,62.97523,55.0,-7.975231170654297
2017-08-13 03:00:00,68.86626,55.0,-13.866256713867188
2017-08-13 06:00:00,79.903885,55.0,-24.903884887695312
2017-08-13 09:00:00,81.972305,63.0,-18.972305297851562
2017-08-13 15:00:00,61.38771,74.0,12.612289428710938
2017-08-13 18:00:00,57.346825,71.0,13.653175354003906
2017-08-13 21:00:00,53.45237,57.0,3.5476303100585938
2017-08-14 00:00:00,85.2815,66.0,-19.28150177001953
2017-08-14 03:00:00,80.39308,74.0,-6.3930816650390625
2017-08-14 06:00:00,83.492065,76.0,-7.4920654296875
2017-08-14 09:00:00,85.452255,81.0,-4.4522552490234375
2017-08-14 12:00:00,86.87084,77.0,-9.870841979980469
2017-08-14 15:00:00,85.098465,98.0,12.901535034179688
2017-08-14 18:00:00,77.63083,84.0,6.369171142578125
2017-08-14 21:00:00,70.26427,83.0,12.735733032226562
2017-08-15 00:00:00,58.301567,77.0,18.69843292236328
2017-08-15 03:00:00,54.83457,56.0,1.1654281616210938
2017-08-15 06:00:00,61.452282,58.0,-3.452281951904297
2017-08-15 09:00:00,61.818356,80.0,18.181644439697266
2017-08-15 18:00:00,73.34802,67.0,-6.3480224609375
2017-08-15 21:00:00,77.35434,59.0,-18.354339599609375
2017-08-16 00:00:00,77.016235,58.0,-19.0162353515625
2017-08-16 03:00:00,83.81267,89.0,5.1873321533203125
2017-08-16 06:00:00,98.379135,121.0,22.620864868164062
2017-08-16 09:00:00,107.13734,135.0,27.86266326904297
2017-08-16 12:00:00,152.7519,124.0,-28.751907348632812
2017-08-16 15:00:00,164.546,119.0,-45.54600524902344
2017-08-16 18:00:00,167.7372,84.0,-83.73719787597656
2017-08-16 21:00:00,168.11827,85.0,-83.11827087402344
2017-08-17 03:00:00,181.05743,95.0,-86.05743408203125
2017-08-17 06:00:00,174.06569,90.0,-84.06568908691406
2017-08-17 09:00:00,166.13739,89.0,-77.13739013671875
2017-08-17 12:00:00,117.926216,99.0,-18.92621612548828
2017-08-17 15:00:00,114.9599,90.0,-24.95989990234375
2017-08-17 18:00:00,101.28974,80.0,-21.28974151611328
2017-08-17 21:00:00,96.258644,77.0,-19.258644104003906
2017-08-19 03:00:00,105.34643,65.0,-40.34642791748047
2017-08-19 09:00:00,101.28417,102.0,0.7158279418945312
2017-08-19 12:00:00,83.71785,93.0,9.282150268554688
2017-08-19 15:00:00,86.55025,99.0,12.449752807617188
2017-08-19 18:00:00,84.117004,85.0,0.88299560546875
2017-08-19 21:00:00,79.76155,86.0,6.2384490966796875
2017-08-20 00:00:00,102.798706,89.0,-13.7987060546875
2017-08-20 03:00:00,94.71932,73.0,-21.719322204589844
2017-08-20 06:00:00,95.03924,102.0,6.960762023925781
2017-08-20 09:00:00,85.56731,104.0,18.432693481445312
2017-08-20 15:00:00,124.519264,81.0,-43.519264221191406
2017-08-20 18:00:00,119.62311,83.0,-36.62310791015625
2017-08-21 00:00:00,99.42119,72.0,-27.421188354492188
2017-08-21 03:00:00,95.53725,66.0,-29.537246704101562
2017-08-21 09:00:00,108.0785,88.0,-20.07849884033203
2017-08-21 12:00:00,101.92764,97.0,-4.927642822265625
2017-08-21 15:00:00,99.04147,87.0,-12.041473388671875
2017-08-21 18:00:00,87.49066,71.0,-16.49066162109375
2017-08-21 21:00:00,83.92635,73.0,-10.926353454589844
2017-08-22 00:00:00,80.589355,58.0,-22.58935546875
2017-08-22 03:00:00,83.542885,58.0,-25.542884826660156
2017-08-22 06:00:00,89.68743,70.0,-19.68743133544922
2017-08-22 09:00:00,91.49142,79.0,-12.491416931152344
2017-08-22 12:00:00,87.98588,90.0,2.0141220092773438
2017-08-22 15:00:00,90.74017,65.0,-25.74017333984375
2017-08-22 18:00:00,82.50618,80.0,-2.5061798095703125
2017-08-22 21:00:00,84.54003,53.0,-31.54003143310547
2017-08-23 00:00:00,79.856026,53.0,-26.85602569580078
2017-08-23 03:00:00,78.2718,66.0,-12.271797180175781
2017-08-23 06:00:00,76.38994,63.0,-13.389938354492188
2017-08-23 09:00:00,72.69762,59.0,-13.697616577148438
2017-08-23 12:00:00,89.70937,69.0,-20.709373474121094
2017-08-23 15:00:00,87.49157,60.0,-27.49156951904297
2017-08-23 18:00:00,77.44916,65.0,-12.44915771484375
2017-08-23 21:00:00,76.07491,109.0,32.925086975097656
2017-08-24 00:00:00,137.01492,89.0,-48.014923095703125
2017-08-24 03:00:00,142.22575,79.0,-63.22575378417969
2017-08-24 09:00:00,129.60225,92.0,-37.60224914550781
2017-08-24 18:00:00,106.96545,60.0,-46.96544647216797
2017-08-24 21:00:00,117.40326,56.0,-61.40325927734375
2017-08-25 00:00:00,113.03405,64.0,-49.03404998779297
2017-08-25 03:00:00,112.56918,57.0,-55.569183349609375
2017-08-25 06:00:00,112.38956,69.0,-43.389556884765625
2017-08-25 09:00:00,91.719475,106.0,14.280525207519531
2017-08-25 12:00:00,97.08606,111.0,13.9139404296875
2017-08-25 15:00:00,106.95413,76.0,-30.954132080078125
2017-08-25 18:00:00,100.92333,64.0,-36.92333221435547
2017-08-25 21:00:00,98.20019,68.0,-30.20018768310547
2017-08-26 00:00:00,124.60271,71.0,-53.60270690917969
2017-08-26 03:00:00,116.79896,83.0,-33.79895782470703
2017-08-26 06:00:00,106.250694,121.0,14.749305725097656
2017-08-26 09:00:00,92.54313,116.0,23.456871032714844
2017-08-26 12:00:00,85.760574,106.0,20.239425659179688
2017-08-26 15:00:00,98.73759,126.0,27.262413024902344
2017-08-26 21:00:00,99.79539,86.0,-13.795387268066406
2017-08-27 00:00:00,99.08001,90.0,-9.080009460449219
2017-08-27 03:00:00,104.05921,100.0,-4.059211730957031
2017-08-27 06:00:00,103.19218,111.0,7.807823181152344
2017-08-27 12:00:00,149.33653,100.0,-49.33653259277344
2017-08-27 18:00:00,151.33583,102.0,-49.33583068847656
2017-08-28 18:00:00,51.928394,59.0,7.071605682373047
2017-08-28 21:00:00,48.74312,61.0,12.256881713867188
2017-08-29 00:00:00,77.05137,54.0,-23.051368713378906
2017-08-29 03:00:00,70.36283,62.0,-8.362831115722656
2017-08-29 09:00:00,66.53954,56.0,-10.539543151855469
2017-08-29 12:00:00,69.82054,57.0,-12.820541381835938
2017-08-29 15:00:00,77.98781,58.0,-19.987808227539062
2017-08-29 18:00:00,74.40405,52.0,-22.404052734375
2017-08-29 21:00:00,69.85169,55.0,-14.851692199707031
2017-08-30 00:00:00,92.11465,56.0,-36.114646911621094
2017-08-30 03:00:00,89.12639,59.0,-30.126388549804688
2017-08-30 06:00:00,93.67204,59.0,-34.67204284667969
2017-08-30 09:00:00,91.63978,65.0,-26.63977813720703
2017-08-30 12:00:00,91.06953,91.0,-0.06952667236328125
2017-08-30 15:00:00,88.511116,76.0,-12.511116027832031
2017-08-30 18:00:00,80.83748,63.0,-17.837478637695312
2017-08-30 21:00:00,73.88587,75.0,1.1141281127929688
2017-08-31 00:00:00,85.12336,91.0,5.876640319824219
2017-08-31 03:00:00,92.85952,94.0,1.1404800415039062
2017-08-31 06:00:00,103.84031,72.0,-31.840309143066406
2017-08-31 09:00:00,100.129,83.0,-17.128997802734375
2017-08-31 12:00:00,66.13777,56.0,-10.137771606445312
2017-08-31 15:00:00,68.28509,66.0,-2.2850875854492188
2017-08-31 18:00:00,66.03227,98.0,31.967727661132812
2017-08-31 21:00:00,61.5878,83.0,21.412200927734375
2017-09-01 00:00:00,60.397495,105.0,44.60250473022461
2017-09-01 03:00:00,56.753834,106.0,49.24616622924805
2017-09-01 06:00:00,55.252483,101.0,45.74751663208008
2017-09-01 09:00:00,50.30961,77.0,26.690391540527344
2017-09-01 12:00:00,50.905785,84.0,33.094215393066406
2017-09-01 15:00:00,53.185658,92.0,38.8143424987793
2017-09-01 18:00:00,50.088715,101.0,50.911285400390625
2017-09-01 21:00:00,48.380116,91.0,42.6198844909668
2017-09-02 00:00:00,71.19274,117.0,45.80725860595703
2017-09-02 03:00:00,73.26139,112.0,38.738609313964844
2017-09-02 09:00:00,83.60667,65.0,-18.606666564941406
2017-09-02 12:00:00,55.112194,93.0,37.8878059387207
2017-09-02 15:00:00,55.532837,56.0,0.4671630859375
2017-09-02 18:00:00,53.26001,85.0,31.739990234375
2017-09-03 00:00:00,55.987244,80.0,24.01275634765625
2017-09-03 03:00:00,62.19034,70.0,7.809661865234375
2017-09-03 06:00:00,73.58653,81.0,7.4134674072265625
2017-09-03 09:00:00,67.58273,42.0,-25.582733154296875
2017-09-03 12:00:00,59.36181,48.0,-11.361808776855469
2017-09-03 15:00:00,67.512245,61.0,-6.512245178222656
2017-09-03 18:00:00,65.037964,86.0,20.9620361328125
2017-09-03 21:00:00,51.819653,69.0,17.180347442626953
2017-09-04 00:00:00,46.27691,69.0,22.72309112548828
2017-09-04 03:00:00,46.73666,61.0,14.26333999633789
2017-09-04 06:00:00,51.91896,72.0,20.081039428710938
2017-09-04 12:00:00,57.538727,62.0,4.461273193359375
2017-09-04 15:00:00,63.496826,92.0,28.503173828125
2017-09-04 18:00:00,63.258083,82.0,18.74191665649414
2017-09-05 00:00:00,83.645546,86.0,2.3544540405273438
2017-09-05 03:00:00,80.11659,89.0,8.883407592773438
2017-09-05 09:00:00,77.13652,98.0,20.863479614257812
2017-09-05 12:00:00,81.57121,108.0,26.428787231445312
2017-09-05 15:00:00,85.427475,107.0,21.572525024414062
2017-09-05 18:00:00,80.74972,90.0,9.250282287597656
2017-09-05 21:00:00,74.90325,76.0,1.0967483520507812
2017-09-06 00:00:00,100.773834,76.0,-24.773834228515625
2017-09-06 03:00:00,96.816505,88.0,-8.816505432128906
2017-09-06 06:00:00,98.26567,88.0,-10.265670776367188
2017-09-06 12:00:00,92.802795,89.0,-3.80279541015625
2017-09-06 18:00:00,82.62566,59.0,-23.62566375732422
2017-09-06 21:00:00,73.13565,82.0,8.864349365234375
2017-09-07 00:00:00,80.096924,83.0,2.903076171875
2017-09-07 03:00:00,79.02054,55.0,-24.020538330078125
2017-09-07 06:00:00,79.82203,68.0,-11.822029113769531
2017-09-07 09:00:00,75.72544,75.0,-0.7254409790039062
2017-09-07 12:00:00,60.144886,69.0,8.855113983154297
2017-09-07 15:00:00,66.280106,64.0,-2.2801055908203125
2017-09-07 18:00:00,64.92166,54.0,-10.921661376953125
2017-09-07 21:00:00,63.34733,55.0,-8.347328186035156
2017-09-08 00:00:00,78.42482,49.0,-29.424819946289062
2017-09-08 03:00:00,79.68469,54.0,-25.6846923828125
2017-09-08 06:00:00,83.41749,64.0,-19.41748809814453
2017-09-08 09:00:00,76.742935,72.0,-4.7429351806640625
2017-09-08 12:00:00,74.84778,70.0,-4.8477783203125
2017-09-08 15:00:00,73.71364,73.0,-0.7136383056640625
2017-09-08 18:00:00,69.59147,68.0,-1.5914688110351562
2017-09-08 21:00:00,65.411316,69.0,3.58868408203125
2017-09-09 00:00:00,90.30464,79.0,-11.304641723632812
2017-09-09 03:00:00,83.670555,75.0,-8.670555114746094
2017-09-09 06:00:00,75.412346,56.0,-19.41234588623047
2017-09-09 09:00:00,71.72798,61.0,-10.727981567382812
2017-09-09 12:00:00,45.09525,77.0,31.90475082397461
2017-09-09 15:00:00,48.49585,74.0,25.504150390625
2017-09-09 18:00:00,48.879257,52.0,3.1207427978515625
2017-09-09 21:00:00,46.660263,41.0,-5.6602630615234375
2017-09-10 00:00:00,38.352028,41.0,2.6479721069335938
2017-09-10 03:00:00,60.05655,55.0,-5.056549072265625
2017-09-10 06:00:00,89.21416,48.0,-41.21415710449219
2017-09-10 09:00:00,87.98418,64.0,-23.984176635742188
2017-09-10 12:00:00,86.69781,40.0,-46.69780731201172
2017-09-10 15:00:00,82.08235,43.0,-39.08235168457031
2017-09-10 18:00:00,75.634094,51.0,-24.63409423828125
2017-09-10 21:00:00,68.9314,55.0,-13.931396484375
2017-09-11 00:00:00,68.607506,56.0,-12.607505798339844
2017-09-11 03:00:00,64.47249,58.0,-6.4724884033203125
2017-09-11 06:00:00,69.17594,66.0,-3.1759414672851562
2017-09-11 09:00:00,70.57361,61.0,-9.5736083984375
2017-09-11 12:00:00,61.709896,82.0,20.290103912353516
2017-09-11 15:00:00,64.281494,79.0,14.718505859375
2017-09-11 21:00:00,64.620056,94.0,29.37994384765625
2017-09-12 00:00:00,99.864,104.0,4.1360015869140625
2017-09-12 03:00:00,98.66426,103.0,4.3357391357421875
2017-09-12 06:00:00,103.591675,97.0,-6.5916748046875
2017-09-12 12:00:00,92.36146,118.0,25.63854217529297
2017-09-12 15:00:00,88.89947,92.0,3.1005325317382812
2017-09-12 18:00:00,85.65201,88.0,2.347991943359375
2017-09-12 21:00:00,79.73085,96.0,16.269149780273438
2017-09-13 00:00:00,129.65598,91.0,-38.655975341796875
2017-09-13 03:00:00,116.283676,95.0,-21.283676147460938
2017-09-13 06:00:00,111.90241,94.0,-17.90241241455078
2017-09-13 09:00:00,95.9808,107.0,11.019203186035156
2017-09-13 21:00:00,78.57165,121.0,42.42835235595703
2017-09-14 00:00:00,90.92446,93.0,2.0755386352539062
2017-09-14 03:00:00,94.8146,95.0,0.18540191650390625
2017-09-14 06:00:00,102.35021,62.0,-40.35021209716797
2017-09-14 09:00:00,95.470795,65.0,-30.470794677734375
2017-09-14 12:00:00,72.668625,47.0,-25.668624877929688
2017-09-14 15:00:00,81.22606,74.0,-7.2260589599609375
2017-09-14 18:00:00,85.208855,86.0,0.7911453247070312
2017-09-15 00:00:00,81.183655,80.0,-1.18365478515625
2017-09-15 03:00:00,71.71912,81.0,9.2808837890625
2017-09-15 06:00:00,69.95742,72.0,2.0425796508789062
2017-09-15 09:00:00,69.58203,89.0,19.41796875
2017-09-15 12:00:00,107.84697,94.0,-13.846969604492188
2017-09-15 15:00:00,116.8836,101.0,-15.883598327636719
2017-09-15 18:00:00,118.85789,99.0,-19.857887268066406
2017-09-16 00:00:00,143.68573,108.0,-35.68572998046875
2017-09-16 06:00:00,134.65274,117.0,-17.652740478515625
2017-09-16 09:00:00,120.903564,126.0,5.096435546875
2017-09-17 00:00:00,64.995445,98.0,33.004554748535156
2017-09-17 03:00:00,70.15388,116.0,45.84612274169922
2017-09-17 06:00:00,76.06411,104.0,27.935890197753906
2017-09-17 09:00:00,73.06909,106.0,32.930908203125
2017-09-18 00:00:00,88.15857,91.0,2.8414306640625
2017-09-18 03:00:00,84.09916,103.0,18.900840759277344
2017-09-19 00:00:00,65.15552,71.0,5.844482421875
2017-09-19 03:00:00,63.954872,91.0,27.045127868652344
2017-09-19 18:00:00,66.11549,77.0,10.884506225585938
2017-09-19 21:00:00,61.481613,78.0,16.518386840820312
2017-09-20 12:00:00,59.513012,90.0,30.486988067626953
2017-09-20 21:00:00,57.930492,76.0,18.069507598876953
2017-09-21 03:00:00,57.86819,70.0,12.13180923461914
2017-09-21 06:00:00,64.48545,85.0,20.514549255371094
2017-09-21 12:00:00,63.251377,60.0,-3.2513771057128906
2017-09-21 15:00:00,56.648106,64.0,7.351894378662109
2017-09-21 18:00:00,43.63005,61.0,17.369949340820312
2017-09-22 03:00:00,42.114494,82.0,39.88550567626953
2017-09-22 06:00:00,46.934418,59.0,12.065582275390625
2017-09-22 12:00:00,34.016693,45.0,10.983306884765625
2017-09-22 15:00:00,27.904888,38.0,10.095111846923828
2017-09-22 18:00:00,25.492682,37.0,11.507318496704102
2017-09-22 21:00:00,26.135468,37.0,10.864532470703125
2017-09-23 00:00:00,29.599504,44.0,14.400495529174805
2017-09-23 03:00:00,36.621487,47.0,10.37851333618164
2017-09-23 06:00:00,43.27876,42.0,-1.2787590026855469
2017-09-23 09:00:00,33.72952,52.0,18.27048110961914
2017-09-23 12:00:00,27.09578,52.0,24.904220581054688
2017-09-23 15:00:00,31.21761,59.0,27.782390594482422
2017-09-23 21:00:00,40.74991,66.0,25.250091552734375
2017-09-24 00:00:00,34.80045,66.0,31.19955062866211
2017-09-24 03:00:00,50.739002,77.0,26.260997772216797
2017-09-24 06:00:00,66.40494,60.0,-6.404937744140625
2017-09-24 09:00:00,66.98247,60.0,-6.9824676513671875
2017-09-24 12:00:00,85.65076,61.0,-24.6507568359375
2017-09-24 15:00:00,87.641014,46.0,-41.641014099121094
2017-09-24 18:00:00,87.498505,38.0,-49.498504638671875
2017-09-24 21:00:00,84.78514,43.0,-41.78514099121094
2017-09-25 00:00:00,91.73493,42.0,-49.73493194580078
2017-09-25 03:00:00,89.1946,52.0,-37.194602966308594
2017-09-25 06:00:00,95.74842,71.0,-24.74842071533203
2017-09-25 09:00:00,92.18206,70.0,-22.18206024169922
2017-09-25 12:00:00,53.361874,56.0,2.6381263732910156
2017-09-25 18:00:00,56.81386,53.0,-3.813861846923828
2017-09-25 21:00:00,56.15698,54.0,-2.1569786071777344
2017-09-26 03:00:00,64.70401,68.0,3.295989990234375
2017-09-26 06:00:00,68.2412,58.0,-10.241203308105469
2017-09-26 09:00:00,64.360504,64.0,-0.360504150390625
2017-09-26 12:00:00,65.80183,60.0,-5.801826477050781
2017-09-26 15:00:00,68.24359,60.0,-8.24359130859375
2017-09-26 21:00:00,64.89688,75.0,10.103118896484375
2017-09-27 00:00:00,57.389343,132.0,74.61065673828125
2017-09-27 03:00:00,58.592945,135.0,76.40705490112305
2017-09-27 06:00:00,60.873447,69.0,8.12655258178711
2017-09-27 09:00:00,53.436565,55.0,1.5634346008300781
2017-09-27 12:00:00,48.190826,72.0,23.809173583984375
2017-09-27 15:00:00,53.85124,80.0,26.148761749267578
2017-09-27 18:00:00,55.9001,75.0,19.099899291992188
2017-09-27 21:00:00,55.725197,73.0,17.274803161621094
2017-09-28 00:00:00,78.71278,68.0,-10.712783813476562
2017-09-28 03:00:00,73.906334,70.0,-3.9063339233398438
2017-09-28 06:00:00,73.98276,77.0,3.017242431640625
2017-09-28 09:00:00,65.84133,70.0,4.158668518066406
2017-09-28 12:00:00,68.451866,77.0,8.548133850097656
2017-09-28 15:00:00,74.68049,78.0,3.3195114135742188
2017-09-28 18:00:00,75.33418,68.0,-7.3341827392578125
2017-09-29 00:00:00,58.268597,97.0,38.73140335083008
2017-09-29 03:00:00,54.68496,106.0,51.315040588378906
2017-09-29 06:00:00,53.908195,133.0,79.09180450439453
2017-09-29 12:00:00,46.44829,49.0,2.551708221435547
2017-09-29 15:00:00,44.064846,37.0,-7.064846038818359
2017-09-29 18:00:00,45.011917,34.0,-11.011917114257812
2017-09-29 21:00:00,46.682545,31.0,-15.682544708251953
2017-09-30 00:00:00,45.827164,38.0,-7.8271636962890625
2017-09-30 03:00:00,47.38081,92.0,44.61919021606445
2017-09-30 06:00:00,52.10961,48.0,-4.109611511230469
2017-09-30 09:00:00,56.173576,48.0,-8.173576354980469
2017-09-30 12:00:00,56.553516,49.0,-7.553516387939453
2017-10-01 09:00:00,45.782032,76.0,30.217967987060547
2017-10-01 12:00:00,56.93056,65.0,8.069438934326172
2017-10-01 15:00:00,58.096474,59.0,0.9035263061523438
2017-10-01 18:00:00,55.66494,47.0,-8.664939880371094
2017-10-01 21:00:00,53.35289,44.0,-9.352890014648438
2017-10-02 00:00:00,68.2486,49.0,-19.24859619140625
2017-10-02 09:00:00,73.521675,49.0,-24.52167510986328
2017-10-02 12:00:00,46.61297,52.0,5.387031555175781
2017-10-02 15:00:00,49.359303,51.0,1.6406974792480469
2017-10-02 18:00:00,52.07812,57.0,4.921878814697266
2017-10-02 21:00:00,52.431232,63.0,10.568767547607422
2017-10-03 00:00:00,39.785393,71.0,31.21460723876953
2017-10-03 03:00:00,35.96756,71.0,35.032440185546875
2017-10-03 06:00:00,37.780525,56.0,18.21947479248047
2017-10-03 09:00:00,39.03449,40.0,0.9655113220214844
2017-10-03 12:00:00,49.30314,41.0,-8.303138732910156
2017-10-03 15:00:00,46.157425,32.0,-14.157424926757812
2017-10-03 18:00:00,40.040165,25.0,-15.040164947509766
2017-10-03 21:00:00,38.91728,35.0,-3.917278289794922
2017-10-04 00:00:00,68.70323,38.0,-30.703231811523438
2017-10-04 03:00:00,76.71747,49.0,-27.71746826171875
2017-10-04 06:00:00,81.321846,52.0,-29.32184600830078
2017-10-04 09:00:00,64.731636,47.0,-17.73163604736328
2017-10-04 12:00:00,40.410442,41.0,0.5895576477050781
2017-10-04 15:00:00,47.20732,40.0,-7.2073211669921875
2017-10-05 21:00:00,34.411583,33.0,-1.4115829467773438
2017-10-06 03:00:00,37.515976,32.0,-5.5159759521484375
2017-10-06 06:00:00,44.396275,47.0,2.6037254333496094
2017-10-06 09:00:00,45.448418,43.0,-2.4484176635742188
2017-10-06 12:00:00,44.187687,42.0,-2.1876869201660156
2017-10-09 09:00:00,106.104836,56.0,-50.104835510253906
2017-10-09 12:00:00,81.76085,87.0,5.2391510009765625
2017-10-09 15:00:00,74.78212,58.0,-16.782119750976562
2017-10-09 18:00:00,63.069706,59.0,-4.069705963134766
2017-10-09 21:00:00,54.406086,58.0,3.593914031982422
2017-10-10 00:00:00,57.428112,49.0,-8.428112030029297
2017-10-10 03:00:00,53.42679,53.0,-0.426788330078125
2017-10-10 06:00:00,53.7284,58.0,4.271598815917969
2017-10-10 09:00:00,55.106968,58.0,2.8930320739746094
2017-10-10 12:00:00,65.28194,58.0,-7.2819366455078125
2017-10-10 15:00:00,64.47636,44.0,-20.476356506347656
2017-10-10 18:00:00,56.587852,46.0,-10.587852478027344
2017-10-10 21:00:00,51.9251,48.0,-3.925098419189453
2017-10-11 00:00:00,80.6765,45.0,-35.67649841308594
2017-10-11 03:00:00,83.586655,55.0,-28.586654663085938
2017-10-11 06:00:00,98.01647,64.0,-34.01647186279297
2017-10-11 09:00:00,96.23284,84.0,-12.232841491699219
2017-10-11 15:00:00,55.93989,56.0,0.060108184814453125
2017-10-11 21:00:00,48.556557,51.0,2.4434432983398438
2017-10-12 03:00:00,50.05927,54.0,3.9407310485839844
2017-10-12 06:00:00,44.44871,41.0,-3.448711395263672
2017-10-12 09:00:00,41.408726,37.0,-4.408725738525391
2017-10-12 12:00:00,45.857407,38.0,-7.8574066162109375
2017-10-12 15:00:00,37.03798,34.0,-3.0379791259765625
2017-10-12 18:00:00,34.070354,29.0,-5.070354461669922
2017-10-12 21:00:00,38.936035,30.0,-8.93603515625
2017-10-13 00:00:00,60.952175,36.0,-24.95217514038086
2017-10-13 03:00:00,59.473225,34.0,-25.473224639892578
2017-10-13 06:00:00,50.58621,46.0,-4.586208343505859
2017-10-13 09:00:00,42.90115,33.0,-9.90114974975586
2017-10-13 15:00:00,37.15019,31.0,-6.150188446044922
2017-10-13 18:00:00,37.892677,37.0,-0.8926773071289062
2017-10-13 21:00:00,39.650787,29.0,-10.650787353515625
2017-10-14 00:00:00,57.95232,36.0,-21.952320098876953
2017-10-14 03:00:00,62.050278,37.0,-25.050277709960938
2017-10-14 06:00:00,59.036495,42.0,-17.036495208740234
2017-10-14 09:00:00,50.386547,34.0,-16.386547088623047
2017-10-14 12:00:00,56.84518,39.0,-17.84518051147461
2017-10-14 15:00:00,50.17239,43.0,-7.172389984130859
2017-10-14 18:00:00,45.60684,43.0,-2.6068382263183594
2017-10-14 21:00:00,43.590942,47.0,3.4090576171875
2017-10-15 00:00:00,26.599083,46.0,19.400917053222656
2017-10-15 03:00:00,33.157448,45.0,11.842552185058594
2017-10-15 06:00:00,39.070072,49.0,9.929927825927734
2017-10-15 09:00:00,37.893414,56.0,18.106586456298828
2017-10-15 12:00:00,54.617657,46.0,-8.617656707763672
2017-10-16 00:00:00,58.52303,37.0,-21.523029327392578
2017-10-16 03:00:00,59.915237,52.0,-7.9152374267578125
2017-10-16 06:00:00,65.054565,48.0,-17.0545654296875
2017-10-16 09:00:00,56.558064,47.0,-9.558063507080078
2017-10-16 12:00:00,33.91244,52.0,18.08755874633789
2017-10-16 15:00:00,23.853773,45.0,21.14622688293457
2017-10-17 00:00:00,22.170752,47.0,24.829248428344727
2017-10-17 03:00:00,26.496536,62.0,35.50346374511719
2017-10-17 06:00:00,31.762852,69.0,37.23714828491211
2017-10-17 09:00:00,32.750675,50.0,17.249324798583984
2017-10-17 12:00:00,41.647583,54.0,12.3524169921875
2017-10-17 15:00:00,44.0848,59.0,14.915199279785156
2017-10-17 18:00:00,40.47638,67.0,26.52362060546875
2017-10-17 21:00:00,38.52483,68.0,29.475170135498047
2017-10-18 00:00:00,56.542377,64.0,7.457622528076172
2017-10-18 03:00:00,56.635143,73.0,16.364856719970703
2017-10-18 06:00:00,52.7275,56.0,3.2724990844726562
2017-10-18 09:00:00,41.995464,64.0,22.004535675048828
2017-10-18 12:00:00,35.922314,38.0,2.077686309814453
2017-10-18 15:00:00,28.928297,39.0,10.07170295715332
2017-10-18 18:00:00,26.106817,36.0,9.893182754516602
2017-10-18 21:00:00,26.61045,37.0,10.389549255371094
2017-10-19 00:00:00,16.007107,44.0,27.99289321899414
2017-10-19 03:00:00,28.691374,42.0,13.308626174926758
2017-10-19 06:00:00,36.860912,43.0,6.139087677001953
2017-10-19 09:00:00,36.631435,46.0,9.36856460571289
2017-10-19 15:00:00,26.837255,41.0,14.162744522094727
2017-10-19 18:00:00,27.280521,41.0,13.719478607177734
2017-10-19 21:00:00,31.85255,39.0,7.147449493408203
2017-10-20 00:00:00,73.76911,42.0,-31.76911163330078
2017-10-20 03:00:00,64.82537,49.0,-15.825370788574219
2017-10-20 06:00:00,56.603767,47.0,-9.603767395019531
2017-10-20 12:00:00,29.101784,42.0,12.898216247558594
2017-10-20 15:00:00,31.362164,44.0,12.637836456298828
2017-10-20 18:00:00,30.963064,56.0,25.036935806274414
2017-10-20 21:00:00,31.452486,49.0,17.547513961791992
2017-10-21 00:00:00,34.47485,49.0,14.525150299072266
2017-10-21 03:00:00,37.25927,53.0,15.740730285644531
2017-10-21 06:00:00,41.632347,56.0,14.367652893066406
2017-10-21 09:00:00,39.527096,64.0,24.472904205322266
2017-10-21 12:00:00,50.870255,47.0,-3.8702545166015625
2017-10-21 15:00:00,44.234753,46.0,1.7652473449707031
2017-10-21 18:00:00,39.10361,53.0,13.89638900756836
2017-10-21 21:00:00,36.583515,51.0,14.416484832763672
2017-10-22 00:00:00,56.80795,63.0,6.192050933837891
2017-10-22 03:00:00,55.770214,56.0,0.22978591918945312
2017-10-22 06:00:00,61.99474,62.0,0.005260467529296875
2017-10-22 09:00:00,61.976665,56.0,-5.976665496826172
2017-10-22 12:00:00,65.89988,63.0,-2.8998794555664062
2017-10-22 15:00:00,53.0581,54.0,0.9418983459472656
2017-10-22 18:00:00,39.417046,48.0,8.582954406738281
2017-10-22 21:00:00,31.812305,46.0,14.187694549560547
2017-10-23 00:00:00,24.14481,47.0,22.85519027709961
2017-10-23 03:00:00,23.646635,56.0,32.35336494445801
2017-10-23 06:00:00,25.226826,41.0,15.773174285888672
2017-10-23 12:00:00,30.313004,47.0,16.686996459960938
2017-10-23 15:00:00,30.082048,42.0,11.917951583862305
2017-10-23 18:00:00,32.131424,48.0,15.868576049804688
2017-10-23 21:00:00,34.42767,46.0,11.572330474853516
2017-10-24 00:00:00,37.36102,39.0,1.6389808654785156
2017-10-24 03:00:00,39.186035,49.0,9.81396484375
2017-10-24 06:00:00,42.508305,55.0,12.491695404052734
2017-10-24 09:00:00,42.846977,42.0,-0.8469772338867188
2017-10-24 12:00:00,41.430893,45.0,3.5691070556640625
2017-10-24 15:00:00,40.48479,46.0,5.515209197998047
2017-10-24 18:00:00,35.82818,42.0,6.171821594238281
2017-10-24 21:00:00,34.354572,45.0,10.645427703857422
2017-10-25 00:00:00,43.75079,50.0,6.249210357666016
2017-10-25 03:00:00,44.73941,58.0,13.260589599609375
2017-10-25 06:00:00,52.525593,47.0,-5.525592803955078
2017-10-25 09:00:00,53.790585,45.0,-8.790584564208984
2017-10-25 12:00:00,34.09707,49.0,14.902931213378906
2017-10-25 15:00:00,35.46029,51.0,15.539710998535156
2017-10-25 18:00:00,36.780876,45.0,8.219123840332031
2017-10-25 21:00:00,38.40205,38.0,-0.4020500183105469
2017-10-26 00:00:00,43.975887,48.0,4.024112701416016
2017-10-26 03:00:00,44.63254,51.0,6.367458343505859
2017-10-26 06:00:00,49.48845,50.0,0.5115509033203125
2017-10-26 09:00:00,53.460327,49.0,-4.4603271484375
2017-10-26 12:00:00,43.055252,59.0,15.944747924804688
2017-10-26 15:00:00,42.83697,45.0,2.1630287170410156
2017-10-26 18:00:00,42.81128,47.0,4.188720703125
2017-10-26 21:00:00,43.0382,47.0,3.9617996215820312
2017-10-27 00:00:00,70.17525,57.0,-13.175247192382812
2017-10-27 03:00:00,69.27439,59.0,-10.274391174316406
2017-10-27 06:00:00,80.583275,65.0,-15.583274841308594
2017-10-27 09:00:00,81.04303,64.0,-17.04302978515625
2017-10-27 12:00:00,53.22272,46.0,-7.222721099853516
2017-10-27 15:00:00,55.856846,48.0,-7.856845855712891
2017-10-27 18:00:00,56.339558,55.0,-1.3395576477050781
2017-10-27 21:00:00,52.54719,61.0,8.452808380126953
2017-10-28 00:00:00,44.02341,57.0,12.97658920288086
2017-10-28 06:00:00,51.11724,69.0,17.88275909423828
2017-10-28 09:00:00,47.119328,70.0,22.880672454833984
2017-10-28 12:00:00,51.929646,56.0,4.070354461669922
2017-10-28 15:00:00,52.662132,58.0,5.337867736816406
2017-10-28 18:00:00,50.300686,56.0,5.699314117431641
2017-10-28 21:00:00,44.635612,61.0,16.36438751220703
2017-10-29 00:00:00,18.349056,60.0,41.650943756103516
2017-10-29 03:00:00,25.307827,61.0,35.69217300415039
2017-10-29 06:00:00,34.058872,64.0,29.94112777709961
2017-10-29 09:00:00,38.802,59.0,20.198001861572266
2017-10-29 12:00:00,32.45907,37.0,4.540931701660156
2017-10-29 15:00:00,39.6883,66.0,26.31169891357422
2017-10-29 18:00:00,39.247425,63.0,23.752574920654297
2017-10-29 21:00:00,36.21744,60.0,23.78255844116211
2017-10-30 03:00:00,10.147232,64.0,53.85276794433594
2017-10-30 06:00:00,20.3554,56.0,35.64459991455078
2017-10-30 09:00:00,27.928535,60.0,32.07146453857422
2017-10-30 12:00:00,43.808994,44.0,0.19100570678710938
2017-10-30 15:00:00,48.42457,64.0,15.575431823730469
2017-10-30 18:00:00,43.320824,73.0,29.679176330566406
2017-10-30 21:00:00,39.82905,62.0,22.17095184326172
2017-10-31 00:00:00,30.901901,55.0,24.098098754882812
2017-10-31 03:00:00,31.537638,61.0,29.46236228942871
2017-10-31 06:00:00,45.514183,66.0,20.485816955566406
2017-10-31 09:00:00,52.843346,47.0,-5.843345642089844
2017-10-31 12:00:00,66.99179,39.0,-27.991790771484375
2017-10-31 21:00:00,64.9834,47.0,-17.9833984375
2017-11-01 00:00:00,65.22441,58.0,-7.2244110107421875
2017-11-01 03:00:00,86.45747,84.0,-2.4574737548828125
2017-11-01 09:00:00,124.49357,176.0,51.506431579589844
2017-11-01 12:00:00,172.98555,265.0,92.01445007324219
2017-11-01 15:00:00,160.1598,272.0,111.84019470214844
2017-11-01 21:00:00,120.82364,156.0,35.176361083984375
2017-11-02 03:00:00,91.97265,125.0,33.02735137939453
2017-11-02 06:00:00,100.949135,127.0,26.050865173339844
2017-11-02 09:00:00,103.65568,140.0,36.344322204589844
2017-11-02 12:00:00,91.179405,95.0,3.8205947875976562
2017-11-02 15:00:00,86.82895,113.0,26.171051025390625
2017-11-02 21:00:00,81.04644,67.0,-14.046440124511719
2017-11-03 00:00:00,129.38562,63.0,-66.3856201171875
2017-11-03 03:00:00,126.11144,58.0,-68.11144256591797
2017-11-03 06:00:00,121.582504,62.0,-59.58250427246094
2017-11-03 12:00:00,70.276085,74.0,3.7239151000976562
2017-11-03 15:00:00,76.139145,71.0,-5.1391448974609375
2017-11-03 18:00:00,79.78565,77.0,-2.7856521606445312
2017-11-03 21:00:00,70.526764,48.0,-22.526763916015625
2017-11-04 00:00:00,52.7034,56.0,3.296600341796875
2017-11-04 03:00:00,40.28243,51.0,10.717571258544922
2017-11-04 06:00:00,31.581635,48.0,16.418365478515625
2017-11-04 12:00:00,26.371254,39.0,12.628746032714844
2017-11-04 15:00:00,31.687704,53.0,21.31229591369629
2017-11-04 21:00:00,35.366158,63.0,27.63384246826172
2017-11-05 00:00:00,55.585587,55.0,-0.5855865478515625
2017-11-05 03:00:00,60.084175,70.0,9.915824890136719
2017-11-05 06:00:00,69.68429,54.0,-15.684288024902344
2017-11-05 09:00:00,67.97978,52.0,-15.979782104492188
2017-11-05 12:00:00,45.394016,49.0,3.6059837341308594
2017-11-05 15:00:00,48.183666,50.0,1.8163337707519531
2017-11-05 18:00:00,46.885475,54.0,7.114524841308594
2017-11-05 21:00:00,43.541035,48.0,4.458965301513672
2017-11-06 06:00:00,53.3056,68.0,14.694400787353516
2017-11-06 09:00:00,46.88377,51.0,4.116230010986328
2017-11-06 12:00:00,45.848766,62.0,16.151233673095703
2017-11-06 15:00:00,44.01727,65.0,20.982730865478516
2017-11-06 18:00:00,41.57164,55.0,13.428359985351562
2017-11-06 21:00:00,39.9541,46.0,6.0458984375
2017-11-07 00:00:00,30.628143,55.0,24.371856689453125
2017-11-07 03:00:00,33.540344,62.0,28.45965576171875
2017-11-07 06:00:00,39.21241,53.0,13.787590026855469
2017-11-07 09:00:00,38.18843,52.0,13.811569213867188
2017-11-07 12:00:00,39.039833,45.0,5.960166931152344
2017-11-07 15:00:00,39.396126,58.0,18.60387420654297
2017-11-07 18:00:00,39.54574,48.0,8.454261779785156
2017-11-07 21:00:00,38.965935,45.0,6.034065246582031
2017-11-08 00:00:00,19.523212,65.0,45.47678756713867
2017-11-08 03:00:00,24.082737,60.0,35.91726303100586
2017-11-08 09:00:00,30.043112,45.0,14.956888198852539
2017-11-08 12:00:00,43.81695,49.0,5.183048248291016
2017-11-08 15:00:00,42.530018,57.0,14.469982147216797
2017-11-09 00:00:00,28.298246,59.0,30.701753616333008
2017-11-09 03:00:00,33.85219,82.0,48.14781188964844
2017-11-09 06:00:00,42.154625,64.0,21.845375061035156
2017-11-09 09:00:00,46.380024,50.0,3.619976043701172
2017-11-09 12:00:00,43.14029,56.0,12.859710693359375
2017-11-09 15:00:00,42.688953,59.0,16.311046600341797
2017-11-09 18:00:00,40.649754,60.0,19.35024642944336
2017-11-10 03:00:00,22.848326,64.0,41.15167427062988
2017-11-10 06:00:00,38.18377,49.0,10.816230773925781
2017-11-10 09:00:00,45.375145,40.0,-5.375144958496094
2017-11-10 12:00:00,17.952744,51.0,33.04725646972656
2017-11-10 15:00:00,19.031858,55.0,35.96814155578613
2017-11-10 18:00:00,21.043207,52.0,30.9567928314209
2017-11-10 21:00:00,23.233952,53.0,29.766048431396484
2017-11-11 06:00:00,37.645805,53.0,15.354194641113281
2017-11-11 09:00:00,35.240417,51.0,15.75958251953125
2017-11-11 12:00:00,35.219727,64.0,28.7802734375
2017-11-11 18:00:00,53.30935,55.0,1.6906509399414062
2017-11-11 21:00:00,54.836845,58.0,3.1631546020507812
2017-11-12 00:00:00,48.505173,68.0,19.494827270507812
2017-11-12 03:00:00,43.90972,65.0,21.09027862548828
2017-11-12 09:00:00,33.103504,44.0,10.896495819091797
2017-11-12 12:00:00,30.877686,46.0,15.122314453125
2017-11-12 15:00:00,33.648006,32.0,-1.6480064392089844
2017-11-12 18:00:00,34.449387,36.0,1.5506134033203125
2017-11-12 21:00:00,39.184216,69.0,29.815784454345703
2017-11-13 00:00:00,56.68835,49.0,-7.688350677490234
2017-11-13 06:00:00,43.158707,46.0,2.8412933349609375
2017-11-13 15:00:00,51.8196,46.0,-5.819599151611328
2017-11-13 18:00:00,52.180893,38.0,-14.180892944335938
2017-11-14 00:00:00,82.18376,51.0,-31.183761596679688
2017-11-14 06:00:00,77.463936,49.0,-28.46393585205078
2017-11-14 09:00:00,57.07898,53.0,-4.0789794921875
2017-11-14 12:00:00,42.274906,52.0,9.725093841552734
2017-11-14 15:00:00,38.745155,51.0,12.254844665527344
2017-11-14 18:00:00,35.40754,54.0,18.59246063232422
2017-11-15 00:00:00,21.697815,56.0,34.30218505859375
2017-11-15 06:00:00,38.90625,53.0,14.09375
2017-11-15 09:00:00,36.43862,57.0,20.561378479003906
2017-11-15 15:00:00,32.614254,45.0,12.385746002197266
2017-11-15 18:00:00,32.567642,54.0,21.432357788085938
2017-11-15 21:00:00,32.63858,61.0,28.361419677734375
2017-11-16 00:00:00,20.37632,66.0,45.623680114746094
2017-11-16 09:00:00,31.115576,58.0,26.884424209594727
2017-11-16 12:00:00,40.30403,42.0,1.6959686279296875
2017-11-16 15:00:00,37.298717,58.0,20.701282501220703
2017-11-16 18:00:00,33.618336,62.0,28.381664276123047
2017-11-16 21:00:00,30.820957,66.0,35.17904281616211
2017-11-17 00:00:00,26.02019,69.0,42.97981071472168
2017-11-17 03:00:00,32.78956,77.0,44.21044158935547
2017-11-17 09:00:00,42.069588,60.0,17.93041229248047
2017-11-17 12:00:00,38.313828,59.0,20.686172485351562
2017-11-17 15:00:00,37.288147,55.0,17.71185302734375
2017-11-17 18:00:00,35.71131,61.0,25.28868865966797
2017-11-17 21:00:00,33.59264,66.0,32.4073600769043
2017-11-18 00:00:00,42.269222,53.0,10.730777740478516
2017-11-18 06:00:00,40.165333,45.0,4.834667205810547
2017-11-18 09:00:00,35.159245,42.0,6.840755462646484
2017-11-18 12:00:00,23.709503,39.0,15.290496826171875
2017-11-18 18:00:00,23.749409,48.0,24.250591278076172
2017-11-18 21:00:00,23.040684,51.0,27.95931625366211
2017-11-19 03:00:00,50.035397,65.0,14.964603424072266
2017-11-19 06:00:00,54.300644,53.0,-1.3006439208984375
2017-11-19 12:00:00,38.549217,52.0,13.450782775878906
2017-11-19 15:00:00,40.34712,44.0,3.652881622314453
2017-11-19 18:00:00,42.97658,47.0,4.023418426513672
2017-11-20 00:00:00,30.239676,50.0,19.760324478149414
2017-11-20 06:00:00,31.824697,61.0,29.175302505493164
2017-11-20 09:00:00,24.277882,52.0,27.722118377685547
2017-11-20 12:00:00,26.759096,43.0,16.240903854370117
2017-11-20 21:00:00,24.095585,48.0,23.904415130615234
2017-11-21 06:00:00,39.18092,44.0,4.819080352783203
2017-11-21 09:00:00,33.64579,58.0,24.354209899902344
2017-11-21 12:00:00,34.058304,42.0,7.9416961669921875
2017-11-21 15:00:00,39.6804,46.0,6.319599151611328
2017-11-22 03:00:00,16.42229,37.0,20.577709197998047
2017-11-22 09:00:00,39.344288,73.0,33.65571212768555
2017-11-22 12:00:00,64.26853,86.0,21.731468200683594
2017-11-23 06:00:00,53.127678,49.0,-4.127677917480469
2017-11-23 09:00:00,50.03568,34.0,-16.03567886352539
2017-11-23 15:00:00,40.100418,37.0,-3.1004180908203125
2017-11-23 21:00:00,22.609583,32.0,9.390417098999023
2017-11-24 00:00:00,29.16886,33.0,3.8311405181884766
2017-11-24 03:00:00,36.98324,33.0,-3.9832382202148438
2017-11-24 06:00:00,40.696877,40.0,-0.6968765258789062
2017-11-24 09:00:00,33.971844,46.0,12.028156280517578
2017-11-24 12:00:00,36.355347,43.0,6.6446533203125
2017-11-24 15:00:00,31.374554,33.0,1.6254463195800781
2017-11-24 18:00:00,24.464952,27.0,2.5350475311279297
2017-11-24 21:00:00,21.470442,31.0,9.529558181762695
2017-11-25 00:00:00,19.839718,32.0,12.160282135009766
2017-11-25 06:00:00,15.987553,42.0,26.012447357177734
2017-11-25 09:00:00,12.369128,38.0,25.630871772766113
2017-11-25 21:00:00,7.714334,19.0,11.28566598892212
2017-11-26 06:00:00,20.098242,44.0,23.901758193969727
2017-11-26 09:00:00,16.56565,37.0,20.434349060058594
2017-11-26 12:00:00,5.92712,35.0,29.072879791259766
2017-11-26 18:00:00,12.364808,38.0,25.635191917419434
2017-11-27 21:00:00,30.78526,42.0,11.214740753173828
2017-11-28 06:00:00,52.621773,54.0,1.3782272338867188
2017-11-28 09:00:00,57.36899,50.0,-7.368991851806641
2017-11-28 12:00:00,46.033733,47.0,0.9662666320800781
2017-11-28 18:00:00,36.58897,43.0,6.411029815673828
2017-11-28 21:00:00,32.62335,43.0,10.376651763916016
2017-11-29 00:00:00,31.552645,56.0,24.447355270385742
2017-11-29 06:00:00,27.975147,57.0,29.024852752685547
2017-11-29 09:00:00,25.163046,45.0,19.83695411682129
2017-11-29 12:00:00,26.198847,41.0,14.801153182983398
2017-11-29 18:00:00,18.449781,34.0,15.55021858215332
2017-11-29 21:00:00,16.329067,30.0,13.67093276977539
2017-11-30 00:00:00,48.6566,36.0,-12.656600952148438
2017-11-30 12:00:00,20.265474,47.0,26.734525680541992
2017-11-30 15:00:00,21.968163,47.0,25.031837463378906
2017-11-30 18:00:00,24.425844,50.0,25.574155807495117
2017-11-30 21:00:00,25.780083,40.0,14.219917297363281
2017-12-01 00:00:00,30.313457,39.0,8.686542510986328
2017-12-01 03:00:00,24.655493,36.0,11.344507217407227
2017-12-01 09:00:00,26.470047,46.0,19.529953002929688
2017-12-01 12:00:00,34.156075,51.0,16.84392547607422
2017-12-01 15:00:00,36.94072,46.0,9.059280395507812
2017-12-02 06:00:00,46.606148,81.0,34.39385223388672
2017-12-02 09:00:00,40.312214,45.0,4.687786102294922
2017-12-02 12:00:00,49.107483,45.0,-4.10748291015625
2017-12-02 21:00:00,61.74196,80.0,18.258041381835938
2017-12-03 00:00:00,65.90517,74.0,8.094833374023438
2017-12-03 03:00:00,75.727715,40.0,-35.72771453857422
2017-12-03 15:00:00,57.362343,56.0,-1.3623428344726562
2017-12-03 18:00:00,58.140587,58.0,-0.14058685302734375
2017-12-04 03:00:00,83.669876,44.0,-39.66987609863281
2017-12-04 06:00:00,87.80285,43.0,-44.80284881591797
2017-12-04 12:00:00,45.22087,50.0,4.7791290283203125
2017-12-04 18:00:00,31.62893,58.0,26.371070861816406
2017-12-04 21:00:00,32.46555,49.0,16.53445053100586
2017-12-05 00:00:00,52.633823,49.0,-3.6338233947753906
2017-12-05 06:00:00,73.72,40.0,-33.720001220703125
2017-12-05 12:00:00,35.26884,52.0,16.731159210205078
2017-12-05 15:00:00,32.007618,43.0,10.992382049560547
2017-12-05 18:00:00,29.931925,52.0,22.06807518005371
2017-12-05 21:00:00,30.418505,46.0,15.58149528503418
2017-12-06 00:00:00,43.405636,40.0,-3.4056358337402344
2017-12-06 12:00:00,25.706186,27.0,1.293813705444336
2017-12-27 00:00:00,40.66533,32.0,-8.665328979492188
2017-12-27 03:00:00,59.585545,41.0,-18.58554458618164
2017-12-27 06:00:00,77.240654,58.0,-19.24065399169922
2017-12-27 09:00:00,61.12532,68.0,6.8746795654296875
2017-12-27 12:00:00,51.084953,109.0,57.91504669189453
2017-12-27 15:00:00,48.29326,57.0,8.706741333007812
2017-12-27 18:00:00,47.763935,57.0,9.236064910888672
2017-12-27 21:00:00,50.323933,68.0,17.676067352294922
2017-12-28 00:00:00,54.085033,68.0,13.914966583251953
2017-12-28 03:00:00,73.30061,65.0,-8.300613403320312
2017-12-28 06:00:00,91.00927,54.0,-37.00926971435547
2017-12-28 09:00:00,84.74501,61.0,-23.745010375976562
2017-12-28 12:00:00,58.375748,65.0,6.6242523193359375
2017-12-28 15:00:00,48.41479,66.0,17.585208892822266
2017-12-28 18:00:00,46.989952,68.0,21.010047912597656
2017-12-29 00:00:00,60.61805,84.0,23.38195037841797
2017-12-29 03:00:00,61.445236,76.0,14.554763793945312
2017-12-29 06:00:00,61.838364,117.0,55.16163635253906
2017-12-29 09:00:00,59.794106,106.0,46.205894470214844
2017-12-29 15:00:00,45.952106,90.0,44.04789352416992
2017-12-29 18:00:00,41.443855,88.0,46.55614471435547
2017-12-30 03:00:00,73.07608,103.0,29.923919677734375
2017-12-30 06:00:00,79.11558,97.0,17.884422302246094
2017-12-30 09:00:00,78.83318,86.0,7.166816711425781
2017-12-30 12:00:00,52.15202,110.0,57.84798049926758
2017-12-30 18:00:00,41.329712,104.0,62.6702880859375
2017-12-30 21:00:00,36.207893,74.0,37.79210662841797
2017-12-31 00:00:00,53.195435,58.0,4.8045654296875
2017-12-31 06:00:00,66.713936,85.0,18.28606414794922
2017-12-31 09:00:00,67.11457,78.0,10.885429382324219
2017-12-31 12:00:00,62.01702,209.0,146.98297882080078
2017-12-31 15:00:00,57.91071,239.0,181.08929061889648
2017-12-31 18:00:00,55.599457,182.0,126.40054321289062
2018-01-01 00:00:00,49.06451,93.0,43.935489654541016
2018-01-01 03:00:00,51.376675,121.0,69.62332534790039
2018-01-01 09:00:00,61.40806,90.0,28.591941833496094
2018-01-01 12:00:00,52.166798,92.0,39.83320236206055
2018-01-01 15:00:00,52.822086,83.0,30.177913665771484
2018-01-01 18:00:00,50.572395,77.0,26.42760467529297
2018-01-01 21:00:00,47.203514,104.0,56.796485900878906
2018-01-02 00:00:00,36.548046,73.0,36.45195388793945
2018-01-02 03:00:00,60.14153,65.0,4.858470916748047
2018-01-02 06:00:00,143.296,97.0,-46.29600524902344
2018-01-02 09:00:00,118.96873,159.0,40.031272888183594
2018-01-02 12:00:00,68.44755,62.0,-6.447547912597656
2018-01-03 00:00:00,47.982212,52.0,4.017787933349609
2018-01-03 06:00:00,56.075577,35.0,-21.075576782226562
2018-01-03 09:00:00,48.84305,35.0,-13.843048095703125
2018-01-03 12:00:00,32.55684,35.0,2.4431610107421875
2018-01-03 15:00:00,24.526684,28.0,3.473316192626953
2018-01-03 18:00:00,22.29558,29.0,6.70442008972168
2018-01-04 00:00:00,34.062397,35.0,0.9376029968261719
2018-01-04 03:00:00,45.260094,38.0,-7.260093688964844
2018-01-04 06:00:00,56.749287,33.0,-23.749286651611328
2018-01-04 09:00:00,35.75974,38.0,2.2402610778808594
2018-01-04 12:00:00,23.040115,29.0,5.9598846435546875
2018-01-04 15:00:00,21.939457,36.0,14.060543060302734
2018-01-04 21:00:00,23.04114,49.0,25.958860397338867
2018-01-05 00:00:00,21.319977,45.0,23.680023193359375
2018-01-05 03:00:00,24.2743,39.0,14.725700378417969
2018-01-05 06:00:00,23.1488,46.0,22.851200103759766
2018-01-05 09:00:00,24.61286,31.0,6.387140274047852
2018-01-05 12:00:00,54.29564,34.0,-20.295639038085938
2018-01-05 15:00:00,67.244,34.0,-33.24400329589844
2018-01-05 18:00:00,69.17105,39.0,-30.171051025390625
2018-01-05 21:00:00,73.36541,41.0,-32.36540985107422
2018-01-06 00:00:00,60.612934,36.0,-24.612934112548828
2018-01-06 03:00:00,69.92252,48.0,-21.922523498535156
2018-01-06 09:00:00,85.07942,48.0,-37.07942199707031
2018-01-06 12:00:00,76.56922,52.0,-24.56922149658203
2018-01-06 15:00:00,76.30172,52.0,-24.301719665527344
2018-01-06 18:00:00,71.99242,64.0,-7.9924163818359375
2018-01-06 21:00:00,50.945347,78.0,27.05465316772461
2018-01-07 00:00:00,24.364738,44.0,19.63526153564453
2018-01-07 06:00:00,59.30872,49.0,-10.308719635009766
2018-01-07 12:00:00,92.76908,104.0,11.230918884277344
2018-01-07 15:00:00,87.63721,101.0,13.36279296875
2018-01-07 18:00:00,88.68392,74.0,-14.683921813964844
2018-01-08 00:00:00,136.09906,44.0,-92.09906005859375
2018-01-08 03:00:00,170.77673,57.0,-113.7767333984375
2018-01-08 09:00:00,126.33711,61.0,-65.33711242675781
2018-01-08 15:00:00,61.328648,39.0,-22.32864761352539
2018-01-08 18:00:00,58.22767,44.0,-14.227668762207031
2018-01-09 00:00:00,82.19831,56.0,-26.19831085205078
2018-01-09 03:00:00,108.761925,49.0,-59.761924743652344
2018-01-09 06:00:00,121.87661,42.0,-79.8766098022461
2018-01-09 12:00:00,66.97735,51.0,-15.977348327636719
2018-01-09 15:00:00,45.186085,29.0,-16.186084747314453
2018-01-09 18:00:00,33.099697,41.0,7.900302886962891
2018-01-10 00:00:00,17.021193,66.0,48.97880744934082
2018-01-10 09:00:00,50.5072,58.0,7.492801666259766
2018-01-10 12:00:00,39.18126,45.0,5.8187408447265625
2018-01-10 18:00:00,27.079296,41.0,13.920703887939453
2018-01-11 00:00:00,31.074705,33.0,1.9252948760986328
2018-01-11 03:00:00,35.377525,39.0,3.6224746704101562
2018-01-11 06:00:00,42.29241,40.0,-2.2924118041992188
2018-01-11 09:00:00,33.658806,30.0,-3.6588058471679688
2018-01-11 15:00:00,16.558033,34.0,17.441967010498047
2018-01-11 18:00:00,16.709236,44.0,27.29076385498047
2018-01-12 03:00:00,7.0476747,52.0,44.95232534408569
2018-01-12 06:00:00,11.507609,73.0,61.492390632629395
2018-01-12 12:00:00,14.729494,68.0,53.27050590515137
2018-01-12 18:00:00,19.557432,73.0,53.44256782531738
2018-01-12 21:00:00,21.032747,90.0,68.96725273132324
2018-01-13 03:00:00,40.036865,98.0,57.963134765625
2018-01-13 06:00:00,66.0599,56.0,-10.059898376464844
2018-01-13 09:00:00,63.34585,30.0,-33.34585189819336
2018-01-13 12:00:00,39.989346,43.0,3.0106544494628906
2018-01-13 18:00:00,55.89118,65.0,9.108821868896484
2018-01-13 21:00:00,66.58729,86.0,19.41271209716797
2018-01-14 00:00:00,30.784576,81.0,50.215423583984375
2018-01-14 03:00:00,37.22107,74.0,36.7789306640625
2018-01-14 06:00:00,53.612667,80.0,26.387332916259766
2018-01-14 09:00:00,49.349636,67.0,17.65036392211914
2018-01-14 12:00:00,52.112797,55.0,2.8872032165527344
2018-01-14 18:00:00,54.023132,51.0,-3.02313232421875
2018-01-14 21:00:00,45.37469,83.0,37.625308990478516
2018-01-15 03:00:00,47.22665,66.0,18.77334976196289
2018-01-15 09:00:00,102.82497,28.0,-74.82496643066406
2018-01-15 15:00:00,64.288994,49.0,-15.288993835449219
2018-01-15 18:00:00,36.35023,41.0,4.649768829345703
2018-01-15 21:00:00,38.324287,41.0,2.6757125854492188
2018-01-16 00:00:00,42.609146,43.0,0.3908538818359375
2018-01-16 06:00:00,57.959484,50.0,-7.959484100341797
2018-01-16 09:00:00,47.249046,54.0,6.750953674316406
2018-01-16 12:00:00,58.72704,59.0,0.2729606628417969
2018-01-16 15:00:00,49.52443,39.0,-10.524429321289062
2018-01-16 21:00:00,47.515755,32.0,-15.515754699707031
2018-01-17 06:00:00,53.12205,43.0,-10.122051239013672
2018-01-17 09:00:00,30.906961,40.0,9.093038558959961
2018-01-17 12:00:00,20.91258,38.0,17.087419509887695
2018-01-17 18:00:00,26.812075,32.0,5.187925338745117
2018-01-17 21:00:00,29.313583,26.0,-3.3135833740234375
2018-01-18 00:00:00,30.717274,30.0,-0.7172737121582031
2018-01-18 06:00:00,35.99041,104.0,68.00959014892578
2018-01-18 09:00:00,33.253174,35.0,1.746826171875
2018-01-18 12:00:00,37.741302,32.0,-5.741302490234375
2018-01-18 15:00:00,33.589912,40.0,6.410087585449219
2018-01-18 18:00:00,34.017376,46.0,11.982624053955078
2018-01-18 21:00:00,35.26759,52.0,16.732410430908203
2018-01-19 06:00:00,11.604527,51.0,39.39547252655029
2018-01-19 09:00:00,11.276143,55.0,43.723856925964355
2018-01-19 12:00:00,35.648327,38.0,2.351673126220703
2018-01-19 15:00:00,38.177402,48.0,9.82259750366211
2018-01-19 21:00:00,36.35796,49.0,12.642040252685547
2018-01-20 00:00:00,48.80701,52.0,3.1929893493652344
2018-01-20 06:00:00,135.7315,55.0,-80.73150634765625
2018-01-20 09:00:00,239.81459,444.0,204.18540954589844
2018-01-20 12:00:00,187.68185,986.0,798.3181457519531
2018-01-20 15:00:00,159.15736,390.0,230.84263610839844
2018-01-20 18:00:00,150.60709,79.0,-71.60708618164062
2018-01-20 21:00:00,125.39658,41.0,-84.3965835571289
2018-01-21 06:00:00,113.519714,51.0,-62.51971435546875
2018-01-21 12:00:00,121.27918,131.0,9.720817565917969
2018-01-21 15:00:00,114.738556,92.0,-22.738555908203125
2018-01-21 21:00:00,92.225494,96.0,3.774505615234375
2018-01-22 00:00:00,154.93423,97.0,-57.934234619140625
2018-01-22 03:00:00,148.16579,127.0,-21.165786743164062
2018-01-22 06:00:00,150.73158,156.0,5.2684173583984375
2018-01-22 09:00:00,140.50226,181.0,40.49774169921875
2018-01-22 12:00:00,161.44923,211.0,49.55076599121094
2018-01-22 15:00:00,150.66365,189.0,38.33634948730469
2018-01-22 18:00:00,142.73723,181.0,38.26277160644531
2018-01-22 21:00:00,133.47585,183.0,49.52415466308594
2018-01-23 00:00:00,131.33104,176.0,44.66896057128906
2018-01-23 06:00:00,97.95144,206.0,108.0485610961914
2018-01-23 09:00:00,119.5815,191.0,71.41850280761719
2018-01-23 12:00:00,120.56506,164.0,43.4349365234375
2018-01-23 15:00:00,107.87016,145.0,37.12983703613281
2018-01-23 18:00:00,98.566605,151.0,52.43339538574219
2018-01-24 00:00:00,145.73492,131.0,-14.73492431640625
2018-01-24 09:00:00,128.58916,79.0,-49.58915710449219
2018-01-24 18:00:00,90.69879,114.0,23.30120849609375
2018-01-24 21:00:00,83.70921,107.0,23.290786743164062
2018-01-25 00:00:00,80.26325,94.0,13.736747741699219
2018-01-25 06:00:00,72.127815,94.0,21.87218475341797
2018-01-25 12:00:00,83.69443,77.0,-6.694427490234375
2018-01-25 15:00:00,86.707985,76.0,-10.707984924316406
2018-01-26 00:00:00,78.19495,83.0,4.8050537109375
2018-01-26 06:00:00,94.78902,72.0,-22.789016723632812
2018-01-26 09:00:00,98.003456,78.0,-20.003456115722656
2018-01-26 18:00:00,80.06737,75.0,-5.0673675537109375
2018-01-27 00:00:00,147.20035,94.0,-53.200347900390625
2018-01-27 21:00:00,45.445404,78.0,32.554595947265625
2018-01-28 00:00:00,42.016838,70.0,27.98316192626953
2018-01-28 06:00:00,58.25643,53.0,-5.256431579589844
2018-01-28 09:00:00,39.31598,34.0,-5.31597900390625
2018-01-28 12:00:00,34.01283,44.0,9.987171173095703
2018-01-28 21:00:00,24.08501,19.0,-5.085010528564453
2018-01-29 12:00:00,27.03547,33.0,5.964530944824219
2018-01-29 15:00:00,25.91088,36.0,10.089120864868164
2018-01-29 21:00:00,23.20911,28.0,4.790889739990234
2018-01-30 09:00:00,21.31543,31.0,9.6845703125
2018-01-30 18:00:00,19.46347,33.0,13.536529541015625
2018-01-30 21:00:00,18.62088,41.0,22.379119873046875
2018-01-31 03:00:00,41.00434,71.0,29.99565887451172
2018-01-31 09:00:00,37.789845,32.0,-5.789844512939453
2018-01-31 12:00:00,21.476011,32.0,10.523988723754883
2018-01-31 15:00:00,19.509684,31.0,11.490316390991211
2018-01-31 21:00:00,12.122882,28.0,15.877118110656738
2018-02-01 06:00:00,17.062576,51.0,33.93742370605469
2018-02-01 09:00:00,17.546938,53.0,35.45306205749512
2018-02-01 12:00:00,23.517372,44.0,20.482627868652344
2018-02-01 15:00:00,19.378887,38.0,18.621112823486328
2018-02-02 00:00:00,41.627003,49.0,7.372997283935547
2018-02-02 06:00:00,40.826534,55.0,14.173465728759766
2018-02-02 09:00:00,21.122673,57.0,35.87732696533203
2018-02-03 00:00:00,57.80362,46.0,-11.803619384765625
2018-02-03 09:00:00,62.515965,77.0,14.48403549194336
2018-02-03 12:00:00,49.580505,44.0,-5.58050537109375
2018-02-03 15:00:00,44.957348,37.0,-7.957347869873047
2018-02-03 21:00:00,42.365173,45.0,2.63482666015625
2018-02-04 03:00:00,38.76596,65.0,26.234039306640625
2018-02-04 12:00:00,42.759693,48.0,5.240306854248047
2018-02-04 15:00:00,35.527706,43.0,7.472293853759766
2018-02-04 21:00:00,31.606306,60.0,28.393693923950195
2018-02-05 00:00:00,44.769196,51.0,6.230804443359375
2018-02-05 09:00:00,53.472378,64.0,10.52762222290039
2018-02-06 00:00:00,22.125278,93.0,70.87472152709961
2018-02-06 03:00:00,23.58172,86.0,62.41827964782715
2018-02-06 06:00:00,26.810995,88.0,61.18900489807129
2018-02-06 09:00:00,18.628214,68.0,49.37178611755371
2018-02-06 15:00:00,44.170464,73.0,28.82953643798828
2018-02-07 00:00:00,47.50041,95.0,47.49959182739258
2018-02-07 06:00:00,57.351486,111.0,53.64851379394531
2018-02-07 09:00:00,63.98227,85.0,21.017730712890625
2018-02-07 12:00:00,44.967236,85.0,40.03276443481445
2018-02-07 15:00:00,49.739243,60.0,10.260757446289062
2018-02-08 06:00:00,8.219672,125.0,116.78032779693604
2018-02-08 09:00:00,13.02476,72.0,58.975239753723145
2018-02-08 12:00:00,46.399803,96.0,49.600196838378906
2018-02-08 15:00:00,53.680027,94.0,40.31997299194336
2018-02-08 18:00:00,54.229588,94.0,39.77041244506836
2018-02-09 06:00:00,82.03802,69.0,-13.038017272949219
2018-02-09 09:00:00,87.59059,53.0,-34.59059143066406
2018-02-09 21:00:00,66.29443,73.0,6.70556640625
2018-02-10 06:00:00,59.20049,56.0,-3.200489044189453
2018-02-10 15:00:00,78.848755,67.0,-11.8487548828125
2018-02-10 21:00:00,69.34738,46.0,-23.347381591796875
2018-02-11 03:00:00,32.141544,46.0,13.858455657958984
2018-02-11 06:00:00,42.051,70.0,27.94900131225586
2018-02-11 12:00:00,62.73058,42.0,-20.730579376220703
2018-02-11 21:00:00,43.866978,54.0,10.13302230834961
2018-02-12 06:00:00,59.28223,76.0,16.717769622802734
2018-02-13 18:00:00,60.566776,66.0,5.433223724365234
2018-02-13 21:00:00,62.258095,67.0,4.741905212402344
2018-02-14 00:00:00,120.92141,57.0,-63.921409606933594
2018-02-14 03:00:00,232.08667,60.0,-172.086669921875
2018-02-14 06:00:00,179.0819,120.0,-59.08189392089844
2018-02-14 09:00:00,112.867836,83.0,-29.867835998535156
2018-02-14 12:00:00,123.70435,65.0,-58.70435333251953
2018-02-15 09:00:00,36.59625,57.0,20.403751373291016
2018-02-15 12:00:00,66.31285,80.0,13.687149047851562
2018-02-15 15:00:00,79.435265,56.0,-23.435264587402344
2018-02-16 00:00:00,67.85012,88.0,20.149879455566406
2018-02-16 03:00:00,57.373486,70.0,12.626514434814453
2018-02-16 09:00:00,77.86474,101.0,23.13526153564453
2018-02-16 12:00:00,61.425056,112.0,50.57494354248047
2018-02-16 15:00:00,66.62111,93.0,26.378890991210938
2018-02-16 18:00:00,67.23451,94.0,26.765487670898438
2018-02-16 21:00:00,61.680965,86.0,24.319034576416016
2018-02-17 03:00:00,61.197624,91.0,29.80237579345703
2018-02-17 06:00:00,55.264935,90.0,34.73506546020508
2018-02-17 09:00:00,52.046402,90.0,37.95359802246094
2018-02-17 12:00:00,75.32191,76.0,0.6780929565429688
2018-02-17 15:00:00,71.76658,86.0,14.233421325683594
2018-02-17 18:00:00,62.990013,92.0,29.009986877441406
2018-02-18 00:00:00,33.736343,80.0,46.26365661621094
2018-02-18 03:00:00,36.95459,83.0,46.04541015625
2018-02-18 09:00:00,66.702225,60.0,-6.7022247314453125
2018-02-18 12:00:00,104.81938,57.0,-47.81938171386719
2018-02-18 15:00:00,117.009674,130.0,12.990325927734375
2018-02-18 18:00:00,95.96397,103.0,7.036033630371094
2018-02-18 21:00:00,98.92153,95.0,-3.9215316772460938
2018-02-19 06:00:00,102.55053,152.0,49.44947052001953
2018-02-19 09:00:00,95.090225,66.0,-29.090225219726562
2018-02-19 12:00:00,131.75896,107.0,-24.758956909179688
2018-02-19 15:00:00,133.06123,126.0,-7.0612335205078125
2018-02-19 21:00:00,131.05898,168.0,36.94102478027344
2018-02-20 00:00:00,83.995186,169.0,85.00481414794922
2018-02-20 03:00:00,82.653854,165.0,82.34614562988281
2018-02-20 09:00:00,103.01022,154.0,50.989776611328125
2018-02-20 12:00:00,108.612854,98.0,-10.61285400390625
2018-02-20 15:00:00,92.81496,44.0,-48.81495666503906
2018-02-20 18:00:00,71.179214,49.0,-22.179214477539062
2018-02-21 03:00:00,48.46129,49.0,0.5387115478515625
2018-02-21 09:00:00,37.44441,42.0,4.555591583251953
2018-02-21 12:00:00,52.53611,58.0,5.463890075683594
2018-02-21 15:00:00,58.005127,62.0,3.994873046875
2018-02-22 00:00:00,56.099567,63.0,6.900432586669922
2018-02-22 18:00:00,63.201412,39.0,-24.201412200927734
2018-02-22 21:00:00,59.042065,64.0,4.957935333251953
2018-02-23 03:00:00,56.250202,55.0,-1.2502021789550781
2018-02-23 06:00:00,60.823822,61.0,0.176177978515625
2018-02-23 12:00:00,53.23517,59.0,5.76483154296875
2018-02-23 15:00:00,52.0742,63.0,10.925800323486328
2018-02-24 00:00:00,44.92824,63.0,18.071758270263672
2018-02-24 03:00:00,49.43365,68.0,18.566349029541016
2018-02-24 06:00:00,52.711697,73.0,20.28830337524414
2018-02-24 09:00:00,52.86472,81.0,28.13528060913086
2018-02-24 12:00:00,74.73616,83.0,8.263839721679688
2018-02-24 15:00:00,84.13929,85.0,0.8607101440429688
2018-02-24 18:00:00,78.43215,73.0,-5.432151794433594
2018-02-24 21:00:00,74.456184,52.0,-22.45618438720703
2018-02-25 06:00:00,70.62147,37.0,-33.62146759033203
2018-02-25 09:00:00,82.082405,31.0,-51.08240509033203
2018-02-25 15:00:00,34.544712,98.0,63.45528793334961
2018-02-25 18:00:00,37.919563,74.0,36.08043670654297
2018-02-26 12:00:00,76.03683,51.0,-25.036827087402344
2018-02-27 06:00:00,40.091434,38.0,-2.0914344787597656
2018-02-28 21:00:00,29.591774,38.0,8.408226013183594
2018-03-01 06:00:00,23.469,39.0,15.531000137329102
2018-03-02 00:00:00,93.979,53.0,-40.97899627685547
2018-03-02 21:00:00,20.358925,41.0,20.641075134277344
2018-03-03 06:00:00,4.118135,43.0,38.88186502456665
2018-03-03 12:00:00,26.79178,41.0,14.208219528198242
2018-03-03 21:00:00,31.22932,42.0,10.770679473876953
2018-03-04 03:00:00,37.00677,70.0,32.993228912353516
2018-03-04 12:00:00,35.216316,59.0,23.78368377685547
2018-03-04 15:00:00,39.740086,46.0,6.259914398193359
2018-03-04 18:00:00,38.043312,59.0,20.956687927246094
2018-03-04 21:00:00,36.61671,67.0,30.383289337158203
2018-03-05 00:00:00,20.308561,75.0,54.69143867492676
2018-03-05 03:00:00,24.719498,66.0,41.28050231933594
2018-03-05 06:00:00,27.026117,52.0,24.9738826751709
2018-03-05 09:00:00,25.912102,52.0,26.08789825439453
2018-03-05 12:00:00,55.75322,55.0,-0.7532196044921875
2018-03-05 15:00:00,53.20521,68.0,14.794788360595703
2018-03-05 18:00:00,35.776794,63.0,27.22320556640625
2018-03-05 21:00:00,31.560375,70.0,38.43962478637695
2018-03-06 03:00:00,26.33442,66.0,39.66558074951172
2018-03-06 06:00:00,45.664818,61.0,15.335182189941406
2018-03-06 12:00:00,73.5983,55.0,-18.598297119140625
2018-03-06 15:00:00,66.677444,73.0,6.3225555419921875
2018-03-07 03:00:00,40.723534,63.0,22.276466369628906
2018-03-07 06:00:00,74.49648,53.0,-21.496482849121094
2018-03-07 09:00:00,91.904976,59.0,-32.90497589111328
2018-03-07 15:00:00,67.523384,53.0,-14.523384094238281
2018-03-07 18:00:00,48.39467,69.0,20.605331420898438
2018-03-07 21:00:00,44.738045,77.0,32.26195526123047
2018-03-08 06:00:00,44.216904,93.0,48.78309631347656
2018-03-08 09:00:00,51.79254,72.0,20.20745849609375
2018-03-08 12:00:00,69.52041,83.0,13.479591369628906
2018-03-08 15:00:00,65.208954,95.0,29.791046142578125
2018-03-08 18:00:00,57.32818,146.0,88.67182159423828
2018-03-08 21:00:00,56.821136,117.0,60.178863525390625
2018-03-09 00:00:00,58.003025,83.0,24.99697494506836
2018-03-09 03:00:00,60.147614,102.0,41.852386474609375
2018-03-09 12:00:00,77.29358,80.0,2.7064208984375
2018-03-09 15:00:00,72.14999,64.0,-8.149986267089844
2018-03-09 18:00:00,63.678497,81.0,17.321502685546875
2018-03-09 21:00:00,57.592842,98.0,40.40715789794922
2018-03-10 00:00:00,30.49172,89.0,58.50827980041504
2018-03-10 03:00:00,36.355232,84.0,47.64476776123047
2018-03-10 06:00:00,39.14215,81.0,41.85784912109375
2018-03-10 21:00:00,162.61356,78.0,-84.61355590820312
2018-03-11 03:00:00,58.811565,93.0,34.18843460083008
2018-03-11 06:00:00,56.763382,94.0,37.23661804199219
2018-03-11 09:00:00,56.683376,102.0,45.31662368774414
2018-03-11 12:00:00,63.390133,90.0,26.609867095947266
2018-03-11 21:00:00,75.12154,94.0,18.878463745117188
2018-03-12 00:00:00,30.47171,81.0,50.528289794921875
2018-03-12 03:00:00,26.951057,73.0,46.04894256591797
2018-03-12 09:00:00,27.87698,67.0,39.12302017211914
2018-03-12 15:00:00,59.5835,45.0,-14.583499908447266
2018-03-13 03:00:00,66.70962,47.0,-19.709617614746094
2018-03-13 06:00:00,47.78485,32.0,-15.78485107421875
2018-03-13 09:00:00,39.552788,32.0,-7.552787780761719
2018-03-13 12:00:00,22.956669,39.0,16.043331146240234
2018-03-13 21:00:00,26.209137,36.0,9.790863037109375
2018-03-14 06:00:00,45.057503,49.0,3.9424972534179688
2018-03-14 09:00:00,54.240955,30.0,-24.240955352783203
2018-03-14 12:00:00,79.01201,34.0,-45.01200866699219
2018-03-14 15:00:00,74.951004,49.0,-25.951004028320312
2018-03-14 18:00:00,68.579765,43.0,-25.57976531982422
2018-03-14 21:00:00,62.36496,42.0,-20.364959716796875
2018-03-15 00:00:00,65.90472,55.0,-10.904716491699219
2018-03-15 03:00:00,68.044754,53.0,-15.044754028320312
2018-03-15 06:00:00,77.205414,64.0,-13.205413818359375
2018-03-15 09:00:00,82.312225,47.0,-35.312225341796875
2018-03-15 12:00:00,55.688816,45.0,-10.68881607055664
2018-03-15 15:00:00,58.257,50.0,-8.256999969482422
2018-03-15 21:00:00,42.15951,44.0,1.8404884338378906
2018-03-16 03:00:00,42.22238,62.0,19.777618408203125
2018-03-16 06:00:00,52.03799,61.0,8.96200942993164
2018-03-16 09:00:00,66.31081,63.0,-3.3108062744140625
2018-03-16 12:00:00,111.44277,67.0,-44.442771911621094
2018-03-16 15:00:00,108.28512,70.0,-38.285118103027344
2018-03-16 18:00:00,99.60206,65.0,-34.60205841064453
2018-03-16 21:00:00,91.941956,70.0,-21.94195556640625
2018-03-17 00:00:00,92.964455,70.0,-22.964454650878906
2018-03-17 09:00:00,212.47957,436.0,223.5204315185547
2018-03-17 15:00:00,129.63892,127.0,-2.638916015625
2018-03-17 18:00:00,106.05197,162.0,55.948028564453125
2018-03-17 21:00:00,70.69593,115.0,44.30406951904297
2018-03-18 00:00:00,60.89067,82.0,21.109329223632812
2018-03-18 03:00:00,44.18871,62.0,17.811290740966797
2018-03-18 15:00:00,20.666561,36.0,15.333438873291016
2018-03-18 18:00:00,22.700987,42.0,19.299013137817383
2018-03-19 03:00:00,0.7144081,55.0,54.28559190034866
2018-03-19 06:00:00,3.90952,55.0,51.09048008918762
2018-03-19 12:00:00,42.14735,38.0,-4.147350311279297
2018-03-19 15:00:00,50.00288,39.0,-11.002880096435547
2018-03-19 18:00:00,48.96765,36.0,-12.9676513671875
2018-03-19 21:00:00,47.36671,32.0,-15.366710662841797
2018-03-20 00:00:00,34.010555,59.0,24.989444732666016
2018-03-20 03:00:00,34.926414,47.0,12.073585510253906
2018-03-20 09:00:00,28.157387,38.0,9.842613220214844
2018-03-20 15:00:00,11.691554,36.0,24.308445930480957
2018-03-20 18:00:00,12.755549,43.0,30.244450569152832
2018-03-20 21:00:00,23.582743,48.0,24.41725730895996
2018-03-21 03:00:00,19.972277,55.0,35.02772331237793
2018-03-21 06:00:00,22.911762,65.0,42.08823776245117
2018-03-21 15:00:00,63.373135,44.0,-19.37313461303711
2018-03-21 18:00:00,43.413933,65.0,21.58606719970703
2018-03-21 21:00:00,37.10852,58.0,20.8914794921875
2018-03-22 00:00:00,22.042969,70.0,47.95703125
2018-03-22 03:00:00,20.79696,65.0,44.20303916931152
2018-03-22 06:00:00,19.294987,62.0,42.705013275146484
2018-03-22 09:00:00,24.058352,62.0,37.94164848327637
2018-03-22 12:00:00,27.413933,68.0,40.58606719970703
2018-03-22 15:00:00,46.906963,78.0,31.093036651611328
2018-03-22 18:00:00,61.51254,85.0,23.48746109008789
2018-03-22 21:00:00,62.03004,73.0,10.969959259033203
2018-03-23 03:00:00,69.86716,74.0,4.132843017578125
2018-03-23 06:00:00,71.05945,59.0,-12.0594482421875
2018-03-23 09:00:00,61.860134,48.0,-13.86013412475586
2018-03-23 15:00:00,55.546024,51.0,-4.546024322509766
2018-03-23 18:00:00,53.481243,65.0,11.518756866455078
2018-03-24 00:00:00,0.0,61.0,61.0
2018-03-24 03:00:00,6.6047506,74.0,67.39524936676025
2018-03-24 06:00:00,16.806665,70.0,53.19333457946777
2018-03-24 09:00:00,26.72897,62.0,35.27103042602539
2018-03-24 15:00:00,73.3217,71.0,-2.3217010498046875
2018-03-24 18:00:00,70.38295,77.0,6.6170501708984375
2018-03-25 18:00:00,47.95379,63.0,15.046211242675781
2018-03-25 21:00:00,38.26426,83.0,44.735740661621094
2018-03-26 03:00:00,13.493263,61.0,47.506736755371094
2018-03-26 06:00:00,16.221407,62.0,45.77859306335449
2018-03-26 12:00:00,55.332294,66.0,10.667705535888672
2018-03-26 15:00:00,49.566154,55.0,5.433845520019531
2018-03-26 18:00:00,45.435173,76.0,30.56482696533203
2018-03-26 21:00:00,43.68303,75.0,31.316970825195312
2018-03-27 00:00:00,49.438313,84.0,34.56168746948242
2018-03-27 03:00:00,59.786545,91.0,31.213455200195312
2018-03-27 06:00:00,77.70063,66.0,-11.700630187988281
2018-03-27 12:00:00,47.54162,51.0,3.4583816528320312
2018-03-27 15:00:00,44.631973,50.0,5.3680267333984375
2018-03-27 18:00:00,38.980827,52.0,13.019172668457031
2018-03-27 21:00:00,34.759296,61.0,26.240703582763672
2018-03-28 00:00:00,1.3834552,74.0,72.61654484272003
2018-03-28 03:00:00,13.381055,65.0,51.61894512176514
2018-03-28 06:00:00,15.609317,57.0,41.3906831741333
2018-03-28 09:00:00,20.95561,50.0,29.044389724731445
2018-03-28 15:00:00,60.510616,64.0,3.4893836975097656
2018-03-28 18:00:00,56.22246,70.0,13.777538299560547
2018-03-29 03:00:00,70.453094,101.0,30.546905517578125
2018-03-29 12:00:00,64.344475,116.0,51.65552520751953
2018-03-29 18:00:00,62.834717,107.0,44.165283203125
2018-03-29 21:00:00,56.649242,96.0,39.35075759887695
2018-03-30 06:00:00,34.772255,63.0,28.227745056152344
2018-03-30 09:00:00,38.00261,66.0,27.997390747070312
2018-03-30 18:00:00,75.99283,743.0,667.0071716308594
2018-03-30 21:00:00,207.98917,171.0,-36.989166259765625
2018-03-31 00:00:00,202.76639,106.0,-96.76638793945312
2018-03-31 03:00:00,134.79076,102.0,-32.79075622558594
2018-03-31 06:00:00,77.88884,76.0,-1.8888397216796875
2018-03-31 12:00:00,82.472755,61.0,-21.472755432128906
2018-03-31 15:00:00,67.33069,84.0,16.6693115234375
2018-03-31 21:00:00,47.208233,90.0,42.79176712036133
2018-04-01 00:00:00,49.32008,83.0,33.6799201965332
2018-04-01 03:00:00,67.60638,88.0,20.39362335205078
2018-04-01 06:00:00,77.1397,71.0,-6.139701843261719
2018-04-01 09:00:00,71.52351,63.0,-8.523513793945312
2018-04-01 15:00:00,50.786182,40.0,-10.786182403564453
2018-04-01 21:00:00,60.48731,53.0,-7.487308502197266
2018-04-02 00:00:00,11.994416,45.0,33.00558376312256
2018-04-02 09:00:00,52.404232,44.0,-8.404232025146484
2018-04-02 15:00:00,37.018936,39.0,1.9810638427734375
2018-04-02 18:00:00,40.78754,43.0,2.2124595642089844
2018-04-02 21:00:00,46.711193,41.0,-5.711193084716797
2018-04-03 00:00:00,10.714757,38.0,27.285243034362793
2018-04-03 03:00:00,47.728806,42.0,-5.7288055419921875
2018-04-03 06:00:00,93.75049,49.0,-44.75048828125
2018-04-03 09:00:00,93.99389,50.0,-43.99388885498047
2018-04-03 12:00:00,39.69535,53.0,13.304649353027344
2018-04-04 06:00:00,13.096269,67.0,53.90373134613037
2018-04-04 09:00:00,16.901255,46.0,29.098745346069336
2018-04-04 12:00:00,63.014282,48.0,-15.0142822265625
2018-04-04 15:00:00,60.28415,56.0,-4.284149169921875
2018-04-04 18:00:00,55.144142,53.0,-2.1441421508789062
2018-04-04 21:00:00,49.944675,61.0,11.05532455444336
2018-04-05 00:00:00,42.470673,38.0,-4.470672607421875
2018-04-05 06:00:00,72.937836,88.0,15.062164306640625
2018-04-05 09:00:00,69.14638,68.0,-1.1463775634765625
2018-04-05 12:00:00,60.630554,91.0,30.36944580078125
2018-04-05 15:00:00,56.086266,89.0,32.913734436035156
2018-04-05 21:00:00,54.960537,79.0,24.03946304321289
2018-04-06 03:00:00,75.152,136.0,60.847999572753906
2018-04-06 09:00:00,114.74117,51.0,-63.741172790527344
2018-04-06 15:00:00,125.54551,54.0,-71.5455093383789
2018-04-06 21:00:00,106.79923,76.0,-30.799232482910156
2018-04-07 00:00:00,113.19935,237.0,123.80065155029297
2018-04-07 03:00:00,111.943565,89.0,-22.943565368652344
2018-04-07 06:00:00,116.263435,65.0,-51.26343536376953
2018-04-07 12:00:00,134.51562,66.0,-68.515625
2018-04-07 15:00:00,126.23377,52.0,-74.23377227783203
2018-04-07 18:00:00,114.11703,44.0,-70.11702728271484
2018-04-07 21:00:00,105.46955,43.0,-62.46955108642578
2018-04-08 00:00:00,127.65213,141.0,13.347869873046875
2018-04-08 03:00:00,128.40814,79.0,-49.40814208984375
2018-04-08 06:00:00,137.59068,120.0,-17.590682983398438
2018-04-08 09:00:00,132.30305,113.0,-19.303054809570312
2018-04-08 12:00:00,131.43904,139.0,7.5609588623046875
2018-04-08 15:00:00,144.4398,115.0,-29.439804077148438
2018-04-08 18:00:00,133.2271,124.0,-9.227096557617188
2018-04-09 15:00:00,110.874,90.0,-20.874000549316406
2018-04-09 18:00:00,103.99981,125.0,21.00019073486328
2018-04-10 00:00:00,98.869125,111.0,12.130874633789062
2018-04-10 06:00:00,112.15718,125.0,12.842819213867188
2018-04-10 09:00:00,105.63565,132.0,26.364349365234375
2018-04-10 12:00:00,97.539894,93.0,-4.539894104003906
2018-04-10 15:00:00,80.22471,73.0,-7.224708557128906
2018-04-10 18:00:00,73.037766,73.0,-0.0377655029296875
2018-04-10 21:00:00,74.172134,65.0,-9.172134399414062
2018-04-11 00:00:00,90.464485,138.0,47.53551483154297
2018-04-11 15:00:00,124.01415,3.0,-121.01415252685547
2018-04-11 21:00:00,106.09029,5.0,-101.09028625488281
2018-04-12 00:00:00,153.93379,2.0,-151.9337921142578
2018-04-12 03:00:00,151.834,5.0,-146.83399963378906
2018-04-12 09:00:00,140.83907,9.0,-131.8390655517578
2018-04-12 12:00:00,94.67351,6.0,-88.67350769042969
2018-04-12 15:00:00,77.10196,7.0,-70.10195922851562
2018-04-12 21:00:00,56.017597,4.0,-52.01759719848633
2018-04-13 00:00:00,40.236954,6.0,-34.23695373535156
2018-04-13 06:00:00,60.072296,7.0,-53.072296142578125
2018-04-13 09:00:00,86.42428,7.0,-79.42427825927734
2018-04-13 12:00:00,143.433,8.0,-135.43299865722656
2018-04-13 15:00:00,115.476494,10.0,-105.47649383544922
2018-04-13 18:00:00,97.85026,9.0,-88.85025787353516
2018-04-13 21:00:00,94.30437,13.0,-81.30436706542969
2018-04-14 03:00:00,172.99954,11.0,-161.99954223632812
2018-04-14 06:00:00,153.04579,9.0,-144.04579162597656
2018-04-14 09:00:00,109.94506,6.0,-103.94506072998047
2018-04-14 12:00:00,84.40577,9.0,-75.40576934814453
2018-04-14 15:00:00,68.1639,15.0,-53.163902282714844
2018-04-14 18:00:00,63.286736,15.0,-48.28673553466797
2018-04-15 00:00:00,118.798195,10.0,-108.7981948852539
2018-04-15 03:00:00,221.19707,8.0,-213.1970672607422
2018-04-15 06:00:00,129.47816,11.0,-118.47816467285156
2018-04-15 09:00:00,235.54338,10.0,-225.5433807373047
2018-04-15 12:00:00,404.93546,14.0,-390.9354553222656
2018-04-15 18:00:00,177.26097,17.0,-160.26097106933594
2018-04-15 21:00:00,167.28519,14.0,-153.28518676757812
2018-04-16 00:00:00,264.99127,17.0,-247.99127197265625
2018-04-16 03:00:00,157.47083,10.0,-147.4708251953125
2018-04-16 06:00:00,106.95237,10.0,-96.9523696899414
2018-04-16 09:00:00,172.07901,11.0,-161.07901000976562
2018-04-16 12:00:00,255.35303,12.0,-243.35302734375
2018-04-16 18:00:00,154.86217,17.0,-137.86216735839844
2018-04-16 21:00:00,116.24525,14.0,-102.24524688720703
2018-04-17 03:00:00,83.86644,7.0,-76.86643981933594
2018-04-17 06:00:00,87.56001,11.0,-76.56001281738281
2018-04-17 09:00:00,106.36336,12.0,-94.36335754394531
2018-04-17 12:00:00,83.44409,12.0,-71.444091796875
2018-04-17 15:00:00,84.29652,13.0,-71.29651641845703
2018-04-17 18:00:00,99.34047,15.0,-84.34046936035156
2018-04-17 21:00:00,126.985466,13.0,-113.98546600341797
2018-04-18 00:00:00,71.611115,13.0,-58.611114501953125
2018-04-18 12:00:00,104.400444,10.0,-94.40044403076172
2018-04-18 15:00:00,95.50354,38.0,-57.5035400390625
2018-04-18 18:00:00,103.630554,35.0,-68.63055419921875
2018-04-18 21:00:00,129.14507,27.0,-102.14506530761719
2018-04-19 00:00:00,116.55266,31.0,-85.55265808105469
2018-04-19 03:00:00,124.50971,39.0,-85.50971221923828
2018-04-19 06:00:00,117.571686,35.0,-82.57168579101562
2018-04-19 12:00:00,106.30515,42.0,-64.3051528930664
2018-04-19 15:00:00,129.02933,32.0,-97.02932739257812
2018-04-19 21:00:00,176.80873,36.0,-140.80873107910156
2018-04-20 00:00:00,131.48543,40.0,-91.48542785644531
2018-04-20 06:00:00,167.6488,31.0,-136.6488037109375
2018-04-20 09:00:00,276.7796,28.0,-248.77960205078125
2018-04-20 12:00:00,402.82748,34.0,-368.8274841308594
2018-04-20 15:00:00,449.62802,52.0,-397.6280212402344
2018-04-20 18:00:00,295.2295,50.0,-245.2294921875
2018-04-20 21:00:00,193.55434,36.0,-157.55433654785156
2018-04-21 00:00:00,33.49743,47.0,13.502571105957031
2018-04-21 03:00:00,16.080435,40.0,23.919565200805664
2018-04-30 18:00:00,89.79873,57.0,-32.798728942871094
2018-04-30 21:00:00,81.44161,52.0,-29.441612243652344
2018-05-01 00:00:00,72.66044,48.0,-24.660438537597656
2018-05-01 03:00:00,69.30872,43.0,-26.30872344970703
2018-05-01 06:00:00,70.42433,30.0,-40.42433166503906
2018-05-01 09:00:00,71.674774,33.0,-38.674774169921875
2018-05-01 12:00:00,58.38069,30.0,-28.380691528320312
2018-05-01 15:00:00,56.298176,35.0,-21.298175811767578
2018-05-01 18:00:00,52.05038,41.0,-11.05038070678711
2018-05-01 21:00:00,49.305073,35.0,-14.305072784423828
2018-05-02 00:00:00,22.583208,29.0,6.416791915893555
2018-05-02 03:00:00,16.497438,30.0,13.502561569213867
2018-05-02 06:00:00,13.162719,33.0,19.837281227111816
2018-05-02 09:00:00,11.899687,39.0,27.100313186645508
2018-05-02 12:00:00,40.163284,44.0,3.8367156982421875
2018-05-02 15:00:00,38.746975,38.0,-0.7469749450683594
2018-05-02 18:00:00,36.56055,43.0,6.439449310302734
2018-05-02 21:00:00,37.656944,47.0,9.343055725097656
2018-05-03 00:00:00,59.571335,52.0,-7.5713348388671875
2018-05-03 03:00:00,66.74838,57.0,-9.748382568359375
2018-05-03 06:00:00,73.46148,45.0,-28.46147918701172
2018-05-03 09:00:00,73.884224,101.0,27.11577606201172
2018-05-03 12:00:00,59.91194,51.0,-8.911941528320312
2018-05-03 15:00:00,59.11261,36.0,-23.11260986328125
2018-05-03 18:00:00,57.748367,88.0,30.251632690429688
2018-05-03 21:00:00,54.68837,68.0,13.311630249023438
2018-05-04 03:00:00,8.94147,71.0,62.0585298538208
2018-05-04 06:00:00,16.415981,61.0,44.58401870727539
2018-05-04 09:00:00,31.821798,59.0,27.17820167541504
2018-05-04 15:00:00,101.09443,87.0,-14.094429016113281
2018-05-04 18:00:00,98.13698,69.0,-29.136978149414062
2018-05-05 03:00:00,103.668526,87.0,-16.66852569580078
2018-05-05 06:00:00,96.29821,62.0,-34.29821014404297
2018-05-05 09:00:00,88.00907,79.0,-9.009071350097656
2018-05-05 12:00:00,72.61861,76.0,3.3813934326171875
2018-05-05 15:00:00,69.726295,80.0,10.273704528808594
2018-05-05 18:00:00,64.04969,87.0,22.95030975341797
2018-05-05 21:00:00,58.5394,57.0,-1.539398193359375
2018-05-06 00:00:00,9.62541,59.0,49.374589920043945
2018-05-06 03:00:00,7.2454896,56.0,48.75451040267944
2018-05-06 06:00:00,9.025939,44.0,34.974061012268066
2018-05-06 09:00:00,21.087942,45.0,23.912057876586914
2018-05-06 12:00:00,46.24485,50.0,3.7551498413085938
2018-05-06 15:00:00,48.889435,50.0,1.110565185546875
2018-05-06 18:00:00,54.810925,78.0,23.189075469970703
2018-05-07 00:00:00,93.8835,58.0,-35.88349914550781
2018-05-07 03:00:00,90.70277,61.0,-29.70276641845703
2018-05-07 06:00:00,90.87978,48.0,-42.879783630371094
2018-05-07 09:00:00,91.24318,65.0,-26.243179321289062
2018-05-07 15:00:00,95.054474,66.0,-29.054473876953125
2018-05-07 18:00:00,97.08128,80.0,-17.081283569335938
2018-05-07 21:00:00,92.02222,88.0,-4.022216796875
2018-05-08 00:00:00,56.815,96.0,39.185001373291016
2018-05-08 03:00:00,58.99608,68.0,9.003921508789062
2018-05-08 06:00:00,60.29194,89.0,28.70806121826172
2018-05-08 12:00:00,140.46236,86.0,-54.46235656738281
2018-05-08 15:00:00,146.13033,72.0,-74.13032531738281
2018-05-08 21:00:00,111.73984,62.0,-49.739837646484375
2018-05-09 00:00:00,106.70237,82.0,-24.702369689941406
2018-05-09 03:00:00,230.90018,73.0,-157.90017700195312
2018-05-09 06:00:00,264.02893,67.0,-197.0289306640625
2018-05-09 09:00:00,196.28891,54.0,-142.28890991210938
2018-05-09 12:00:00,256.07666,69.0,-187.07666015625
2018-05-09 15:00:00,199.97969,80.0,-119.97969055175781
2018-05-09 18:00:00,159.49217,82.0,-77.49217224121094
2018-05-09 21:00:00,182.79343,81.0,-101.79342651367188
2018-05-10 00:00:00,195.4445,131.0,-64.44450378417969
2018-05-10 03:00:00,166.80588,130.0,-36.805877685546875
2018-05-10 06:00:00,159.6486,120.0,-39.64860534667969
2018-05-10 09:00:00,164.89253,148.0,-16.892532348632812
2018-05-10 12:00:00,157.12726,162.0,4.87274169921875
2018-05-10 15:00:00,123.10557,113.0,-10.105567932128906
2018-05-10 18:00:00,106.119156,105.0,-1.1191558837890625
2018-05-11 00:00:00,138.42328,85.0,-53.42327880859375
2018-05-11 06:00:00,132.79173,81.0,-51.79173278808594
2018-05-11 09:00:00,116.42351,70.0,-46.42350769042969
2018-05-11 12:00:00,84.47171,67.0,-17.471710205078125
2018-05-11 15:00:00,72.45228,71.0,-1.4522781372070312
2018-05-11 18:00:00,60.93342,60.0,-0.9334182739257812
2018-05-11 21:00:00,73.609955,58.0,-15.609954833984375
2018-05-12 00:00:00,87.80989,58.0,-29.809890747070312
2018-05-12 03:00:00,127.26764,51.0,-76.26763916015625
2018-05-12 06:00:00,230.88136,137.0,-93.88136291503906
2018-05-12 12:00:00,248.89641,434.0,185.1035919189453
2018-05-12 15:00:00,231.77403,274.0,42.22596740722656
2018-05-12 18:00:00,268.4435,526.0,257.5564880371094
2018-05-13 00:00:00,258.38654,164.0,-94.38653564453125
2018-05-13 03:00:00,247.37198,336.0,88.62802124023438
2018-05-13 06:00:00,200.4839,250.0,49.51609802246094
2018-05-13 18:00:00,131.17188,120.0,-11.171875
2018-05-13 21:00:00,118.02876,114.0,-4.0287628173828125
2018-05-14 06:00:00,118.87926,82.0,-36.87925720214844
2018-05-14 09:00:00,102.35226,77.0,-25.352256774902344
2018-05-14 12:00:00,106.75854,79.0,-27.75853729248047
2018-05-14 21:00:00,42.503872,43.0,0.4961280822753906
2018-05-15 06:00:00,13.963984,35.0,21.0360164642334
2018-05-15 15:00:00,39.72161,36.0,-3.7216110229492188
2018-05-15 18:00:00,25.427994,45.0,19.572006225585938
2018-05-15 21:00:00,24.290102,38.0,13.709897994995117
2018-05-16 00:00:00,21.03468,32.0,10.965320587158203
2018-05-16 03:00:00,33.3215,32.0,-1.3214988708496094
2018-05-16 06:00:00,38.834175,25.0,-13.834175109863281
2018-05-16 09:00:00,46.70568,24.0,-22.70568084716797
2018-05-16 12:00:00,36.4833,28.0,-8.483299255371094
2018-05-16 15:00:00,32.891537,37.0,4.108463287353516
2018-05-16 18:00:00,30.865067,36.0,5.1349334716796875
2018-05-16 21:00:00,32.62653,28.0,-4.626529693603516
2018-05-17 00:00:00,13.75372,36.0,22.2462797164917
2018-05-17 03:00:00,14.13332,34.0,19.866680145263672
2018-05-17 09:00:00,25.61879,31.0,5.3812103271484375
2018-05-17 15:00:00,78.930954,35.0,-43.93095397949219
2018-05-17 18:00:00,76.24908,45.0,-31.24907684326172
2018-05-17 21:00:00,69.458565,75.0,5.541435241699219
2018-05-18 00:00:00,27.307238,68.0,40.69276237487793
2018-05-18 03:00:00,30.086311,47.0,16.91368865966797
2018-05-18 06:00:00,31.92821,48.0,16.07179069519043
2018-05-18 12:00:00,19.094387,40.0,20.90561294555664
2018-05-18 15:00:00,31.342552,53.0,21.657447814941406
2018-05-18 21:00:00,31.696344,70.0,38.30365562438965
2018-05-19 00:00:00,41.24695,55.0,13.7530517578125
2018-05-19 03:00:00,48.450203,65.0,16.54979705810547
2018-05-19 06:00:00,56.203022,40.0,-16.203022003173828
2018-05-19 09:00:00,73.204605,41.0,-32.20460510253906
2018-05-19 12:00:00,45.562103,50.0,4.437896728515625
2018-05-19 15:00:00,46.487003,48.0,1.5129966735839844
2018-05-19 18:00:00,50.97809,53.0,2.02191162109375
2018-05-19 21:00:00,60.08031,72.0,11.919689178466797
2018-05-20 00:00:00,43.18042,55.0,11.819580078125
2018-05-20 03:00:00,56.470753,52.0,-4.470752716064453
2018-05-20 06:00:00,62.402138,102.0,39.597862243652344
2018-05-20 09:00:00,61.43955,200.0,138.56045150756836
2018-05-20 12:00:00,62.24195,195.0,132.75804901123047
2018-05-20 18:00:00,43.53717,93.0,49.46282958984375
2018-05-20 21:00:00,42.231705,96.0,53.76829528808594
2018-05-21 00:00:00,49.959454,96.0,46.04054641723633
2018-05-21 03:00:00,54.057865,108.0,53.942134857177734
2018-05-21 06:00:00,62.15146,81.0,18.848541259765625
2018-05-21 09:00:00,63.60176,57.0,-6.6017608642578125
2018-05-21 12:00:00,58.33158,52.0,-6.331581115722656
2018-05-21 15:00:00,49.827747,51.0,1.1722526550292969
2018-05-21 18:00:00,43.416435,60.0,16.58356475830078
2018-05-21 21:00:00,40.796066,64.0,23.203933715820312
2018-05-22 00:00:00,7.2400327,61.0,53.75996732711792
2018-05-22 09:00:00,30.366663,72.0,41.63333702087402
2018-05-22 12:00:00,59.73379,62.0,2.2662086486816406
2018-05-22 15:00:00,44.932053,53.0,8.067947387695312
2018-05-22 18:00:00,38.808594,57.0,18.19140625
2018-05-23 00:00:00,48.71572,39.0,-9.715721130371094
2018-05-23 03:00:00,45.802265,54.0,8.197734832763672
2018-05-23 12:00:00,63.1876,44.0,-19.187599182128906
2018-05-23 15:00:00,54.669952,50.0,-4.669952392578125
2018-05-23 18:00:00,50.90442,46.0,-4.9044189453125
2018-05-23 21:00:00,49.408188,55.0,5.5918121337890625
2018-05-24 03:00:00,35.859898,50.0,14.14010238647461
2018-05-24 06:00:00,39.774933,49.0,9.225067138671875
2018-05-24 09:00:00,49.254936,52.0,2.7450637817382812
2018-05-24 12:00:00,89.889,61.0,-28.888999938964844
2018-05-24 18:00:00,62.67328,66.0,3.32672119140625
2018-05-24 21:00:00,51.419876,58.0,6.5801239013671875
2018-05-25 00:00:00,54.902103,62.0,7.097896575927734
2018-05-25 03:00:00,50.541077,52.0,1.45892333984375
2018-05-25 06:00:00,53.41519,56.0,2.584808349609375
2018-05-25 09:00:00,55.08082,70.0,14.919181823730469
2018-05-25 12:00:00,69.145355,65.0,-4.145355224609375
2018-05-25 15:00:00,67.25554,65.0,-2.2555389404296875
2018-05-25 21:00:00,62.20944,73.0,10.79056167602539
2018-05-26 00:00:00,84.94681,78.0,-6.946807861328125
2018-05-26 03:00:00,80.441284,80.0,-0.4412841796875
2018-05-26 06:00:00,83.03619,68.0,-15.036186218261719
2018-05-26 12:00:00,105.24309,63.0,-42.24308776855469
2018-05-26 15:00:00,90.10444,73.0,-17.10443878173828
2018-05-26 18:00:00,77.87696,85.0,7.123039245605469
2018-05-26 21:00:00,69.27053,60.0,-9.270530700683594
2018-05-27 00:00:00,18.98843,65.0,46.01156997680664
2018-05-27 03:00:00,21.644325,59.0,37.355674743652344
2018-05-27 06:00:00,29.855585,49.0,19.1444149017334
2018-05-27 09:00:00,48.100334,45.0,-3.1003341674804688
2018-05-27 12:00:00,62.358025,48.0,-14.358024597167969
2018-05-27 15:00:00,68.90892,46.0,-22.908920288085938
2018-05-27 18:00:00,70.55956,42.0,-28.55956268310547
2018-05-27 21:00:00,69.05714,46.0,-23.05713653564453
2018-05-28 00:00:00,74.22477,55.0,-19.224769592285156
2018-05-28 03:00:00,72.43005,53.0,-19.4300537109375
2018-05-28 06:00:00,70.36914,61.0,-9.369140625
2018-05-28 09:00:00,67.85018,78.0,10.149818420410156
2018-05-28 12:00:00,74.67838,86.0,11.321617126464844
2018-05-28 18:00:00,64.25819,74.0,9.741813659667969
2018-05-28 21:00:00,61.855873,80.0,18.144126892089844
2018-05-29 00:00:00,51.765484,81.0,29.234516143798828
2018-05-29 03:00:00,52.619896,77.0,24.380104064941406
2018-05-29 09:00:00,56.033257,60.0,3.9667434692382812
2018-05-29 12:00:00,80.603226,61.0,-19.603225708007812
2018-05-29 18:00:00,74.54218,57.0,-17.54218292236328
2018-05-29 21:00:00,73.55777,81.0,7.442230224609375
2018-05-30 00:00:00,53.055656,91.0,37.94434356689453
2018-05-30 03:00:00,60.575134,84.0,23.42486572265625
2018-05-30 06:00:00,71.042336,96.0,24.957664489746094
2018-05-30 09:00:00,72.95239,80.0,7.047607421875
2018-05-30 12:00:00,62.23149,70.0,7.7685089111328125
2018-05-30 15:00:00,63.793095,78.0,14.206905364990234
2018-05-30 18:00:00,63.015705,78.0,14.984294891357422
2018-05-30 21:00:00,62.678738,83.0,20.32126235961914
2018-05-31 00:00:00,24.891506,67.0,42.10849380493164
2018-05-31 03:00:00,29.991896,72.0,42.00810432434082
2018-05-31 06:00:00,36.522293,74.0,37.47770690917969
2018-05-31 09:00:00,46.316814,55.0,8.683185577392578
2018-05-31 12:00:00,100.84523,75.0,-25.845230102539062
2018-05-31 15:00:00,96.13336,77.0,-19.13336181640625
2018-05-31 18:00:00,88.69142,75.0,-13.691421508789062
2018-05-31 21:00:00,81.0046,76.0,-5.004600524902344
2018-06-01 00:00:00,41.796967,108.0,66.20303344726562
2018-06-01 03:00:00,47.064533,98.0,50.93546676635742
2018-06-01 06:00:00,58.493015,70.0,11.50698471069336
2018-06-01 09:00:00,70.74164,52.0,-18.74163818359375
2018-06-01 12:00:00,60.427284,61.0,0.5727157592773438
2018-06-01 15:00:00,66.615715,55.0,-11.615715026855469
2018-06-01 18:00:00,62.113487,53.0,-9.113487243652344
2018-06-01 21:00:00,59.342255,103.0,43.657745361328125
2018-06-02 00:00:00,42.98454,65.0,22.015460968017578
2018-06-02 06:00:00,73.19863,78.0,4.801368713378906
2018-06-02 09:00:00,81.90193,59.0,-22.901931762695312
2018-06-02 12:00:00,87.34423,63.0,-24.34423065185547
2018-06-02 15:00:00,78.98871,72.0,-6.98870849609375
2018-06-02 18:00:00,65.83036,116.0,50.169639587402344
2018-06-02 21:00:00,58.54099,53.0,-5.540988922119141
2018-06-03 00:00:00,29.681131,52.0,22.31886863708496
2018-06-03 03:00:00,31.864147,65.0,33.1358528137207
2018-06-03 06:00:00,42.470104,71.0,28.529895782470703
2018-06-03 09:00:00,60.772434,64.0,3.2275657653808594
2018-06-03 12:00:00,58.634212,69.0,10.365787506103516
2018-06-03 15:00:00,61.212063,93.0,31.78793716430664
2018-06-03 18:00:00,50.159313,64.0,13.840686798095703
2018-06-03 21:00:00,46.691185,53.0,6.308815002441406
2018-06-04 00:00:00,64.95111,62.0,-2.95111083984375
2018-06-04 03:00:00,69.108406,59.0,-10.108406066894531
2018-06-04 09:00:00,77.89936,89.0,11.100639343261719
2018-06-04 12:00:00,61.459103,101.0,39.540897369384766
2018-06-04 18:00:00,51.092228,82.0,30.907772064208984
2018-06-04 21:00:00,49.850998,72.0,22.149002075195312
2018-06-05 00:00:00,26.955717,78.0,51.04428291320801
2018-06-05 03:00:00,29.956823,76.0,46.04317665100098
2018-06-05 06:00:00,32.490788,74.0,41.509212493896484
2018-06-05 09:00:00,46.38798,79.0,32.61201858520508
2018-06-05 18:00:00,59.680134,77.0,17.319866180419922
2018-06-06 00:00:00,89.24951,101.0,11.75048828125
2018-06-06 03:00:00,83.13987,76.0,-7.139869689941406
2018-06-06 06:00:00,89.32125,60.0,-29.321250915527344
2018-06-06 09:00:00,85.89524,73.0,-12.895240783691406
2018-06-06 12:00:00,67.52043,75.0,7.4795684814453125
2018-06-06 15:00:00,77.97905,63.0,-14.979049682617188
2018-06-06 18:00:00,83.94136,65.0,-18.941360473632812
2018-06-06 21:00:00,86.573326,76.0,-10.573326110839844
2018-06-07 00:00:00,48.760967,128.0,79.23903274536133
2018-06-07 03:00:00,44.097248,103.0,58.90275192260742
2018-06-07 06:00:00,38.400345,77.0,38.59965515136719
2018-06-07 09:00:00,34.142376,54.0,19.857624053955078
2018-06-07 12:00:00,67.38361,53.0,-14.383613586425781
2018-06-07 15:00:00,67.42414,49.0,-18.42414093017578
2018-06-07 18:00:00,69.47164,42.0,-27.471641540527344
2018-06-07 21:00:00,68.17959,47.0,-21.179588317871094
2018-06-08 00:00:00,93.04358,48.0,-45.0435791015625
2018-06-08 03:00:00,96.98437,62.0,-34.98436737060547
2018-06-08 06:00:00,85.92599,99.0,13.074012756347656
2018-06-08 09:00:00,71.03461,75.0,3.96539306640625
2018-06-08 12:00:00,93.27789,67.0,-26.27789306640625
2018-06-08 15:00:00,86.52921,54.0,-32.529212951660156
2018-06-08 18:00:00,81.24755,60.0,-21.24755096435547
2018-06-08 21:00:00,79.30896,76.0,-3.3089599609375
2018-06-09 00:00:00,71.94706,63.0,-8.947059631347656
2018-06-09 03:00:00,88.12265,71.0,-17.122650146484375
2018-06-09 06:00:00,97.990326,59.0,-38.990325927734375
2018-06-09 09:00:00,96.56696,74.0,-22.56696319580078
2018-06-09 12:00:00,120.96928,60.0,-60.969276428222656
2018-06-09 15:00:00,102.929565,53.0,-49.9295654296875
2018-06-09 18:00:00,95.55163,52.0,-43.55162811279297
2018-06-09 21:00:00,86.648926,50.0,-36.64892578125
2018-06-10 00:00:00,73.15952,71.0,-2.1595230102539062
2018-06-10 06:00:00,92.99493,73.0,-19.99492645263672
2018-06-10 09:00:00,88.27993,59.0,-29.279930114746094
2018-06-10 12:00:00,65.06093,52.0,-13.060928344726562
2018-06-10 15:00:00,44.03603,40.0,-4.036029815673828
2018-06-10 18:00:00,47.291336,41.0,-6.2913360595703125
2018-06-10 21:00:00,51.61644,41.0,-10.616439819335938
2018-06-11 00:00:00,91.19526,70.0,-21.19525909423828
2018-06-11 06:00:00,105.61735,114.0,8.382652282714844
2018-06-11 09:00:00,94.26913,65.0,-29.269126892089844
2018-06-11 12:00:00,98.92506,51.0,-47.92505645751953
2018-06-11 15:00:00,88.79306,66.0,-22.793060302734375
2018-06-11 21:00:00,84.19761,74.0,-10.197608947753906
2018-06-12 00:00:00,56.884575,71.0,14.115425109863281
2018-06-12 03:00:00,71.74935,101.0,29.250648498535156
2018-06-12 06:00:00,85.68941,92.0,6.3105926513671875
2018-06-12 09:00:00,79.937195,79.0,-0.93719482421875
2018-06-12 12:00:00,72.76572,50.0,-22.765716552734375
2018-06-12 15:00:00,69.98994,48.0,-21.98993682861328
2018-06-12 18:00:00,67.49587,43.0,-24.495872497558594
2018-06-12 21:00:00,64.59436,71.0,6.4056396484375
2018-06-13 00:00:00,55.72383,60.0,4.2761688232421875
2018-06-13 03:00:00,70.79052,132.0,61.20948028564453
2018-06-13 06:00:00,84.881096,75.0,-9.881095886230469
2018-06-13 09:00:00,86.8306,47.0,-39.830596923828125
2018-06-13 15:00:00,101.29292,45.0,-56.29292297363281
2018-06-13 18:00:00,77.04147,69.0,-8.041473388671875
2018-06-13 21:00:00,59.321793,119.0,59.67820739746094
2018-06-14 06:00:00,66.136185,64.0,-2.1361846923828125
2018-06-14 09:00:00,66.22821,73.0,6.77178955078125
2018-06-14 15:00:00,82.549034,59.0,-23.549034118652344
2018-06-14 18:00:00,80.27939,66.0,-14.279388427734375
2018-06-14 21:00:00,76.11493,84.0,7.88507080078125
2018-06-15 00:00:00,81.32304,69.0,-12.323036193847656
2018-06-15 03:00:00,74.132,80.0,5.8679962158203125
2018-06-15 06:00:00,67.661064,64.0,-3.6610641479492188
2018-06-15 09:00:00,52.75001,91.0,38.2499885559082
2018-06-15 12:00:00,38.83588,64.0,25.164119720458984
2018-06-15 15:00:00,47.081814,48.0,0.9181861877441406
2018-06-15 18:00:00,57.139687,38.0,-19.139686584472656
2018-06-15 21:00:00,60.26835,39.0,-21.268348693847656
2018-06-18 15:00:00,74.26081,48.0,-26.26081085205078
2018-06-18 18:00:00,81.75652,51.0,-30.75652313232422
2018-06-18 21:00:00,97.62175,44.0,-53.62174987792969
2018-06-19 00:00:00,91.35146,41.0,-50.351463317871094
2018-06-19 03:00:00,83.97365,46.0,-37.97364807128906
2018-06-19 06:00:00,79.51894,54.0,-25.518943786621094
2018-06-19 09:00:00,69.6403,51.0,-18.640296936035156
2018-06-19 12:00:00,81.327415,53.0,-28.327415466308594
2018-06-19 15:00:00,67.70711,42.0,-25.707107543945312
2018-06-19 21:00:00,58.86659,32.0,-26.866588592529297
2018-06-20 00:00:00,69.46857,25.0,-44.46856689453125
2018-06-20 03:00:00,69.773026,27.0,-42.77302551269531
2018-06-20 06:00:00,60.13852,29.0,-31.138519287109375
2018-06-20 09:00:00,48.990215,31.0,-17.990215301513672
2018-06-20 12:00:00,46.666855,28.0,-18.666854858398438
2018-06-20 15:00:00,48.188667,46.0,-2.1886672973632812
2018-06-20 18:00:00,52.97602,42.0,-10.976020812988281
2018-06-20 21:00:00,72.80573,25.0,-47.80573272705078
2018-06-21 00:00:00,53.41201,48.0,-5.412010192871094
2018-06-21 03:00:00,43.018417,27.0,-16.018417358398438
2018-06-21 06:00:00,24.38776,41.0,16.612239837646484
2018-06-21 12:00:00,37.13285,32.0,-5.132850646972656
2018-06-21 15:00:00,44.11004,66.0,21.88996124267578
2018-06-21 18:00:00,50.195354,24.0,-26.195354461669922
2018-06-21 21:00:00,70.3169,29.0,-41.31690216064453
2018-06-22 00:00:00,111.07505,97.0,-14.075050354003906
2018-06-22 03:00:00,98.650505,127.0,28.34949493408203
2018-06-22 06:00:00,88.76361,121.0,32.23638916015625
2018-06-22 09:00:00,77.058754,101.0,23.941246032714844
2018-06-22 12:00:00,67.95108,49.0,-18.951080322265625
2018-06-22 15:00:00,70.295074,38.0,-32.295074462890625
2018-06-22 18:00:00,71.48714,97.0,25.512863159179688
2018-06-22 21:00:00,82.193825,86.0,3.8061752319335938
2018-06-23 00:00:00,117.718796,163.0,45.28120422363281
2018-06-23 03:00:00,106.6374,266.0,159.36260223388672
2018-06-23 06:00:00,86.30354,104.0,17.696456909179688
2018-06-23 09:00:00,73.80777,52.0,-21.807769775390625
2018-06-23 12:00:00,101.72062,67.0,-34.720619201660156
2018-06-23 15:00:00,99.28817,49.0,-50.288169860839844
2018-06-23 18:00:00,97.1836,75.0,-22.18360137939453
2018-06-23 21:00:00,96.54423,85.0,-11.544227600097656
2018-06-24 00:00:00,122.21386,114.0,-8.213859558105469
2018-06-24 03:00:00,151.5221,220.0,68.4779052734375
2018-06-24 06:00:00,147.7801,186.0,38.21989440917969
2018-06-24 09:00:00,118.755,165.0,46.24500274658203
2018-06-24 12:00:00,101.530075,79.0,-22.530075073242188
2018-06-24 15:00:00,95.158615,31.0,-64.15861511230469
2018-06-24 18:00:00,89.24485,62.0,-27.244850158691406
2018-06-24 21:00:00,81.565414,79.0,-2.5654144287109375
2018-06-25 00:00:00,82.17455,53.0,-29.17455291748047
2018-06-25 03:00:00,105.10229,46.0,-59.10228729248047
2018-06-25 06:00:00,134.90443,54.0,-80.90443420410156
2018-06-25 09:00:00,115.49298,69.0,-46.49298095703125
2018-06-25 12:00:00,101.12649,67.0,-34.126487731933594
2018-06-25 15:00:00,85.541504,59.0,-26.54150390625
2018-06-25 18:00:00,76.16814,64.0,-12.168136596679688
2018-06-25 21:00:00,71.597694,63.0,-8.597694396972656
2018-06-26 00:00:00,87.45303,56.0,-31.453033447265625
2018-06-26 03:00:00,92.013695,66.0,-26.013694763183594
2018-06-26 06:00:00,127.60779,68.0,-59.6077880859375
2018-06-26 09:00:00,130.0383,63.0,-67.03829956054688
2018-06-26 18:00:00,92.73407,56.0,-36.73406982421875
2018-06-27 00:00:00,83.709435,82.0,-1.7094345092773438
2018-06-28 09:00:00,61.200466,123.0,61.79953384399414
2018-06-28 12:00:00,85.541275,51.0,-34.54127502441406
2018-06-28 15:00:00,75.448494,43.0,-32.44849395751953
2018-06-28 18:00:00,70.33623,47.0,-23.336227416992188
2018-07-01 09:00:00,93.41352,145.0,51.58647918701172
2018-07-01 12:00:00,78.43892,93.0,14.561080932617188
2018-07-01 15:00:00,74.84982,97.0,22.150177001953125
2018-07-01 18:00:00,72.03221,35.0,-37.03221130371094
2018-07-01 21:00:00,69.21414,46.0,-23.214141845703125
2018-07-02 00:00:00,36.800316,47.0,10.199684143066406
2018-07-02 03:00:00,58.22949,46.0,-12.229488372802734
2018-07-02 06:00:00,60.6658,28.0,-32.66579818725586
2018-07-02 09:00:00,55.1903,50.0,-5.190299987792969
2018-07-02 12:00:00,73.921455,44.0,-29.92145538330078
2018-07-02 15:00:00,69.74005,36.0,-33.74005126953125
2018-07-02 18:00:00,67.35263,42.0,-25.352630615234375
2018-07-02 21:00:00,70.70026,42.0,-28.70025634765625
2018-07-03 00:00:00,106.82152,54.0,-52.82151794433594
2018-07-03 03:00:00,125.42,49.0,-76.41999816894531
2018-07-03 09:00:00,101.236534,75.0,-26.236534118652344
2018-07-03 12:00:00,56.296246,68.0,11.703754425048828
2018-07-03 15:00:00,53.264557,63.0,9.735443115234375
2018-07-03 18:00:00,52.637917,64.0,11.362083435058594
2018-07-03 21:00:00,51.64816,38.0,-13.64815902709961
2018-07-04 00:00:00,22.960876,69.0,46.03912353515625
2018-07-04 03:00:00,29.004013,80.0,50.99598693847656
2018-07-04 06:00:00,33.114246,49.0,15.885753631591797
2018-07-04 09:00:00,41.1103,60.0,18.88970184326172
2018-07-04 12:00:00,84.41839,53.0,-31.41838836669922
2018-07-04 15:00:00,73.65702,51.0,-22.657020568847656
2018-07-04 18:00:00,64.98408,53.0,-11.984077453613281
2018-07-04 21:00:00,60.957745,49.0,-11.957744598388672
2018-07-05 00:00:00,45.602745,49.0,3.3972549438476562
2018-07-05 03:00:00,48.56793,64.0,15.432071685791016
2018-07-05 06:00:00,49.11533,68.0,18.88467025756836
2018-07-05 09:00:00,42.84243,71.0,28.157569885253906
2018-07-05 12:00:00,60.341335,76.0,15.65866470336914
2018-07-05 15:00:00,50.495148,75.0,24.504852294921875
2018-07-05 18:00:00,46.72961,57.0,10.270389556884766
2018-07-05 21:00:00,48.509037,79.0,30.490962982177734
2018-07-06 00:00:00,69.00564,58.0,-11.005638122558594
2018-07-06 03:00:00,67.3241,93.0,25.6759033203125
2018-07-06 06:00:00,70.41853,79.0,8.581466674804688
2018-07-06 09:00:00,72.59291,97.0,24.407089233398438
2018-07-06 12:00:00,72.0197,70.0,-2.0196990966796875
2018-07-06 15:00:00,61.719448,82.0,20.28055191040039
2018-07-06 18:00:00,54.886528,81.0,26.11347198486328
2018-07-06 21:00:00,53.593113,78.0,24.40688705444336
2018-07-07 00:00:00,42.44339,129.0,86.55661010742188
2018-07-07 03:00:00,47.438107,162.0,114.56189346313477
2018-07-07 06:00:00,64.50972,244.0,179.4902801513672
2018-07-07 09:00:00,61.940796,247.0,185.0592041015625
2018-07-07 12:00:00,92.72503,170.0,77.27497100830078
2018-07-07 15:00:00,90.4447,156.0,65.5552978515625
2018-07-07 18:00:00,89.87058,126.0,36.129417419433594
2018-07-07 21:00:00,109.42608,137.0,27.57392120361328
2018-07-08 00:00:00,155.78064,151.0,-4.7806396484375
2018-07-08 03:00:00,150.65518,120.0,-30.655181884765625
2018-07-08 06:00:00,171.14189,147.0,-24.141891479492188
2018-07-08 09:00:00,141.5499,128.0,-13.549896240234375
2018-07-08 12:00:00,74.63882,66.0,-8.638816833496094
2018-07-08 15:00:00,55.099464,112.0,56.900535583496094
2018-07-08 18:00:00,50.507877,72.0,21.492122650146484
2018-07-08 21:00:00,54.948032,60.0,5.051967620849609
2018-07-09 00:00:00,31.556965,55.0,23.443035125732422
2018-07-09 03:00:00,32.248863,38.0,5.751136779785156
2018-07-09 06:00:00,33.85185,38.0,4.148151397705078
2018-07-09 09:00:00,37.132736,45.0,7.8672637939453125
2018-07-09 12:00:00,49.041317,29.0,-20.041316986083984
2018-07-09 15:00:00,48.3501,29.0,-19.350101470947266
2018-07-09 18:00:00,54.159046,50.0,-4.159046173095703
2018-07-09 21:00:00,86.65029,69.0,-17.650291442871094
2018-07-10 00:00:00,122.38138,56.0,-66.38137817382812
2018-07-10 03:00:00,115.87906,161.0,45.120941162109375
2018-07-10 06:00:00,103.016075,108.0,4.983924865722656
2018-07-10 09:00:00,78.11889,49.0,-29.11888885498047
2018-07-10 12:00:00,95.53832,41.0,-54.53832244873047
2018-07-10 15:00:00,74.49148,43.0,-31.491477966308594
2018-07-10 18:00:00,58.45277,53.0,-5.452770233154297
2018-07-10 21:00:00,47.938103,58.0,10.061897277832031
2018-07-11 00:00:00,18.478432,70.0,51.521568298339844
2018-07-11 03:00:00,42.250805,57.0,14.749195098876953
2018-07-11 06:00:00,81.21538,46.0,-35.21537780761719
2018-07-11 09:00:00,83.136566,57.0,-26.136566162109375
2018-07-11 12:00:00,99.59479,62.0,-37.59478759765625
2018-07-11 15:00:00,86.55274,64.0,-22.55274200439453
2018-07-11 18:00:00,75.51501,58.0,-17.51500701904297
2018-07-11 21:00:00,67.01362,53.0,-14.013618469238281
2018-07-12 00:00:00,58.232674,61.0,2.7673263549804688
2018-07-12 03:00:00,68.84346,48.0,-20.843460083007812
2018-07-12 06:00:00,101.31913,65.0,-36.319129943847656
2018-07-12 09:00:00,105.95727,103.0,-2.9572677612304688
2018-07-12 12:00:00,104.06461,180.0,75.93538665771484
2018-07-12 15:00:00,91.07589,125.0,33.924110412597656
2018-07-12 18:00:00,80.69674,132.0,51.303260803222656
2018-07-12 21:00:00,74.30845,125.0,50.691551208496094
2018-07-13 00:00:00,111.93515,105.0,-6.935150146484375
2018-07-13 03:00:00,139.77353,90.0,-49.773529052734375
2018-07-13 06:00:00,138.95146,71.0,-67.95146179199219
2018-07-13 09:00:00,118.53774,54.0,-64.5377426147461
2018-07-13 12:00:00,93.24799,55.0,-38.24799346923828
2018-07-13 15:00:00,72.29278,61.0,-11.292778015136719
2018-07-13 18:00:00,61.658966,70.0,8.341033935546875
2018-07-13 21:00:00,60.430695,54.0,-6.430694580078125
2018-07-14 00:00:00,67.703926,42.0,-25.70392608642578
2018-07-14 03:00:00,62.138157,33.0,-29.13815689086914
2018-07-14 06:00:00,52.791508,32.0,-20.791507720947266
2018-07-14 09:00:00,45.054035,35.0,-10.054035186767578
2018-07-14 12:00:00,55.300232,39.0,-16.30023193359375
2018-07-14 15:00:00,46.335915,36.0,-10.335914611816406
2018-07-14 18:00:00,44.356968,35.0,-9.35696792602539
2018-07-14 21:00:00,43.913815,27.0,-16.913814544677734
2018-07-15 00:00:00,69.83123,36.0,-33.83123016357422
2018-07-15 03:00:00,63.912693,43.0,-20.91269302368164
2018-07-15 06:00:00,64.944855,34.0,-30.944854736328125
2018-07-15 09:00:00,66.06092,44.0,-22.06092071533203
2018-07-15 12:00:00,63.584595,42.0,-21.5845947265625
2018-07-15 15:00:00,54.461567,38.0,-16.461566925048828
2018-07-15 18:00:00,43.8647,28.0,-15.864700317382812
2018-07-15 21:00:00,38.628742,29.0,-9.628742218017578
2018-07-16 00:00:00,18.16511,60.0,41.834890365600586
2018-07-16 03:00:00,31.57072,48.0,16.429279327392578
2018-07-16 06:00:00,52.404858,51.0,-1.4048576354980469
2018-07-16 09:00:00,57.07375,55.0,-2.073749542236328
2018-07-16 12:00:00,62.591537,44.0,-18.591537475585938
2018-07-16 15:00:00,56.002705,51.0,-5.002704620361328
2018-07-16 21:00:00,38.01688,41.0,2.9831199645996094
2018-07-17 00:00:00,73.723755,42.0,-31.7237548828125
2018-07-17 06:00:00,92.03177,34.0,-58.031768798828125
2018-07-17 09:00:00,68.38604,39.0,-29.38603973388672
2018-07-17 12:00:00,49.875324,49.0,-0.8753242492675781
2018-07-17 15:00:00,52.566975,42.0,-10.566974639892578
2018-07-17 18:00:00,57.40776,37.0,-20.407760620117188
2018-07-17 21:00:00,67.539986,47.0,-20.53998565673828
2018-07-18 00:00:00,90.893875,36.0,-54.89387512207031
2018-07-18 03:00:00,101.37228,75.0,-26.372276306152344
2018-07-18 06:00:00,95.71772,88.0,-7.717720031738281
2018-07-18 09:00:00,68.41219,77.0,8.587806701660156
2018-07-18 12:00:00,77.04944,68.0,-9.0494384765625
2018-07-18 15:00:00,69.78462,72.0,2.2153778076171875
2018-07-18 18:00:00,67.27692,86.0,18.72308349609375
2018-07-18 21:00:00,65.10891,86.0,20.891090393066406
2018-07-19 00:00:00,105.43726,58.0,-47.43726348876953
2018-07-19 03:00:00,107.869934,57.0,-50.86993408203125
2018-07-19 06:00:00,111.1232,62.0,-49.123199462890625
2018-07-19 09:00:00,98.34764,91.0,-7.3476409912109375
2018-07-19 12:00:00,95.081985,181.0,85.91801452636719
2018-07-19 15:00:00,89.1323,127.0,37.867698669433594
2018-07-19 18:00:00,90.58067,115.0,24.419326782226562
2018-07-19 21:00:00,84.99546,112.0,27.004539489746094
2018-07-20 00:00:00,38.667393,121.0,82.33260726928711
2018-07-20 03:00:00,67.482346,127.0,59.51765441894531
2018-07-20 06:00:00,100.61126,100.0,-0.6112594604492188
2018-07-20 09:00:00,79.52712,91.0,11.472877502441406
2018-07-20 12:00:00,96.5465,74.0,-22.54650115966797
2018-07-20 15:00:00,95.51627,60.0,-35.516273498535156
2018-07-20 18:00:00,93.26004,82.0,-11.260040283203125
2018-07-20 21:00:00,95.18305,124.0,28.81694793701172
2018-07-21 00:00:00,137.39885,129.0,-8.398849487304688
2018-07-21 03:00:00,138.01628,271.0,132.9837188720703
2018-07-21 06:00:00,103.0055,242.0,138.99449920654297
2018-07-23 03:00:00,60.85895,46.0,-14.858951568603516
2018-07-23 06:00:00,51.83824,75.0,23.161758422851562
2018-07-23 09:00:00,45.560455,65.0,19.439544677734375
2018-07-24 15:00:00,55.51135,38.0,-17.511348724365234
2018-07-24 18:00:00,41.7524,50.0,8.247600555419922
2018-07-24 21:00:00,43.780346,65.0,21.219654083251953
2018-07-25 00:00:00,33.706783,46.0,12.293216705322266
2018-07-25 03:00:00,41.07909,54.0,12.920909881591797
2018-08-01 15:00:00,35.72768,37.0,1.2723197937011719
2018-08-01 18:00:00,37.56145,35.0,-2.561450958251953
2018-08-01 21:00:00,38.64352,29.0,-9.64352035522461
2018-08-02 03:00:00,78.564766,39.0,-39.56476593017578
2018-08-02 06:00:00,68.576126,41.0,-27.576126098632812
2018-08-02 09:00:00,60.771072,41.0,-19.771072387695312
2018-08-02 12:00:00,36.73097,39.0,2.269031524658203
2018-08-02 15:00:00,36.096935,34.0,-2.096935272216797
2018-08-02 18:00:00,34.309322,48.0,13.690677642822266
2018-08-02 21:00:00,35.895027,59.0,23.10497283935547
2018-08-03 00:00:00,18.887932,39.0,20.11206817626953
2018-08-03 03:00:00,31.516493,39.0,7.48350715637207
2018-08-03 06:00:00,38.78222,28.0,-10.782218933105469
2018-08-03 09:00:00,48.397167,40.0,-8.397167205810547
2018-08-03 12:00:00,39.079624,33.0,-6.079624176025391
2018-08-03 15:00:00,43.963154,51.0,7.036846160888672
2018-08-03 18:00:00,44.333946,56.0,11.666053771972656
2018-08-04 00:00:00,43.31014,44.0,0.6898612976074219
2018-08-04 03:00:00,43.188606,55.0,11.811393737792969
2018-08-04 06:00:00,43.292515,62.0,18.70748519897461
2018-08-04 09:00:00,45.828644,41.0,-4.828643798828125
2018-08-04 12:00:00,52.436577,63.0,10.563423156738281
2018-08-04 15:00:00,54.125336,61.0,6.874664306640625
2018-08-04 18:00:00,49.199684,72.0,22.800315856933594
2018-08-04 21:00:00,47.80975,71.0,23.190250396728516
2018-08-05 00:00:00,40.787994,64.0,23.212005615234375
2018-08-05 03:00:00,48.15979,77.0,28.8402099609375
2018-08-05 06:00:00,58.855904,53.0,-5.855903625488281
2018-08-05 09:00:00,54.801147,46.0,-8.8011474609375
2018-08-05 12:00:00,67.7303,49.0,-18.730300903320312
2018-08-05 15:00:00,62.938396,45.0,-17.938396453857422
2018-08-05 18:00:00,59.151035,56.0,-3.1510353088378906
2018-08-05 21:00:00,56.86138,55.0,-1.8613815307617188
2018-08-06 00:00:00,29.730585,43.0,13.269414901733398
2018-08-06 03:00:00,47.402523,58.0,10.597476959228516
2018-08-06 06:00:00,66.21429,52.0,-14.214286804199219
2018-08-06 09:00:00,61.25606,33.0,-28.256061553955078
2018-08-06 12:00:00,52.560837,46.0,-6.5608367919921875
2018-08-06 15:00:00,51.178177,30.0,-21.178176879882812
2018-08-06 18:00:00,57.584656,37.0,-20.58465576171875
2018-08-06 21:00:00,80.51166,45.0,-35.51165771484375
2018-08-07 00:00:00,125.57439,107.0,-18.574386596679688
2018-08-07 03:00:00,145.24483,140.0,-5.2448272705078125
2018-08-07 06:00:00,155.47084,78.0,-77.47084045410156
2018-08-07 09:00:00,144.98688,58.0,-86.98687744140625
2018-08-07 12:00:00,121.47848,60.0,-61.478477478027344
2018-08-07 15:00:00,110.27623,58.0,-52.27622985839844
2018-08-07 18:00:00,99.75611,69.0,-30.75611114501953
2018-08-07 21:00:00,102.50369,64.0,-38.503692626953125
2018-08-08 00:00:00,144.15628,64.0,-80.15628051757812
2018-08-08 03:00:00,144.13536,160.0,15.864639282226562
2018-08-08 06:00:00,139.05316,151.0,11.94683837890625
2018-08-08 12:00:00,114.621574,43.0,-71.62157440185547
2018-08-08 15:00:00,97.613335,70.0,-27.61333465576172
2018-08-08 18:00:00,88.38674,51.0,-37.386741638183594
2018-08-08 21:00:00,86.49727,48.0,-38.49726867675781
2018-08-09 00:00:00,83.39407,52.0,-31.394073486328125
2018-08-09 03:00:00,90.70357,49.0,-41.70356750488281
2018-08-09 06:00:00,83.54596,39.0,-44.54595947265625
2018-08-09 12:00:00,104.92249,39.0,-65.92249298095703
2018-08-09 15:00:00,90.90354,56.0,-34.903541564941406
2018-08-09 18:00:00,80.85362,46.0,-34.85362243652344
2018-08-09 21:00:00,73.65702,73.0,-0.6570205688476562
2018-08-10 00:00:00,78.194145,83.0,4.805854797363281
2018-08-10 06:00:00,74.85028,74.0,-0.85028076171875
2018-08-10 09:00:00,72.398506,80.0,7.601493835449219
2018-08-10 12:00:00,73.107,89.0,15.892997741699219
2018-08-10 15:00:00,65.43769,81.0,15.562309265136719
2018-08-10 18:00:00,59.319973,72.0,12.68002700805664
2018-08-11 00:00:00,32.904835,66.0,33.09516525268555
2018-08-11 06:00:00,48.34692,46.0,-2.3469200134277344
2018-08-11 09:00:00,54.332302,48.0,-6.332302093505859
2018-08-11 12:00:00,49.105892,56.0,6.894107818603516
2018-08-11 18:00:00,47.898994,29.0,-18.89899444580078
2018-08-11 21:00:00,50.402378,40.0,-10.40237808227539
2018-08-12 00:00:00,12.818873,62.0,49.18112659454346
2018-08-12 03:00:00,37.491646,33.0,-4.491645812988281
2018-08-12 06:00:00,46.046806,36.0,-10.046806335449219
2018-08-12 09:00:00,46.974945,37.0,-9.974945068359375
2018-08-12 12:00:00,69.90103,38.0,-31.901031494140625
2018-08-12 15:00:00,70.64955,39.0,-31.649551391601562
2018-08-12 18:00:00,71.73844,36.0,-35.738441467285156
2018-08-12 21:00:00,82.02096,34.0,-48.020957946777344
2018-08-13 00:00:00,118.00375,41.0,-77.00375366210938
2018-08-13 03:00:00,132.46404,36.0,-96.46403503417969
2018-08-13 06:00:00,132.52406,49.0,-83.52406311035156
2018-08-13 09:00:00,108.23851,49.0,-59.23851013183594
2018-08-13 12:00:00,98.467354,64.0,-34.46735382080078
2018-08-13 15:00:00,97.822525,100.0,2.1774749755859375
2018-08-13 18:00:00,97.16586,83.0,-14.165863037109375
2018-08-13 21:00:00,120.65266,224.0,103.34734344482422
2018-08-14 00:00:00,135.42694,321.0,185.57305908203125
2018-08-14 03:00:00,113.45332,165.0,51.54667663574219
2018-08-14 06:00:00,82.68876,78.0,-4.688758850097656
2018-08-14 09:00:00,62.917706,55.0,-7.917705535888672
2018-08-14 12:00:00,61.776745,48.0,-13.776744842529297
2018-08-14 15:00:00,66.93745,45.0,-21.93744659423828
2018-08-14 18:00:00,72.95375,46.0,-26.953750610351562
2018-08-14 21:00:00,83.94431,38.0,-45.944313049316406
2018-08-15 00:00:00,117.04219,47.0,-70.04219055175781
2018-08-15 06:00:00,97.62743,50.0,-47.62743377685547
2018-08-15 09:00:00,81.12238,39.0,-42.12238311767578
2018-08-15 12:00:00,75.76546,42.0,-33.76545715332031
2018-08-15 15:00:00,71.30757,45.0,-26.307571411132812
2018-08-15 18:00:00,68.229385,42.0,-26.229385375976562
2018-08-15 21:00:00,65.09254,45.0,-20.09253692626953
2018-08-16 00:00:00,69.87193,48.0,-21.871932983398438
2018-08-16 03:00:00,69.3733,40.0,-29.37329864501953
2018-08-16 09:00:00,66.56819,33.0,-33.56819152832031
2018-08-16 12:00:00,61.211723,44.0,-17.21172332763672
2018-08-16 15:00:00,64.36289,34.0,-30.362892150878906
2018-08-16 18:00:00,65.699394,36.0,-29.69939422607422
2018-08-16 21:00:00,63.548897,37.0,-26.54889678955078
2018-08-17 00:00:00,35.800896,34.0,-1.8008956909179688
2018-08-17 03:00:00,46.09592,37.0,-9.09592056274414
2018-08-17 06:00:00,58.130352,50.0,-8.130352020263672
2018-08-17 12:00:00,45.823524,49.0,3.1764755249023438
2018-08-17 15:00:00,44.239643,51.0,6.760356903076172
2018-08-17 21:00:00,47.345337,41.0,-6.3453369140625
2018-08-18 00:00:00,62.383038,48.0,-14.383037567138672
2018-08-18 03:00:00,72.36452,42.0,-30.364517211914062
2018-08-18 06:00:00,72.48241,41.0,-31.482406616210938
2018-08-18 09:00:00,62.916115,43.0,-19.916114807128906
2018-08-18 12:00:00,53.186794,47.0,-6.186794281005859
2018-08-18 18:00:00,46.39037,40.0,-6.390369415283203
2018-08-18 21:00:00,45.416527,41.0,-4.416526794433594
2018-08-19 00:00:00,48.726746,40.0,-8.72674560546875
2018-08-19 03:00:00,63.566402,58.0,-5.566402435302734
2018-08-19 06:00:00,64.69145,49.0,-15.691452026367188
2018-08-19 09:00:00,48.064976,59.0,10.93502426147461
2018-08-20 00:00:00,67.48951,33.0,-34.48950958251953
2018-08-20 03:00:00,69.08272,47.0,-22.082717895507812
2018-08-20 12:00:00,38.560303,42.0,3.439697265625
2018-08-20 15:00:00,43.14279,38.0,-5.142791748046875
2018-08-20 18:00:00,46.298397,51.0,4.701602935791016
2018-08-20 21:00:00,48.11807,58.0,9.88193130493164
2018-08-21 00:00:00,60.112713,41.0,-19.112712860107422
2018-08-21 03:00:00,78.598305,44.0,-34.598304748535156
2018-08-21 06:00:00,102.027115,43.0,-59.02711486816406
2018-08-22 09:00:00,80.98778,46.0,-34.98777770996094
2018-08-23 12:00:00,39.706264,32.0,-7.706264495849609
2018-08-23 15:00:00,30.349838,38.0,7.6501617431640625
2018-08-23 18:00:00,31.722492,35.0,3.277507781982422
2018-08-23 21:00:00,39.200245,30.0,-9.200244903564453
2018-08-24 00:00:00,31.804405,21.0,-10.804405212402344
2018-08-24 03:00:00,29.356499,28.0,-1.3564987182617188
2018-08-24 09:00:00,22.998392,30.0,7.001607894897461
2018-08-24 12:00:00,39.73264,23.0,-16.73263931274414
2018-08-24 15:00:00,36.859318,27.0,-9.859317779541016
2018-08-24 18:00:00,37.896713,28.0,-9.896713256835938
2018-08-24 21:00:00,40.33791,34.0,-6.337909698486328
2018-08-25 00:00:00,69.33834,34.0,-35.338340759277344
2018-08-25 03:00:00,74.20226,38.0,-36.20226287841797
2018-08-25 06:00:00,76.42893,42.0,-34.428932189941406
2018-08-25 09:00:00,70.39171,54.0,-16.391708374023438
2018-08-25 12:00:00,50.751167,52.0,1.2488327026367188
2018-08-25 15:00:00,44.66233,33.0,-11.662330627441406
2018-08-25 18:00:00,43.20168,38.0,-5.201679229736328
2018-08-25 21:00:00,46.633884,43.0,-3.6338844299316406
2018-08-26 00:00:00,38.32264,45.0,6.677360534667969
2018-08-26 03:00:00,107.360794,48.0,-59.36079406738281
2018-08-26 06:00:00,150.85744,105.0,-45.85743713378906
2018-08-26 09:00:00,136.6982,119.0,-17.698196411132812
2018-08-26 12:00:00,150.5689,110.0,-40.56889343261719
2018-08-26 15:00:00,143.79884,83.0,-60.79884338378906
2018-08-26 18:00:00,114.32235,40.0,-74.32234954833984
2018-08-26 21:00:00,90.22165,46.0,-44.221649169921875
2018-08-27 00:00:00,114.553246,44.0,-70.5532455444336
2018-08-27 03:00:00,105.347115,44.0,-61.34711456298828
2018-08-27 06:00:00,111.19778,47.0,-64.1977767944336
2018-08-27 09:00:00,115.9915,46.0,-69.99150085449219
2018-08-27 12:00:00,87.54614,49.0,-38.546142578125
2018-08-27 15:00:00,73.93351,46.0,-27.933509826660156
2018-08-27 18:00:00,62.26196,45.0,-17.261959075927734
2018-08-27 21:00:00,56.747353,55.0,-1.7473526000976562
2018-08-28 00:00:00,45.977913,88.0,42.02208709716797
2018-08-28 03:00:00,52.56834,91.0,38.43165969848633
2018-08-28 06:00:00,62.875416,86.0,23.124584197998047
2018-08-28 09:00:00,63.275707,85.0,21.724292755126953
2018-08-28 12:00:00,72.12895,70.0,-2.1289520263671875
2018-08-28 15:00:00,64.5465,60.0,-4.546501159667969
2018-08-28 18:00:00,55.494297,59.0,3.5057029724121094
2018-08-28 21:00:00,51.374626,62.0,10.625373840332031
2018-08-29 00:00:00,66.766464,171.0,104.23353576660156
2018-08-30 12:00:00,74.710785,60.0,-14.710784912109375
2018-08-30 15:00:00,72.91624,46.0,-26.916236877441406
2018-08-30 18:00:00,71.69649,57.0,-14.696487426757812
2018-08-30 21:00:00,68.135704,48.0,-20.135704040527344
2018-08-31 00:00:00,48.156834,54.0,5.843166351318359
2018-08-31 03:00:00,43.496357,58.0,14.503643035888672
2018-08-31 06:00:00,43.156662,62.0,18.843338012695312
2018-08-31 09:00:00,45.793854,75.0,29.206146240234375
2018-08-31 12:00:00,87.66517,62.0,-25.66516876220703
2018-08-31 15:00:00,84.02788,87.0,2.9721221923828125
2018-08-31 18:00:00,81.661934,108.0,26.33806610107422
2018-08-31 21:00:00,76.26818,98.0,21.73181915283203
2018-09-01 00:00:00,51.57983,93.0,41.420169830322266
2018-09-01 03:00:00,52.79287,71.0,18.207130432128906
2018-09-01 06:00:00,56.98132,51.0,-5.981319427490234
2018-09-01 09:00:00,61.450466,63.0,1.5495338439941406
2018-09-01 12:00:00,43.28649,63.0,19.71350860595703
2018-09-01 15:00:00,42.77149,73.0,30.228511810302734
2018-09-01 18:00:00,41.807198,81.0,39.19280242919922
2018-09-01 21:00:00,48.451057,107.0,58.54894256591797
2018-09-02 00:00:00,50.783684,94.0,43.21631622314453
2018-09-02 03:00:00,53.63961,87.0,33.360389709472656
2018-09-02 06:00:00,51.3337,92.0,40.66630172729492
2018-09-02 09:00:00,44.450756,87.0,42.54924392700195
2018-09-02 18:00:00,90.950836,85.0,-5.950836181640625
2018-09-02 21:00:00,80.99596,75.0,-5.9959564208984375
2018-09-03 00:00:00,85.81185,71.0,-14.811851501464844
2018-09-03 09:00:00,97.95758,102.0,4.04241943359375
2018-09-03 15:00:00,66.21747,89.0,22.78253173828125
2018-09-03 18:00:00,55.15761,81.0,25.842388153076172
2018-09-03 21:00:00,48.84396,65.0,16.15604019165039
2018-09-04 00:00:00,26.620113,67.0,40.379886627197266
2018-09-04 03:00:00,31.90047,83.0,51.09952926635742
2018-09-04 06:00:00,32.9851,70.0,37.01490020751953
2018-09-04 09:00:00,31.296394,70.0,38.70360565185547
2018-09-04 12:00:00,55.19138,73.0,17.80862045288086
2018-09-04 15:00:00,57.445847,50.0,-7.4458465576171875
2018-09-04 18:00:00,57.89906,44.0,-13.899059295654297
2018-09-04 21:00:00,60.544437,47.0,-13.544437408447266
2018-09-05 00:00:00,70.12988,42.0,-28.1298828125
2018-09-05 03:00:00,72.57677,45.0,-27.576766967773438
2018-09-05 06:00:00,82.03802,57.0,-25.03801727294922
2018-09-05 09:00:00,75.429855,58.0,-17.429855346679688
2018-09-05 18:00:00,64.411156,66.0,1.5888442993164062
2018-09-05 21:00:00,66.187454,61.0,-5.1874542236328125
2018-09-06 00:00:00,54.884594,42.0,-12.884593963623047
2018-09-06 03:00:00,59.047466,48.0,-11.047466278076172
2018-09-06 06:00:00,63.66804,52.0,-11.668041229248047
2018-09-06 12:00:00,69.658195,59.0,-10.658195495605469
2018-09-06 15:00:00,64.36562,60.0,-4.365623474121094
2018-09-06 18:00:00,57.576813,42.0,-15.576812744140625
2018-09-06 21:00:00,51.47251,53.0,1.5274887084960938
2018-09-07 00:00:00,5.260972,67.0,61.739027976989746
2018-09-07 03:00:00,5.1667256,63.0,57.833274364471436
2018-09-07 06:00:00,5.2916675,62.0,56.708332538604736
2018-09-07 09:00:00,9.930318,59.0,49.069682121276855
2018-09-07 12:00:00,25.912413,56.0,30.087587356567383
2018-09-07 15:00:00,31.838,49.0,17.16200065612793
2018-09-07 21:00:00,36.34432,70.0,33.65568161010742
2018-09-08 09:00:00,44.085255,63.0,18.914745330810547
2018-09-08 12:00:00,58.9971,57.0,-1.997100830078125
2018-09-08 15:00:00,50.468884,34.0,-16.468883514404297
2018-09-08 18:00:00,43.41075,50.0,6.5892486572265625
2018-09-08 21:00:00,42.09164,48.0,5.908359527587891
2018-09-09 00:00:00,46.615696,43.0,-3.6156959533691406
2018-09-09 03:00:00,52.265137,54.0,1.73486328125
2018-09-09 06:00:00,58.840668,37.0,-21.840667724609375
2018-09-09 09:00:00,59.57281,37.0,-22.572811126708984
2018-09-09 12:00:00,53.90416,47.0,-6.9041595458984375
2018-09-09 15:00:00,53.242046,43.0,-10.242046356201172
2018-09-09 18:00:00,50.18819,39.0,-11.188190460205078
2018-09-09 21:00:00,49.281425,34.0,-15.281425476074219
2018-09-10 00:00:00,79.68765,37.0,-42.687652587890625
2018-09-10 03:00:00,68.52872,44.0,-24.528717041015625
2018-09-10 06:00:00,63.157814,55.0,-8.157814025878906
2018-09-10 09:00:00,62.857338,45.0,-17.857337951660156
2018-09-10 12:00:00,50.45797,40.0,-10.457969665527344
2018-09-10 15:00:00,49.80825,46.0,-3.8082504272460938
2018-09-10 18:00:00,51.53629,74.0,22.46371078491211
2018-09-10 21:00:00,52.201015,74.0,21.79898452758789
2018-09-11 00:00:00,42.660645,81.0,38.33935546875
2018-09-11 03:00:00,44.19593,99.0,54.80406951904297
2018-09-11 06:00:00,49.952576,71.0,21.04742431640625
2018-09-11 09:00:00,55.36515,69.0,13.634849548339844
2018-09-11 15:00:00,90.149,62.0,-28.149002075195312
2018-09-11 18:00:00,83.99445,54.0,-29.99445343017578
2018-09-11 21:00:00,75.60436,59.0,-16.60436248779297
2018-09-12 00:00:00,73.484215,56.0,-17.484214782714844
2018-09-12 03:00:00,73.7723,59.0,-14.772300720214844
2018-09-12 09:00:00,88.22565,46.0,-42.22564697265625
2018-09-12 12:00:00,52.608585,58.0,5.391414642333984
2018-09-12 15:00:00,52.07437,87.0,34.925628662109375
2018-09-12 18:00:00,53.89734,90.0,36.1026611328125
2018-09-12 21:00:00,53.218685,71.0,17.781314849853516
2018-09-13 00:00:00,46.41879,64.0,17.58121109008789
2018-09-13 03:00:00,57.501892,64.0,6.49810791015625
2018-09-13 06:00:00,66.48645,63.0,-3.4864501953125
2018-09-13 09:00:00,70.40137,77.0,6.5986328125
2018-09-13 15:00:00,60.54677,93.0,32.45323181152344
2018-09-13 18:00:00,57.46574,102.0,44.53425979614258
2018-09-13 21:00:00,59.036324,86.0,26.96367645263672
2018-09-14 00:00:00,72.46706,82.0,9.532943725585938
2018-09-14 03:00:00,80.79246,80.0,-0.7924575805664062
2018-09-14 09:00:00,129.03206,59.0,-70.03205871582031
2018-09-14 12:00:00,113.0885,177.0,63.9114990234375
2018-09-14 15:00:00,102.83816,100.0,-2.8381576538085938
2018-09-14 18:00:00,91.12273,89.0,-2.1227264404296875
2018-09-14 21:00:00,81.469696,76.0,-5.469696044921875
2018-09-15 00:00:00,66.23941,81.0,14.760589599609375
2018-09-15 03:00:00,66.66346,79.0,12.336540222167969
2018-09-15 06:00:00,69.16003,80.0,10.839973449707031
2018-09-15 09:00:00,67.44403,95.0,27.55596923828125
2018-09-15 12:00:00,79.33568,115.0,35.66432189941406
2018-09-15 15:00:00,64.785355,83.0,18.214645385742188
2018-09-15 18:00:00,50.597008,83.0,32.402992248535156
2018-09-15 21:00:00,45.705177,86.0,40.294822692871094
2018-09-16 00:00:00,44.876175,93.0,48.12382507324219
2018-09-16 03:00:00,45.74963,87.0,41.250370025634766
2018-09-16 06:00:00,48.623405,81.0,32.37659454345703
2018-09-16 09:00:00,50.207745,83.0,32.79225540161133
2018-09-16 12:00:00,63.996254,83.0,19.003746032714844
2018-09-16 15:00:00,69.68651,70.0,0.3134918212890625
2018-09-16 18:00:00,68.90138,88.0,19.098617553710938
2018-09-16 21:00:00,65.51568,77.0,11.484321594238281
2018-09-17 00:00:00,72.19506,72.0,-0.19506072998046875
2018-09-17 03:00:00,85.699295,81.0,-4.6992950439453125
2018-09-17 06:00:00,103.194336,84.0,-19.1943359375
2018-09-17 09:00:00,109.330475,89.0,-20.330474853515625
2018-09-17 12:00:00,81.25892,100.0,18.74108123779297
2018-09-17 15:00:00,66.5292,71.0,4.470802307128906
2018-09-17 18:00:00,56.36355,52.0,-4.363548278808594
2018-09-17 21:00:00,51.60905,44.0,-7.609050750732422
2018-09-19 00:00:00,95.70749,39.0,-56.707489013671875
2018-09-19 03:00:00,95.29322,55.0,-40.29322052001953
2018-09-19 06:00:00,96.48511,47.0,-49.485107421875
2018-09-19 09:00:00,94.55107,52.0,-42.55107116699219
2018-09-19 12:00:00,45.28715,73.0,27.712848663330078
2018-09-19 15:00:00,41.532303,71.0,29.467697143554688
2018-09-19 18:00:00,38.44184,57.0,18.55815887451172
2018-09-19 21:00:00,38.042343,66.0,27.957656860351562
2018-09-20 00:00:00,28.369413,70.0,41.63058662414551
2018-09-20 03:00:00,30.38076,66.0,35.619239807128906
2018-09-20 06:00:00,35.042263,64.0,28.95773696899414
2018-09-20 09:00:00,42.743294,69.0,26.25670623779297
2018-09-20 12:00:00,47.21403,93.0,45.78596878051758
2018-09-20 15:00:00,44.3452,74.0,29.654800415039062
2018-09-20 18:00:00,44.722923,58.0,13.277076721191406
2018-09-20 21:00:00,44.540455,49.0,4.459545135498047
2018-09-21 00:00:00,77.04603,59.0,-18.04602813720703
2018-09-21 03:00:00,71.292564,62.0,-9.292564392089844
2018-09-21 06:00:00,75.472595,62.0,-13.47259521484375
2018-09-21 09:00:00,79.85409,76.0,-3.8540878295898438
2018-09-21 12:00:00,87.148575,75.0,-12.148574829101562
2018-09-21 15:00:00,89.85569,65.0,-24.855690002441406
2018-09-21 18:00:00,91.89489,65.0,-26.89488983154297
2018-09-21 21:00:00,89.61524,68.0,-21.61524200439453
2018-09-22 00:00:00,117.94827,68.0,-49.948272705078125
2018-09-22 03:00:00,107.73124,72.0,-35.731239318847656
2018-09-22 06:00:00,102.34135,78.0,-24.341346740722656
2018-09-22 09:00:00,81.64852,79.0,-2.6485214233398438
2018-09-22 12:00:00,104.892365,85.0,-19.892364501953125
2018-09-22 15:00:00,83.21308,90.0,6.786918640136719
2018-09-22 18:00:00,64.15513,79.0,14.844871520996094
2018-09-22 21:00:00,56.40925,70.0,13.590751647949219
2018-09-23 00:00:00,22.614471,73.0,50.385528564453125
2018-09-23 03:00:00,22.666996,74.0,51.333003997802734
2018-09-23 06:00:00,22.501696,81.0,58.49830436706543
2018-09-23 09:00:00,23.173811,87.0,63.826189041137695
2018-09-23 12:00:00,42.2134,70.0,27.786598205566406
2018-09-23 15:00:00,43.46617,88.0,44.53382873535156
2018-09-23 18:00:00,42.718853,79.0,36.28114700317383
2018-09-23 21:00:00,43.031036,75.0,31.968963623046875
2018-09-24 00:00:00,74.9107,81.0,6.089302062988281
2018-09-24 03:00:00,76.13869,74.0,-2.1386871337890625
2018-09-24 06:00:00,84.330734,72.0,-12.330734252929688
2018-09-24 09:00:00,83.808235,76.0,-7.808235168457031
2018-09-24 12:00:00,89.51162,110.0,20.488380432128906
2018-09-24 15:00:00,80.71555,85.0,4.284446716308594
2018-09-24 18:00:00,69.29045,63.0,-6.2904510498046875
2018-09-24 21:00:00,60.252262,40.0,-20.252262115478516
2018-09-25 00:00:00,46.791912,45.0,-1.7919120788574219
2018-09-25 03:00:00,34.712,33.0,-1.7120018005371094
2018-09-25 06:00:00,26.475561,34.0,7.524438858032227
2018-09-25 09:00:00,30.54629,22.0,-8.546289443969727
2018-09-25 12:00:00,49.497997,22.0,-27.497997283935547
2018-09-25 15:00:00,51.21058,26.0,-25.21057891845703
2018-09-25 18:00:00,51.220753,31.0,-20.220752716064453
2018-09-25 21:00:00,50.993095,35.0,-15.993095397949219
2018-09-26 00:00:00,70.03723,25.0,-45.0372314453125
2018-09-26 03:00:00,77.99838,43.0,-34.998382568359375
2018-09-26 06:00:00,79.99779,46.0,-33.99778747558594
2018-09-26 09:00:00,66.59519,56.0,-10.595191955566406
2018-09-26 12:00:00,41.67515,36.0,-5.675151824951172
2018-09-26 15:00:00,31.486082,36.0,4.513917922973633
2018-09-26 18:00:00,27.569626,23.0,-4.5696258544921875
2018-09-26 21:00:00,29.293346,21.0,-8.293346405029297
2018-09-27 00:00:00,0.0,27.0,27.0
2018-09-27 03:00:00,5.0674205,35.0,29.932579517364502
2018-09-27 06:00:00,12.397038,25.0,12.602961540222168
2018-09-27 12:00:00,22.97088,32.0,9.029119491577148
2018-09-27 15:00:00,23.774704,29.0,5.2252960205078125
2018-09-27 18:00:00,25.516214,34.0,8.483785629272461
2018-09-27 21:00:00,28.450813,33.0,4.549186706542969
2018-09-28 00:00:00,53.676785,38.0,-15.67678451538086
2018-09-28 03:00:00,52.62996,41.0,-11.629959106445312
2018-09-28 09:00:00,50.386803,46.0,-4.386802673339844
2018-09-28 12:00:00,30.286856,50.0,19.713144302368164
2018-09-28 15:00:00,32.727142,46.0,13.272857666015625
2018-09-28 18:00:00,33.847244,59.0,25.152755737304688
2018-09-28 21:00:00,36.749954,52.0,15.250045776367188
2018-09-29 00:00:00,6.760274,46.0,39.239726066589355
2018-09-29 03:00:00,16.811783,54.0,37.18821716308594
2018-09-29 06:00:00,23.090734,46.0,22.909265518188477
2018-09-29 09:00:00,21.026524,64.0,42.97347640991211
2018-09-29 18:00:00,63.9522,50.0,-13.952201843261719
2018-09-29 21:00:00,56.52612,49.0,-7.526119232177734
2018-09-30 00:00:00,54.576958,58.0,3.4230422973632812
2018-09-30 03:00:00,55.530678,57.0,1.4693222045898438
2018-09-30 06:00:00,57.92043,64.0,6.079570770263672
2018-09-30 09:00:00,54.387215,66.0,11.612785339355469
2018-09-30 12:00:00,71.52494,75.0,3.4750595092773438
2018-09-30 15:00:00,71.86179,78.0,6.138206481933594
2018-09-30 18:00:00,68.81339,52.0,-16.813392639160156
2018-09-30 21:00:00,62.60825,42.0,-20.60824966430664
2018-10-01 00:00:00,55.905273,39.0,-16.9052734375
2018-10-01 03:00:00,56.61394,49.0,-7.613941192626953
2018-10-01 06:00:00,60.408924,58.0,-2.408924102783203
2018-10-01 09:00:00,49.934784,45.0,-4.934783935546875
2018-10-01 12:00:00,63.931908,52.0,-11.931907653808594
2018-10-01 15:00:00,64.322876,60.0,-4.3228759765625
2018-10-01 18:00:00,62.16817,58.0,-4.168170928955078
2018-10-01 21:00:00,59.656143,60.0,0.3438568115234375
2018-10-02 00:00:00,28.530167,77.0,48.46983337402344
2018-10-02 03:00:00,32.933258,55.0,22.066741943359375
2018-10-02 06:00:00,36.506832,58.0,21.493167877197266
2018-10-02 09:00:00,38.873962,55.0,16.12603759765625
2018-10-02 12:00:00,65.48578,73.0,7.51422119140625
2018-10-02 15:00:00,63.773994,71.0,7.226005554199219
2018-10-02 18:00:00,59.385117,62.0,2.6148834228515625
2018-10-02 21:00:00,54.24704,54.0,-0.247039794921875
2018-10-03 00:00:00,50.034943,51.0,0.965057373046875
2018-10-03 03:00:00,50.281414,59.0,8.718585968017578
2018-10-03 06:00:00,62.44815,62.0,-0.448150634765625
2018-10-03 12:00:00,71.73679,68.0,-3.7367935180664062
2018-10-03 15:00:00,73.087,93.0,19.913002014160156
2018-10-03 18:00:00,69.03889,58.0,-11.038887023925781
2018-10-03 21:00:00,62.088474,62.0,-0.08847427368164062
2018-10-04 03:00:00,68.24143,77.0,8.758567810058594
2018-10-04 06:00:00,73.517586,59.0,-14.517585754394531
2018-10-04 09:00:00,74.31066,46.0,-28.31066131591797
2018-10-04 12:00:00,74.65041,29.0,-45.650413513183594
2018-10-04 15:00:00,71.588776,37.0,-34.588775634765625
2018-10-04 18:00:00,63.508198,40.0,-23.508197784423828
2018-10-04 21:00:00,57.344666,33.0,-24.34466552734375
2018-10-05 00:00:00,78.81323,34.0,-44.813232421875
2018-10-05 03:00:00,74.79457,39.0,-35.79457092285156
2018-10-05 06:00:00,81.63556,39.0,-42.63555908203125
2018-10-05 09:00:00,83.628494,36.0,-47.62849426269531
2018-10-05 12:00:00,65.43883,36.0,-29.438827514648438
2018-10-05 15:00:00,64.69463,31.0,-33.69463348388672
2018-10-05 18:00:00,64.4975,34.0,-30.49749755859375
2018-10-05 21:00:00,63.88859,42.0,-21.888591766357422
2018-10-06 00:00:00,41.577095,34.0,-7.577095031738281
2018-10-06 03:00:00,44.249645,32.0,-12.249645233154297
2018-10-06 06:00:00,49.171375,56.0,6.828624725341797
2018-10-06 09:00:00,47.80671,50.0,2.1932907104492188
2018-10-06 15:00:00,82.08912,49.0,-33.08911895751953
2018-10-06 18:00:00,76.31587,53.0,-23.315872192382812
2018-10-07 00:00:00,71.95535,43.0,-28.955352783203125
2018-10-07 03:00:00,75.05264,42.0,-33.052642822265625
2018-10-07 12:00:00,56.498096,42.0,-14.498096466064453
2018-10-07 18:00:00,44.974113,38.0,-6.974113464355469
2018-10-07 21:00:00,41.945213,38.0,-3.9452133178710938
2018-10-08 00:00:00,87.75123,40.0,-47.75122833251953
2018-10-08 03:00:00,93.95944,48.0,-45.959442138671875
2018-10-08 06:00:00,104.82688,62.0,-42.826881408691406
2018-10-08 09:00:00,102.50653,57.0,-45.50653076171875
2018-10-08 12:00:00,103.85884,58.0,-45.85884094238281
2018-10-08 15:00:00,83.86053,38.0,-45.86052703857422
2018-10-08 18:00:00,66.95819,43.0,-23.95819091796875
2018-10-08 21:00:00,62.068237,41.0,-21.0682373046875
2018-10-09 00:00:00,64.61505,41.0,-23.61505126953125
2018-10-09 03:00:00,58.217438,45.0,-13.217437744140625
2018-10-09 06:00:00,51.870075,54.0,2.129924774169922
2018-10-09 09:00:00,50.534935,57.0,6.465065002441406
2018-10-09 12:00:00,76.10004,66.0,-10.10003662109375
2018-10-09 18:00:00,79.69754,67.0,-12.697540283203125
2018-10-09 21:00:00,73.81817,54.0,-19.81816864013672
2018-10-10 00:00:00,113.498344,56.0,-57.49834442138672
2018-10-10 03:00:00,102.663536,61.0,-41.663536071777344
2018-10-10 06:00:00,103.86458,66.0,-37.86457824707031
2018-10-10 09:00:00,97.352684,81.0,-16.352684020996094
2018-10-10 21:00:00,76.94007,53.0,-23.94007110595703
2018-10-11 09:00:00,82.30995,56.0,-26.309951782226562
2018-10-11 12:00:00,112.61386,46.0,-66.61386108398438
2018-10-12 00:00:00,126.62326,49.0,-77.62326049804688
2018-10-12 03:00:00,120.79784,55.0,-65.79783630371094
2018-10-12 09:00:00,120.24833,53.0,-67.24832916259766
2018-10-12 15:00:00,70.38807,54.0,-16.38806915283203
2018-10-12 18:00:00,47.83283,27.0,-20.832828521728516
2018-10-12 21:00:00,35.915947,68.0,32.08405303955078
2018-10-13 00:00:00,48.258926,59.0,10.741073608398438
2018-10-13 03:00:00,48.170704,47.0,-1.1707038879394531
2018-10-13 06:00:00,50.14573,52.0,1.8542709350585938
2018-10-13 09:00:00,51.873825,42.0,-9.873825073242188
2018-10-13 12:00:00,49.871403,39.0,-10.871402740478516
2018-10-13 15:00:00,51.944313,29.0,-22.944313049316406
2018-10-13 18:00:00,51.19705,29.0,-22.19704818725586
2018-10-13 21:00:00,48.78166,26.0,-22.781658172607422
2018-10-14 00:00:00,101.68469,34.0,-67.6846923828125
2018-10-14 03:00:00,98.372765,38.0,-60.372764587402344
2018-10-14 06:00:00,98.8615,47.0,-51.86150360107422
2018-10-14 09:00:00,95.05732,35.0,-60.05731964111328
2018-10-14 12:00:00,60.882828,36.0,-24.882827758789062
2018-10-14 15:00:00,58.19743,39.0,-19.197429656982422
2018-10-14 18:00:00,54.854355,50.0,-4.8543548583984375
2018-10-14 21:00:00,51.857113,39.0,-12.857112884521484
2018-10-15 00:00:00,51.728195,38.0,-13.728195190429688
2018-10-15 03:00:00,49.418304,49.0,-0.418304443359375
2018-10-15 06:00:00,50.679203,50.0,-0.6792030334472656
2018-10-15 09:00:00,47.614433,34.0,-13.614433288574219
2018-10-15 12:00:00,83.2581,29.0,-54.25810241699219
2018-10-15 15:00:00,70.3983,89.0,18.601699829101562
2018-10-15 18:00:00,60.3776,32.0,-28.377601623535156
2018-10-15 21:00:00,55.843884,45.0,-10.843883514404297
2018-10-16 00:00:00,76.403015,48.0,-28.40301513671875
2018-10-16 03:00:00,77.89731,78.0,0.102691650390625
2018-10-16 06:00:00,84.89314,84.0,-0.8931427001953125
2018-10-16 09:00:00,79.28702,85.0,5.712982177734375
2018-10-16 12:00:00,92.38829,70.0,-22.388290405273438
2018-10-16 15:00:00,92.74641,65.0,-27.74640655517578
2018-10-16 18:00:00,90.78315,71.0,-19.78314971923828
2018-10-16 21:00:00,87.980194,88.0,0.019805908203125
2018-10-17 00:00:00,114.69592,85.0,-29.6959228515625
2018-10-17 03:00:00,115.83166,76.0,-39.83165740966797
2018-10-17 06:00:00,124.22856,95.0,-29.228561401367188
2018-10-17 09:00:00,114.80415,92.0,-22.804153442382812
2018-10-17 12:00:00,116.68453,91.0,-25.684532165527344
2018-10-17 15:00:00,105.818344,78.0,-27.818344116210938
2018-10-17 18:00:00,92.28393,55.0,-37.28392791748047
2018-10-17 21:00:00,82.30143,43.0,-39.301429748535156
2018-10-18 00:00:00,71.87896,42.0,-29.87895965576172
2018-10-18 03:00:00,74.15616,49.0,-25.156158447265625
2018-10-18 06:00:00,77.559715,54.0,-23.559715270996094
2018-10-18 09:00:00,73.400375,49.0,-24.400375366210938
2018-10-18 12:00:00,102.98271,57.0,-45.98271179199219
2018-10-18 15:00:00,99.41834,44.0,-55.41834259033203
2018-10-18 18:00:00,91.58725,47.0,-44.587249755859375
2018-10-18 21:00:00,86.34311,47.0,-39.343109130859375
2018-10-19 00:00:00,88.886734,44.0,-44.88673400878906
2018-10-19 03:00:00,93.219795,45.0,-48.21979522705078
2018-10-19 06:00:00,95.748535,45.0,-50.74853515625
2018-10-19 09:00:00,93.26948,55.0,-38.26947784423828
2018-10-19 12:00:00,63.879158,54.0,-9.879158020019531
2018-10-19 15:00:00,53.496593,47.0,-6.496593475341797
2018-10-19 18:00:00,43.210777,51.0,7.789222717285156
2018-10-20 00:00:00,22.099812,50.0,27.900188446044922
2018-10-20 03:00:00,24.541237,56.0,31.458763122558594
2018-10-20 06:00:00,27.728504,52.0,24.271495819091797
2018-10-20 09:00:00,29.24662,56.0,26.753379821777344
2018-10-20 12:00:00,33.798584,51.0,17.201416015625
2018-10-20 15:00:00,34.425343,41.0,6.574657440185547
2018-10-20 18:00:00,34.35025,46.0,11.649749755859375
2018-10-20 21:00:00,34.333652,16.0,-18.33365249633789
2018-10-21 00:00:00,55.794773,19.0,-36.79477310180664
2018-10-21 03:00:00,52.913948,26.0,-26.91394805908203
2018-10-21 06:00:00,53.01297,31.0,-22.012969970703125
2018-10-21 09:00:00,51.42482,27.0,-24.424819946289062
2018-10-21 12:00:00,27.184568,34.0,6.815431594848633
2018-10-21 15:00:00,30.812998,39.0,8.187002182006836
2018-10-21 18:00:00,27.691385,34.0,6.308614730834961
2018-10-22 09:00:00,39.54386,45.0,5.456138610839844
2018-10-22 12:00:00,51.756786,23.0,-28.756786346435547
2018-10-22 15:00:00,54.861744,18.0,-36.86174392700195
2018-10-22 18:00:00,50.647144,29.0,-21.647144317626953
2018-10-22 21:00:00,49.01017,31.0,-18.010169982910156
2018-10-23 18:00:00,44.922672,27.0,-17.922672271728516
2018-10-23 21:00:00,44.85537,28.0,-16.855369567871094
2018-10-24 00:00:00,51.461937,28.0,-23.461936950683594
2018-10-24 03:00:00,74.83777,36.0,-38.8377685546875
2018-10-24 06:00:00,75.33663,34.0,-41.336631774902344
2018-10-24 09:00:00,83.60894,31.0,-52.60894012451172
2018-10-24 12:00:00,68.82738,42.0,-26.827377319335938
2018-10-24 15:00:00,68.506325,63.0,-5.506324768066406
2018-10-24 18:00:00,65.56525,65.0,-0.56524658203125
2018-10-24 21:00:00,63.431118,37.0,-26.43111801147461
2018-10-25 00:00:00,33.04649,39.0,5.953510284423828
2018-10-25 03:00:00,34.401184,41.0,6.59881591796875
2018-10-25 06:00:00,38.75863,48.0,9.241371154785156
2018-10-25 09:00:00,53.149734,59.0,5.8502655029296875
2018-10-25 12:00:00,83.10269,69.0,-14.102691650390625
2018-10-25 15:00:00,83.48297,53.0,-30.48297119140625
2018-10-25 18:00:00,81.81905,48.0,-33.819053649902344
2018-10-25 21:00:00,78.72495,50.0,-28.724952697753906
2018-10-26 00:00:00,81.93684,47.0,-34.93683624267578
2018-10-26 03:00:00,72.9915,55.0,-17.991500854492188
2018-10-26 06:00:00,67.893555,59.0,-8.8935546875
2018-10-26 09:00:00,67.84705,66.0,-1.8470535278320312
2018-10-26 12:00:00,49.965424,43.0,-6.965423583984375
2018-10-26 15:00:00,53.397457,33.0,-20.397457122802734
2018-10-26 18:00:00,56.217003,35.0,-21.217002868652344
2018-10-26 21:00:00,57.873875,39.0,-18.87387466430664
2018-10-27 00:00:00,22.250788,36.0,13.749212265014648
2018-10-27 03:00:00,28.14977,40.0,11.850229263305664
2018-10-27 06:00:00,32.882214,44.0,11.117786407470703
2018-10-27 09:00:00,38.58804,52.0,13.41196060180664
2018-10-27 12:00:00,50.11452,32.0,-18.114521026611328
2018-10-27 15:00:00,47.766663,30.0,-17.76666259765625
2018-10-27 18:00:00,43.715202,20.0,-23.71520233154297
2018-10-27 21:00:00,50.735706,14.0,-36.7357063293457
2018-10-28 00:00:00,54.6288,18.0,-36.62879943847656
2018-10-28 03:00:00,50.912605,18.0,-32.91260528564453
2018-10-28 06:00:00,56.792942,21.0,-35.79294204711914
2018-10-28 09:00:00,72.083824,91.0,18.916175842285156
2018-10-28 12:00:00,42.854935,25.0,-17.854934692382812
2018-10-28 15:00:00,41.856197,30.0,-11.856197357177734
2018-10-28 18:00:00,45.91743,21.0,-24.917430877685547
2018-10-28 21:00:00,50.742073,21.0,-29.74207305908203
2018-10-29 00:00:00,23.583199,18.0,-5.583198547363281
2018-10-29 03:00:00,35.43664,25.0,-10.436641693115234
2018-10-29 06:00:00,42.77899,26.0,-16.77899169921875
2018-10-29 09:00:00,43.335033,31.0,-12.335033416748047
2018-10-29 12:00:00,42.172474,37.0,-5.172473907470703
2018-10-29 15:00:00,43.329918,36.0,-7.329917907714844
2018-10-29 18:00:00,44.434387,34.0,-10.43438720703125
2018-10-29 21:00:00,46.139122,26.0,-20.139122009277344
2018-10-30 00:00:00,59.150352,38.0,-21.150352478027344
2018-10-30 03:00:00,73.221596,49.0,-24.221595764160156
2018-10-30 06:00:00,81.9445,52.0,-29.944503784179688
2018-10-30 09:00:00,76.39773,56.0,-20.397727966308594
2018-10-30 12:00:00,64.370514,54.0,-10.370513916015625
2018-10-30 15:00:00,56.697216,40.0,-16.697216033935547
2018-10-30 18:00:00,49.2696,24.0,-25.26959991455078
2018-10-30 21:00:00,42.535248,34.0,-8.535247802734375
2018-10-31 03:00:00,47.280083,33.0,-14.280082702636719
2018-10-31 06:00:00,58.379784,34.0,-24.379783630371094
2018-10-31 09:00:00,54.196335,45.0,-9.196334838867188
2018-10-31 12:00:00,56.562954,46.0,-10.56295394897461
2018-10-31 15:00:00,47.5643,49.0,1.435699462890625
2018-10-31 18:00:00,38.49141,52.0,13.508590698242188
2018-10-31 21:00:00,32.042862,55.0,22.957138061523438
2018-11-01 00:00:00,31.06652,60.0,28.93347930908203
2018-11-01 03:00:00,36.562595,48.0,11.43740463256836
2018-11-01 06:00:00,50.764812,55.0,4.235187530517578
2018-11-01 09:00:00,42.13848,56.0,13.861518859863281
2018-11-01 12:00:00,36.212784,46.0,9.787216186523438
2018-11-01 15:00:00,27.493912,35.0,7.5060882568359375
2018-11-01 18:00:00,22.448034,28.0,5.551965713500977
2018-11-01 21:00:00,19.202389,36.0,16.797611236572266
2018-11-02 00:00:00,15.651949,34.0,18.348051071166992
2018-11-02 03:00:00,23.278175,28.0,4.721824645996094
2018-11-02 06:00:00,37.715664,31.0,-6.715663909912109
2018-11-02 09:00:00,42.46715,41.0,-1.4671516418457031
2018-11-02 12:00:00,26.729027,27.0,0.27097320556640625
2018-11-02 15:00:00,23.0865,19.0,-4.08650016784668
2018-11-02 18:00:00,21.040648,20.0,-1.0406475067138672
2018-11-02 21:00:00,21.263304,21.0,-0.2633037567138672
2018-11-03 00:00:00,12.287728,13.0,0.7122716903686523
2018-11-03 03:00:00,18.039259,21.0,2.9607410430908203
2018-11-03 06:00:00,17.465937,23.0,5.534063339233398
2018-11-03 09:00:00,15.559295,28.0,12.440705299377441
2018-11-03 12:00:00,33.2941,28.0,-5.294101715087891
2018-11-03 15:00:00,35.982906,28.0,-7.982906341552734
2018-11-03 18:00:00,33.93859,26.0,-7.938591003417969
2018-11-03 21:00:00,33.48214,23.0,-10.482139587402344
2018-11-04 00:00:00,31.14792,24.0,-7.147920608520508
2018-11-04 03:00:00,31.317995,20.0,-11.317995071411133
2018-11-04 06:00:00,30.594435,23.0,-7.59443473815918
2018-11-04 12:00:00,33.292168,22.0,-11.292167663574219
2018-11-04 15:00:00,33.499077,19.0,-14.499076843261719
2018-11-04 18:00:00,30.940783,22.0,-8.94078254699707
2018-11-04 21:00:00,25.973804,19.0,-6.973804473876953
2018-11-05 00:00:00,8.406345,27.0,18.59365463256836
2018-11-05 03:00:00,4.2653027,24.0,19.734697341918945
2018-11-05 06:00:00,0.0,23.0,23.0
2018-11-05 09:00:00,0.17763568,28.0,27.822364315390587
2018-11-05 12:00:00,16.590548,45.0,28.409452438354492
2018-11-05 15:00:00,27.048714,30.0,2.9512863159179688
2018-11-05 18:00:00,18.171364,31.0,12.828636169433594
2018-11-05 21:00:00,14.451018,18.0,3.5489816665649414
2018-11-06 00:00:00,12.868668,13.0,0.1313323974609375
2018-11-06 03:00:00,15.348689,16.0,0.651310920715332
2018-11-06 06:00:00,21.196457,23.0,1.8035430908203125
2018-11-06 09:00:00,39.288467,35.0,-4.2884674072265625
2018-11-06 12:00:00,42.166676,37.0,-5.166675567626953
2018-11-06 15:00:00,44.899708,30.0,-14.899707794189453
2018-11-06 18:00:00,36.982327,29.0,-7.982326507568359
2018-11-06 21:00:00,39.334282,31.0,-8.334281921386719
2018-11-07 00:00:00,15.365004,29.0,13.63499641418457
2018-11-07 03:00:00,20.493645,38.0,17.50635528564453
2018-11-07 06:00:00,28.56484,44.0,15.435159683227539
2018-11-07 09:00:00,33.31138,48.0,14.688621520996094
2018-11-07 12:00:00,58.60204,40.0,-18.602039337158203
2018-11-07 15:00:00,51.892128,49.0,-2.8921279907226562
2018-11-07 18:00:00,45.169712,61.0,15.83028793334961
2018-11-07 21:00:00,44.66574,70.0,25.334259033203125
2018-11-08 00:00:00,65.61413,75.0,9.385871887207031
2018-11-08 03:00:00,30.859383,32.0,1.1406173706054688
2018-11-08 06:00:00,39.146072,28.0,-11.146072387695312
2018-11-08 09:00:00,42.035767,36.0,-6.0357666015625
2018-11-08 12:00:00,21.862434,32.0,10.137565612792969
2018-11-08 15:00:00,36.420033,18.0,-18.420032501220703
2018-11-08 18:00:00,46.244167,24.0,-22.24416732788086
2018-11-08 21:00:00,50.266407,22.0,-28.266407012939453
2018-11-09 00:00:00,62.75661,30.0,-32.75661087036133
2018-11-09 03:00:00,59.61965,34.0,-25.619651794433594
2018-11-09 06:00:00,56.201656,34.0,-22.201656341552734
2018-11-09 09:00:00,60.973663,25.0,-35.973663330078125
2018-11-09 12:00:00,57.779858,23.0,-34.77985763549805
2018-11-09 15:00:00,55.242027,19.0,-36.242027282714844
2018-11-09 18:00:00,51.863934,19.0,-32.86393356323242
2018-11-09 21:00:00,51.939877,17.0,-34.939876556396484
2018-11-10 00:00:00,31.67679,24.0,-7.676790237426758
2018-11-10 03:00:00,41.41839,22.0,-19.41838836669922
2018-11-10 06:00:00,47.87853,31.0,-16.878528594970703
2018-11-10 09:00:00,50.751167,16.0,-34.75116729736328
2018-11-10 12:00:00,52.313908,21.0,-31.313907623291016
2018-11-10 15:00:00,47.82896,19.0,-28.828960418701172
2018-11-10 18:00:00,44.921307,21.0,-23.921306610107422
2018-11-11 21:00:00,55.186775,22.0,-33.18677520751953
2018-11-12 00:00:00,40.158737,27.0,-13.158737182617188
2018-11-12 03:00:00,44.458828,23.0,-21.45882797241211
2018-11-12 06:00:00,47.76723,28.0,-19.767230987548828
2018-11-12 09:00:00,47.335903,29.0,-18.33590316772461
2018-11-12 12:00:00,41.903378,40.0,-1.9033775329589844
2018-11-12 15:00:00,32.32469,32.0,-0.3246917724609375
2018-11-12 18:00:00,27.681608,32.0,4.318391799926758
2018-11-12 21:00:00,25.48063,24.0,-1.480630874633789
2018-11-13 00:00:00,35.430504,29.0,-6.430503845214844
2018-11-13 06:00:00,25.431292,20.0,-5.431291580200195
2018-11-13 09:00:00,24.526115,33.0,8.473884582519531
2018-11-13 12:00:00,11.67632,26.0,14.32367992401123
2018-11-13 15:00:00,10.073051,22.0,11.926948547363281
2018-11-13 18:00:00,8.541861,17.0,8.458139419555664
2018-11-13 21:00:00,9.311236,20.0,10.688763618469238
2018-11-14 00:00:00,3.4957566,19.0,15.50424337387085
2018-11-14 03:00:00,5.1485357,28.0,22.85146427154541
2018-11-14 06:00:00,6.263349,18.0,11.736650943756104
2018-11-14 09:00:00,12.451381,15.0,2.548619270324707
2018-11-14 12:00:00,19.682545,18.0,-1.6825447082519531
2018-11-14 15:00:00,23.80301,19.0,-4.803010940551758
2018-11-14 18:00:00,25.918211,9.0,-16.918210983276367
2018-11-14 21:00:00,24.670782,13.0,-11.670782089233398
2018-11-15 00:00:00,26.791212,13.0,-13.79121208190918
2018-11-15 03:00:00,24.02669,12.0,-12.026689529418945
2018-11-15 06:00:00,18.744287,34.0,15.255712509155273
2018-11-15 09:00:00,19.421747,29.0,9.578252792358398
2018-11-15 12:00:00,34.33445,35.0,0.6655502319335938
2018-11-15 15:00:00,35.164703,39.0,3.835296630859375
2018-11-15 18:00:00,27.616238,34.0,6.383762359619141
2018-11-18 12:00:00,49.61521,32.0,-17.615211486816406
2018-11-18 15:00:00,43.545925,22.0,-21.54592514038086
2018-11-18 18:00:00,46.135937,21.0,-25.135936737060547
2018-11-18 21:00:00,56.128555,23.0,-33.12855529785156
2018-11-19 00:00:00,33.55353,27.0,-6.553531646728516
2018-11-19 03:00:00,28.891918,29.0,0.10808181762695312
2018-11-19 06:00:00,25.708801,27.0,1.29119873046875
2018-11-19 09:00:00,21.253185,18.0,-3.253185272216797
2018-11-19 12:00:00,30.160437,29.0,-1.1604366302490234
2018-11-19 15:00:00,31.92349,22.0,-9.923490524291992
2018-11-19 18:00:00,30.717274,30.0,-0.7172737121582031
2018-11-19 21:00:00,32.120453,26.0,-6.120452880859375
2018-11-20 00:00:00,20.47085,19.0,-1.4708499908447266
2018-11-20 03:00:00,25.721306,30.0,4.278694152832031
2018-11-20 06:00:00,32.48664,25.0,-7.486640930175781
2018-11-20 12:00:00,33.44019,43.0,9.559810638427734
2018-11-20 15:00:00,31.384956,32.0,0.6150436401367188
2018-11-20 18:00:00,29.231842,38.0,8.768157958984375
2018-11-20 21:00:00,33.771584,39.0,5.228416442871094
2018-11-21 00:00:00,22.876463,37.0,14.123537063598633
2018-11-21 03:00:00,35.921516,33.0,-2.9215164184570312
2018-11-21 06:00:00,42.21056,21.0,-21.210559844970703
2018-11-21 09:00:00,37.25779,16.0,-21.257789611816406
2018-11-21 12:00:00,24.026917,30.0,5.97308349609375
2018-11-21 15:00:00,22.289782,30.0,7.71021842956543
2018-11-21 18:00:00,23.696203,44.0,20.303796768188477
2018-11-21 21:00:00,27.564737,48.0,20.43526268005371
2018-11-22 00:00:00,30.017303,43.0,12.982696533203125
2018-11-22 03:00:00,36.412758,49.0,12.587242126464844
2018-11-22 06:00:00,35.993027,43.0,7.0069732666015625
2018-11-22 09:00:00,29.551302,42.0,12.448698043823242
2018-11-22 12:00:00,14.429133,41.0,26.570866584777832
2018-11-22 15:00:00,16.63284,42.0,25.36716079711914
2018-11-22 18:00:00,18.355877,44.0,25.644123077392578
2018-11-22 21:00:00,18.883383,48.0,29.11661720275879
2018-11-23 00:00:00,26.845327,50.0,23.154672622680664
2018-11-23 03:00:00,29.177044,45.0,15.822956085205078
2018-11-23 06:00:00,31.205673,49.0,17.794326782226562
2018-11-23 09:00:00,28.298615,37.0,8.701385498046875
2018-11-23 12:00:00,35.90418,44.0,8.095821380615234
2018-11-23 15:00:00,32.62181,41.0,8.378189086914062
2018-11-23 18:00:00,29.138107,38.0,8.861892700195312
2018-11-23 21:00:00,23.756287,42.0,18.24371337890625
2018-11-24 00:00:00,8.132702,35.0,26.867298126220703
2018-11-24 03:00:00,10.0411625,29.0,18.958837509155273
2018-11-24 06:00:00,18.548918,26.0,7.451082229614258
2018-11-24 09:00:00,29.72689,31.0,1.2731094360351562
2018-11-24 12:00:00,16.091064,33.0,16.908935546875
2018-11-24 15:00:00,20.495577,34.0,13.504423141479492
2018-11-24 18:00:00,19.110302,30.0,10.889698028564453
2018-11-24 21:00:00,24.043516,37.0,12.956483840942383
2018-11-25 00:00:00,15.999035,25.0,9.000965118408203
2018-11-25 03:00:00,25.973919,28.0,2.026081085205078
2018-11-25 06:00:00,44.504475,20.0,-24.504474639892578
2018-11-25 15:00:00,54.162457,25.0,-29.162456512451172
2018-11-25 18:00:00,59.879086,26.0,-33.879085540771484
2018-11-25 21:00:00,70.07929,37.0,-33.07929229736328
2018-11-26 00:00:00,38.277905,34.0,-4.277904510498047
2018-11-26 03:00:00,27.892838,25.0,-2.8928375244140625
2018-11-26 06:00:00,23.705696,30.0,6.294303894042969
2018-11-26 09:00:00,22.875326,28.0,5.124673843383789
2018-11-26 12:00:00,25.547138,26.0,0.4528617858886719
2018-11-26 15:00:00,27.238457,33.0,5.761543273925781
2018-11-26 18:00:00,26.187422,32.0,5.812578201293945
2018-11-26 21:00:00,25.899681,45.0,19.100318908691406
2018-11-27 00:00:00,41.11473,44.0,2.8852691650390625
2018-11-27 03:00:00,39.94603,44.0,4.0539703369140625
2018-11-27 06:00:00,35.87104,40.0,4.128959655761719
2018-11-27 09:00:00,28.772831,34.0,5.227169036865234
2018-11-27 12:00:00,18.938408,42.0,23.06159210205078
2018-11-27 15:00:00,27.583439,34.0,6.416561126708984
2018-11-27 18:00:00,33.0852,34.0,0.9147987365722656
2018-11-27 21:00:00,38.24789,51.0,12.75210952758789
2018-11-28 00:00:00,29.038233,36.0,6.961767196655273
2018-11-28 03:00:00,33.49328,54.0,20.50672149658203
2018-11-28 06:00:00,34.846153,49.0,14.153846740722656
2018-11-28 09:00:00,30.273043,40.0,9.726957321166992
2018-11-28 12:00:00,31.002855,27.0,-4.00285530090332
2018-11-28 15:00:00,29.770603,42.0,12.22939682006836
2018-11-28 18:00:00,31.206242,34.0,2.7937583923339844
2018-11-28 21:00:00,34.077404,53.0,18.922595977783203
2018-11-29 03:00:00,71.89181,65.0,-6.891807556152344
2018-11-29 06:00:00,67.41334,66.0,-1.4133377075195312
2018-11-29 09:00:00,41.52872,45.0,3.4712791442871094
2018-11-29 12:00:00,14.409806,29.0,14.590193748474121
2018-11-29 15:00:00,10.533313,32.0,21.466687202453613
2018-11-29 18:00:00,15.139221,31.0,15.86077880859375
2018-11-29 21:00:00,19.198524,30.0,10.801475524902344
2018-11-30 00:00:00,36.544407,25.0,-11.54440689086914
2018-11-30 03:00:00,40.308804,48.0,7.691196441650391
2018-11-30 06:00:00,46.141167,60.0,13.858833312988281
2018-11-30 09:00:00,38.665462,36.0,-2.6654624938964844
2018-11-30 12:00:00,30.514912,44.0,13.485088348388672
2018-11-30 15:00:00,27.849638,53.0,25.150362014770508
2018-11-30 18:00:00,28.21298,58.0,29.787019729614258
2018-11-30 21:00:00,31.10108,61.0,29.8989200592041
2018-12-01 00:00:00,51.26185,54.0,2.7381515502929688
2018-12-01 03:00:00,38.71355,72.0,33.28644943237305
2018-12-01 06:00:00,19.368145,54.0,34.63185501098633
2018-12-01 09:00:00,49.56212,32.0,-17.562118530273438
2018-12-01 12:00:00,65.747826,47.0,-18.747825622558594
2018-12-01 15:00:00,64.422295,45.0,-19.42229461669922
2018-12-01 18:00:00,59.80007,37.0,-22.800071716308594
2018-12-01 21:00:00,55.762486,48.0,-7.762485504150391
2018-12-02 00:00:00,65.779884,50.0,-15.779884338378906
2018-12-02 03:00:00,72.006744,47.0,-25.006744384765625
2018-12-02 06:00:00,82.296425,56.0,-26.296424865722656
2018-12-02 09:00:00,91.24074,45.0,-46.24073791503906
2018-12-02 12:00:00,73.744675,47.0,-26.744674682617188
2018-12-02 15:00:00,68.722786,60.0,-8.722785949707031
2018-12-02 18:00:00,60.732758,71.0,10.267242431640625
2018-12-02 21:00:00,53.75523,110.0,56.24477005004883
2018-12-03 00:00:00,68.10319,88.0,19.896812438964844
2018-12-03 03:00:00,62.30266,90.0,27.697338104248047
2018-12-03 06:00:00,62.684875,104.0,41.31512451171875
2018-12-03 09:00:00,56.53902,106.0,49.46097946166992
2018-12-03 12:00:00,81.7206,74.0,-7.7205963134765625
2018-12-03 15:00:00,77.61281,79.0,1.3871917724609375
2018-12-03 18:00:00,71.31751,89.0,17.68248748779297
2018-12-03 21:00:00,65.00363,67.0,1.996368408203125
2018-12-04 00:00:00,80.85067,57.0,-23.850669860839844
2018-12-04 03:00:00,74.53332,76.0,1.4666824340820312
2018-12-04 06:00:00,71.107254,81.0,9.892745971679688
2018-12-04 09:00:00,66.19609,69.0,2.8039093017578125
2018-12-04 12:00:00,60.227306,72.0,11.772693634033203
2018-12-04 15:00:00,56.102863,47.0,-9.102863311767578
2018-12-04 18:00:00,51.36667,39.0,-12.366668701171875
2018-12-04 21:00:00,47.37251,44.0,-3.372509002685547
2018-12-05 00:00:00,30.021965,38.0,7.978034973144531
2018-12-05 03:00:00,35.72086,56.0,20.27914047241211
2018-12-05 06:00:00,32.38415,57.0,24.615848541259766
2018-12-05 09:00:00,29.543457,39.0,9.45654296875
2018-12-05 12:00:00,44.187004,38.0,-6.187004089355469
2018-12-05 15:00:00,52.355064,47.0,-5.355064392089844
2018-12-05 18:00:00,57.721535,51.0,-6.721534729003906
2018-12-05 21:00:00,54.69701,69.0,14.302989959716797
2018-12-06 00:00:00,29.147942,75.0,45.85205841064453
2018-12-06 03:00:00,23.780104,62.0,38.21989631652832
2018-12-06 06:00:00,19.90145,53.0,33.09855079650879
2018-12-06 09:00:00,24.977453,47.0,22.022546768188477
2018-12-06 12:00:00,33.06775,39.0,5.9322509765625
2018-12-06 15:00:00,49.592587,45.0,-4.592586517333984
2018-12-06 18:00:00,58.890236,42.0,-16.890235900878906
2018-12-06 21:00:00,68.73483,41.0,-27.734832763671875
2018-12-07 00:00:00,89.48558,68.0,-21.485580444335938
2018-12-07 03:00:00,57.248825,40.0,-17.248825073242188
2018-12-07 06:00:00,37.237556,39.0,1.7624435424804688
2018-12-07 09:00:00,26.523424,28.0,1.4765758514404297
2018-12-07 12:00:00,15.127455,22.0,6.87254524230957
2018-12-07 15:00:00,17.830132,26.0,8.169868469238281
2018-12-07 18:00:00,21.914673,26.0,4.0853271484375
2018-12-07 21:00:00,23.487019,30.0,6.512981414794922
2018-12-08 00:00:00,36.063908,25.0,-11.063907623291016
2018-12-08 03:00:00,31.998638,26.0,-5.998638153076172
2018-12-08 06:00:00,29.032038,21.0,-8.032037734985352
2018-12-08 12:00:00,3.4954154,19.0,15.504584550857544
2018-12-08 15:00:00,2.9737067,18.0,15.026293277740479
2018-12-08 18:00:00,6.3091645,22.0,15.69083547592163
2018-12-08 21:00:00,9.725454,20.0,10.274545669555664
2018-12-09 00:00:00,5.808147,17.0,11.191853046417236
2018-12-09 03:00:00,9.553559,18.0,8.446440696716309
2018-12-09 06:00:00,13.245995,24.0,10.754005432128906
2018-12-09 09:00:00,12.02389,10.0,-2.0238895416259766
2018-12-09 12:00:00,4.9130335,16.0,11.086966514587402
2018-12-09 15:00:00,13.306191,13.0,-0.30619144439697266
2018-12-09 18:00:00,19.249228,14.0,-5.249227523803711
2018-12-09 21:00:00,21.694178,14.0,-7.694177627563477
2018-12-10 00:00:00,18.386345,13.0,-5.386344909667969
2018-12-10 03:00:00,16.716967,11.0,-5.71696662902832
2018-12-10 06:00:00,16.66126,25.0,8.338739395141602
2018-12-10 09:00:00,15.864402,24.0,8.135598182678223
2018-12-10 12:00:00,5.587566,19.0,13.412434101104736
2018-12-10 15:00:00,15.39064,18.0,2.6093597412109375
2018-12-10 18:00:00,20.768652,27.0,6.231348037719727
2018-12-10 21:00:00,23.786356,27.0,3.213644027709961
2018-12-11 00:00:00,26.44009,22.0,-4.440090179443359
2018-12-11 03:00:00,23.854057,34.0,10.145942687988281
2018-12-11 06:00:00,20.837605,29.0,8.162395477294922
2018-12-11 09:00:00,20.389507,30.0,9.610492706298828
2018-12-11 12:00:00,23.921047,32.0,8.07895278930664
2018-12-11 15:00:00,20.501375,19.0,-1.5013751983642578
2018-12-11 18:00:00,17.122887,29.0,11.877113342285156
2018-12-11 21:00:00,19.56795,18.0,-1.5679492950439453
2018-12-12 00:00:00,16.485445,31.0,14.514554977416992
2018-12-12 03:00:00,17.734692,43.0,25.265308380126953
2018-12-12 06:00:00,15.00888,40.0,24.99112033843994
2018-12-12 09:00:00,10.691338,23.0,12.308662414550781
2018-12-12 12:00:00,18.248215,29.0,10.751785278320312
2018-12-12 15:00:00,14.5553255,30.0,15.444674491882324
2018-12-12 18:00:00,12.882026,46.0,33.117974281311035
2018-12-12 21:00:00,13.120143,36.0,22.879857063293457
2018-12-13 00:00:00,7.452513,35.0,27.547486782073975
2018-12-13 03:00:00,11.059967,32.0,20.940032958984375
2018-12-13 06:00:00,11.840314,34.0,22.15968608856201
2018-12-13 09:00:00,10.948441,22.0,11.051559448242188
2018-12-13 12:00:00,4.882679,30.0,25.117321014404297
2018-12-13 15:00:00,3.5744848,36.0,32.42551517486572
2018-12-13 18:00:00,4.518938,33.0,28.481061935424805
2018-12-16 21:00:00,14.949194,22.0,7.050806045532227
2018-12-17 00:00:00,53.616302,21.0,-32.616302490234375
2018-12-17 03:00:00,52.4966,49.0,-3.496601104736328
2018-12-17 06:00:00,57.914234,38.0,-19.914234161376953
2018-12-17 09:00:00,48.25503,28.0,-20.25503158569336
2018-12-17 12:00:00,14.676175,36.0,21.323824882507324
2018-12-17 15:00:00,13.878946,39.0,25.12105369567871
2018-12-17 18:00:00,14.760701,45.0,30.239298820495605
2018-12-17 21:00:00,20.689413,54.0,33.31058692932129
2018-12-18 00:00:00,16.180365,55.0,38.81963539123535
2018-12-18 03:00:00,18.465698,62.0,43.5343017578125
2018-12-18 06:00:00,20.961351,42.0,21.03864860534668
2018-12-18 09:00:00,23.503616,24.0,0.4963836669921875
2018-12-18 12:00:00,40.193073,35.0,-5.193073272705078
2018-12-18 15:00:00,46.51622,37.0,-9.516220092773438
2018-12-18 18:00:00,46.52094,36.0,-10.520938873291016
2018-12-18 21:00:00,44.464684,44.0,-0.46468353271484375
2018-12-19 00:00:00,35.035213,38.0,2.9647865295410156
2018-12-19 03:00:00,39.757767,53.0,13.242233276367188
2018-12-19 06:00:00,36.029972,51.0,14.970027923583984
2018-12-19 09:00:00,31.929033,34.0,2.0709667205810547
2018-12-19 12:00:00,53.2591,37.0,-16.25910186767578
2018-12-19 15:00:00,57.15117,48.0,-9.151168823242188
2018-12-19 18:00:00,58.539513,48.0,-10.539512634277344
2018-12-19 21:00:00,60.333378,43.0,-17.333377838134766
2018-12-20 00:00:00,67.359795,55.0,-12.359794616699219
2018-12-20 03:00:00,59.504147,46.0,-13.504146575927734
2018-12-20 06:00:00,54.39864,43.0,-11.398639678955078
2018-12-20 09:00:00,58.23756,33.0,-25.237560272216797
2018-12-20 12:00:00,67.224335,62.0,-5.224334716796875
2018-12-20 15:00:00,66.79528,53.0,-13.795280456542969
2018-12-20 18:00:00,59.19503,48.0,-11.195030212402344
2018-12-20 21:00:00,55.020565,51.0,-4.020565032958984
2018-12-21 00:00:00,42.172928,51.0,8.827072143554688
2018-12-21 03:00:00,40.921124,55.0,14.078876495361328
2018-12-21 06:00:00,40.45529,68.0,27.544708251953125
2018-12-21 09:00:00,51.978363,51.0,-0.978363037109375
2018-12-21 12:00:00,79.20414,74.0,-5.204139709472656
2018-12-21 15:00:00,75.45958,67.0,-8.459579467773438
2018-12-21 18:00:00,66.719055,45.0,-21.71905517578125
2018-12-21 21:00:00,48.128754,28.0,-20.128753662109375
2018-12-22 00:00:00,60.08736,40.0,-20.087360382080078
2018-12-22 03:00:00,56.245197,32.0,-24.245197296142578
2018-12-22 06:00:00,54.192696,28.0,-26.19269561767578
2018-12-22 09:00:00,46.671402,40.0,-6.6714019775390625
2018-12-22 12:00:00,52.353355,28.0,-24.353355407714844
2018-12-22 15:00:00,44.808075,24.0,-20.808074951171875
2018-12-22 18:00:00,38.12329,24.0,-14.123291015625
2018-12-22 21:00:00,36.356026,28.0,-8.356025695800781
2018-12-23 00:00:00,27.823603,27.0,-0.8236026763916016
2018-12-23 03:00:00,39.233555,31.0,-8.23355484008789
2018-12-23 06:00:00,48.797176,34.0,-14.797176361083984
2018-12-23 09:00:00,42.433216,35.0,-7.433216094970703
2018-12-23 12:00:00,32.519894,37.0,4.480106353759766
2018-12-23 15:00:00,29.655325,36.0,6.344675064086914
2018-12-23 18:00:00,26.029737,30.0,3.9702625274658203
2018-12-23 21:00:00,23.785788,23.0,-0.7857875823974609
2018-12-24 00:00:00,47.702656,21.0,-26.702655792236328
2018-12-24 03:00:00,51.632015,40.0,-11.632015228271484
2018-12-24 06:00:00,49.50607,40.0,-9.50606918334961
2018-12-24 09:00:00,32.685932,27.0,-5.685932159423828
2018-12-24 12:00:00,17.56203,40.0,22.437969207763672
2018-12-24 15:00:00,18.380888,38.0,19.619112014770508
2018-12-24 18:00:00,19.708296,36.0,16.291704177856445
2018-12-24 21:00:00,21.569462,43.0,21.430538177490234
2018-12-25 00:00:00,18.111223,40.0,21.888776779174805
2018-12-25 03:00:00,28.99833,23.0,-5.998329162597656
2018-12-25 06:00:00,42.829697,43.0,0.1703033447265625
2018-12-25 09:00:00,46.03464,43.0,-3.0346412658691406
2018-12-25 12:00:00,49.94149,36.0,-13.941490173339844
2018-12-25 15:00:00,48.348625,24.0,-24.34862518310547
2018-12-25 18:00:00,43.069576,14.0,-29.069576263427734
2018-12-25 21:00:00,36.16151,26.0,-10.161510467529297
2018-12-26 00:00:00,57.51906,20.0,-37.51905822753906
2018-12-26 03:00:00,57.151737,31.0,-26.151737213134766
2018-12-26 06:00:00,64.22329,34.0,-30.223289489746094
2018-12-26 09:00:00,54.020885,29.0,-25.020885467529297
2018-12-26 12:00:00,51.673965,39.0,-12.673965454101562
2018-12-26 15:00:00,39.45854,27.0,-12.458541870117188
2018-12-26 18:00:00,31.432535,38.0,6.567464828491211
2018-12-26 21:00:00,29.06404,50.0,20.93596076965332
2018-12-27 00:00:00,38.709686,52.0,13.290313720703125
2018-12-27 03:00:00,44.53136,45.0,0.4686393737792969
2018-12-27 06:00:00,61.369972,47.0,-14.369972229003906
2018-12-27 09:00:00,84.33301,49.0,-35.3330078125
2018-12-27 12:00:00,75.196396,44.0,-31.196395874023438
2018-12-27 15:00:00,74.87569,45.0,-29.875686645507812
2018-12-27 18:00:00,72.15453,37.0,-35.15453338623047
2018-12-27 21:00:00,72.4774,38.0,-34.47740173339844
2018-12-28 00:00:00,50.83439,63.0,12.165611267089844
2018-12-28 03:00:00,57.929924,37.0,-20.92992401123047
2018-12-28 06:00:00,65.28376,31.0,-34.28376007080078
2018-12-28 09:00:00,70.435646,22.0,-48.435646057128906
2018-12-28 12:00:00,43.947296,28.0,-15.947296142578125
2018-12-28 15:00:00,52.26457,29.0,-23.264568328857422
2018-12-28 18:00:00,54.777275,42.0,-12.777275085449219
2018-12-28 21:00:00,60.41353,36.0,-24.413528442382812
2018-12-29 00:00:00,125.89419,51.0,-74.8941879272461
2018-12-29 03:00:00,104.95762,58.0,-46.957618713378906
2018-12-29 06:00:00,59.670925,44.0,-15.67092514038086
2018-12-29 09:00:00,42.549004,28.0,-14.549003601074219
2018-12-29 12:00:00,16.034164,28.0,11.965835571289062
2018-12-29 15:00:00,13.019189,18.0,4.98081111907959
2018-12-29 18:00:00,12.539659,33.0,20.460341453552246
2018-12-29 21:00:00,12.412329,23.0,10.587671279907227
2018-12-30 00:00:00,9.659175,25.0,15.340825080871582
2018-12-30 03:00:00,11.151428,19.0,7.84857177734375
2018-12-30 06:00:00,12.079284,17.0,4.920716285705566
2018-12-30 09:00:00,12.807334,18.0,5.192666053771973
2018-12-30 12:00:00,19.053686,28.0,8.946313858032227
2018-12-30 15:00:00,28.758791,30.0,1.2412090301513672
2018-12-30 18:00:00,29.372358,25.0,-4.372358322143555
2018-12-30 21:00:00,29.167608,31.0,1.8323917388916016
2018-12-31 00:00:00,47.144566,34.0,-13.14456558227539
2018-12-31 03:00:00,49.264484,52.0,2.735515594482422
2018-12-31 06:00:00,50.614178,55.0,4.385822296142578
2018-12-31 09:00:00,51.015293,52.0,0.9847068786621094
2018-12-31 12:00:00,38.678932,61.0,22.321067810058594
2018-12-31 15:00:00,33.274548,38.0,4.725452423095703
2018-12-31 18:00:00,23.524023,31.0,7.475976943969727
2018-12-31 21:00:00,18.031073,35.0,16.96892738342285
2019-01-01 00:00:00,31.221418,28.0,-3.2214183807373047
2019-01-01 03:00:00,35.86979,19.0,-16.869789123535156
2019-01-01 06:00:00,38.59958,19.0,-19.599578857421875
2019-01-01 09:00:00,40.720238,22.0,-18.720237731933594
2019-01-01 12:00:00,38.81735,30.0,-8.81734848022461
2019-01-01 15:00:00,36.1718,28.0,-8.171798706054688
2019-01-01 18:00:00,33.217022,25.0,-8.217021942138672
2019-01-01 21:00:00,33.658012,24.0,-9.658012390136719
2019-01-02 00:00:00,21.9095,24.0,2.0904998779296875
2019-01-02 03:00:00,29.340868,44.0,14.65913200378418
2019-01-02 06:00:00,42.81071,49.0,6.189289093017578
2019-01-02 09:00:00,55.236797,58.0,2.763202667236328
2019-01-02 12:00:00,64.778305,53.0,-11.778305053710938
2019-01-02 15:00:00,57.87001,63.0,5.1299896240234375
2019-01-02 18:00:00,42.536728,34.0,-8.536727905273438
2019-01-02 21:00:00,28.783234,35.0,6.216766357421875
2019-01-03 00:00:00,6.881237,38.0,31.118762969970703
2019-01-03 03:00:00,9.412815,33.0,23.58718490600586
2019-01-03 06:00:00,15.251544,34.0,18.74845600128174
2019-01-03 09:00:00,25.613474,34.0,8.386526107788086
2019-01-03 12:00:00,48.914616,33.0,-15.914615631103516
2019-01-03 15:00:00,65.01699,50.0,-15.016990661621094
2019-01-03 18:00:00,113.82912,50.0,-63.82911682128906
2019-01-03 21:00:00,132.52373,36.0,-96.52372741699219
2019-01-04 00:00:00,107.727486,23.0,-84.72748565673828
2019-01-04 03:00:00,64.61204,23.0,-41.612037658691406
2019-01-04 06:00:00,50.870255,28.0,-22.870254516601562
2019-01-04 09:00:00,40.2442,26.0,-14.24420166015625
2019-01-04 12:00:00,40.04272,24.0,-16.042720794677734
2019-01-04 15:00:00,39.40221,25.0,-14.402210235595703
2019-01-04 18:00:00,39.120777,21.0,-18.120777130126953
2019-01-04 21:00:00,41.624046,14.0,-27.624046325683594
2019-01-05 00:00:00,29.26845,27.0,-2.2684497833251953
2019-01-05 03:00:00,30.342676,35.0,4.657323837280273
2019-01-05 06:00:00,30.456364,40.0,9.543636322021484
2019-01-05 09:00:00,27.540466,35.0,7.45953369140625
2019-01-05 12:00:00,21.423943,26.0,4.576057434082031
2019-01-05 15:00:00,14.430498,23.0,8.569501876831055
2019-01-05 18:00:00,10.113695,23.0,12.88630485534668
2019-01-05 21:00:00,9.702148,41.0,31.2978515625
2019-01-06 00:00:00,0.21816504,34.0,33.781834959983826
2019-01-06 03:00:00,1.0289795,36.0,34.971020460128784
2019-01-06 06:00:00,6.8636723,50.0,43.13632774353027
2019-01-06 09:00:00,5.0793858,40.0,34.92061424255371
2019-01-06 12:00:00,25.655539,53.0,27.34446144104004
2019-01-06 15:00:00,27.021145,37.0,9.97885513305664
2019-01-06 18:00:00,26.406326,39.0,12.593673706054688
2019-01-06 21:00:00,26.07419,39.0,12.925809860229492
2019-01-07 00:00:00,12.090027,42.0,29.90997314453125
2019-01-07 03:00:00,22.77659,34.0,11.223409652709961
2019-01-07 06:00:00,41.79003,31.0,-10.790031433105469
2019-01-07 09:00:00,71.60986,25.0,-46.60986328125
2019-01-07 12:00:00,69.885574,31.0,-38.88557434082031
2019-01-07 15:00:00,89.185844,31.0,-58.18584442138672
2019-01-07 18:00:00,77.92358,39.0,-38.92357635498047
2019-01-07 21:00:00,57.153328,33.0,-24.15332794189453
2019-01-08 00:00:00,23.334452,32.0,8.665548324584961
2019-01-08 03:00:00,46.18005,36.0,-10.180049896240234
2019-01-08 06:00:00,60.053024,39.0,-21.053024291992188
2019-01-08 09:00:00,57.530087,35.0,-22.530086517333984
2019-01-08 12:00:00,64.316734,36.0,-28.316734313964844
2019-01-08 15:00:00,68.37115,40.0,-28.37114715576172
2019-01-08 18:00:00,67.52111,38.0,-29.52111053466797
2019-01-08 21:00:00,59.856575,53.0,-6.856575012207031
2019-01-09 00:00:00,34.58098,43.0,8.419021606445312
2019-01-09 03:00:00,30.184765,41.0,10.815235137939453
2019-01-09 06:00:00,28.54199,50.0,21.458009719848633
2019-01-09 09:00:00,45.164597,34.0,-11.164596557617188
2019-01-09 12:00:00,60.8228,31.0,-29.822799682617188
2019-01-09 15:00:00,85.589134,49.0,-36.589134216308594
2019-01-09 18:00:00,181.98273,139.0,-42.98272705078125
2019-01-09 21:00:00,100.182205,65.0,-35.18220520019531
2019-01-10 00:00:00,37.005634,43.0,5.994365692138672
2019-01-10 03:00:00,40.007763,40.0,-0.007762908935546875
2019-01-10 06:00:00,38.325768,34.0,-4.325767517089844
2019-01-10 09:00:00,37.818096,32.0,-5.818096160888672
2019-01-10 12:00:00,41.75229,24.0,-17.752288818359375
2019-01-10 15:00:00,42.50478,34.0,-8.504779815673828
2019-01-10 18:00:00,39.968655,28.0,-11.96865463256836
2019-01-10 21:00:00,41.71375,27.0,-14.713748931884766
2019-01-11 00:00:00,41.520252,38.0,-3.520252227783203
2019-01-11 03:00:00,36.959137,25.0,-11.959136962890625
2019-01-11 06:00:00,38.317127,22.0,-16.317127227783203
2019-01-11 09:00:00,36.886036,23.0,-13.886035919189453
2019-01-11 12:00:00,37.930134,26.0,-11.930133819580078
2019-01-11 15:00:00,33.5595,21.0,-12.559501647949219
2019-01-11 18:00:00,29.713306,19.0,-10.713306427001953
2019-01-11 21:00:00,31.397463,26.0,-5.397462844848633
2019-01-12 00:00:00,40.93329,23.0,-17.93328857421875
2019-01-12 03:00:00,44.735428,26.0,-18.735427856445312
2019-01-12 06:00:00,46.830166,36.0,-10.83016586303711
2019-01-12 09:00:00,41.43561,34.0,-7.435611724853516
2019-01-12 12:00:00,28.569502,25.0,-3.5695018768310547
2019-01-12 15:00:00,22.980543,18.0,-4.98054313659668
2019-01-12 18:00:00,23.756172,28.0,4.243827819824219
2019-01-12 21:00:00,23.147436,30.0,6.852563858032227
2019-01-13 00:00:00,31.25615,29.0,-2.2561492919921875
2019-01-13 03:00:00,32.209526,46.0,13.790473937988281
2019-01-13 06:00:00,42.666897,66.0,23.33310317993164
2019-01-13 09:00:00,46.869076,47.0,0.13092422485351562
2019-01-13 12:00:00,54.192696,37.0,-17.19269561767578
2019-01-13 15:00:00,52.418953,37.0,-15.418952941894531
2019-01-13 18:00:00,46.365814,31.0,-15.365814208984375
2019-01-13 21:00:00,38.67035,31.0,-7.67034912109375
2019-01-14 00:00:00,37.16866,35.0,-2.168659210205078
2019-01-14 03:00:00,33.926197,35.0,1.0738029479980469
2019-01-14 06:00:00,35.907475,31.0,-4.907474517822266
2019-01-14 09:00:00,38.039444,36.0,-2.0394439697265625
2019-01-14 12:00:00,37.215046,31.0,-6.215045928955078
2019-01-14 15:00:00,27.981514,44.0,16.01848602294922
2019-01-14 18:00:00,22.804102,30.0,7.195898056030273
2019-01-14 21:00:00,22.803534,36.0,13.196466445922852
2019-01-15 00:00:00,4.192316,26.0,21.80768394470215
2019-01-15 03:00:00,10.568101,32.0,21.431899070739746
2019-01-15 06:00:00,23.019651,32.0,8.980348587036133
2019-01-15 09:00:00,38.378063,42.0,3.621936798095703
2019-01-15 12:00:00,71.81393,36.0,-35.813926696777344
2019-01-15 15:00:00,72.58222,47.0,-25.58222198486328
2019-01-15 18:00:00,72.79499,46.0,-26.79499053955078
2019-01-15 21:00:00,67.782364,42.0,-25.782363891601562
2019-01-16 00:00:00,34.34718,35.0,0.6528205871582031
2019-01-16 03:00:00,42.893703,42.0,-0.8937034606933594
2019-01-16 06:00:00,52.31192,44.0,-8.311920166015625
2019-01-16 09:00:00,62.808,44.0,-18.807998657226562
2019-01-16 15:00:00,50.046482,44.0,-6.046482086181641
2019-01-16 18:00:00,51.31079,40.0,-11.310791015625
2019-01-16 21:00:00,55.2011,40.0,-15.201099395751953
2019-01-17 00:00:00,55.788406,29.0,-26.788406372070312
2019-01-17 12:00:00,299.17703,584.0,284.8229675292969
2019-01-17 15:00:00,261.68817,633.0,371.31182861328125
2019-01-17 18:00:00,205.93927,378.0,172.06072998046875
2019-01-17 21:00:00,168.04779,402.0,233.95220947265625
2019-01-18 00:00:00,194.697,311.0,116.30299377441406
2019-01-18 03:00:00,187.06697,277.0,89.93302917480469
2019-01-18 06:00:00,192.52957,213.0,20.470428466796875
2019-01-18 09:00:00,185.28186,146.0,-39.2818603515625
2019-01-18 12:00:00,192.84164,222.0,29.158355712890625
2019-01-18 15:00:00,187.9946,200.0,12.005401611328125
2019-01-18 18:00:00,183.13426,176.0,-7.1342620849609375
2019-01-18 21:00:00,174.7643,169.0,-5.7642974853515625
2019-01-19 00:00:00,137.63911,185.0,47.36088562011719
2019-01-19 03:00:00,83.73081,186.0,102.2691879272461
2019-01-19 06:00:00,47.022808,81.0,33.97719192504883
2019-01-19 09:00:00,32.692924,58.0,25.30707550048828
2019-01-19 12:00:00,38.22748,19.0,-19.227481842041016
2019-01-19 15:00:00,32.460606,18.0,-14.46060562133789
2019-01-19 18:00:00,29.742865,25.0,-4.742864608764648
2019-01-19 21:00:00,30.347677,29.0,-1.347677230834961
2019-01-20 00:00:00,24.318865,22.0,-2.3188648223876953
2019-01-20 03:00:00,28.168642,22.0,-6.168642044067383
2019-01-20 06:00:00,29.65561,28.0,-1.655609130859375
2019-01-20 09:00:00,25.807936,27.0,1.1920642852783203
2019-01-20 12:00:00,26.96271,28.0,1.0372905731201172
2019-01-20 15:00:00,26.155191,27.0,0.8448085784912109
2019-01-20 18:00:00,25.685892,24.0,-1.685892105102539
2019-01-20 21:00:00,26.361704,31.0,4.638296127319336
2019-01-21 00:00:00,6.7482233,28.0,21.251776695251465
2019-01-21 03:00:00,13.9780245,42.0,28.02197551727295
2019-01-21 06:00:00,23.006237,37.0,13.993762969970703
2019-01-21 09:00:00,24.095613,37.0,12.904386520385742
2019-01-21 12:00:00,12.0138,37.0,24.9862003326416
2019-01-21 15:00:00,14.011619,25.0,10.988381385803223
2019-01-21 18:00:00,14.714147,24.0,9.285853385925293
2019-01-21 21:00:00,14.63502,26.0,11.36497974395752
2019-01-22 00:00:00,0.0,31.0,31.0
2019-01-22 03:00:00,0.0,36.0,36.0
2019-01-22 06:00:00,0.0,42.0,42.0
2019-01-22 09:00:00,0.0,32.0,32.0
2019-01-22 21:00:00,82.59656,45.0,-37.5965576171875
2019-01-23 00:00:00,103.933304,40.0,-63.93330383300781
2019-01-23 03:00:00,88.645035,40.0,-48.64503479003906
2019-01-23 06:00:00,86.20032,55.0,-31.2003173828125
2019-01-23 09:00:00,110.50389,66.0,-44.50389099121094
2019-01-23 12:00:00,111.99236,76.0,-35.99236297607422
2019-01-23 15:00:00,99.83898,72.0,-27.83898162841797
2019-01-23 18:00:00,110.501785,72.0,-38.50178527832031
2019-01-23 21:00:00,114.287445,59.0,-55.287445068359375
2019-01-24 00:00:00,159.80925,97.0,-62.80924987792969
2019-01-24 03:00:00,156.07043,96.0,-60.0704345703125
2019-01-24 06:00:00,150.43639,102.0,-48.43638610839844
2019-01-24 09:00:00,140.83577,129.0,-11.835769653320312
2019-01-24 12:00:00,137.07796,139.0,1.9220428466796875
2019-01-24 15:00:00,120.65834,150.0,29.341659545898438
2019-01-24 18:00:00,113.17667,122.0,8.823333740234375
2019-01-24 21:00:00,106.720505,114.0,7.2794952392578125
2019-01-25 00:00:00,141.52283,118.0,-23.5228271484375
2019-01-25 03:00:00,116.50525,112.0,-4.5052490234375
2019-01-25 06:00:00,104.08564,96.0,-8.085639953613281
2019-01-25 09:00:00,103.07969,105.0,1.9203109741210938
2019-01-25 12:00:00,80.71259,100.0,19.28740692138672
2019-01-25 15:00:00,85.98977,82.0,-3.9897689819335938
2019-01-25 18:00:00,88.08979,73.0,-15.089790344238281
2019-01-25 21:00:00,87.796196,83.0,-4.796195983886719
2019-01-26 00:00:00,107.11063,76.0,-31.110626220703125
2019-01-26 03:00:00,97.53307,52.0,-45.53307342529297
2019-01-26 06:00:00,99.825455,39.0,-60.82545471191406
2019-01-26 09:00:00,87.66472,29.0,-58.66471862792969
2019-01-26 12:00:00,78.0812,51.0,-27.081199645996094
2019-01-26 15:00:00,75.148476,44.0,-31.148475646972656
2019-01-26 18:00:00,71.28028,49.0,-22.28028106689453
2019-01-26 21:00:00,65.86004,37.0,-28.86003875732422
2019-01-27 00:00:00,64.772224,48.0,-16.77222442626953
2019-01-27 03:00:00,67.993484,44.0,-23.993484497070312
2019-01-27 06:00:00,74.44408,38.0,-36.44407653808594
2019-01-27 09:00:00,80.3575,39.0,-41.35749816894531
2019-01-27 12:00:00,83.19432,48.0,-35.19432067871094
2019-01-27 15:00:00,84.97926,48.0,-36.97926330566406
2019-01-27 18:00:00,78.45642,43.0,-35.4564208984375
2019-01-27 21:00:00,76.868164,39.0,-37.8681640625
2019-01-28 00:00:00,80.50517,34.0,-46.50517272949219
2019-01-28 03:00:00,77.891624,36.0,-41.891624450683594
2019-01-28 06:00:00,76.27421,41.0,-35.274208068847656
2019-01-28 09:00:00,69.99764,42.0,-27.997642517089844
2019-01-28 12:00:00,70.918274,39.0,-31.91827392578125
2019-01-28 15:00:00,75.72732,43.0,-32.727317810058594
2019-01-28 18:00:00,86.241356,35.0,-51.241355895996094
2019-01-28 21:00:00,113.86101,32.0,-81.86100769042969
2019-01-29 00:00:00,104.80392,35.0,-69.80391693115234
2019-01-29 03:00:00,114.75879,42.0,-72.7587890625
2019-01-29 06:00:00,143.46085,49.0,-94.46084594726562
2019-01-29 09:00:00,196.00978,118.0,-78.00978088378906
2019-01-29 12:00:00,139.42764,48.0,-91.42764282226562
2019-01-29 15:00:00,79.69584,42.0,-37.695838928222656
2019-01-29 18:00:00,50.894756,42.0,-8.894756317138672
2019-01-29 21:00:00,40.888153,40.0,-0.888153076171875
2019-01-30 00:00:00,43.374825,31.0,-12.374824523925781
2019-01-30 03:00:00,66.798744,31.0,-35.798744201660156
2019-01-30 06:00:00,81.83775,28.0,-53.83775329589844
2019-01-30 09:00:00,82.28051,38.0,-44.28050994873047
2019-01-30 12:00:00,92.023186,39.0,-53.02318572998047
2019-01-30 15:00:00,74.56799,30.0,-44.5679931640625
2019-01-30 18:00:00,67.605865,27.0,-40.605865478515625
2019-01-30 21:00:00,62.504284,31.0,-31.504283905029297
2019-01-31 00:00:00,19.746153,25.0,5.253847122192383
2019-01-31 03:00:00,25.623365,37.0,11.37663459777832
2019-01-31 06:00:00,30.162369,39.0,8.837631225585938
2019-01-31 09:00:00,33.324795,28.0,-5.324794769287109
2019-01-31 12:00:00,28.214912,27.0,-1.2149124145507812
2019-01-31 15:00:00,36.478523,30.0,-6.478523254394531
2019-01-31 18:00:00,38.78796,27.0,-11.787960052490234
2019-01-31 21:00:00,40.27197,43.0,2.7280311584472656
2019-02-01 00:00:00,35.74871,25.0,-10.748710632324219
2019-02-01 03:00:00,27.242607,29.0,1.7573928833007812
2019-02-01 06:00:00,29.25458,23.0,-6.254579544067383
2019-02-01 09:00:00,40.23468,36.0,-4.23468017578125
2019-02-01 12:00:00,38.588665,31.0,-7.588665008544922
2019-02-01 15:00:00,38.38272,37.0,-1.382720947265625
2019-02-01 18:00:00,29.804426,32.0,2.1955738067626953
2019-02-01 21:00:00,31.607782,41.0,9.392217636108398
2019-02-02 00:00:00,34.251854,22.0,-12.251853942871094
2019-02-02 03:00:00,42.974876,29.0,-13.974876403808594
2019-02-02 06:00:00,46.501724,37.0,-9.501724243164062
2019-02-02 09:00:00,52.1062,34.0,-18.106201171875
2019-02-02 12:00:00,40.111103,36.0,-4.111103057861328
2019-02-02 15:00:00,35.41413,28.0,-7.414131164550781
2019-02-02 18:00:00,28.410284,39.0,10.589715957641602
2019-02-02 21:00:00,25.30828,35.0,9.691719055175781
2019-02-03 00:00:00,21.82469,22.0,0.1753101348876953
2019-02-03 15:00:00,28.830072,29.0,0.16992759704589844
2019-02-03 18:00:00,18.522314,36.0,17.477685928344727
2019-02-03 21:00:00,18.53141,35.0,16.468589782714844
2019-02-04 00:00:00,23.573818,22.0,-1.5738182067871094
2019-02-04 03:00:00,25.431234,16.0,-9.431234359741211
2019-02-04 06:00:00,23.492476,22.0,-1.4924755096435547
2019-02-04 09:00:00,19.783613,19.0,-0.7836132049560547
2019-02-04 12:00:00,21.830147,22.0,0.16985321044921875
2019-02-04 15:00:00,17.375498,19.0,1.624502182006836
2019-02-04 18:00:00,13.709041,23.0,9.290959358215332
2019-02-04 21:00:00,12.724286,25.0,12.275713920593262
2019-02-05 00:00:00,27.282795,28.0,0.7172050476074219
2019-02-05 03:00:00,28.731392,52.0,23.26860809326172
2019-02-05 06:00:00,32.220215,48.0,15.77978515625
2019-02-05 09:00:00,19.851542,44.0,24.14845848083496
2019-02-05 12:00:00,14.395027,42.0,27.60497283935547
2019-02-05 15:00:00,14.775935,40.0,25.224064826965332
2019-02-05 18:00:00,13.396971,27.0,13.603029251098633
2019-02-05 21:00:00,12.438363,26.0,13.561636924743652
2019-02-06 00:00:00,16.601007,28.0,11.398992538452148
2019-02-06 03:00:00,14.206876,58.0,43.793124198913574
2019-02-06 06:00:00,15.792238,49.0,33.20776176452637
2019-02-06 09:00:00,11.33543,32.0,20.664569854736328
2019-02-06 12:00:00,12.623218,20.0,7.376782417297363
2019-02-06 15:00:00,10.651263,32.0,21.34873676300049
2019-02-06 18:00:00,8.206655,27.0,18.79334545135498
2019-02-06 21:00:00,8.115137,40.0,31.884862899780273
2019-02-07 00:00:00,1.4152875,38.0,36.584712505340576
2019-02-07 03:00:00,4.8889318,45.0,40.11106824874878
2019-02-07 06:00:00,7.412666,56.0,48.58733415603638
2019-02-07 09:00:00,6.8793893,39.0,32.12061071395874
2019-02-07 12:00:00,19.397617,38.0,18.60238265991211
2019-02-07 15:00:00,25.550718,39.0,13.449281692504883
2019-02-07 18:00:00,26.245459,32.0,5.754541397094727
2019-02-07 21:00:00,26.193731,48.0,21.8062686920166
2019-02-08 00:00:00,16.567526,50.0,33.43247413635254
2019-02-08 03:00:00,18.85337,47.0,28.146629333496094
2019-02-08 06:00:00,18.548746,60.0,41.45125389099121
2019-02-08 09:00:00,11.571274,43.0,31.428726196289062
2019-02-08 12:00:00,10.162012,39.0,28.837987899780273
2019-02-08 15:00:00,16.864363,40.0,23.135637283325195
2019-02-08 18:00:00,14.279522,50.0,35.72047805786133
2019-02-08 21:00:00,13.352178,33.0,19.647822380065918
2019-02-09 00:00:00,4.521439,40.0,35.47856092453003
2019-02-09 03:00:00,6.696041,44.0,37.303958892822266
2019-02-09 06:00:00,10.770634,40.0,29.229366302490234
2019-02-09 09:00:00,12.991393,44.0,31.008606910705566
2019-02-09 12:00:00,36.36529,59.0,22.634708404541016
2019-02-09 15:00:00,31.753132,47.0,15.246868133544922
2019-02-09 18:00:00,23.511234,34.0,10.488765716552734
2019-02-09 21:00:00,21.385916,34.0,12.614084243774414
2019-02-10 00:00:00,27.572697,39.0,11.427303314208984
2019-02-10 03:00:00,24.889572,30.0,5.1104278564453125
2019-02-10 06:00:00,23.36992,24.0,0.6300792694091797
2019-02-10 09:00:00,26.75955,30.0,3.240449905395508
2019-02-10 12:00:00,30.711021,31.0,0.28897857666015625
2019-02-10 15:00:00,38.174847,30.0,-8.174846649169922
2019-02-10 18:00:00,46.674244,37.0,-9.674243927001953
2019-02-10 21:00:00,47.83408,26.0,-21.83407974243164
2019-02-11 00:00:00,33.594345,30.0,-3.5943450927734375
2019-02-11 03:00:00,27.41001,30.0,2.5899906158447266
2019-02-11 06:00:00,27.136707,29.0,1.8632926940917969
2019-02-11 09:00:00,39.661644,50.0,10.338356018066406
2019-02-11 12:00:00,48.566734,59.0,10.433265686035156
2019-02-11 15:00:00,69.71914,34.0,-35.719139099121094
2019-02-11 18:00:00,61.65993,16.0,-45.65993118286133
2019-02-11 21:00:00,43.3796,21.0,-22.379600524902344
2019-02-12 00:00:00,96.73875,60.0,-36.738746643066406
2019-02-12 03:00:00,99.386055,81.0,-18.38605499267578
2019-02-12 06:00:00,90.88069,67.0,-23.880691528320312
2019-02-12 09:00:00,62.631443,48.0,-14.63144302368164
2019-02-12 12:00:00,27.512726,21.0,-6.512725830078125
2019-02-12 15:00:00,24.540781,33.0,8.459218978881836
2019-02-12 18:00:00,22.501127,30.0,7.498872756958008
2019-02-12 21:00:00,27.255964,28.0,0.7440357208251953
2019-02-13 00:00:00,23.175858,32.0,8.824142456054688
2019-02-13 03:00:00,30.553452,47.0,16.446548461914062
2019-02-13 06:00:00,33.88334,28.0,-5.883338928222656
2019-02-13 09:00:00,25.951408,23.0,-2.9514083862304688
2019-02-13 12:00:00,16.211288,26.0,9.788711547851562
2019-02-13 15:00:00,17.237198,29.0,11.762802124023438
2019-02-13 18:00:00,19.170158,44.0,24.82984161376953
2019-02-13 21:00:00,19.649462,48.0,28.35053825378418
2019-02-14 00:00:00,8.337053,49.0,40.662946701049805
2019-02-14 03:00:00,11.299505,68.0,56.70049476623535
2019-02-14 06:00:00,13.394868,54.0,40.60513210296631
2019-02-14 09:00:00,15.012574,34.0,18.987425804138184
2019-02-14 12:00:00,45.924908,40.0,-5.924907684326172
2019-02-14 15:00:00,45.299713,50.0,4.700286865234375
2019-02-14 18:00:00,43.92331,40.0,-3.923309326171875
2019-02-14 21:00:00,39.87577,37.0,-2.8757705688476562
2019-02-15 00:00:00,35.35308,53.0,17.64691925048828
2019-02-15 03:00:00,31.088348,47.0,15.911651611328125
2019-02-15 06:00:00,27.053091,44.0,16.946908950805664
2019-02-15 09:00:00,26.894554,51.0,24.105445861816406
2019-02-15 12:00:00,25.947088,49.0,23.05291175842285
2019-02-15 15:00:00,26.852604,35.0,8.147396087646484
2019-02-15 18:00:00,23.21076,33.0,9.789239883422852
2019-02-15 21:00:00,22.5034,48.0,25.496599197387695
2019-02-16 03:00:00,5.3813095,39.0,33.618690490722656
2019-02-16 06:00:00,14.406908,44.0,29.59309196472168
2019-02-16 09:00:00,25.02469,41.0,15.975309371948242
2019-02-16 12:00:00,39.8569,50.0,10.14310073852539
2019-02-16 15:00:00,45.921864,39.0,-6.921863555908203
2019-02-16 18:00:00,63.903713,50.0,-13.90371322631836
2019-02-16 21:00:00,55.24953,34.0,-21.249530792236328
2019-02-17 00:00:00,64.709755,46.0,-18.709754943847656
2019-02-17 03:00:00,64.62591,43.0,-21.62590789794922
2019-02-17 15:00:00,36.078804,42.0,5.921195983886719
2019-02-17 18:00:00,42.36432,43.0,0.63568115234375
2019-02-17 21:00:00,50.91499,39.0,-11.914989471435547
2019-02-18 00:00:00,14.34023,46.0,31.659770011901855
2019-02-18 03:00:00,29.745707,61.0,31.25429344177246
2019-02-18 06:00:00,37.739143,60.0,22.26085662841797
2019-02-18 09:00:00,36.573452,51.0,14.42654800415039
2019-02-18 12:00:00,39.338318,46.0,6.66168212890625
2019-02-18 15:00:00,37.41161,48.0,10.588390350341797
2019-02-18 18:00:00,32.43099,39.0,6.569011688232422
2019-02-18 21:00:00,27.70389,42.0,14.296110153198242
2019-02-19 00:00:00,62.36894,33.0,-29.368938446044922
2019-02-19 03:00:00,55.86094,35.0,-20.860939025878906
2019-02-19 06:00:00,41.862392,35.0,-6.862392425537109
2019-02-19 09:00:00,29.973307,34.0,4.026693344116211
2019-02-19 12:00:00,2.5558507,29.0,26.444149255752563
2019-02-19 15:00:00,26.143824,28.0,1.8561763763427734
2019-02-19 18:00:00,40.323982,25.0,-15.323982238769531
2019-02-19 21:00:00,52.444534,22.0,-30.444534301757812
2019-02-20 03:00:00,62.123035,32.0,-30.123035430908203
2019-02-20 06:00:00,62.30755,31.0,-31.30754852294922
2019-02-20 09:00:00,32.886307,33.0,0.1136932373046875
2019-02-20 12:00:00,36.753307,37.0,0.24669265747070312
2019-02-20 15:00:00,33.317635,38.0,4.682365417480469
2019-02-20 18:00:00,28.92665,32.0,3.0733509063720703
2019-02-20 21:00:00,28.130785,29.0,0.8692150115966797
2019-02-21 00:00:00,22.027279,35.0,12.972721099853516
2019-02-21 03:00:00,31.712488,50.0,18.287511825561523
2019-02-21 06:00:00,39.268684,48.0,8.731315612792969
2019-02-21 09:00:00,24.83148,28.0,3.168519973754883
2019-02-21 12:00:00,14.885075,30.0,15.114925384521484
2019-02-21 15:00:00,16.925468,46.0,29.07453155517578
2019-02-21 18:00:00,19.169193,43.0,23.830806732177734
2019-02-21 21:00:00,19.23354,49.0,29.766460418701172
2019-02-22 03:00:00,36.02395,59.0,22.976051330566406
2019-02-22 06:00:00,36.074482,49.0,12.925518035888672
2019-02-22 09:00:00,29.781006,45.0,15.218994140625
2019-02-22 12:00:00,19.467848,42.0,22.53215217590332
2019-02-22 15:00:00,23.665962,36.0,12.334037780761719
2019-02-22 18:00:00,20.429638,44.0,23.570362091064453
2019-02-22 21:00:00,23.499523,49.0,25.500476837158203
2019-02-23 00:00:00,9.553105,43.0,33.44689464569092
2019-02-23 03:00:00,17.58906,47.0,29.410940170288086
2019-02-23 06:00:00,21.803999,40.0,18.196001052856445
2019-02-23 09:00:00,22.81206,37.0,14.18794059753418
2019-02-23 12:00:00,19.261278,33.0,13.73872184753418
2019-02-23 15:00:00,27.810757,40.0,12.18924331665039
2019-02-23 18:00:00,22.20736,51.0,28.792640686035156
2019-02-23 21:00:00,22.736116,48.0,25.263883590698242
2019-02-24 00:00:00,17.12408,44.0,26.875919342041016
2019-02-24 06:00:00,25.114218,53.0,27.88578224182129
2019-02-24 09:00:00,29.185457,58.0,28.814542770385742
2019-02-24 12:00:00,20.343918,55.0,34.65608215332031
2019-02-24 15:00:00,23.26135,41.0,17.738649368286133
2019-02-24 18:00:00,11.825819,41.0,29.17418098449707
2019-02-24 21:00:00,8.649977,50.0,41.35002326965332
2019-02-25 00:00:00,1.8744686,45.0,43.12553143501282
2019-02-25 03:00:00,28.224804,48.0,19.775196075439453
2019-02-25 06:00:00,53.45004,60.0,6.549961090087891
2019-02-25 09:00:00,66.722694,62.0,-4.722694396972656
2019-02-25 12:00:00,82.34315,37.0,-45.34314727783203
2019-02-25 15:00:00,68.90377,41.0,-27.903770446777344
2019-02-25 18:00:00,61.162724,49.0,-12.162723541259766
2019-02-25 21:00:00,53.591522,46.0,-7.591522216796875
2019-02-26 00:00:00,73.50479,63.0,-10.504791259765625
2019-02-26 03:00:00,73.46784,52.0,-21.46784210205078
2019-02-26 06:00:00,69.76143,36.0,-33.76142883300781
2019-02-26 09:00:00,54.495216,31.0,-23.495216369628906
2019-02-26 12:00:00,38.471115,38.0,-0.4711151123046875
2019-02-26 15:00:00,37.219765,43.0,5.780235290527344
2019-02-26 21:00:00,35.80158,39.0,3.1984214782714844
2019-02-27 00:00:00,19.360641,47.0,27.639358520507812
2019-02-27 03:00:00,20.819471,59.0,38.18052864074707
2019-02-27 06:00:00,16.858734,40.0,23.141265869140625
2019-02-27 09:00:00,13.545445,47.0,33.45455455780029
2019-02-27 12:00:00,37.76097,44.0,6.2390289306640625
2019-02-27 15:00:00,38.367718,55.0,16.632282257080078
2019-02-27 18:00:00,26.323505,39.0,12.676494598388672
2019-02-27 21:00:00,15.847035,39.0,23.15296459197998
2019-02-28 00:00:00,19.974094,41.0,21.02590560913086
2019-02-28 03:00:00,29.537888,37.0,7.4621124267578125
2019-02-28 06:00:00,34.101048,44.0,9.89895248413086
2019-02-28 09:00:00,34.27556,49.0,14.724441528320312
2019-03-03 12:00:00,52.546738,21.0,-31.546737670898438
2019-03-03 15:00:00,47.59886,27.0,-20.598861694335938
2019-03-03 18:00:00,36.729263,23.0,-13.729263305664062
2019-03-03 21:00:00,30.408955,36.0,5.591045379638672
2019-03-04 00:00:00,7.932158,39.0,31.06784200668335
2019-03-04 03:00:00,9.018095,31.0,21.981904983520508
2019-03-04 06:00:00,12.8641205,48.0,35.13587951660156
2019-03-04 09:00:00,24.046812,25.0,0.9531879425048828
2019-03-04 12:00:00,26.3517,23.0,-3.3516998291015625
2019-03-04 15:00:00,29.890316,34.0,4.109683990478516
2019-03-04 18:00:00,25.181862,24.0,-1.1818618774414062
2019-03-04 21:00:00,20.268316,23.0,2.7316837310791016
2019-03-05 00:00:00,58.059414,29.0,-29.05941390991211
2019-03-05 03:00:00,52.73364,37.0,-15.733638763427734
2019-03-05 06:00:00,49.743107,35.0,-14.743106842041016
2019-03-05 09:00:00,40.734077,29.0,-11.734077453613281
2019-03-05 12:00:00,46.219383,36.0,-10.219383239746094
2019-03-05 15:00:00,42.841293,33.0,-9.841293334960938
2019-03-05 18:00:00,33.50948,32.0,-1.5094795227050781
2019-03-05 21:00:00,27.275974,32.0,4.724025726318359
2019-03-06 00:00:00,0.0,29.0,29.0
2019-03-06 03:00:00,0.0,44.0,44.0
2019-03-06 06:00:00,0.0,50.0,50.0
2019-03-06 09:00:00,4.7141385,30.0,25.285861492156982
2019-03-06 12:00:00,70.658875,34.0,-36.65887451171875
2019-03-06 15:00:00,71.03995,29.0,-42.039947509765625
2019-03-06 18:00:00,47.82942,39.0,-8.829418182373047
2019-03-06 21:00:00,17.54097,30.0,12.459030151367188
2019-03-07 00:00:00,64.24352,31.0,-33.24352264404297
2019-03-07 03:00:00,110.263275,117.0,6.736724853515625
2019-03-07 06:00:00,94.87701,31.0,-63.87700653076172
2019-03-07 09:00:00,52.576725,36.0,-16.576725006103516
2019-03-07 15:00:00,25.29646,32.0,6.703540802001953
2019-03-07 18:00:00,27.17161,26.0,-1.171609878540039
2019-03-07 21:00:00,34.4628,37.0,2.537200927734375
2019-03-08 00:00:00,27.986517,45.0,17.01348304748535
2019-03-08 03:00:00,45.09161,51.0,5.908390045166016
2019-03-08 06:00:00,56.06705,29.0,-27.06705093383789
2019-03-08 09:00:00,50.20189,28.0,-22.201889038085938
2019-03-08 12:00:00,60.74538,21.0,-39.74538040161133
2019-03-08 15:00:00,66.83524,44.0,-22.835243225097656
2019-03-08 18:00:00,67.19199,53.0,-14.191993713378906
2019-03-08 21:00:00,59.236298,39.0,-20.236297607421875
2019-03-09 00:00:00,29.603598,49.0,19.39640235900879
2019-03-09 03:00:00,75.01285,37.0,-38.012847900390625
2019-03-09 06:00:00,90.769104,22.0,-68.76910400390625
2019-03-09 09:00:00,57.044758,23.0,-34.04475784301758
2019-03-09 12:00:00,54.41859,36.0,-18.418590545654297
2019-03-09 15:00:00,45.861725,29.0,-16.861724853515625
2019-03-09 18:00:00,41.618023,24.0,-17.618022918701172
2019-03-09 21:00:00,41.16191,28.0,-13.161911010742188
2019-03-10 00:00:00,30.340744,32.0,1.6592559814453125
2019-03-10 03:00:00,59.234936,40.0,-19.234935760498047
2019-03-10 06:00:00,74.33101,33.0,-41.33100891113281
2019-03-10 09:00:00,34.435062,33.0,-1.4350624084472656
2019-03-10 12:00:00,30.980118,46.0,15.019882202148438
2019-03-10 15:00:00,29.456146,36.0,6.543853759765625
2019-03-10 18:00:00,25.44357,31.0,5.556430816650391
2019-03-10 21:00:00,24.948349,57.0,32.05165100097656
2019-03-11 00:00:00,0.0,67.0,67.0
2019-03-11 03:00:00,3.6047823,54.0,50.39521765708923
2019-03-11 06:00:00,6.7078643,36.0,29.29213571548462
2019-03-11 09:00:00,12.392775,28.0,15.60722541809082
2019-03-11 12:00:00,50.237988,25.0,-25.237987518310547
2019-03-11 15:00:00,55.546253,34.0,-21.546253204345703
2019-03-11 18:00:00,46.452442,42.0,-4.452442169189453
2019-03-11 21:00:00,41.11098,50.0,8.889019012451172
2019-03-12 00:00:00,11.723842,46.0,34.27615833282471
2019-03-12 03:00:00,25.35785,45.0,19.64215087890625
2019-03-12 06:00:00,49.198547,37.0,-12.19854736328125
2019-03-12 09:00:00,60.44212,24.0,-36.44211959838867
2019-03-12 12:00:00,49.5084,37.0,-12.508399963378906
2019-03-12 15:00:00,34.35514,33.0,-1.3551406860351562
2019-03-12 18:00:00,15.244154,47.0,31.75584602355957
2019-03-12 21:00:00,11.593556,36.0,24.40644359588623
2019-03-13 00:00:00,0.0,42.0,42.0
2019-03-13 03:00:00,3.8426151,62.0,58.15738487243652
2019-03-13 06:00:00,6.050868,88.0,81.9491319656372
2019-03-13 09:00:00,11.571729,108.0,96.42827129364014
2019-03-13 12:00:00,34.229515,38.0,3.7704849243164062
2019-03-13 15:00:00,42.25967,37.0,-5.259670257568359
2019-03-13 18:00:00,43.823547,44.0,0.17645263671875
2019-03-13 21:00:00,39.778343,46.0,6.221656799316406
2019-03-14 00:00:00,34.517143,47.0,12.482856750488281
2019-03-14 03:00:00,41.304134,40.0,-1.3041343688964844
2019-03-14 06:00:00,43.655575,49.0,5.344425201416016
2019-03-14 09:00:00,36.27383,53.0,16.72616958618164
2019-03-14 12:00:00,21.790413,66.0,44.20958709716797
2019-03-14 15:00:00,20.709421,51.0,30.290578842163086
2019-03-14 18:00:00,18.617584,43.0,24.382415771484375
2019-03-14 21:00:00,16.770401,38.0,21.229598999023438
2019-03-15 00:00:00,0.0,36.0,36.0
2019-03-15 03:00:00,0.0,44.0,44.0
2019-03-15 06:00:00,28.558134,49.0,20.441865921020508
2019-03-15 09:00:00,107.68531,42.0,-65.68531036376953
2019-03-15 12:00:00,140.25557,50.0,-90.25556945800781
2019-03-15 15:00:00,116.42669,69.0,-47.42668914794922
2019-03-15 18:00:00,92.1375,65.0,-27.137496948242188
2019-03-15 21:00:00,81.5694,48.0,-33.56939697265625
2019-03-16 00:00:00,129.89857,71.0,-58.89857482910156
2019-03-16 03:00:00,130.60208,55.0,-75.60208129882812
2019-03-16 06:00:00,108.57164,57.0,-51.57164001464844
2019-03-16 09:00:00,74.65809,59.0,-15.658088684082031
2019-03-16 12:00:00,45.2531,55.0,9.746898651123047
2019-03-16 15:00:00,60.072468,90.0,29.927532196044922
2019-03-16 18:00:00,107.431564,74.0,-33.43156433105469
2019-03-16 21:00:00,112.57407,84.0,-28.574073791503906
2019-03-17 00:00:00,37.119205,53.0,15.880794525146484
2019-03-17 03:00:00,41.44931,46.0,4.550689697265625
2019-03-17 06:00:00,45.852287,53.0,7.147712707519531
2019-03-17 09:00:00,135.84322,55.0,-80.84321594238281
2019-03-17 12:00:00,204.37039,154.0,-50.370391845703125
2019-03-17 15:00:00,166.46436,122.0,-44.46435546875
2019-03-17 18:00:00,141.81819,138.0,-3.8181915283203125
2019-03-17 21:00:00,145.46686,143.0,-2.46685791015625
2019-03-18 00:00:00,133.61751,137.0,3.3824920654296875
2019-03-18 03:00:00,141.22406,138.0,-3.22406005859375
2019-03-18 06:00:00,139.82298,154.0,14.177017211914062
2019-03-18 09:00:00,122.66463,49.0,-73.66462707519531
2019-03-18 12:00:00,105.450455,80.0,-25.450454711914062
2019-03-18 15:00:00,102.55496,53.0,-49.554962158203125
2019-03-18 18:00:00,109.50953,47.0,-62.50952911376953
2019-03-18 21:00:00,114.12203,56.0,-58.122032165527344
2019-03-19 00:00:00,115.89736,46.0,-69.8973617553711
2019-03-19 03:00:00,100.41731,37.0,-63.41731262207031
2019-03-19 06:00:00,75.27069,54.0,-21.27069091796875
2019-03-19 09:00:00,42.86909,21.0,-21.869091033935547
2019-03-19 12:00:00,26.529278,20.0,-6.529277801513672
2019-03-19 15:00:00,19.621212,26.0,6.378787994384766
2019-03-19 18:00:00,17.320871,21.0,3.679128646850586
2019-03-19 21:00:00,18.967512,22.0,3.0324878692626953
2019-03-20 00:00:00,6.7727795,18.0,11.22722053527832
2019-03-20 03:00:00,6.6653457,28.0,21.334654331207275
2019-03-20 06:00:00,3.5349786,22.0,18.46502137184143
2019-03-20 09:00:00,4.9149094,23.0,18.08509063720703
2019-03-20 12:00:00,0.0,25.0,25.0
2019-03-20 15:00:00,2.0353355,26.0,23.964664459228516
2019-03-20 18:00:00,7.700805,34.0,26.299194812774658
2019-03-20 21:00:00,12.785108,31.0,18.214892387390137
2019-03-21 00:00:00,65.97611,27.0,-38.976112365722656
2019-03-21 03:00:00,65.69201,38.0,-27.69200897216797
2019-03-21 06:00:00,60.569164,34.0,-26.569164276123047
2019-03-21 09:00:00,57.174644,34.0,-23.174644470214844
2019-03-21 12:00:00,32.546837,18.0,-14.546836853027344
2019-03-21 15:00:00,37.421616,32.0,-5.4216156005859375
2019-03-21 18:00:00,38.643066,42.0,3.35693359375
2019-03-21 21:00:00,47.455616,48.0,0.5443840026855469
2019-03-22 00:00:00,3.2514436,39.0,35.74855637550354
2019-03-22 03:00:00,11.437465,21.0,9.562535285949707
2019-03-22 06:00:00,14.602961,25.0,10.397039413452148
2019-03-22 09:00:00,22.442123,43.0,20.557876586914062
2019-03-22 15:00:00,62.70011,30.0,-32.700111389160156
2019-03-22 18:00:00,71.747765,35.0,-36.747764587402344
2019-03-22 21:00:00,75.594475,28.0,-47.59447479248047
2019-03-23 00:00:00,79.203804,37.0,-42.20380401611328
2019-03-23 03:00:00,62.056187,38.0,-24.05618667602539
2019-03-23 06:00:00,56.83887,35.0,-21.838871002197266
2019-03-23 09:00:00,59.70378,49.0,-10.703781127929688
2019-03-23 12:00:00,75.43576,52.0,-23.435760498046875
2019-03-23 15:00:00,87.9777,58.0,-29.977699279785156
2019-03-23 18:00:00,110.39856,36.0,-74.3985595703125
2019-03-23 21:00:00,106.721924,32.0,-74.721923828125
2019-03-24 00:00:00,135.88033,25.0,-110.88032531738281
2019-03-24 03:00:00,116.84597,36.0,-80.8459701538086
2019-03-24 06:00:00,105.328926,62.0,-43.32892608642578
2019-03-24 09:00:00,95.93009,61.0,-34.930091857910156
2019-03-24 12:00:00,140.1628,59.0,-81.16279602050781
2019-03-24 15:00:00,110.873085,82.0,-28.873085021972656
2019-03-24 18:00:00,89.91083,90.0,0.08917236328125
2019-03-24 21:00:00,73.31346,24.0,-49.31346130371094
2019-03-25 00:00:00,50.465588,72.0,21.534412384033203
2019-03-25 03:00:00,58.867954,73.0,14.13204574584961
2019-03-25 06:00:00,94.35712,71.0,-23.35711669921875
2019-03-25 09:00:00,112.830605,80.0,-32.830604553222656
2019-03-25 12:00:00,162.86003,91.0,-71.86003112792969
2019-03-25 15:00:00,198.49745,53.0,-145.49745178222656
2019-03-25 18:00:00,140.98396,97.0,-43.98396301269531
2019-03-25 21:00:00,97.31957,65.0,-32.31957244873047
2019-03-26 00:00:00,55.546024,48.0,-7.546024322509766
2019-03-26 03:00:00,60.668526,31.0,-29.66852569580078
2019-03-26 06:00:00,56.928913,56.0,-0.9289131164550781
2019-03-26 09:00:00,64.03701,91.0,26.962989807128906
2019-03-26 12:00:00,118.321335,87.0,-31.321334838867188
2019-03-26 15:00:00,120.71359,47.0,-73.71359252929688
2019-03-26 18:00:00,104.61121,84.0,-20.61121368408203
2019-03-26 21:00:00,112.209366,91.0,-21.209365844726562
2019-03-27 00:00:00,70.62226,69.0,-1.6222610473632812
2019-03-27 03:00:00,62.576874,54.0,-8.576873779296875
2019-03-27 06:00:00,56.113094,43.0,-13.113094329833984
2019-03-27 09:00:00,51.1065,48.0,-3.1064987182617188
2019-03-27 12:00:00,63.526558,33.0,-30.52655792236328
2019-03-27 15:00:00,58.728348,45.0,-13.728347778320312
2019-03-27 18:00:00,48.503807,42.0,-6.503807067871094
2019-03-27 21:00:00,42.997726,36.0,-6.9977264404296875
2019-03-28 06:00:00,63.776215,35.0,-28.776214599609375
2019-03-28 09:00:00,60.41938,40.0,-20.41938018798828
2019-03-28 12:00:00,68.552025,36.0,-32.552024841308594
2019-03-28 15:00:00,58.62546,32.0,-26.62546157836914
2019-03-28 18:00:00,44.654144,38.0,-6.654144287109375
2019-03-28 21:00:00,39.30154,38.0,-1.3015403747558594
2019-03-29 00:00:00,0.0,42.0,42.0
2019-03-29 03:00:00,0.0,32.0,32.0
2019-03-29 06:00:00,0.0,29.0,29.0
2019-03-29 09:00:00,6.4714527,31.0,24.528547286987305
2019-03-29 12:00:00,18.9915,29.0,10.008499145507812
2019-03-29 15:00:00,20.257402,28.0,7.742597579956055
2019-03-29 18:00:00,21.586403,28.0,6.413597106933594
2019-03-29 21:00:00,21.728283,38.0,16.271717071533203
2019-03-30 00:00:00,44.02773,23.0,-21.027729034423828
2019-03-30 03:00:00,51.490814,31.0,-20.490814208984375
2019-03-30 06:00:00,51.52049,28.0,-23.520488739013672
2019-03-30 09:00:00,57.07517,30.0,-27.07516860961914
2019-03-30 12:00:00,1.7989805,38.0,36.201019525527954
2019-03-30 15:00:00,1.5677415,32.0,30.43225848674774
2019-03-30 18:00:00,6.0715594,25.0,18.9284405708313
2019-03-30 21:00:00,15.596925,38.0,22.403075218200684
2019-03-31 00:00:00,8.265488,43.0,34.73451232910156
2019-03-31 03:00:00,15.171736,38.0,22.828264236450195
2019-03-31 06:00:00,25.127405,60.0,34.87259483337402
2019-03-31 09:00:00,32.418938,59.0,26.58106231689453
2019-03-31 12:00:00,52.712948,52.0,-0.7129478454589844
2019-03-31 15:00:00,65.638916,44.0,-21.638916015625
2019-03-31 18:00:00,69.71822,88.0,18.281776428222656
2019-03-31 21:00:00,67.10752,43.0,-24.107521057128906
2019-04-01 00:00:00,67.79442,53.0,-14.794418334960938
2019-04-01 03:00:00,86.663025,46.0,-40.66302490234375
2019-04-01 06:00:00,205.0951,65.0,-140.0950927734375
2019-04-01 09:00:00,246.9273,97.0,-149.92730712890625
2019-04-01 12:00:00,269.01978,629.0,359.980224609375
2019-04-01 15:00:00,262.4704,783.0,520.5296020507812
2019-04-01 18:00:00,244.1186,555.0,310.8813934326172
2019-04-01 21:00:00,220.8244,368.0,147.17559814453125
2019-04-02 00:00:00,191.0821,157.0,-34.08210754394531
2019-04-02 03:00:00,150.0157,64.0,-86.01570129394531
2019-04-02 06:00:00,132.06705,45.0,-87.06704711914062
2019-04-02 09:00:00,107.047585,38.0,-69.0475845336914
2019-04-02 12:00:00,96.3189,44.0,-52.31890106201172
2019-04-02 15:00:00,89.590004,46.0,-43.590003967285156
2019-04-02 18:00:00,76.78977,34.0,-42.789772033691406
2019-04-02 21:00:00,73.823006,27.0,-46.82300567626953
2019-04-03 00:00:00,54.526936,36.0,-18.526935577392578
2019-04-03 03:00:00,54.872997,32.0,-22.872997283935547
2019-04-03 06:00:00,55.88572,41.0,-14.885719299316406
2019-04-03 09:00:00,57.76087,41.0,-16.76087188720703
2019-04-03 12:00:00,36.008373,68.0,31.991626739501953
2019-04-03 15:00:00,47.964024,58.0,10.03597640991211
2019-04-03 18:00:00,50.834843,61.0,10.165157318115234
2019-04-03 21:00:00,51.502865,77.0,25.497135162353516
2019-04-04 00:00:00,84.5539,70.0,-14.553901672363281
2019-04-04 03:00:00,74.363014,53.0,-21.363014221191406
2019-04-04 06:00:00,70.154785,58.0,-12.15478515625
2019-04-04 09:00:00,64.03803,46.0,-18.03803253173828
2019-04-04 12:00:00,69.375916,41.0,-28.37591552734375
2019-04-05 15:00:00,69.02315,46.0,-23.023147583007812
2019-04-05 18:00:00,72.15499,41.0,-31.154991149902344
2019-04-05 21:00:00,71.92921,22.0,-49.92920684814453
2019-04-06 00:00:00,77.36321,41.0,-36.36321258544922
2019-04-06 03:00:00,55.563305,57.0,1.4366950988769531
2019-04-06 06:00:00,53.327,51.0,-2.3269996643066406
2019-04-06 09:00:00,56.116734,33.0,-23.11673355102539
2019-04-06 12:00:00,56.523277,28.0,-28.523277282714844
2019-04-06 15:00:00,36.968914,42.0,5.031085968017578
2019-04-06 18:00:00,26.05816,50.0,23.94183921813965
2019-04-07 00:00:00,23.36492,51.0,27.635080337524414
2019-04-07 03:00:00,26.635347,45.0,18.364652633666992
2019-04-07 06:00:00,35.189713,46.0,10.810287475585938
2019-04-07 09:00:00,55.451664,52.0,-3.4516639709472656
2019-04-07 12:00:00,43.64597,40.0,-3.6459693908691406
2019-04-07 15:00:00,46.995865,47.0,0.0041351318359375
2019-04-07 18:00:00,75.27217,34.0,-41.27217102050781
2019-04-07 21:00:00,79.021675,41.0,-38.02167510986328
2019-04-08 00:00:00,56.97393,39.0,-17.97393035888672
2019-04-09 09:00:00,33.13238,31.0,-2.1323814392089844
2019-04-09 12:00:00,40.751503,40.0,-0.7515029907226562
2019-04-09 15:00:00,46.558285,28.0,-18.558284759521484
2019-04-09 18:00:00,52.42873,30.0,-22.428730010986328
2019-04-09 21:00:00,52.63291,25.0,-27.632911682128906
2019-04-10 00:00:00,11.111752,19.0,7.888248443603516
2019-04-10 03:00:00,41.695557,25.0,-16.695556640625
2019-04-10 06:00:00,62.536285,29.0,-33.536285400390625
2019-04-10 09:00:00,72.59649,30.0,-42.59648895263672
2019-04-10 12:00:00,83.491844,40.0,-43.491844177246094
2019-04-10 15:00:00,78.51645,34.0,-44.516448974609375
2019-04-10 18:00:00,73.91918,33.0,-40.91918182373047
2019-04-10 21:00:00,80.87591,31.0,-49.87590789794922
2019-04-11 00:00:00,86.96316,31.0,-55.963157653808594
2019-04-11 03:00:00,104.02584,35.0,-69.02584075927734
2019-04-11 06:00:00,150.08209,72.0,-78.08209228515625
2019-04-11 09:00:00,159.05823,58.0,-101.0582275390625
2019-04-11 12:00:00,122.18157,55.0,-67.18157196044922
2019-04-11 15:00:00,119.44223,84.0,-35.442230224609375
2019-04-11 18:00:00,97.103,68.0,-29.102996826171875
2019-04-11 21:00:00,86.67621,45.0,-41.67620849609375
2019-04-12 00:00:00,73.73228,43.0,-30.732276916503906
2019-04-12 03:00:00,75.12154,143.0,67.87846374511719
2019-04-12 06:00:00,88.60696,76.0,-12.606956481933594
2019-04-12 09:00:00,98.81671,48.0,-50.81671142578125
2019-04-12 12:00:00,87.605484,42.0,-45.60548400878906
2019-04-12 15:00:00,91.483116,39.0,-52.483116149902344
2019-04-12 18:00:00,82.54392,33.0,-49.543922424316406
2019-04-12 21:00:00,82.09736,35.0,-47.09735870361328
2019-04-13 00:00:00,89.88081,31.0,-58.88081359863281
2019-04-13 03:00:00,87.71554,24.0,-63.715538024902344
2019-04-13 06:00:00,95.245415,22.0,-73.24541473388672
2019-04-13 09:00:00,87.70024,25.0,-62.70024108886719
2019-04-13 12:00:00,89.211426,18.0,-71.21142578125
2019-04-13 15:00:00,86.353905,18.0,-68.3539047241211
2019-04-13 18:00:00,92.872826,21.0,-71.8728256225586
2019-04-13 21:00:00,86.40927,20.0,-66.40927124023438
2019-04-14 00:00:00,21.625282,26.0,4.374717712402344
2019-04-14 03:00:00,12.477813,22.0,9.522187232971191
2019-04-14 06:00:00,43.257385,37.0,-6.25738525390625
2019-04-14 09:00:00,51.43164,32.0,-19.431640625
2019-04-14 12:00:00,48.72777,36.0,-12.727771759033203
2019-04-14 15:00:00,44.32263,33.0,-11.3226318359375
2019-04-14 18:00:00,44.030003,45.0,0.9699974060058594
2019-04-14 21:00:00,40.652596,46.0,5.347404479980469
2019-04-15 00:00:00,38.392498,31.0,-7.392498016357422
2019-04-15 03:00:00,69.66048,29.0,-40.66047668457031
2019-04-15 06:00:00,83.62843,18.0,-65.62843322753906
2019-04-15 09:00:00,74.2022,17.0,-57.20220184326172
2019-04-15 12:00:00,56.569435,24.0,-32.569435119628906
2019-04-15 15:00:00,54.460316,35.0,-19.460315704345703
2019-04-15 18:00:00,50.66977,47.0,-3.669769287109375
2019-04-15 21:00:00,49.86123,62.0,12.138771057128906
2019-04-16 00:00:00,13.17494,51.0,37.82505989074707
2019-04-16 03:00:00,16.450031,33.0,16.549968719482422
2019-04-16 06:00:00,23.761003,31.0,7.238996505737305
2019-04-21 18:00:00,23.748953,27.0,3.251047134399414
2019-04-21 21:00:00,25.53952,24.0,-1.539520263671875
2019-04-22 00:00:00,30.804586,22.0,-8.804586410522461
2019-04-22 03:00:00,40.813347,24.0,-16.81334686279297
2019-04-22 06:00:00,37.96569,48.0,10.034309387207031
2019-04-22 09:00:00,105.66927,36.0,-69.66927337646484
2019-04-22 12:00:00,137.59045,53.0,-84.5904541015625
2019-04-22 15:00:00,90.95407,42.0,-48.954071044921875
2019-04-22 18:00:00,67.716545,43.0,-24.71654510498047
2019-04-22 21:00:00,57.267242,25.0,-32.267242431640625
2019-04-23 00:00:00,32.37892,14.0,-18.378921508789062
2019-04-23 03:00:00,33.23396,20.0,-13.233959197998047
2019-04-23 06:00:00,23.510778,19.0,-4.510778427124023
2019-04-23 09:00:00,21.510345,11.0,-10.510345458984375
2019-04-23 12:00:00,29.517536,11.0,-18.517536163330078
2019-04-23 15:00:00,25.604208,19.0,-6.604207992553711
2019-04-23 18:00:00,24.948122,13.0,-11.948122024536133
2019-04-23 21:00:00,27.632269,13.0,-14.632268905639648
2019-04-24 00:00:00,66.85605,17.0,-49.856048583984375
2019-04-24 03:00:00,72.856895,13.0,-59.856895446777344
2019-04-24 06:00:00,65.24635,19.0,-46.24635314941406
2019-04-24 09:00:00,46.2328,19.0,-27.232799530029297
2019-04-24 12:00:00,43.00182,16.0,-27.001819610595703
2019-04-24 15:00:00,38.97435,20.0,-18.974349975585938
2019-04-24 18:00:00,31.70203,21.0,-10.702030181884766
2019-04-24 21:00:00,29.18341,18.0,-11.18341064453125
2019-04-25 00:00:00,36.64502,27.0,-9.64501953125
2019-04-25 06:00:00,50.920334,27.0,-23.920333862304688
2019-04-25 09:00:00,30.066872,26.0,-4.066871643066406
2019-04-25 12:00:00,60.207184,18.0,-42.207183837890625
2019-04-25 15:00:00,53.161102,20.0,-33.161102294921875
2019-04-25 18:00:00,45.220303,24.0,-21.22030258178711
2019-04-25 21:00:00,42.22761,28.0,-14.227611541748047
2019-04-26 03:00:00,90.30987,31.0,-59.30986785888672
2019-04-26 06:00:00,84.921455,24.0,-60.92145538330078
2019-04-26 09:00:00,68.50285,19.0,-49.50285339355469
2019-04-26 12:00:00,46.00895,24.0,-22.008949279785156
2019-04-26 15:00:00,39.246517,23.0,-16.246517181396484
2019-04-26 18:00:00,32.545815,21.0,-11.545814514160156
2019-04-26 21:00:00,33.66131,22.0,-11.661308288574219
2019-04-27 03:00:00,2.622869,33.0,30.37713098526001
2019-04-27 06:00:00,18.725018,28.0,9.274982452392578
2019-04-27 09:00:00,13.146007,22.0,8.85399341583252
2019-04-27 12:00:00,36.567825,28.0,-8.567825317382812
2019-04-27 15:00:00,46.45483,25.0,-21.454830169677734
2019-04-27 18:00:00,51.75468,35.0,-16.754680633544922
2019-04-27 21:00:00,53.58345,24.0,-29.583450317382812
2019-04-28 00:00:00,21.924166,22.0,0.07583427429199219
2019-04-28 03:00:00,26.431849,29.0,2.5681514739990234
2019-04-28 06:00:00,31.479658,32.0,0.5203418731689453
2019-04-28 09:00:00,39.34406,24.0,-15.344058990478516
2019-04-29 12:00:00,72.813805,43.0,-29.813804626464844
2019-04-29 18:00:00,61.95114,40.0,-21.951141357421875
2019-04-29 21:00:00,54.392105,44.0,-10.392105102539062
2019-04-30 00:00:00,36.82453,42.0,5.175468444824219
2019-04-30 03:00:00,43.573097,36.0,-7.573097229003906
2019-04-30 06:00:00,57.740578,36.0,-21.740577697753906
2019-04-30 09:00:00,70.366356,34.0,-36.366355895996094
2019-04-30 12:00:00,87.28102,37.0,-50.28102111816406
2019-04-30 15:00:00,82.69876,52.0,-30.698760986328125
2019-04-30 18:00:00,69.04611,50.0,-19.046112060546875
2019-05-01 06:00:00,84.00116,42.0,-42.00115966796875
2019-05-01 09:00:00,79.8176,43.0,-36.817596435546875
2019-05-01 12:00:00,57.00781,42.0,-15.007808685302734
2019-05-01 15:00:00,63.22193,37.0,-26.22193145751953
2019-05-01 18:00:00,62.553455,24.0,-38.5534553527832
2019-05-01 21:00:00,57.406624,33.0,-24.40662384033203
2019-05-02 00:00:00,15.454589,37.0,21.545411109924316
2019-05-02 03:00:00,24.073301,32.0,7.926698684692383
2019-05-02 06:00:00,26.306225,36.0,9.693775177001953
2019-05-02 09:00:00,30.125933,31.0,0.8740673065185547
2019-05-02 12:00:00,84.40588,31.0,-53.4058837890625
2019-05-02 15:00:00,75.0565,34.0,-41.05650329589844
2019-05-02 18:00:00,67.778275,39.0,-28.778274536132812
2019-05-02 21:00:00,64.27581,42.0,-22.27581024169922
2019-05-03 00:00:00,101.271324,52.0,-49.271324157714844
2019-05-03 03:00:00,93.58314,45.0,-48.58313751220703
2019-05-03 06:00:00,92.943535,50.0,-42.94353485107422
2019-05-03 09:00:00,90.48154,79.0,-11.481536865234375
2019-05-03 12:00:00,84.9675,50.0,-34.967498779296875
2019-05-03 15:00:00,84.85199,47.0,-37.85198974609375
2019-05-03 18:00:00,82.826775,51.0,-31.82677459716797
2019-05-03 21:00:00,81.219696,53.0,-28.219696044921875
2019-05-04 00:00:00,77.23088,64.0,-13.230880737304688
2019-05-04 03:00:00,90.281784,96.0,5.7182159423828125
2019-05-04 06:00:00,105.726715,108.0,2.273284912109375
2019-05-04 09:00:00,97.90353,76.0,-21.903526306152344
2019-05-04 12:00:00,127.70261,109.0,-18.702606201171875
2019-05-04 15:00:00,113.25096,50.0,-63.25096130371094
2019-05-04 18:00:00,102.51551,62.0,-40.51551055908203
2019-05-04 21:00:00,95.64326,61.0,-34.64325714111328
2019-05-05 00:00:00,117.257286,39.0,-78.25728607177734
2019-05-05 03:00:00,96.86232,44.0,-52.86231994628906
2019-05-05 06:00:00,83.86246,54.0,-29.862457275390625
2019-05-05 09:00:00,76.68734,65.0,-11.687339782714844
2019-05-05 12:00:00,107.34857,91.0,-16.34857177734375
2019-05-05 15:00:00,106.13167,68.0,-38.13166809082031
2019-05-05 18:00:00,101.176056,83.0,-18.176055908203125
2019-05-05 21:00:00,99.92527,59.0,-40.925270080566406
2019-05-06 00:00:00,108.80797,54.0,-54.80796813964844
2019-05-06 03:00:00,133.19585,52.0,-81.19584655761719
2019-05-06 06:00:00,140.36674,56.0,-84.36674499511719
2019-05-06 09:00:00,93.59348,70.0,-23.593482971191406
2019-05-06 12:00:00,90.28838,36.0,-54.28838348388672
2019-05-06 15:00:00,71.89476,24.0,-47.89476013183594
2019-05-06 18:00:00,58.875004,18.0,-40.875003814697266
2019-05-06 21:00:00,50.55176,23.0,-27.551761627197266
2019-05-07 03:00:00,23.313135,27.0,3.6868648529052734
2019-05-07 06:00:00,36.682194,35.0,-1.6821937561035156
2019-05-07 09:00:00,51.32813,34.0,-17.328128814697266
2019-05-07 12:00:00,65.28717,29.0,-36.28717041015625
2019-05-07 15:00:00,68.236435,28.0,-40.23643493652344
2019-05-07 18:00:00,64.46646,25.0,-39.466461181640625
2019-05-07 21:00:00,59.498463,25.0,-34.49846267700195
2019-05-08 00:00:00,86.18554,31.0,-55.18553924560547
2019-05-08 03:00:00,78.38969,41.0,-37.389686584472656
2019-05-08 06:00:00,76.295235,33.0,-43.29523468017578
2019-05-08 09:00:00,73.06471,29.0,-44.06471252441406
2019-05-08 12:00:00,61.159767,33.0,-28.159767150878906
2019-05-08 15:00:00,63.49535,44.0,-19.495349884033203
2019-05-08 18:00:00,59.38614,35.0,-24.386138916015625
2019-05-08 21:00:00,58.942646,41.0,-17.942646026611328
2019-05-09 00:00:00,55.9358,56.0,0.06420135498046875
2019-05-09 03:00:00,58.51797,57.0,-1.5179710388183594
2019-05-09 09:00:00,64.93872,47.0,-17.938720703125
2019-05-09 12:00:00,79.610916,53.0,-26.610916137695312
2019-05-09 15:00:00,76.76886,57.0,-19.76885986328125
2019-05-09 18:00:00,69.55548,56.0,-13.55548095703125
2019-05-10 00:00:00,96.1403,55.0,-41.140296936035156
2019-05-10 03:00:00,113.70781,101.0,-12.707809448242188
2019-05-10 06:00:00,111.95584,102.0,-9.955841064453125
2019-05-10 09:00:00,110.42147,63.0,-47.421470642089844
2019-05-10 12:00:00,64.59095,55.0,-9.590950012207031
2019-05-10 15:00:00,72.47479,66.0,-6.47479248046875
2019-05-10 18:00:00,72.59064,59.0,-13.59063720703125
2019-05-10 21:00:00,64.22374,59.0,-5.2237396240234375
2019-05-11 00:00:00,67.10525,63.0,-4.105247497558594
2019-05-11 03:00:00,65.570816,50.0,-15.570816040039062
2019-05-11 06:00:00,57.4023,55.0,-2.402301788330078
2019-05-11 09:00:00,56.31989,55.0,-1.3198890686035156
2019-05-11 12:00:00,84.27105,39.0,-45.27104949951172
2019-05-11 15:00:00,81.20821,28.0,-53.208213806152344
2019-05-11 18:00:00,76.617424,28.0,-48.61742401123047
2019-05-11 21:00:00,66.300575,21.0,-45.300575256347656
2019-05-12 00:00:00,31.901663,29.0,-2.901662826538086
2019-05-12 03:00:00,38.936718,35.0,-3.936717987060547
2019-05-12 06:00:00,45.997807,21.0,-24.997806549072266
2019-05-12 09:00:00,41.39292,17.0,-24.392921447753906
2019-05-12 12:00:00,43.778526,18.0,-25.778526306152344
2019-05-12 15:00:00,67.85842,30.0,-37.858421325683594
2019-05-12 18:00:00,72.7074,22.0,-50.7073974609375
2019-05-12 21:00:00,90.67901,33.0,-57.67900848388672
2019-05-13 00:00:00,57.20517,29.0,-28.205169677734375
2019-05-13 03:00:00,77.16949,46.0,-31.16948699951172
2019-05-13 06:00:00,87.86514,986.0,898.1348571777344
2019-05-13 12:00:00,104.21252,33.0,-71.21251678466797
2019-05-13 15:00:00,96.94156,66.0,-30.941558837890625
2019-05-13 18:00:00,89.01952,66.0,-23.01952362060547
2019-05-13 21:00:00,80.49881,66.0,-14.498809814453125
2019-05-14 00:00:00,72.53812,81.0,8.461883544921875
2019-05-14 03:00:00,85.44515,68.0,-17.445152282714844
2019-05-14 06:00:00,112.742386,81.0,-31.742385864257812
2019-05-14 09:00:00,106.34477,192.0,85.65522766113281
2019-05-14 12:00:00,102.47652,220.0,117.52348327636719
2019-05-14 15:00:00,90.934235,72.0,-18.934234619140625
2019-05-14 18:00:00,81.45901,63.0,-18.459007263183594
2019-05-14 21:00:00,75.57947,91.0,15.4205322265625
2019-05-15 00:00:00,78.311134,115.0,36.688865661621094
2019-05-15 03:00:00,99.623375,105.0,5.376625061035156
2019-05-15 06:00:00,120.59735,85.0,-35.59735107421875
2019-05-15 09:00:00,105.06909,60.0,-45.069091796875
2019-05-15 12:00:00,76.53227,51.0,-25.532272338867188
2019-05-15 15:00:00,65.59094,37.0,-28.5909423828125
2019-05-15 18:00:00,61.092804,36.0,-25.092803955078125
2019-05-15 21:00:00,60.09759,52.0,-8.097591400146484
2019-05-16 00:00:00,44.914486,33.0,-11.914485931396484
2019-05-16 03:00:00,46.07108,39.0,-7.071079254150391
2019-05-16 06:00:00,46.08813,34.0,-12.088130950927734
2019-05-16 09:00:00,49.6633,55.0,5.336700439453125
2019-05-16 12:00:00,76.96053,52.0,-24.960533142089844
2019-05-16 15:00:00,75.860954,58.0,-17.86095428466797
2019-05-16 18:00:00,70.923195,59.0,-11.923194885253906
2019-05-16 21:00:00,61.470642,62.0,0.52935791015625
2019-05-17 00:00:00,97.42064,65.0,-32.42063903808594
2019-05-17 03:00:00,95.24837,58.0,-37.24836730957031
2019-05-17 06:00:00,92.44906,62.0,-30.449058532714844
2019-05-17 09:00:00,90.38911,69.0,-21.38910675048828
2019-05-17 12:00:00,84.10251,68.0,-16.102508544921875
2019-05-17 15:00:00,83.92487,48.0,-35.92487335205078
2019-05-17 18:00:00,112.49097,62.0,-50.490966796875
2019-05-17 21:00:00,139.91974,62.0,-77.91973876953125
2019-05-18 00:00:00,87.54648,51.0,-36.546478271484375
2019-05-18 03:00:00,89.79197,56.0,-33.791969299316406
2019-05-18 06:00:00,91.46328,50.0,-41.463279724121094
2019-05-18 09:00:00,84.60836,53.0,-31.608360290527344
2019-05-18 12:00:00,93.68807,59.0,-34.688072204589844
2019-05-18 15:00:00,88.94426,43.0,-45.94425964355469
2019-05-18 18:00:00,76.35106,48.0,-28.351058959960938
2019-05-18 21:00:00,66.20348,42.0,-24.20348358154297
2019-05-19 00:00:00,98.530106,34.0,-64.53010559082031
2019-05-19 03:00:00,86.71168,30.0,-56.71167755126953
2019-05-19 06:00:00,79.666504,40.0,-39.66650390625
2019-05-19 09:00:00,77.490654,35.0,-42.49065399169922
2019-05-19 12:00:00,92.083725,29.0,-63.08372497558594
2019-05-19 15:00:00,92.63215,29.0,-63.63214874267578
2019-05-19 18:00:00,93.987465,31.0,-62.987464904785156
2019-05-19 21:00:00,98.08457,25.0,-73.0845718383789
2019-05-20 00:00:00,135.97026,27.0,-108.97026062011719
2019-05-20 03:00:00,129.3863,29.0,-100.38630676269531
2019-05-20 06:00:00,133.99347,30.0,-103.99346923828125
2019-05-20 09:00:00,122.90468,32.0,-90.90467834472656
2019-05-20 12:00:00,99.051476,53.0,-46.051475524902344
2019-05-20 15:00:00,79.155594,62.0,-17.155593872070312
2019-05-20 18:00:00,73.76127,67.0,-6.761268615722656
2019-05-20 21:00:00,73.20887,232.0,158.79113006591797
2019-05-21 00:00:00,32.530807,208.0,175.4691925048828
2019-05-21 03:00:00,37.468567,131.0,93.53143310546875
2019-05-21 06:00:00,42.423607,113.0,70.5763931274414
2019-05-21 09:00:00,44.97747,131.0,86.02252960205078
2019-05-21 12:00:00,73.37803,97.0,23.621971130371094
2019-05-21 15:00:00,74.45351,86.0,11.546493530273438
2019-05-21 18:00:00,73.506836,85.0,11.4931640625
2019-05-21 21:00:00,67.816475,64.0,-3.8164749145507812
2019-05-22 00:00:00,300.6685,67.0,-233.66848754882812
2019-05-22 03:00:00,364.6161,73.0,-291.6160888671875
2019-05-22 06:00:00,278.72488,79.0,-199.72488403320312
2019-05-22 09:00:00,256.94385,73.0,-183.94384765625
2019-05-22 12:00:00,232.72878,66.0,-166.72877502441406
2019-05-22 15:00:00,203.61926,53.0,-150.6192626953125
2019-05-22 18:00:00,222.62111,63.0,-159.62110900878906
2019-05-22 21:00:00,294.00507,57.0,-237.00506591796875
2019-05-23 00:00:00,236.22305,50.0,-186.22305297851562
2019-05-23 03:00:00,158.2864,66.0,-92.28640747070312
2019-05-23 06:00:00,142.59035,44.0,-98.59034729003906
2019-05-23 12:00:00,196.70552,52.0,-144.7055206298828
2019-05-23 15:00:00,141.24385,59.0,-82.24385070800781
2019-05-23 18:00:00,115.514465,40.0,-75.51446533203125
2019-05-23 21:00:00,178.61111,45.0,-133.61111450195312
2019-05-24 00:00:00,96.85573,43.0,-53.85572814941406
2019-05-24 03:00:00,81.29848,43.0,-38.29847717285156
2019-05-24 06:00:00,74.85483,37.0,-37.854827880859375
2019-05-24 09:00:00,61.937042,38.0,-23.937042236328125
2019-05-24 12:00:00,54.15086,35.0,-19.150859832763672
2019-05-24 15:00:00,52.0879,39.0,-13.087898254394531
2019-05-24 18:00:00,45.91061,45.0,-0.9106101989746094
2019-05-24 21:00:00,42.961006,66.0,23.03899383544922
2019-05-25 00:00:00,3.0164528,50.0,46.98354721069336
2019-05-25 03:00:00,8.650204,47.0,38.349796295166016
2019-05-25 06:00:00,7.1153183,49.0,41.884681701660156
2019-05-25 09:00:00,15.957994,51.0,35.04200553894043
2019-05-25 12:00:00,53.225677,39.0,-14.225677490234375
2019-05-25 15:00:00,47.460278,63.0,15.539722442626953
2019-05-25 18:00:00,37.47499,41.0,3.5250091552734375
2019-05-25 21:00:00,31.86301,37.0,5.136989593505859
2019-05-26 00:00:00,51.534245,55.0,3.4657554626464844
2019-05-26 03:00:00,57.10399,53.0,-4.1039886474609375
2019-05-26 06:00:00,65.806946,53.0,-12.80694580078125
2019-05-26 09:00:00,64.74238,36.0,-28.74237823486328
2019-05-26 12:00:00,45.759407,67.0,21.24059295654297
2019-05-26 15:00:00,33.41779,58.0,24.582210540771484
2019-05-26 18:00:00,27.505507,53.0,25.49449348449707
2019-05-26 21:00:00,30.4467,64.0,33.553300857543945
2019-05-27 00:00:00,21.003643,53.0,31.996356964111328
2019-05-27 03:00:00,28.405226,60.0,31.59477424621582
2019-05-27 06:00:00,28.004251,50.0,21.99574851989746
2019-05-27 09:00:00,33.193375,41.0,7.8066253662109375
2019-05-27 12:00:00,70.32918,59.0,-11.329177856445312
2019-05-27 15:00:00,56.85092,53.0,-3.850921630859375
2019-05-27 18:00:00,47.501034,57.0,9.498966217041016
2019-05-27 21:00:00,40.990814,46.0,5.009185791015625
2019-05-28 00:00:00,31.508307,35.0,3.4916934967041016
2019-05-28 03:00:00,29.49946,49.0,19.500539779663086
2019-05-28 06:00:00,29.900547,48.0,18.09945297241211
2019-05-28 09:00:00,33.18064,62.0,28.819358825683594
2019-05-28 12:00:00,20.53639,109.0,88.46360969543457
2019-05-28 15:00:00,28.228441,55.0,26.77155876159668
2019-05-28 18:00:00,37.88409,93.0,55.115909576416016
2019-05-29 00:00:00,62.507298,71.0,8.49270248413086
2019-05-29 03:00:00,64.52387,90.0,25.47612762451172
2019-05-29 06:00:00,74.93191,72.0,-2.9319076538085938
2019-05-29 09:00:00,72.78436,42.0,-30.78436279296875
2019-05-29 12:00:00,75.61448,38.0,-37.614479064941406
2019-05-29 15:00:00,67.37719,56.0,-11.377189636230469
2019-05-29 18:00:00,61.965862,45.0,-16.965862274169922
2019-05-29 21:00:00,60.442745,65.0,4.557254791259766
2019-05-30 00:00:00,41.7117,56.0,14.288299560546875
2019-05-30 03:00:00,41.157024,61.0,19.842975616455078
2019-05-30 09:00:00,58.27303,69.0,10.726970672607422
2019-05-30 12:00:00,68.026,59.0,-9.0260009765625
2019-05-30 15:00:00,78.468475,58.0,-20.468475341796875
2019-05-30 18:00:00,75.96293,51.0,-24.962928771972656
2019-05-30 21:00:00,70.66865,43.0,-27.66864776611328
2019-05-31 00:00:00,77.49168,47.0,-30.491676330566406
2019-05-31 03:00:00,74.38234,51.0,-23.382339477539062
2019-05-31 06:00:00,68.49382,32.0,-36.49382019042969
2019-05-31 09:00:00,54.79865,40.0,-14.798648834228516
2019-05-31 12:00:00,44.2451,34.0,-10.245098114013672
2019-05-31 15:00:00,42.158035,19.0,-23.158035278320312
2019-05-31 18:00:00,34.318645,31.0,-3.318645477294922
2019-05-31 21:00:00,33.732704,44.0,10.267295837402344
2019-06-01 00:00:00,14.199486,43.0,28.800514221191406
2019-06-01 03:00:00,18.30665,39.0,20.693349838256836
2019-06-01 06:00:00,28.008173,29.0,0.9918270111083984
2019-06-01 09:00:00,37.415474,37.0,-0.41547393798828125
2019-06-01 12:00:00,56.774864,42.0,-14.774864196777344
2019-06-01 15:00:00,49.91023,40.0,-9.910228729248047
2019-06-01 18:00:00,44.306263,54.0,9.693737030029297
2019-06-01 21:00:00,46.863533,62.0,15.136466979980469
2019-06-02 00:00:00,50.83439,47.0,-3.8343887329101562
2019-06-02 03:00:00,93.76077,58.0,-35.760772705078125
2019-06-02 06:00:00,114.25806,44.0,-70.258056640625
2019-06-02 09:00:00,89.33392,38.0,-51.33392333984375
2019-06-02 12:00:00,78.10456,36.0,-42.10456085205078
2019-06-02 15:00:00,61.919224,41.0,-20.91922378540039
2019-06-02 18:00:00,49.721508,25.0,-24.721508026123047
2019-06-02 21:00:00,43.683487,31.0,-12.683486938476562
2019-06-03 00:00:00,25.249392,23.0,-2.249391555786133
2019-06-03 03:00:00,49.07338,33.0,-16.073379516601562
2019-06-03 06:00:00,72.962166,29.0,-43.96216583251953
2019-06-03 09:00:00,67.53885,23.0,-44.538848876953125
2019-06-03 12:00:00,84.87507,27.0,-57.87506866455078
2019-06-03 15:00:00,79.70561,28.0,-51.70561218261719
2019-06-03 18:00:00,65.77397,35.0,-30.773971557617188
2019-06-03 21:00:00,58.695606,47.0,-11.695606231689453
2019-06-04 00:00:00,63.449818,44.0,-19.449817657470703
2019-06-04 03:00:00,63.222443,54.0,-9.222442626953125
2019-06-04 06:00:00,67.72945,55.0,-12.729446411132812
2019-06-04 09:00:00,67.03505,34.0,-33.03504943847656
2019-06-04 12:00:00,34.556934,58.0,23.443065643310547
2019-06-04 15:00:00,31.863152,45.0,13.136848449707031
2019-06-04 18:00:00,27.128351,50.0,22.87164878845215
2019-06-04 21:00:00,25.34307,47.0,21.656930923461914
2019-06-05 00:00:00,1.7200818,42.0,40.27991819381714
2019-06-05 03:00:00,6.0315986,43.0,36.96840143203735
2019-06-05 06:00:00,8.11275,41.0,32.88724994659424
2019-06-05 09:00:00,15.754097,34.0,18.24590301513672
2019-06-05 12:00:00,60.93717,33.0,-27.93716812133789
2019-06-05 15:00:00,48.434315,39.0,-9.434314727783203
2019-06-05 18:00:00,43.994873,37.0,-6.994873046875
2019-06-05 21:00:00,42.378815,41.0,-1.378814697265625
2019-06-06 00:00:00,10.555595,41.0,30.44440460205078
2019-06-06 03:00:00,18.17125,50.0,31.828750610351562
2019-06-06 06:00:00,19.248432,56.0,36.75156784057617
2019-06-06 09:00:00,35.528927,55.0,19.471073150634766
2019-06-06 12:00:00,71.77366,45.0,-26.773658752441406
2019-06-06 15:00:00,68.85017,56.0,-12.850166320800781
2019-06-06 18:00:00,64.633865,51.0,-13.633865356445312
2019-06-06 21:00:00,53.04287,59.0,5.957130432128906
2019-06-07 00:00:00,56.35388,56.0,-0.3538818359375
2019-06-07 03:00:00,61.87145,54.0,-7.871448516845703
2019-06-07 06:00:00,70.60646,59.0,-11.606460571289062
2019-06-07 09:00:00,78.53055,57.0,-21.530548095703125
2019-06-07 12:00:00,88.85922,57.0,-31.859222412109375
2019-06-07 15:00:00,84.37132,52.0,-32.37132263183594
2019-06-07 18:00:00,74.58254,74.0,-0.5825424194335938
2019-06-08 00:00:00,50.535618,74.0,23.46438217163086
2019-06-08 03:00:00,49.891697,66.0,16.10830307006836
2019-06-08 06:00:00,50.90806,67.0,16.091941833496094
2019-06-08 09:00:00,57.94243,61.0,3.0575714111328125
2019-06-08 12:00:00,60.241917,60.0,-0.24191665649414062
2019-06-08 15:00:00,62.77594,67.0,4.22406005859375
2019-06-08 18:00:00,61.647823,66.0,4.352176666259766
2019-06-08 21:00:00,57.026794,74.0,16.97320556640625
2019-06-09 00:00:00,60.167965,56.0,-4.167964935302734
2019-06-09 03:00:00,73.07244,82.0,8.927558898925781
2019-06-09 06:00:00,88.49998,70.0,-18.499977111816406
2019-06-09 09:00:00,84.43163,60.0,-24.43163299560547
2019-06-09 12:00:00,68.18163,72.0,3.8183670043945312
2019-06-09 15:00:00,70.32145,76.0,5.678550720214844
2019-06-09 18:00:00,70.22368,74.0,3.7763214111328125
2019-06-09 21:00:00,66.319214,99.0,32.6807861328125
2019-06-10 00:00:00,42.09164,86.0,43.90835952758789
2019-06-10 03:00:00,39.77334,80.0,40.226661682128906
2019-06-10 06:00:00,39.63555,88.0,48.36444854736328
2019-06-10 09:00:00,40.06239,86.0,45.9376106262207
2019-06-10 12:00:00,56.47945,90.0,33.52054977416992
2019-06-10 15:00:00,54.584232,68.0,13.415767669677734
2019-06-10 18:00:00,52.458744,73.0,20.541255950927734
2019-06-10 21:00:00,51.52492,98.0,46.47507858276367
2019-06-11 00:00:00,69.044975,87.0,17.95502471923828
2019-06-11 03:00:00,62.39611,98.0,35.60388946533203
2019-06-11 06:00:00,56.67164,75.0,18.32836151123047
2019-06-11 09:00:00,54.659267,53.0,-1.6592674255371094
2019-06-11 12:00:00,19.89264,47.0,27.10736083984375
2019-06-11 15:00:00,17.33315,49.0,31.66684913635254
2019-06-11 18:00:00,17.790285,50.0,32.20971488952637
2019-06-11 21:00:00,22.662334,56.0,33.33766555786133
2019-06-12 00:00:00,8.763436,55.0,46.23656368255615
2019-06-12 03:00:00,24.589327,51.0,26.410673141479492
2019-06-12 06:00:00,64.50773,46.0,-18.507728576660156
2019-06-12 09:00:00,87.92813,53.0,-34.928131103515625
2019-06-12 12:00:00,86.13961,53.0,-33.139610290527344
2019-06-12 15:00:00,76.81092,44.0,-32.81092071533203
2019-06-12 18:00:00,57.451187,35.0,-22.451187133789062
2019-06-12 21:00:00,42.780357,44.0,1.2196426391601562
2019-06-13 00:00:00,47.160484,27.0,-20.160484313964844
2019-06-13 03:00:00,39.44683,25.0,-14.446830749511719
2019-06-13 06:00:00,26.845327,28.0,1.154672622680664
2019-06-13 09:00:00,23.203142,27.0,3.7968578338623047
2019-06-13 12:00:00,34.472122,22.0,-12.472122192382812
2019-06-13 15:00:00,30.56789,28.0,-2.567890167236328
2019-06-13 18:00:00,32.166782,31.0,-1.1667823791503906
2019-06-13 21:00:00,33.16768,24.0,-9.167678833007812
2019-06-14 00:00:00,94.220924,52.0,-42.220924377441406
2019-06-14 03:00:00,89.33671,34.0,-55.336708068847656
2019-06-14 06:00:00,85.38405,32.0,-53.38404846191406
2019-06-14 09:00:00,74.68964,28.0,-46.68963623046875
2019-06-14 12:00:00,98.93472,39.0,-59.934722900390625
2019-06-14 15:00:00,77.51533,36.0,-41.51532745361328
2019-06-14 18:00:00,52.44101,26.0,-26.441009521484375
2019-06-14 21:00:00,36.45232,24.0,-12.452320098876953
2019-06-15 00:00:00,4.7652974,23.0,18.234702587127686
2019-06-15 03:00:00,9.952714,30.0,20.04728603363037
2019-06-15 06:00:00,16.89682,33.0,16.103179931640625
2019-06-15 09:00:00,25.285543,35.0,9.714456558227539
2019-06-15 12:00:00,30.203978,36.0,5.796022415161133
2019-06-15 15:00:00,33.55535,34.0,0.44464874267578125
2019-06-15 18:00:00,36.643543,28.0,-8.643543243408203
2019-06-15 21:00:00,38.09032,36.0,-2.090320587158203
2019-06-16 00:00:00,81.09168,30.0,-51.09168243408203
2019-06-16 03:00:00,81.73481,40.0,-41.73480987548828
2019-06-16 06:00:00,82.13874,35.0,-47.13874053955078
2019-06-16 09:00:00,76.844795,45.0,-31.84479522705078
2019-06-16 12:00:00,81.56121,53.0,-28.56121063232422
2019-06-16 15:00:00,68.89036,51.0,-17.890357971191406
2019-06-16 18:00:00,59.264267,55.0,-4.2642669677734375
2019-06-16 21:00:00,55.49532,57.0,1.5046806335449219
2019-06-17 00:00:00,14.6919775,60.0,45.30802249908447
2019-06-17 03:00:00,20.185553,56.0,35.8144474029541
2019-06-17 06:00:00,26.009275,54.0,27.990724563598633
2019-06-17 09:00:00,35.840458,48.0,12.159542083740234
2019-06-17 12:00:00,47.55543,56.0,8.444568634033203
2019-06-17 15:00:00,51.00037,39.0,-12.000370025634766
2019-06-17 18:00:00,50.48173,25.0,-25.481731414794922
2019-06-17 21:00:00,46.34103,22.0,-24.34103012084961
2019-06-18 00:00:00,92.50596,22.0,-70.5059585571289
2019-06-18 03:00:00,88.28192,23.0,-65.28192138671875
2019-06-18 06:00:00,72.04767,26.0,-46.04766845703125
2019-06-18 09:00:00,55.976215,24.0,-31.976215362548828
2019-06-18 12:00:00,45.073647,23.0,-22.073646545410156
2019-06-18 15:00:00,37.242218,25.0,-12.242218017578125
2019-06-18 18:00:00,39.52073,21.0,-18.520729064941406
2019-06-18 21:00:00,40.409306,22.0,-18.409305572509766
2019-06-19 00:00:00,17.54165,26.0,8.458349227905273
2019-06-19 03:00:00,36.702885,24.0,-12.702884674072266
2019-06-19 06:00:00,49.247547,26.0,-23.247547149658203
2019-06-19 09:00:00,44.4781,29.0,-15.478099822998047
2019-06-19 12:00:00,47.79622,35.0,-12.796218872070312
2019-06-19 15:00:00,53.22431,25.0,-28.22431182861328
2019-06-19 18:00:00,64.19282,27.0,-37.19281768798828
2019-06-19 21:00:00,75.98328,30.0,-45.9832763671875
2019-06-20 00:00:00,86.93359,30.0,-56.93359375
2019-06-20 03:00:00,71.24606,25.0,-46.246063232421875
2019-06-20 06:00:00,57.99586,27.0,-30.995861053466797
2019-06-20 09:00:00,39.71752,42.0,2.2824783325195312
2019-06-20 12:00:00,40.716713,33.0,-7.716712951660156
2019-06-20 15:00:00,42.76512,24.0,-18.765121459960938
2019-06-20 18:00:00,47.06294,46.0,-1.0629386901855469
2019-06-20 21:00:00,50.253674,37.0,-13.253673553466797
2019-06-21 00:00:00,39.5205,31.0,-8.520500183105469
2019-06-21 03:00:00,64.8522,27.0,-37.852203369140625
2019-06-21 06:00:00,80.547806,25.0,-55.54780578613281
2019-06-21 09:00:00,62.947834,28.0,-34.94783401489258
2019-06-21 12:00:00,51.99604,39.0,-12.996040344238281
2019-06-21 15:00:00,47.35557,26.0,-21.355571746826172
2019-06-21 18:00:00,46.44653,24.0,-22.446529388427734
2019-06-21 21:00:00,49.693882,28.0,-21.69388198852539
2019-06-22 00:00:00,54.70315,29.0,-25.70315170288086
2019-06-22 03:00:00,60.279602,37.0,-23.27960205078125
2019-06-22 06:00:00,43.76841,28.0,-15.768409729003906
2019-06-22 09:00:00,31.443277,39.0,7.556722640991211
2019-06-22 12:00:00,30.002298,45.0,14.997701644897461
2019-06-23 12:00:00,60.865887,63.0,2.134113311767578
2019-06-23 15:00:00,49.181835,52.0,2.818164825439453
2019-06-23 18:00:00,42.110516,55.0,12.889484405517578
2019-06-23 21:00:00,45.79215,50.0,4.207851409912109
2019-06-24 00:00:00,45.26771,47.0,1.7322883605957031
2019-06-24 03:00:00,49.66887,43.0,-6.6688690185546875
2019-06-24 06:00:00,54.101067,61.0,6.898933410644531
2019-06-24 09:00:00,62.105186,72.0,9.894813537597656
2019-06-24 12:00:00,65.851395,66.0,0.1486053466796875
2019-06-24 15:00:00,62.13418,65.0,2.8658218383789062
2019-06-24 18:00:00,56.152657,57.0,0.8473434448242188
2019-06-24 21:00:00,50.159996,58.0,7.840003967285156
2019-06-25 00:00:00,91.028145,54.0,-37.02814483642578
2019-06-25 03:00:00,84.418045,52.0,-32.41804504394531
2019-06-25 06:00:00,77.827736,56.0,-21.827735900878906
2019-06-25 09:00:00,64.22755,44.0,-20.22754669189453
2019-06-25 12:00:00,35.502354,43.0,7.497646331787109
2019-06-25 15:00:00,34.74554,61.0,26.254459381103516
2019-06-25 18:00:00,39.414543,45.0,5.585456848144531
2019-06-25 21:00:00,41.83903,50.0,8.160968780517578
2019-06-26 00:00:00,11.27205,44.0,32.72795009613037
2019-06-26 03:00:00,14.638545,31.0,16.361454963684082
2019-06-26 06:00:00,9.941118,36.0,26.058881759643555
2019-06-26 09:00:00,15.400133,36.0,20.59986686706543
2019-06-26 12:00:00,46.22109,42.0,-4.221088409423828
2019-06-26 15:00:00,47.63933,55.0,7.360668182373047
2019-06-26 18:00:00,44.915623,54.0,9.08437728881836
2019-06-26 21:00:00,46.131165,59.0,12.86883544921875
2019-06-27 00:00:00,73.61933,49.0,-24.61933135986328
2019-06-27 06:00:00,108.479866,44.0,-64.47986602783203
2019-06-27 09:00:00,93.42921,46.0,-47.42920684814453
2019-06-27 12:00:00,64.94815,58.0,-6.948150634765625
2019-06-27 15:00:00,69.97129,50.0,-19.971290588378906
2019-06-27 18:00:00,69.09045,72.0,2.9095535278320312
2019-06-27 21:00:00,56.71882,68.0,11.281181335449219
2019-06-28 00:00:00,35.664925,64.0,28.33507537841797
2019-06-28 03:00:00,58.850674,56.0,-2.8506736755371094
2019-06-28 06:00:00,82.868385,54.0,-28.868385314941406
2019-06-28 09:00:00,79.63831,50.0,-29.63831329345703
2019-06-28 12:00:00,114.71821,72.0,-42.71820831298828
2019-06-28 15:00:00,106.46136,71.0,-35.46135711669922
2019-06-28 18:00:00,95.44374,72.0,-23.443740844726562
2019-06-28 21:00:00,84.374275,72.0,-12.374275207519531
2019-06-29 00:00:00,66.94063,69.0,2.0593719482421875
2019-06-29 03:00:00,74.04412,87.0,12.955879211425781
2019-06-29 06:00:00,80.025185,69.0,-11.025184631347656
2019-06-29 09:00:00,79.488014,58.0,-21.488014221191406
2019-06-29 12:00:00,43.053886,45.0,1.9461135864257812
2019-06-29 15:00:00,44.326042,41.0,-3.3260421752929688
2019-06-29 18:00:00,42.806503,36.0,-6.8065032958984375
2019-06-29 21:00:00,43.023647,56.0,12.97635269165039
2019-06-30 00:00:00,46.34967,52.0,5.65032958984375
2019-06-30 03:00:00,51.2141,76.0,24.785900115966797
2019-06-30 06:00:00,65.60378,38.0,-27.603782653808594
2019-06-30 09:00:00,71.3369,43.0,-28.336898803710938
2019-06-30 12:00:00,76.410515,43.0,-33.41051483154297
2019-06-30 15:00:00,67.90833,46.0,-21.90833282470703
2019-06-30 18:00:00,57.430496,37.0,-20.430496215820312
2019-06-30 21:00:00,53.281837,25.0,-28.281837463378906
2019-07-01 00:00:00,35.972446,40.0,4.027553558349609
2019-07-01 03:00:00,43.015915,60.0,16.984085083007812
2019-07-01 06:00:00,36.97039,43.0,6.029609680175781
2019-07-01 09:00:00,27.448778,32.0,4.55122184753418
2019-07-01 12:00:00,28.391468,29.0,0.6085319519042969
2019-07-01 15:00:00,27.820078,23.0,-4.820077896118164
2019-07-01 18:00:00,31.565605,22.0,-9.565605163574219
2019-07-01 21:00:00,43.98521,32.0,-11.985210418701172
2019-07-02 00:00:00,87.226456,31.0,-56.22645568847656
2019-07-02 06:00:00,59.361923,29.0,-30.361923217773438
2019-07-02 15:00:00,44.962234,31.0,-13.962234497070312
2019-07-02 18:00:00,47.204823,34.0,-13.204822540283203
2019-07-03 00:00:00,93.03926,29.0,-64.03926086425781
2019-07-03 03:00:00,73.53424,34.0,-39.53424072265625
2019-07-03 06:00:00,47.786217,37.0,-10.786216735839844
2019-07-03 09:00:00,33.742596,41.0,7.257404327392578
2019-07-03 12:00:00,33.20247,31.0,-2.2024688720703125
2019-07-03 15:00:00,29.19205,37.0,7.807949066162109
2019-07-03 18:00:00,29.860302,55.0,25.139698028564453
2019-07-03 21:00:00,33.142895,46.0,12.857105255126953
2019-07-04 00:00:00,43.496586,33.0,-10.496585845947266
2019-07-04 03:00:00,54.911537,46.0,-8.911537170410156
2019-07-04 06:00:00,58.851925,26.0,-32.851924896240234
2019-07-04 09:00:00,51.394295,33.0,-18.39429473876953
2019-07-04 12:00:00,31.21454,29.0,-2.214540481567383
2019-07-04 15:00:00,33.546486,34.0,0.45351409912109375
2019-07-04 18:00:00,34.27181,30.0,-4.271808624267578
2019-07-04 21:00:00,37.70765,28.0,-9.707649230957031
2019-07-05 00:00:00,47.25507,24.0,-23.255069732666016
2019-07-05 03:00:00,62.143955,30.0,-32.14395523071289
2019-07-05 06:00:00,58.38808,37.0,-21.388080596923828
2019-07-05 09:00:00,46.694595,34.0,-12.694595336914062
2019-07-05 12:00:00,36.482105,20.0,-16.482105255126953
2019-07-05 15:00:00,44.591618,25.0,-19.591617584228516
2019-07-05 18:00:00,52.25377,25.0,-27.253768920898438
2019-07-05 21:00:00,71.34077,28.0,-43.34076690673828
2019-07-06 03:00:00,105.66652,45.0,-60.66651916503906
2019-07-06 06:00:00,92.34737,41.0,-51.34736633300781
2019-07-06 12:00:00,56.72746,53.0,-3.727458953857422
2019-07-06 15:00:00,45.187336,42.0,-3.187335968017578
2019-07-06 18:00:00,47.316917,47.0,-0.31691741943359375
2019-07-06 21:00:00,71.25936,55.0,-16.259361267089844
2019-07-07 00:00:00,105.23559,58.0,-47.23558807373047
2019-07-07 03:00:00,103.99447,70.0,-33.994468688964844
2019-07-07 06:00:00,94.641106,44.0,-50.64110565185547
2019-07-07 09:00:00,76.69223,41.0,-35.692230224609375
2019-07-07 12:00:00,82.04756,35.0,-47.04756164550781
2019-07-07 15:00:00,68.86967,28.0,-40.869667053222656
2019-07-07 18:00:00,61.599396,34.0,-27.599395751953125
2019-07-07 21:00:00,58.47687,31.0,-27.476871490478516
2019-07-08 00:00:00,36.29009,37.0,0.7099113464355469
2019-07-08 03:00:00,41.85256,32.0,-9.852558135986328
2019-07-08 06:00:00,41.270027,30.0,-11.270027160644531
2019-07-08 09:00:00,38.32679,31.0,-7.326789855957031
2019-07-08 12:00:00,29.275497,33.0,3.7245025634765625
2019-07-08 15:00:00,27.868963,29.0,1.1310367584228516
2019-07-08 18:00:00,31.728632,29.0,-2.7286319732666016
2019-07-08 21:00:00,35.28612,27.0,-8.286121368408203
2019-07-09 00:00:00,80.60772,29.0,-51.60771942138672
2019-07-09 03:00:00,94.70864,35.0,-59.708641052246094
2019-07-09 06:00:00,87.78272,28.0,-59.78272247314453
2019-07-09 09:00:00,63.086872,27.0,-36.08687210083008
2019-07-09 12:00:00,60.937508,37.0,-23.93750762939453
2019-07-09 15:00:00,51.9301,45.0,-6.9300994873046875
2019-07-09 18:00:00,45.37469,29.0,-16.374691009521484
2019-07-09 21:00:00,47.77098,22.0,-25.770980834960938
2019-07-10 00:00:00,33.21975,27.0,-6.219749450683594
2019-07-10 03:00:00,71.003456,32.0,-39.003456115722656
2019-07-10 06:00:00,85.09301,32.0,-53.09300994873047
2019-07-10 09:00:00,66.07229,25.0,-41.072288513183594
2019-07-10 12:00:00,57.523266,18.0,-39.52326583862305
2019-07-10 15:00:00,56.572845,26.0,-30.572845458984375
2019-07-10 18:00:00,56.00623,43.0,-13.006229400634766
2019-07-10 21:00:00,54.974636,36.0,-18.97463607788086
2019-07-11 00:00:00,109.23827,34.0,-75.23827362060547
2019-07-11 03:00:00,128.75523,45.0,-83.75523376464844
2019-07-11 06:00:00,125.50732,21.0,-104.50731658935547
2019-07-11 09:00:00,106.99682,29.0,-77.99681854248047
2019-07-11 12:00:00,68.05681,37.0,-31.056808471679688
2019-07-11 15:00:00,69.1698,41.0,-28.1697998046875
2019-07-11 18:00:00,77.06649,36.0,-41.066490173339844
2019-07-11 21:00:00,89.458466,38.0,-51.458465576171875
2019-07-12 00:00:00,42.19453,49.0,6.805469512939453
2019-07-12 03:00:00,61.390095,38.0,-23.390094757080078
2019-07-12 06:00:00,77.61878,32.0,-45.61878204345703
2019-07-12 09:00:00,58.548607,46.0,-12.548606872558594
2019-07-12 12:00:00,71.882935,42.0,-29.8829345703125
2019-07-12 15:00:00,63.130756,36.0,-27.130756378173828
2019-07-12 18:00:00,59.937973,34.0,-25.937973022460938
2019-07-12 21:00:00,59.52188,35.0,-24.521881103515625
2019-07-13 00:00:00,84.13326,31.0,-53.133262634277344
2019-07-13 03:00:00,88.937614,29.0,-59.93761444091797
2019-07-13 06:00:00,75.68559,32.0,-43.68559265136719
2019-07-13 09:00:00,63.610626,35.0,-28.610626220703125
2019-07-13 12:00:00,59.768127,41.0,-18.76812744140625
2019-07-13 15:00:00,54.1977,33.0,-21.19770050048828
2019-07-13 18:00:00,55.965073,51.0,-4.9650726318359375
2019-07-13 21:00:00,62.118942,45.0,-17.118942260742188
2019-07-14 00:00:00,45.218487,39.0,-6.218486785888672
2019-07-14 03:00:00,52.349945,36.0,-16.349945068359375
2019-07-14 06:00:00,48.126934,32.0,-16.126934051513672
2019-07-14 09:00:00,46.261562,28.0,-18.26156234741211
2019-07-14 12:00:00,63.410538,27.0,-36.41053771972656
2019-07-14 15:00:00,60.204227,25.0,-35.204227447509766
2019-07-14 18:00:00,54.89778,16.0,-38.89778137207031
2019-07-14 21:00:00,54.02103,24.0,-30.02103042602539
2019-07-15 00:00:00,55.06615,33.0,-22.066150665283203
2019-07-15 03:00:00,70.22254,29.0,-41.22254180908203
2019-07-15 06:00:00,51.48013,33.0,-18.48012924194336
2019-07-15 09:00:00,33.214066,35.0,1.7859344482421875
2019-07-15 12:00:00,40.247074,32.0,-8.247074127197266
2019-07-15 15:00:00,45.21007,32.0,-13.210071563720703
2019-07-15 18:00:00,51.066875,52.0,0.9331245422363281
2019-07-15 21:00:00,66.773964,35.0,-31.773963928222656
2019-07-16 00:00:00,80.374886,30.0,-50.37488555908203
2019-07-16 03:00:00,112.638535,35.0,-77.63853454589844
2019-07-16 06:00:00,100.26508,24.0,-76.26508331298828
2019-07-16 09:00:00,73.113594,27.0,-46.11359405517578
2019-07-16 12:00:00,50.504013,27.0,-23.504013061523438
2019-07-16 15:00:00,50.617928,54.0,3.3820724487304688
2019-07-16 18:00:00,64.75829,30.0,-34.75829315185547
2019-07-16 21:00:00,99.88207,32.0,-67.88207244873047
2019-07-17 00:00:00,96.91177,24.0,-72.91177368164062
2019-07-17 03:00:00,66.659935,33.0,-33.659934997558594
2019-07-17 06:00:00,48.8443,31.0,-17.84429931640625
2019-07-17 09:00:00,51.28436,31.0,-20.284358978271484
2019-07-17 12:00:00,75.883804,41.0,-34.88380432128906
2019-07-17 15:00:00,75.38961,36.0,-39.389610290527344
2019-07-17 18:00:00,73.69317,28.0,-45.69316864013672
2019-07-17 21:00:00,78.174255,30.0,-48.17425537109375
2019-07-18 00:00:00,106.96578,37.0,-69.96578216552734
2019-07-18 03:00:00,118.83242,46.0,-72.8324203491211
2019-07-18 06:00:00,110.61639,42.0,-68.61638641357422
2019-07-18 09:00:00,84.360405,36.0,-48.36040496826172
2019-07-18 12:00:00,63.385643,22.0,-41.385643005371094
2019-07-18 15:00:00,61.833817,26.0,-35.83381652832031
2019-07-18 18:00:00,59.947525,28.0,-31.947525024414062
2019-07-18 21:00:00,58.003933,44.0,-14.00393295288086
2019-07-19 00:00:00,51.650204,37.0,-14.650203704833984
2019-07-19 03:00:00,74.36858,33.0,-41.36858367919922
2019-07-19 06:00:00,63.07721,41.0,-22.07720947265625
2019-07-19 09:00:00,42.138935,38.0,-4.138935089111328
2019-07-19 12:00:00,42.31697,47.0,4.6830291748046875
2019-07-19 15:00:00,49.2887,40.0,-9.288700103759766
2019-07-19 18:00:00,56.120144,37.0,-19.12014389038086
2019-07-19 21:00:00,65.954056,32.0,-33.95405578613281
2019-07-20 00:00:00,113.85236,32.0,-81.85236358642578
2019-07-20 03:00:00,117.0244,44.0,-73.02439880371094
2019-07-20 06:00:00,80.853966,34.0,-46.853965759277344
2019-07-20 09:00:00,61.389416,35.0,-26.389415740966797
2019-07-20 12:00:00,25.346025,40.0,14.653974533081055
2019-07-20 15:00:00,24.286692,40.0,15.713308334350586
2019-07-20 18:00:00,28.003569,28.0,-0.0035686492919921875
2019-07-20 21:00:00,34.44802,43.0,8.551979064941406
2019-07-21 00:00:00,0.0,38.0,38.0
2019-07-21 03:00:00,19.140089,48.0,28.85991096496582
2019-07-21 06:00:00,69.47198,40.0,-29.47197723388672
2019-07-21 09:00:00,83.70966,37.0,-46.70966339111328
2019-07-21 12:00:00,91.09363,32.0,-59.0936279296875
2019-07-21 15:00:00,87.29444,38.0,-49.29444122314453
2019-07-21 18:00:00,79.68629,43.0,-36.68628692626953
2019-07-21 21:00:00,73.38804,57.0,-16.388038635253906
2019-07-22 00:00:00,90.839424,57.0,-33.83942413330078
2019-07-22 03:00:00,85.59414,63.0,-22.594139099121094
2019-07-22 06:00:00,96.307755,48.0,-48.30775451660156
2019-07-22 09:00:00,96.639725,152.0,55.36027526855469
2019-07-22 12:00:00,96.94009,43.0,-53.940086364746094
2019-07-22 15:00:00,87.8299,45.0,-42.82990264892578
2019-07-22 18:00:00,78.64173,42.0,-36.64173126220703
2019-07-24 00:00:00,43.258297,63.0,19.741703033447266
2019-07-24 03:00:00,42.394276,76.0,33.6057243347168
2019-07-24 06:00:00,47.919228,72.0,24.080772399902344
2019-07-24 09:00:00,55.8141,77.0,21.185901641845703
2019-07-24 12:00:00,33.18837,69.0,35.81163024902344
2019-07-24 15:00:00,48.696167,75.0,26.3038330078125
2019-07-24 18:00:00,55.04535,72.0,16.95465087890625
2019-07-24 21:00:00,58.078968,54.0,-4.078968048095703
2019-07-25 00:00:00,116.73137,51.0,-65.73136901855469
2019-07-25 03:00:00,107.743286,46.0,-61.7432861328125
2019-07-25 06:00:00,105.45477,47.0,-58.45477294921875
2019-07-25 09:00:00,104.33928,80.0,-24.339279174804688
2019-07-25 12:00:00,105.58233,85.0,-20.58232879638672
2019-07-25 15:00:00,110.19165,77.0,-33.191650390625
2019-07-25 18:00:00,111.79509,77.0,-34.79508972167969
2019-07-25 21:00:00,106.80697,74.0,-32.806968688964844
2019-07-26 00:00:00,49.508343,74.0,24.491657257080078
2019-07-26 03:00:00,32.830257,62.0,29.169742584228516
2019-07-26 06:00:00,31.79764,36.0,4.202360153198242
2019-07-26 09:00:00,34.383675,25.0,-9.383674621582031
2019-07-26 12:00:00,33.482594,28.0,-5.482593536376953
2019-07-26 15:00:00,39.22196,40.0,0.7780418395996094
2019-07-26 18:00:00,48.188667,54.0,5.811332702636719
2019-07-26 21:00:00,60.190815,63.0,2.809185028076172
2019-07-27 00:00:00,138.40804,78.0,-60.40803527832031
2019-07-27 03:00:00,125.53915,128.0,2.4608535766601562
2019-07-27 06:00:00,102.097946,64.0,-38.09794616699219
2019-07-27 09:00:00,70.14762,44.0,-26.147621154785156
2019-07-27 12:00:00,41.88837,36.0,-5.888370513916016
2019-07-27 15:00:00,26.242788,51.0,24.757211685180664
2019-07-27 18:00:00,21.326513,56.0,34.67348670959473
2019-07-27 21:00:00,21.133928,48.0,26.866071701049805
2019-07-28 00:00:00,0.05275069,66.0,65.94724930822849
2019-07-28 03:00:00,2.1973393,78.0,75.80266070365906
2019-07-28 06:00:00,8.385541,89.0,80.61445903778076
2019-07-28 09:00:00,21.240112,68.0,46.7598876953125
2019-07-28 12:00:00,77.821365,65.0,-12.821365356445312
2019-07-28 15:00:00,88.413795,60.0,-28.413795471191406
2019-07-28 18:00:00,82.20923,60.0,-22.209228515625
2019-07-28 21:00:00,71.48264,58.0,-13.482643127441406
2019-07-29 00:00:00,125.68535,58.0,-67.68534851074219
2019-07-29 03:00:00,109.577515,59.0,-50.5775146484375
2019-07-29 06:00:00,102.1383,76.0,-26.13829803466797
2019-07-29 09:00:00,94.19409,76.0,-18.194091796875
2019-07-29 12:00:00,80.512794,77.0,-3.5127944946289062
2019-07-29 15:00:00,71.41444,69.0,-2.4144363403320312
2019-07-29 18:00:00,62.15987,60.0,-2.159870147705078
2019-07-29 21:00:00,57.485523,43.0,-14.485523223876953
2019-07-30 00:00:00,93.95763,46.0,-47.95762634277344
2019-07-30 03:00:00,102.15467,58.0,-44.15467071533203
2019-07-30 06:00:00,100.74791,48.0,-52.74790954589844
2019-07-30 09:00:00,86.51943,35.0,-51.519432067871094
2019-07-30 12:00:00,79.672874,35.0,-44.672874450683594
2019-07-30 15:00:00,74.16111,57.0,-17.161109924316406
2019-07-30 18:00:00,63.670086,48.0,-15.670085906982422
2019-07-30 21:00:00,52.67293,61.0,8.327068328857422
2019-07-31 00:00:00,31.343006,51.0,19.656993865966797
2019-07-31 03:00:00,39.90317,62.0,22.09682846069336
2019-07-31 06:00:00,47.495403,41.0,-6.495403289794922
2019-07-31 09:00:00,51.165215,40.0,-11.165214538574219
2019-07-31 12:00:00,40.283794,38.0,-2.283794403076172
2019-07-31 15:00:00,36.346138,45.0,8.653861999511719
2019-07-31 18:00:00,31.82754,44.0,12.172460556030273
2019-07-31 21:00:00,32.73317,48.0,15.266830444335938
2019-08-01 03:00:00,115.90851,70.0,-45.90850830078125
2019-08-01 06:00:00,130.00136,42.0,-88.00135803222656
2019-08-01 09:00:00,148.53868,222.0,73.46131896972656
2019-08-01 12:00:00,168.72423,24.0,-144.72422790527344
2019-08-01 15:00:00,180.2548,42.0,-138.2548065185547
2019-08-01 18:00:00,236.06639,57.0,-179.06639099121094
2019-08-01 21:00:00,278.62552,75.0,-203.62551879882812
2019-08-02 00:00:00,157.24596,61.0,-96.24595642089844
2019-08-02 03:00:00,157.32803,56.0,-101.32803344726562
2019-08-02 06:00:00,132.2619,39.0,-93.26190185546875
2019-08-02 09:00:00,125.56165,39.0,-86.56165313720703
2019-08-02 12:00:00,158.21115,46.0,-112.21115112304688
2019-08-02 15:00:00,179.96785,46.0,-133.9678497314453
2019-08-02 18:00:00,200.93011,50.0,-150.93011474609375
2019-08-02 21:00:00,173.28534,49.0,-124.28533935546875
2019-08-03 00:00:00,157.39511,60.0,-97.39511108398438
2019-08-03 03:00:00,143.21222,57.0,-86.21221923828125
2019-08-03 06:00:00,162.42882,34.0,-128.42881774902344
2019-08-03 09:00:00,183.48795,36.0,-147.48794555664062
2019-08-03 12:00:00,175.56784,42.0,-133.56784057617188
2019-08-03 15:00:00,175.1888,50.0,-125.18879699707031
2019-08-03 18:00:00,145.46413,43.0,-102.46412658691406
2019-08-03 21:00:00,169.66374,43.0,-126.66374206542969
2019-08-04 00:00:00,138.2432,48.0,-90.24319458007812
2019-08-04 03:00:00,102.67576,28.0,-74.6757583618164
2019-08-04 06:00:00,101.092896,34.0,-67.0928955078125
2019-08-04 09:00:00,104.69182,37.0,-67.69181823730469
2019-08-04 12:00:00,97.85913,34.0,-63.859130859375
2019-08-04 15:00:00,123.95139,48.0,-75.9513931274414
2019-08-04 18:00:00,145.40637,43.0,-102.4063720703125
2019-08-04 21:00:00,188.164,51.0,-137.16400146484375
2019-08-05 00:00:00,200.79688,44.0,-156.796875
2019-08-05 03:00:00,147.50764,46.0,-101.50764465332031
2019-08-05 06:00:00,116.27719,48.0,-68.27719116210938
2019-08-05 09:00:00,120.236565,29.0,-91.23656463623047
2019-08-05 12:00:00,129.87083,32.0,-97.87083435058594
2019-08-05 15:00:00,144.32271,34.0,-110.32270812988281
2019-08-05 18:00:00,138.34097,53.0,-85.34097290039062
2019-08-05 21:00:00,201.21251,48.0,-153.21250915527344
2019-08-06 00:00:00,37.00029,35.0,-2.0002899169921875
2019-08-06 03:00:00,53.734653,41.0,-12.73465347290039
2019-08-06 06:00:00,83.08121,43.0,-40.081207275390625
2019-08-06 09:00:00,69.75165,37.0,-32.75164794921875
2019-08-06 12:00:00,66.13368,34.0,-32.13368225097656
2019-08-07 03:00:00,160.8737,34.0,-126.87370300292969
2019-08-07 06:00:00,149.07732,40.0,-109.07731628417969
2019-08-07 09:00:00,117.342094,44.0,-73.34209442138672
2019-08-07 12:00:00,116.02106,49.0,-67.02105712890625
2019-08-07 15:00:00,93.618835,48.0,-45.61883544921875
2019-08-07 18:00:00,81.95639,74.0,-7.956390380859375
2019-08-07 21:00:00,94.65384,79.0,-15.653839111328125
2019-08-08 00:00:00,131.46518,54.0,-77.46517944335938
2019-08-08 03:00:00,170.91066,39.0,-131.91065979003906
2019-08-08 06:00:00,191.96739,34.0,-157.96739196777344
2019-08-08 09:00:00,165.6806,48.0,-117.68060302734375
2019-08-08 12:00:00,118.08197,42.0,-76.08197021484375
2019-08-08 15:00:00,108.985435,158.0,49.014564514160156
2019-08-08 18:00:00,116.3412,132.0,15.658798217773438
2019-08-08 21:00:00,145.62283,79.0,-66.62283325195312
2019-08-09 00:00:00,153.98973,101.0,-52.98973083496094
2019-08-09 03:00:00,157.7182,67.0,-90.71820068359375
2019-08-09 06:00:00,133.30487,29.0,-104.30487060546875
2019-08-09 09:00:00,104.07757,32.0,-72.07756805419922
2019-08-09 12:00:00,105.62099,29.0,-76.62098693847656
2019-08-09 15:00:00,102.34953,35.0,-67.34953308105469
2019-08-09 18:00:00,93.6061,24.0,-69.6061019897461
2019-08-09 21:00:00,96.05128,27.0,-69.05127716064453
2019-08-10 00:00:00,101.23381,35.0,-66.23381042480469
2019-08-10 03:00:00,132.56999,53.0,-79.56999206542969
2019-08-10 06:00:00,119.08651,30.0,-89.08650970458984
2019-08-10 09:00:00,86.64824,39.0,-47.64823913574219
2019-08-10 12:00:00,90.55122,28.0,-62.55122375488281
2019-08-10 15:00:00,78.846146,25.0,-53.84614562988281
2019-08-10 18:00:00,73.50627,28.0,-45.50627136230469
2019-08-10 21:00:00,82.151474,24.0,-58.15147399902344
2019-08-11 00:00:00,96.0556,29.0,-67.05560302734375
2019-08-11 03:00:00,110.80203,26.0,-84.80203247070312
2019-08-11 06:00:00,96.086754,20.0,-76.08675384521484
2019-08-11 09:00:00,67.407425,49.0,-18.407424926757812
2019-08-11 12:00:00,75.13586,41.0,-34.13585662841797
2019-08-11 15:00:00,68.59978,28.0,-40.59977722167969
2019-08-11 18:00:00,71.61611,35.0,-36.616111755371094
2019-08-11 21:00:00,91.262794,28.0,-63.262794494628906
2019-08-12 00:00:00,138.29276,21.0,-117.29275512695312
2019-08-12 03:00:00,167.08452,20.0,-147.0845184326172
2019-08-12 06:00:00,168.15898,45.0,-123.15898132324219
2019-08-12 09:00:00,134.19208,45.0,-89.19207763671875
2019-08-12 12:00:00,102.12875,24.0,-78.12875366210938
2019-08-12 15:00:00,92.42626,30.0,-62.42626190185547
2019-08-12 18:00:00,87.31377,44.0,-43.31376647949219
2019-08-12 21:00:00,84.65668,32.0,-52.65667724609375
2019-08-13 00:00:00,25.096142,35.0,9.903858184814453
2019-08-13 03:00:00,29.790726,31.0,1.2092742919921875
2019-08-13 06:00:00,42.1619,45.0,2.8381004333496094
2019-08-13 09:00:00,47.620914,54.0,6.379085540771484
2019-08-13 12:00:00,78.85683,50.0,-28.856826782226562
2019-08-13 15:00:00,74.73454,54.0,-20.734542846679688
2019-08-13 18:00:00,65.16802,51.0,-14.168022155761719
2019-08-13 21:00:00,59.034847,54.0,-5.034847259521484
2019-08-14 00:00:00,86.92041,62.0,-24.92041015625
2019-08-14 03:00:00,83.646,69.0,-14.646003723144531
2019-08-14 06:00:00,88.08229,66.0,-22.082290649414062
2019-08-14 09:00:00,91.92991,71.0,-20.929908752441406
2019-08-14 12:00:00,56.13174,74.0,17.86825942993164
2019-08-14 15:00:00,60.079174,59.0,-1.0791740417480469
2019-08-14 18:00:00,61.160336,55.0,-6.160335540771484
2019-08-14 21:00:00,61.042103,55.0,-6.042102813720703
2019-08-15 00:00:00,66.41517,56.0,-10.415168762207031
2019-08-15 03:00:00,64.21033,67.0,2.7896728515625
2019-08-15 06:00:00,65.13983,67.0,1.86016845703125
2019-08-15 09:00:00,68.07215,64.0,-4.072151184082031
2019-08-15 12:00:00,70.73515,54.0,-16.735153198242188
2019-08-15 15:00:00,74.27457,63.0,-11.274566650390625
2019-08-15 18:00:00,72.7614,62.0,-10.761398315429688
2019-08-15 21:00:00,69.46516,57.0,-12.465156555175781
2019-08-16 00:00:00,46.818058,53.0,6.181941986083984
2019-08-16 03:00:00,44.030685,68.0,23.969314575195312
2019-08-16 06:00:00,67.46393,84.0,16.53607177734375
2019-08-16 09:00:00,61.15897,42.0,-19.15896987915039
2019-08-16 12:00:00,68.75394,41.0,-27.753936767578125
2019-08-16 15:00:00,64.31901,48.0,-16.319007873535156
2019-08-16 18:00:00,57.46358,32.0,-25.463581085205078
2019-08-16 21:00:00,58.035084,25.0,-33.03508377075195
2019-08-17 00:00:00,68.33784,23.0,-45.33783721923828
2019-08-17 03:00:00,105.57778,17.0,-88.5777816772461
2019-08-17 06:00:00,107.75102,23.0,-84.75102233886719
2019-08-17 09:00:00,78.23974,33.0,-45.23973846435547
2019-08-17 12:00:00,74.41077,32.0,-42.4107666015625
2019-08-17 15:00:00,63.702145,24.0,-39.702144622802734
2019-08-17 18:00:00,63.939636,25.0,-38.93963623046875
2019-08-17 21:00:00,72.48934,34.0,-38.489341735839844
2019-08-18 00:00:00,61.308697,47.0,-14.308696746826172
2019-08-18 03:00:00,63.17998,43.0,-20.179981231689453
2019-08-18 06:00:00,56.636395,32.0,-24.636394500732422
2019-08-18 09:00:00,51.353424,33.0,-18.353424072265625
2019-08-18 12:00:00,68.50189,33.0,-35.50189208984375
2019-08-18 15:00:00,61.232983,33.0,-28.232982635498047
2019-08-18 18:00:00,50.079735,29.0,-21.079734802246094
2019-08-18 21:00:00,45.22326,26.0,-19.22325897216797
2019-08-19 00:00:00,63.46204,32.0,-31.462039947509766
2019-08-19 03:00:00,61.892708,41.0,-20.89270782470703
2019-08-19 06:00:00,59.873173,38.0,-21.873172760009766
2019-08-19 09:00:00,51.31733,40.0,-11.317329406738281
2019-08-19 12:00:00,59.19685,37.0,-22.196849822998047
2019-08-19 15:00:00,50.86281,41.0,-9.862808227539062
2019-08-19 18:00:00,42.92292,34.0,-8.922920227050781
2019-08-19 21:00:00,39.87907,39.0,-0.8790702819824219
2019-08-20 00:00:00,15.547358,38.0,22.4526424407959
2019-08-20 03:00:00,19.390257,40.0,20.609743118286133
2019-08-20 06:00:00,21.959637,59.0,37.04036331176758
2019-08-20 09:00:00,28.883163,57.0,28.116836547851562
2019-08-20 12:00:00,54.700535,45.0,-9.70053482055664
2019-08-20 15:00:00,56.885483,49.0,-7.8854827880859375
2019-08-20 18:00:00,54.70224,47.0,-7.702239990234375
2019-08-20 21:00:00,53.88472,57.0,3.1152801513671875
2019-08-21 00:00:00,66.708824,58.0,-8.708824157714844
2019-08-21 03:00:00,62.983303,64.0,1.0166969299316406
2019-08-21 06:00:00,73.46995,72.0,-1.4699478149414062
2019-08-21 09:00:00,68.71846,68.0,-0.7184600830078125
2019-08-21 12:00:00,49.473328,41.0,-8.47332763671875
2019-08-21 15:00:00,51.395775,71.0,19.604225158691406
2019-08-21 18:00:00,53.721577,71.0,17.278423309326172
2019-08-21 21:00:00,51.017197,74.0,22.982803344726562
2019-08-22 00:00:00,62.07051,69.0,6.9294891357421875
2019-08-22 03:00:00,62.16351,65.0,2.8364906311035156
2019-08-22 06:00:00,65.11743,56.0,-9.117431640625
2019-08-22 09:00:00,58.62398,57.0,-1.6239814758300781
2019-08-22 12:00:00,81.661255,70.0,-11.6612548828125
2019-08-22 15:00:00,76.39289,77.0,0.6071090698242188
2019-08-22 18:00:00,69.18924,82.0,12.810760498046875
2019-08-22 21:00:00,62.501385,86.0,23.498615264892578
2019-08-23 00:00:00,69.45265,86.0,16.547348022460938
2019-08-23 03:00:00,67.295784,92.0,24.70421600341797
2019-08-23 06:00:00,79.96596,93.0,13.034042358398438
2019-08-23 09:00:00,85.26376,88.0,2.736236572265625
2019-08-23 12:00:00,63.411564,93.0,29.588436126708984
2019-08-23 15:00:00,64.72607,70.0,5.273933410644531
2019-08-23 18:00:00,60.453827,54.0,-6.453826904296875
2019-08-23 21:00:00,56.82125,56.0,-0.8212509155273438
2019-08-24 00:00:00,115.34007,60.0,-55.34007263183594
2019-08-24 03:00:00,145.22562,54.0,-91.22561645507812
2019-08-24 06:00:00,154.34978,68.0,-86.34977722167969
2019-08-24 09:00:00,133.77269,61.0,-72.77268981933594
2019-08-24 12:00:00,135.37897,65.0,-70.37896728515625
2019-08-24 15:00:00,152.74168,47.0,-105.74168395996094
2019-08-24 18:00:00,113.911255,49.0,-64.9112548828125
2019-08-24 21:00:00,116.2905,53.0,-63.290496826171875
2019-08-25 00:00:00,104.998665,46.0,-58.99866485595703
2019-08-25 03:00:00,119.2243,57.0,-62.22429656982422
2019-08-25 06:00:00,126.276634,58.0,-68.2766342163086
2019-08-25 09:00:00,125.95023,62.0,-63.950233459472656
2019-08-25 12:00:00,163.66153,68.0,-95.66152954101562
2019-08-25 15:00:00,200.05246,69.0,-131.05245971679688
2019-08-25 18:00:00,188.61465,77.0,-111.61465454101562
2019-08-25 21:00:00,219.56691,64.0,-155.56690979003906
2019-08-26 00:00:00,138.60028,61.0,-77.60028076171875
2019-08-26 03:00:00,119.109924,75.0,-44.10992431640625
2019-08-26 06:00:00,97.94405,60.0,-37.944053649902344
2019-08-26 09:00:00,86.15131,60.0,-26.15131378173828
2019-08-26 12:00:00,83.23786,51.0,-32.23786163330078
2019-08-26 15:00:00,81.54177,74.0,-7.541770935058594
2019-08-26 18:00:00,72.62952,81.0,8.3704833984375
2019-08-26 21:00:00,61.233093,78.0,16.76690673828125
2019-08-27 00:00:00,33.06195,62.0,28.93804931640625
2019-08-27 03:00:00,27.194176,71.0,43.805824279785156
2019-08-27 06:00:00,26.7637,67.0,40.23629951477051
2019-08-27 09:00:00,36.530537,110.0,73.46946334838867
2019-08-27 12:00:00,72.89765,65.0,-7.897651672363281
2019-08-27 15:00:00,70.56326,82.0,11.436737060546875
2019-08-27 18:00:00,61.12896,71.0,9.871040344238281
2019-08-27 21:00:00,54.615158,77.0,22.384841918945312
2019-08-28 00:00:00,54.910744,78.0,23.089256286621094
2019-08-28 03:00:00,58.91468,81.0,22.08531951904297
2019-08-28 06:00:00,68.943054,57.0,-11.94305419921875
2019-08-28 09:00:00,73.61723,66.0,-7.6172332763671875
2019-08-28 12:00:00,41.924183,73.0,31.075817108154297
2019-08-28 15:00:00,38.275173,81.0,42.72482681274414
2019-08-28 18:00:00,33.054222,76.0,42.945777893066406
2019-08-28 21:00:00,30.762749,56.0,25.23725128173828
2019-08-29 00:00:00,19.36121,51.0,31.638790130615234
2019-08-29 03:00:00,23.866732,60.0,36.13326835632324
2019-08-29 06:00:00,24.224392,47.0,22.77560806274414
2019-08-29 09:00:00,29.476042,64.0,34.52395820617676
2019-08-29 12:00:00,51.04471,91.0,39.955291748046875
2019-08-29 15:00:00,52.480003,80.0,27.519996643066406
2019-08-29 18:00:00,45.50509,79.0,33.494911193847656
2019-08-29 21:00:00,39.46229,48.0,8.537708282470703
2019-08-30 00:00:00,23.138454,58.0,34.86154556274414
2019-08-30 03:00:00,28.12277,45.0,16.877229690551758
2019-08-30 06:00:00,35.082565,29.0,-6.0825653076171875
2019-08-30 09:00:00,36.839252,26.0,-10.839252471923828
2019-08-30 12:00:00,27.31599,39.0,11.684009552001953
2019-08-30 15:00:00,33.2866,45.0,11.713401794433594
2019-08-30 18:00:00,30.618423,43.0,12.381576538085938
2019-08-30 21:00:00,27.837358,68.0,40.162641525268555
2019-08-31 00:00:00,7.7972116,72.0,64.20278835296631
2019-08-31 03:00:00,20.86,62.0,41.13999938964844
2019-08-31 06:00:00,32.825825,51.0,18.174175262451172
2019-08-31 09:00:00,34.13237,31.0,-3.1323699951171875
2019-08-31 12:00:00,68.46051,41.0,-27.46051025390625
2019-08-31 15:00:00,56.81676,62.0,5.183238983154297
2019-08-31 18:00:00,45.04051,64.0,18.959491729736328
2019-08-31 21:00:00,41.425552,76.0,34.57444763183594
2019-09-01 00:00:00,40.96319,75.0,34.03681182861328
2019-09-01 03:00:00,40.521286,60.0,19.478713989257812
2019-09-01 06:00:00,40.19614,57.0,16.80385971069336
2019-09-01 09:00:00,40.06381,51.0,10.93619155883789
2019-09-01 12:00:00,40.274017,67.0,26.725982666015625
2019-09-01 15:00:00,47.06635,68.0,20.933650970458984
2019-09-01 18:00:00,56.57728,60.0,3.4227218627929688
2019-09-01 21:00:00,61.36156,56.0,-5.361560821533203
2019-09-02 00:00:00,76.567856,55.0,-21.567855834960938
2019-09-02 03:00:00,55.60139,38.0,-17.601390838623047
2019-09-02 06:00:00,45.73417,17.0,-28.734169006347656
2019-09-02 09:00:00,43.338333,25.0,-18.338333129882812
2019-09-02 12:00:00,65.05758,26.0,-39.057579040527344
2019-09-02 15:00:00,55.724514,21.0,-34.72451400756836
2019-09-02 18:00:00,48.553375,26.0,-22.553375244140625
2019-09-02 21:00:00,45.220078,26.0,-19.220077514648438
2019-09-03 00:00:00,10.657686,36.0,25.342313766479492
2019-09-03 03:00:00,24.546238,41.0,16.45376205444336
2019-09-03 06:00:00,34.90209,38.0,3.097911834716797
2019-09-03 09:00:00,38.16058,42.0,3.8394203186035156
2019-09-03 12:00:00,64.164,35.0,-29.16400146484375
2019-09-03 15:00:00,59.9739,37.0,-22.973899841308594
2019-09-03 18:00:00,58.613182,36.0,-22.613182067871094
2019-09-03 21:00:00,57.107628,37.0,-20.107627868652344
2019-09-04 00:00:00,85.12677,39.0,-46.12677001953125
2019-09-04 03:00:00,76.48646,43.0,-33.48645782470703
2019-09-04 06:00:00,68.310326,41.0,-27.310325622558594
2019-09-04 09:00:00,57.473473,29.0,-28.473472595214844
2019-09-04 12:00:00,60.891808,23.0,-37.891807556152344
2019-09-04 15:00:00,48.953156,17.0,-31.953155517578125
2019-09-04 18:00:00,43.288994,24.0,-19.28899383544922
2019-09-04 21:00:00,49.570248,29.0,-20.570247650146484
2019-09-05 00:00:00,34.1397,27.0,-7.139701843261719
2019-09-05 03:00:00,36.64684,27.0,-9.646839141845703
2019-09-05 06:00:00,33.54489,27.0,-6.544891357421875
2019-09-05 09:00:00,31.925537,30.0,-1.925537109375
2019-09-05 12:00:00,62.223763,36.0,-26.22376251220703
2019-09-05 15:00:00,57.299644,32.0,-25.299644470214844
2019-09-05 18:00:00,54.041836,40.0,-14.04183578491211
2019-09-05 21:00:00,50.281757,41.0,-9.281757354736328
2019-09-06 00:00:00,84.76491,37.0,-47.76490783691406
2019-09-06 03:00:00,71.86708,51.0,-20.867080688476562
2019-09-06 06:00:00,64.088,45.0,-19.087997436523438
2019-09-06 09:00:00,59.213333,41.0,-18.213333129882812
2019-09-06 12:00:00,37.19583,33.0,-4.195831298828125
2019-09-06 15:00:00,34.18245,30.0,-4.1824493408203125
2019-09-06 18:00:00,35.75002,38.0,2.249980926513672
2019-09-06 21:00:00,39.611336,29.0,-10.611335754394531
2019-09-07 00:00:00,32.74596,35.0,2.254039764404297
2019-09-07 03:00:00,41.924862,29.0,-12.924861907958984
2019-09-07 06:00:00,53.67656,32.0,-21.676559448242188
2019-09-07 09:00:00,55.429382,41.0,-14.42938232421875
2019-09-07 12:00:00,60.581215,31.0,-29.581214904785156
2019-09-07 15:00:00,57.81203,24.0,-33.81203079223633
2019-09-07 18:00:00,63.81333,21.0,-42.813331604003906
2019-09-07 21:00:00,75.93394,24.0,-51.933937072753906
2019-09-08 00:00:00,83.76276,34.0,-49.76275634765625
2019-09-08 03:00:00,82.10464,29.0,-53.104637145996094
2019-09-08 06:00:00,80.39854,30.0,-50.398536682128906
2019-09-08 09:00:00,64.718506,36.0,-28.718505859375
2019-09-08 15:00:00,31.550144,24.0,-7.550144195556641
2019-09-08 18:00:00,37.00359,26.0,-11.003589630126953
2019-09-08 21:00:00,49.152733,28.0,-21.152732849121094
2019-09-09 00:00:00,16.43366,23.0,6.566339492797852
2019-09-09 03:00:00,37.105507,39.0,1.8944931030273438
2019-09-09 06:00:00,46.44653,37.0,-9.446529388427734
2019-09-09 09:00:00,44.496574,27.0,-17.49657440185547
2019-09-09 12:00:00,48.158882,27.0,-21.15888214111328
2019-09-09 15:00:00,46.727108,26.0,-20.727108001708984
2019-09-09 18:00:00,51.394863,29.0,-22.39486312866211
2019-09-09 21:00:00,66.151184,27.0,-39.15118408203125
2019-09-10 00:00:00,86.76477,36.0,-50.7647705078125
2019-09-10 03:00:00,84.43374,58.0,-26.433738708496094
2019-09-10 06:00:00,53.128872,28.0,-25.12887191772461
2019-09-10 09:00:00,31.94009,29.0,-2.9400901794433594
2019-09-10 12:00:00,43.145973,28.0,-15.145973205566406
2019-09-10 15:00:00,36.605797,25.0,-11.605796813964844
2019-09-10 18:00:00,39.23674,21.0,-18.236740112304688
2019-09-10 21:00:00,47.1656,19.0,-28.165599822998047
2019-09-11 00:00:00,72.528336,25.0,-47.52833557128906
2019-09-11 03:00:00,55.24248,17.0,-38.24248123168945
2019-09-11 06:00:00,39.82859,21.0,-18.828590393066406
2019-09-11 09:00:00,33.182915,20.0,-13.182914733886719
2019-09-11 12:00:00,19.04732,22.0,2.9526805877685547
2019-09-11 15:00:00,18.727633,20.0,1.2723674774169922
2019-09-11 18:00:00,24.649807,27.0,2.3501930236816406
2019-09-11 21:00:00,44.770218,31.0,-13.770217895507812
2019-09-12 00:00:00,32.01501,29.0,-3.0150108337402344
2019-09-12 03:00:00,55.72133,23.0,-32.72132873535156
2019-09-12 06:00:00,41.83721,22.0,-19.83721160888672
2019-09-12 09:00:00,35.31045,20.0,-15.31045150756836
2019-09-12 12:00:00,42.980217,21.0,-21.98021697998047
2019-09-12 15:00:00,40.50548,22.0,-18.505481719970703
2019-09-12 18:00:00,45.91004,30.0,-15.910041809082031
2019-09-12 21:00:00,60.088722,33.0,-27.088722229003906
2019-09-13 00:00:00,68.82089,33.0,-35.820892333984375
2019-09-13 03:00:00,61.94955,36.0,-25.94955062866211
2019-09-13 06:00:00,42.29696,32.0,-10.296958923339844
2019-09-13 09:00:00,30.009005,35.0,4.990995407104492
2019-09-13 12:00:00,19.045046,30.0,10.954954147338867
2019-09-13 15:00:00,15.16446,27.0,11.835539817810059
2019-09-13 18:00:00,13.497811,30.0,16.502188682556152
2019-09-13 21:00:00,17.05348,22.0,4.94651985168457
2019-09-14 00:00:00,2.9533567,24.0,21.046643257141113
2019-09-14 03:00:00,15.457089,44.0,28.5429105758667
2019-09-14 06:00:00,19.988874,33.0,13.011125564575195
2019-09-14 09:00:00,22.463837,36.0,13.536163330078125
2019-09-14 12:00:00,43.44861,36.0,-7.4486083984375
2019-09-14 15:00:00,41.892918,39.0,-2.8929176330566406
2019-09-14 18:00:00,37.32271,30.0,-7.3227081298828125
2019-09-14 21:00:00,34.573986,31.0,-3.573986053466797
2019-09-15 00:00:00,57.867966,34.0,-23.867965698242188
2019-09-15 03:00:00,59.293713,41.0,-18.293712615966797
2019-09-15 06:00:00,62.831985,33.0,-29.831985473632812
2019-09-15 09:00:00,61.56654,40.0,-21.566539764404297
2019-09-15 12:00:00,31.532522,36.0,4.467477798461914
2019-09-15 15:00:00,20.204992,29.0,8.795007705688477
2019-09-15 18:00:00,17.078264,34.0,16.921735763549805
2019-09-15 21:00:00,18.570518,44.0,25.429481506347656
2019-09-16 00:00:00,8.264464,39.0,30.735535621643066
2019-09-16 03:00:00,11.568659,44.0,32.43134117126465
2019-09-16 06:00:00,8.858592,33.0,24.14140796661377
2019-09-16 09:00:00,8.957954,59.0,50.04204559326172
2019-09-16 12:00:00,32.5108,38.0,5.489200592041016
2019-09-16 15:00:00,28.460817,37.0,8.539182662963867
2019-09-16 18:00:00,28.385784,42.0,13.614215850830078
2019-09-16 21:00:00,30.167484,49.0,18.832515716552734
2019-09-17 00:00:00,43.52546,39.0,-4.525459289550781
2019-09-17 03:00:00,41.85074,37.0,-4.850738525390625
2019-09-17 06:00:00,39.815575,48.0,8.184425354003906
2019-09-17 09:00:00,30.235697,65.0,34.76430320739746
2019-09-17 12:00:00,37.444237,64.0,26.555763244628906
2019-09-17 15:00:00,40.109398,70.0,29.890602111816406
2019-09-17 18:00:00,36.95334,121.0,84.04666137695312
2019-09-17 21:00:00,38.90915,128.0,89.09085083007812
2019-09-18 00:00:00,44.80944,108.0,63.19055938720703
2019-09-18 03:00:00,48.27325,128.0,79.72674942016602
2019-09-18 06:00:00,53.51535,118.0,64.48464965820312
2019-09-18 09:00:00,56.391853,83.0,26.60814666748047
2019-09-18 12:00:00,103.76971,97.0,-6.769706726074219
2019-09-18 15:00:00,103.8386,90.0,-13.838600158691406
2019-09-18 18:00:00,92.7227,102.0,9.277297973632812
2019-09-18 21:00:00,80.73994,106.0,25.26006317138672
2019-09-19 00:00:00,67.76281,105.0,37.23719024658203
2019-09-19 03:00:00,90.629555,105.0,14.370445251464844
2019-09-19 06:00:00,102.05224,97.0,-5.052238464355469
2019-09-19 09:00:00,91.185936,130.0,38.814064025878906
2019-09-19 12:00:00,99.492584,87.0,-12.492584228515625
2019-09-19 15:00:00,91.558945,67.0,-24.558944702148438
2019-09-19 18:00:00,80.52405,114.0,33.4759521484375
2019-09-19 21:00:00,76.64426,61.0,-15.644256591796875
2019-09-20 00:00:00,65.79899,42.0,-23.798988342285156
2019-09-20 03:00:00,66.54875,48.0,-18.548751831054688
2019-09-20 06:00:00,68.75507,38.0,-30.75507354736328
2019-09-20 09:00:00,66.11214,30.0,-36.11213684082031
2019-09-20 12:00:00,63.26195,32.0,-31.261951446533203
2019-09-20 18:00:00,58.75063,44.0,-14.750629425048828
2019-09-20 21:00:00,55.019882,38.0,-17.019882202148438
2019-09-21 00:00:00,33.222477,29.0,-4.222476959228516
2019-09-21 03:00:00,36.761776,41.0,4.238224029541016
2019-09-21 06:00:00,59.178944,45.0,-14.178943634033203
2019-09-21 09:00:00,62.6934,53.0,-9.693401336669922
2019-09-21 12:00:00,40.927032,74.0,33.072967529296875
2019-09-21 15:00:00,41.029694,52.0,10.970306396484375
2019-09-21 18:00:00,35.42334,52.0,16.57666015625
2019-09-21 21:00:00,33.83013,69.0,35.16986846923828
2019-09-22 00:00:00,24.40015,60.0,35.599849700927734
2019-09-22 03:00:00,32.417686,54.0,21.582313537597656
2019-09-22 06:00:00,42.316856,52.0,9.683143615722656
2019-09-22 09:00:00,48.271885,65.0,16.72811508178711
2019-09-22 12:00:00,47.40315,62.0,14.596851348876953
2019-09-22 15:00:00,57.035664,51.0,-6.035663604736328
2019-09-22 18:00:00,56.412544,57.0,0.5874557495117188
2019-09-22 21:00:00,54.268867,65.0,10.731132507324219
2019-09-23 00:00:00,17.249931,56.0,38.75006866455078
2019-09-23 03:00:00,17.194906,73.0,55.80509376525879
2019-09-23 06:00:00,19.899858,62.0,42.100141525268555
2019-09-23 09:00:00,21.063158,52.0,30.93684196472168
2019-09-23 12:00:00,55.666077,67.0,11.33392333984375
2019-09-23 15:00:00,60.826324,69.0,8.173675537109375
2019-09-23 18:00:00,59.43025,71.0,11.569751739501953
2019-09-23 21:00:00,55.611507,55.0,-0.6115074157714844
2019-09-24 00:00:00,59.201283,72.0,12.798717498779297
2019-09-24 03:00:00,51.997177,61.0,9.002822875976562
2019-09-24 06:00:00,46.27941,90.0,43.72058868408203
2019-09-24 09:00:00,47.38922,78.0,30.61077880859375
2019-09-24 12:00:00,52.33869,70.0,17.66130828857422
2019-09-24 15:00:00,58.791557,71.0,12.208442687988281
2019-09-24 18:00:00,56.572163,58.0,1.4278373718261719
2019-09-24 21:00:00,52.004227,66.0,13.995773315429688
2019-09-25 00:00:00,30.858246,64.0,33.141754150390625
2019-09-25 03:00:00,27.585884,65.0,37.41411590576172
2019-09-25 06:00:00,30.189028,107.0,76.81097221374512
2019-09-25 09:00:00,29.611612,107.0,77.38838768005371
2019-09-25 12:00:00,74.686226,73.0,-1.6862258911132812
2019-09-25 15:00:00,77.6281,41.0,-36.62809753417969
2019-09-25 18:00:00,77.49975,133.0,55.50025177001953
2019-09-25 21:00:00,79.11808,165.0,85.88191986083984
2019-09-26 00:00:00,124.724014,140.0,15.275985717773438
2019-09-26 03:00:00,123.68628,111.0,-12.686279296875
2019-09-26 06:00:00,123.21527,97.0,-26.21527099609375
2019-09-26 09:00:00,110.74747,92.0,-18.747467041015625
2019-09-26 12:00:00,125.33326,90.0,-35.33325958251953
2019-09-26 15:00:00,123.16303,122.0,-1.1630325317382812
2019-09-26 18:00:00,109.3789,106.0,-3.3788986206054688
2019-09-26 21:00:00,94.78299,60.0,-34.782989501953125
2019-09-27 00:00:00,71.98014,49.0,-22.980140686035156
2019-09-27 03:00:00,64.69281,55.0,-9.69281005859375
2019-09-27 06:00:00,62.91765,55.0,-7.9176483154296875
2019-09-27 09:00:00,59.990498,41.0,-18.990497589111328
2019-09-27 12:00:00,53.51171,51.0,-2.5117111206054688
2019-09-27 15:00:00,61.807327,38.0,-23.807327270507812
2019-09-27 18:00:00,66.07275,61.0,-5.072746276855469
2019-09-27 21:00:00,66.574554,63.0,-3.574554443359375
2019-09-28 00:00:00,62.48047,61.0,-1.48046875
2019-09-28 03:00:00,57.626038,63.0,5.37396240234375
2019-09-28 06:00:00,47.81873,60.0,12.181270599365234
2019-09-28 09:00:00,47.601135,75.0,27.39886474609375
2019-09-28 12:00:00,75.527054,88.0,12.472946166992188
2019-09-28 15:00:00,80.61238,74.0,-6.6123809814453125
2019-09-28 18:00:00,79.23313,75.0,-4.233131408691406
2019-09-28 21:00:00,75.31889,87.0,11.681106567382812
2019-09-29 00:00:00,76.97599,94.0,17.024009704589844
2019-09-29 03:00:00,77.06876,94.0,16.931236267089844
2019-09-29 06:00:00,85.24739,89.0,3.7526092529296875
2019-09-29 09:00:00,77.31944,84.0,6.6805572509765625
2019-09-29 12:00:00,63.161396,84.0,20.838603973388672
2019-09-29 15:00:00,65.863335,64.0,-1.8633346557617188
2019-09-29 18:00:00,63.57186,59.0,-4.571861267089844
2019-09-29 21:00:00,61.376797,62.0,0.6232032775878906
2019-10-01 15:00:00,80.09681,84.0,3.9031906127929688
2019-10-01 18:00:00,84.37246,94.0,9.627540588378906
2019-10-01 21:00:00,78.67084,95.0,16.32916259765625
2019-10-02 00:00:00,62.429764,94.0,31.570236206054688
2019-10-02 03:00:00,53.925873,84.0,30.074127197265625
2019-10-02 06:00:00,47.806454,60.0,12.193546295166016
2019-10-02 09:00:00,40.305622,71.0,30.694377899169922
2019-10-02 12:00:00,92.37215,64.0,-28.372146606445312
2019-10-02 15:00:00,87.63686,90.0,2.3631362915039062
2019-10-02 18:00:00,76.15165,95.0,18.848350524902344
2019-10-02 21:00:00,66.30183,105.0,38.69817352294922
2019-10-03 00:00:00,60.02608,108.0,47.97391891479492
2019-10-03 03:00:00,58.081867,90.0,31.918132781982422
2019-10-03 06:00:00,62.85836,79.0,16.141639709472656
2019-10-03 09:00:00,58.33141,47.0,-11.331409454345703
2019-10-03 12:00:00,62.195797,60.0,-2.1957969665527344
2019-10-03 15:00:00,61.59672,83.0,21.403278350830078
2019-10-03 18:00:00,56.63776,78.0,21.362239837646484
2019-10-03 21:00:00,52.486713,70.0,17.513286590576172
2019-10-04 00:00:00,55.336727,73.0,17.663272857666016
2019-10-04 03:00:00,56.61366,81.0,24.386341094970703
2019-10-04 06:00:00,56.940166,77.0,20.059833526611328
2019-10-04 09:00:00,54.528526,71.0,16.471473693847656
2019-10-04 12:00:00,62.781567,63.0,0.21843338012695312
2019-10-04 15:00:00,67.14015,93.0,25.859848022460938
2019-10-04 18:00:00,66.40505,88.0,21.594947814941406
2019-10-04 21:00:00,62.97387,99.0,36.02613067626953
2019-10-05 00:00:00,63.973858,101.0,37.02614212036133
2019-10-05 03:00:00,59.61698,94.0,34.383018493652344
2019-10-05 06:00:00,45.575745,86.0,40.42425537109375
2019-10-05 09:00:00,32.63983,82.0,49.36016845703125
2019-10-05 12:00:00,47.693165,23.0,-24.693164825439453
2019-10-05 15:00:00,45.206776,11.0,-34.2067756652832
2019-10-05 18:00:00,44.4835,19.0,-25.483501434326172
2019-10-06 06:00:00,60.78193,33.0,-27.78192901611328
2019-10-06 09:00:00,49.11908,39.0,-10.11907958984375
2019-10-06 12:00:00,36.89877,34.0,-2.8987693786621094
2019-10-06 15:00:00,23.157043,34.0,10.84295654296875
2019-10-06 18:00:00,17.831213,30.0,12.168787002563477
2019-10-06 21:00:00,17.088724,24.0,6.911275863647461
2019-10-07 00:00:00,25.756662,26.0,0.24333763122558594
2019-10-07 03:00:00,30.752745,34.0,3.247255325317383
2019-10-07 06:00:00,37.481415,48.0,10.518585205078125
2019-10-07 09:00:00,47.998753,34.0,-13.99875259399414
2019-10-07 12:00:00,59.661373,60.0,0.3386268615722656
2019-10-07 15:00:00,76.56638,62.0,-14.566383361816406
2019-10-07 18:00:00,97.98725,110.0,12.012748718261719
2019-10-07 21:00:00,105.64895,53.0,-52.648948669433594
2019-10-08 00:00:00,115.10042,36.0,-79.10041809082031
2019-10-08 03:00:00,86.95975,39.0,-47.959747314453125
2019-10-08 06:00:00,66.67733,39.0,-27.677330017089844
2019-10-08 09:00:00,63.466587,42.0,-21.46658706665039
2019-10-08 12:00:00,42.58527,39.0,-3.5852699279785156
2019-10-08 15:00:00,41.058002,33.0,-8.058002471923828
2019-10-08 18:00:00,37.732887,33.0,-4.732887268066406
2019-10-08 21:00:00,37.888073,31.0,-6.888072967529297
2019-10-09 00:00:00,45.976093,35.0,-10.976093292236328
2019-10-09 03:00:00,48.082027,36.0,-12.082027435302734
2019-10-09 06:00:00,53.70305,38.0,-15.703048706054688
2019-10-09 09:00:00,65.17996,47.0,-18.179962158203125
2019-10-09 18:00:00,60.23845,61.0,0.7615509033203125
2019-10-09 21:00:00,55.411304,58.0,2.588695526123047
2019-10-10 00:00:00,53.206123,53.0,-0.20612335205078125
2019-10-10 03:00:00,60.968773,58.0,-2.9687728881835938
2019-10-10 06:00:00,72.21183,58.0,-14.211830139160156
2019-10-10 09:00:00,70.6587,55.0,-15.658699035644531
2019-10-10 12:00:00,44.03847,64.0,19.961528778076172
2019-10-10 15:00:00,50.220592,60.0,9.779407501220703
2019-10-10 18:00:00,48.578842,74.0,25.421157836914062
2019-10-10 21:00:00,42.590954,67.0,24.409046173095703
2019-10-11 00:00:00,56.241333,61.0,4.7586669921875
2019-10-11 03:00:00,57.944363,61.0,3.0556373596191406
2019-10-11 06:00:00,60.075478,58.0,-2.0754776000976562
2019-10-11 09:00:00,57.101658,54.0,-3.1016578674316406
2019-10-11 12:00:00,76.72514,68.0,-8.725143432617188
2019-10-11 15:00:00,79.45994,49.0,-30.459938049316406
2019-10-11 18:00:00,67.87832,61.0,-6.878318786621094
2019-10-11 21:00:00,60.672848,59.0,-1.6728477478027344
2019-10-12 00:00:00,22.098902,68.0,45.90109825134277
2019-10-12 03:00:00,22.051609,66.0,43.94839096069336
2019-10-12 06:00:00,24.331484,66.0,41.66851615905762
2019-10-12 09:00:00,26.894327,80.0,53.10567283630371
2019-10-12 12:00:00,59.89466,70.0,10.105339050292969
2019-10-12 15:00:00,64.250114,70.0,5.749885559082031
2019-10-12 18:00:00,60.08986,57.0,-3.0898590087890625
2019-10-12 21:00:00,55.981216,49.0,-6.9812164306640625
2019-10-13 00:00:00,71.02608,62.0,-9.026077270507812
2019-10-13 03:00:00,66.63322,71.0,4.366783142089844
2019-10-13 06:00:00,59.393528,42.0,-17.39352798461914
2019-10-13 09:00:00,51.45182,46.0,-5.451820373535156
2019-10-13 12:00:00,53.588108,62.0,8.41189193725586
2019-10-13 15:00:00,49.60327,74.0,24.396728515625
2019-10-13 18:00:00,43.730892,73.0,29.269107818603516
2019-10-13 21:00:00,42.99318,81.0,38.00682067871094
2019-10-14 00:00:00,43.61925,71.0,27.380748748779297
2019-10-14 03:00:00,46.294533,81.0,34.705467224121094
2019-10-14 06:00:00,45.118385,49.0,3.8816146850585938
2019-10-14 09:00:00,43.745617,32.0,-11.745616912841797
2019-10-14 12:00:00,66.87037,33.0,-33.87036895751953
2019-10-14 15:00:00,64.88637,38.0,-26.886367797851562
2019-10-14 18:00:00,57.549416,38.0,-19.549415588378906
2019-10-14 21:00:00,53.525127,43.0,-10.525127410888672
2019-10-15 00:00:00,44.404713,40.0,-4.404712677001953
2019-10-15 03:00:00,42.986584,40.0,-2.986583709716797
2019-10-15 06:00:00,47.064987,32.0,-15.064987182617188
2019-10-15 09:00:00,47.9547,34.0,-13.954700469970703
2019-10-15 12:00:00,38.253345,36.0,-2.253345489501953
2019-10-15 15:00:00,40.8686,59.0,18.13140106201172
2019-10-15 18:00:00,39.649364,61.0,21.350635528564453
2019-10-15 21:00:00,38.411827,66.0,27.588172912597656
2019-10-16 00:00:00,16.339527,72.0,55.66047286987305
2019-10-16 03:00:00,19.405434,48.0,28.594566345214844
2019-10-16 06:00:00,22.387667,60.0,37.61233329772949
2019-10-16 09:00:00,26.764154,66.0,39.2358455657959
2019-10-16 12:00:00,37.013935,72.0,34.98606491088867
2019-10-16 15:00:00,41.680096,80.0,38.31990432739258
2019-10-16 18:00:00,41.75945,84.0,42.24055099487305
2019-10-16 21:00:00,41.298336,74.0,32.701663970947266
2019-10-17 00:00:00,38.66444,100.0,61.3355598449707
2019-10-17 03:00:00,40.71262,89.0,48.28738021850586
2019-10-17 06:00:00,50.56256,84.0,33.43743896484375
2019-10-17 09:00:00,57.174477,57.0,-0.17447662353515625
2019-10-17 12:00:00,64.32055,41.0,-23.32054901123047
2019-10-17 15:00:00,74.41667,63.0,-11.416671752929688
2019-10-17 18:00:00,75.636765,100.0,24.363235473632812
2019-10-17 21:00:00,73.0854,103.0,29.914596557617188
2019-10-18 00:00:00,72.68136,65.0,-7.681358337402344
2019-10-18 03:00:00,66.97087,85.0,18.029129028320312
2019-10-18 06:00:00,61.088314,89.0,27.911685943603516
2019-10-18 09:00:00,42.041904,91.0,48.95809555053711
2019-10-18 12:00:00,48.235962,76.0,27.7640380859375
2019-10-18 15:00:00,40.526516,48.0,7.473484039306641
2019-10-18 18:00:00,34.733147,44.0,9.266853332519531
2019-10-18 21:00:00,31.156332,45.0,13.843667984008789
2019-10-19 00:00:00,47.450386,48.0,0.5496139526367188
2019-10-19 03:00:00,42.69225,56.0,13.307750701904297
2019-10-19 06:00:00,43.069862,70.0,26.930137634277344
2019-10-19 09:00:00,36.506435,52.0,15.49356460571289
2019-10-19 12:00:00,40.017086,69.0,28.982913970947266
2019-10-19 15:00:00,42.672413,66.0,23.327587127685547
2019-10-19 18:00:00,43.149952,57.0,13.850048065185547
2019-10-19 21:00:00,42.332203,69.0,26.667797088623047
2019-10-20 00:00:00,37.873177,67.0,29.12682342529297
2019-10-20 03:00:00,39.72582,69.0,29.274181365966797
2019-10-20 06:00:00,43.8082,74.0,30.19179916381836
2019-10-20 09:00:00,46.72745,63.0,16.27254867553711
2019-10-20 12:00:00,59.677803,45.0,-14.677803039550781
2019-10-20 15:00:00,60.138634,59.0,-1.1386337280273438
2019-10-20 18:00:00,57.33102,66.0,8.66897964477539
2019-10-20 21:00:00,51.880077,69.0,17.119922637939453
2019-10-21 00:00:00,43.303772,61.0,17.69622802734375
2019-10-21 03:00:00,43.71918,69.0,25.280818939208984
2019-10-21 06:00:00,40.77242,66.0,25.227581024169922
2019-10-21 09:00:00,39.532326,57.0,17.467674255371094
2019-10-21 12:00:00,60.03978,67.0,6.9602203369140625
2019-10-21 15:00:00,64.807526,61.0,-3.807525634765625
2019-10-21 18:00:00,62.694653,57.0,-5.694652557373047
2019-10-21 21:00:00,58.6067,35.0,-23.606700897216797
2019-10-22 00:00:00,56.381622,40.0,-16.381622314453125
2019-10-22 03:00:00,61.830406,56.0,-5.830406188964844
2019-10-22 06:00:00,75.81312,62.0,-13.813117980957031
2019-10-22 09:00:00,76.54705,45.0,-31.54705047607422
2019-10-22 12:00:00,63.147125,48.0,-15.147125244140625
2019-10-22 15:00:00,63.036396,52.0,-11.036396026611328
2019-10-22 18:00:00,54.148357,53.0,-1.1483573913574219
2019-10-22 21:00:00,46.760986,42.0,-4.760986328125
2019-10-23 00:00:00,38.35646,59.0,20.643539428710938
2019-10-23 03:00:00,42.26092,73.0,30.739078521728516
2019-10-23 06:00:00,51.90543,68.0,16.09457015991211
2019-10-23 09:00:00,55.98923,56.0,0.010768890380859375
2019-10-23 12:00:00,57.5817,68.0,10.41830062866211
2019-10-23 15:00:00,63.058453,78.0,14.941547393798828
2019-10-23 18:00:00,60.759247,57.0,-3.759246826171875
2019-10-23 21:00:00,56.93221,64.0,7.067790985107422
2019-10-24 00:00:00,47.504726,41.0,-6.504726409912109
2019-10-24 03:00:00,58.782234,52.0,-6.782234191894531
2019-10-24 06:00:00,75.68201,47.0,-28.6820068359375
2019-10-24 09:00:00,82.41273,54.0,-28.41272735595703
2019-10-24 12:00:00,55.89277,56.0,0.10723114013671875
2019-10-24 15:00:00,52.96306,72.0,19.036941528320312
2019-10-24 18:00:00,44.5998,55.0,10.400199890136719
2019-10-24 21:00:00,43.50204,49.0,5.497959136962891
2019-10-25 00:00:00,52.952145,53.0,0.047855377197265625
2019-10-25 03:00:00,54.68223,61.0,6.317768096923828
2019-10-25 06:00:00,58.85681,49.0,-9.8568115234375
2019-10-25 09:00:00,61.191143,61.0,-0.19114303588867188
2019-10-25 12:00:00,55.51317,38.0,-17.513168334960938
2019-10-25 15:00:00,58.09761,61.0,2.9023895263671875
2019-10-25 18:00:00,47.75643,58.0,10.243568420410156
2019-10-25 21:00:00,40.65282,54.0,13.347179412841797
2019-10-26 00:00:00,43.697582,45.0,1.3024177551269531
2019-10-26 03:00:00,46.33307,49.0,2.66693115234375
2019-10-26 06:00:00,50.812218,47.0,-3.8122177124023438
2019-10-26 09:00:00,54.95417,49.0,-5.954170227050781
2019-10-26 12:00:00,48.47203,55.0,6.5279693603515625
2019-10-26 15:00:00,46.69414,61.0,14.305858612060547
2019-10-26 18:00:00,45.191654,45.0,-0.19165420532226562
2019-10-26 21:00:00,44.877197,51.0,6.122802734375
2019-10-27 00:00:00,50.965355,50.0,-0.9653549194335938
2019-10-27 03:00:00,53.842087,66.0,12.157913208007812
2019-10-27 06:00:00,58.11876,55.0,-3.1187591552734375
2019-10-27 09:00:00,61.19217,36.0,-25.192169189453125
2019-10-27 12:00:00,38.80052,50.0,11.199478149414062
2019-10-27 15:00:00,33.03933,50.0,16.960670471191406
2019-10-27 18:00:00,28.42171,44.0,15.578290939331055
2019-10-27 21:00:00,26.730959,40.0,13.269041061401367
2019-10-28 00:00:00,18.89748,39.0,20.102519989013672
2019-10-28 03:00:00,17.653292,40.0,22.346708297729492
2019-10-28 06:00:00,14.650596,33.0,18.349404335021973
2019-10-28 09:00:00,14.6743555,45.0,30.325644493103027
2019-10-28 12:00:00,36.642803,44.0,7.357196807861328
2019-10-28 15:00:00,36.426968,43.0,6.573032379150391
2019-10-28 18:00:00,29.939316,36.0,6.0606842041015625
2019-10-28 21:00:00,29.051762,42.0,12.948238372802734
2019-10-29 00:00:00,16.5021,56.0,39.49790000915527
2019-10-29 03:00:00,19.962273,47.0,27.03772735595703
2019-10-29 06:00:00,23.652775,36.0,12.347225189208984
2019-10-29 09:00:00,24.80948,42.0,17.190519332885742
2019-10-29 12:00:00,43.330147,77.0,33.66985321044922
2019-10-29 15:00:00,46.34694,69.0,22.653060913085938
2019-10-29 18:00:00,36.181065,28.0,-8.18106460571289
2019-10-29 21:00:00,33.03353,38.0,4.966468811035156
2019-10-30 00:00:00,17.242882,37.0,19.757118225097656
2019-10-30 03:00:00,21.776031,44.0,22.223968505859375
2019-10-30 06:00:00,26.414284,45.0,18.585716247558594
2019-10-30 09:00:00,24.54135,53.0,28.458650588989258
2019-10-30 12:00:00,38.228848,53.0,14.77115249633789
2019-10-30 15:00:00,43.785576,41.0,-2.7855758666992188
2019-10-30 18:00:00,41.255474,28.0,-13.255474090576172
2019-10-30 21:00:00,41.497517,34.0,-7.497516632080078
2019-10-31 00:00:00,64.64961,28.0,-36.64961242675781
2019-10-31 03:00:00,49.131813,31.0,-18.131813049316406
2019-10-31 06:00:00,44.31587,30.0,-14.315868377685547
2019-10-31 09:00:00,43.135117,32.0,-11.135116577148438
2019-10-31 12:00:00,24.349333,35.0,10.650667190551758
2019-10-31 15:00:00,15.378248,20.0,4.62175178527832
2019-10-31 18:00:00,14.210173,23.0,8.789827346801758
2019-10-31 21:00:00,23.692791,23.0,-0.6927909851074219
2019-11-01 00:00:00,28.38442,25.0,-3.384420394897461
2019-11-01 03:00:00,33.565357,27.0,-6.565357208251953
2019-11-01 06:00:00,27.309738,25.0,-2.3097381591796875
2019-11-01 09:00:00,21.31685,25.0,3.6831493377685547
2019-11-01 12:00:00,19.842161,26.0,6.157838821411133
2019-11-01 15:00:00,18.416471,18.0,-0.4164714813232422
2019-11-01 18:00:00,17.69331,17.0,-0.6933097839355469
2019-11-01 21:00:00,19.418621,18.0,-1.4186210632324219
2019-11-02 00:00:00,34.55989,23.0,-11.559890747070312
2019-11-02 03:00:00,36.871826,30.0,-6.871826171875
2019-11-02 06:00:00,37.78075,30.0,-7.780750274658203
2019-11-02 09:00:00,36.109215,32.0,-4.109214782714844
2019-11-02 12:00:00,7.479571,32.0,24.520429134368896
2019-11-02 15:00:00,8.145662,27.0,18.854337692260742
2019-11-02 18:00:00,9.181577,31.0,21.8184232711792
2019-11-02 21:00:00,10.825033,26.0,15.174966812133789
2019-11-03 00:00:00,33.984634,33.0,-0.9846343994140625
2019-11-03 03:00:00,31.29162,39.0,7.708379745483398
2019-11-03 06:00:00,27.371641,26.0,-1.3716411590576172
2019-11-03 09:00:00,26.916267,25.0,-1.9162673950195312
2019-11-03 12:00:00,30.071419,26.0,-4.071418762207031
2019-11-03 15:00:00,24.170391,31.0,6.829608917236328
2019-11-03 18:00:00,20.245693,31.0,10.75430679321289
2019-11-03 21:00:00,18.736273,26.0,7.263727188110352
2019-11-04 00:00:00,12.7975,27.0,14.202500343322754
2019-11-04 03:00:00,12.075816,42.0,29.92418384552002
2019-11-04 06:00:00,18.07075,37.0,18.929250717163086
2019-11-04 09:00:00,26.151155,42.0,15.848844528198242
2019-11-04 12:00:00,18.192394,22.0,3.807605743408203
2019-11-04 15:00:00,23.078655,31.0,7.921344757080078
2019-11-04 18:00:00,27.021315,29.0,1.9786853790283203
2019-11-04 21:00:00,30.865976,28.0,-2.865976333618164
2019-11-05 00:00:00,35.42732,28.0,-7.427318572998047
2019-11-05 03:00:00,31.139734,26.0,-5.139734268188477
2019-11-05 06:00:00,26.583166,21.0,-5.583166122436523
2019-11-05 09:00:00,22.900906,19.0,-3.9009056091308594
2019-11-05 12:00:00,18.089396,19.0,0.9106044769287109
2019-11-05 15:00:00,14.707837,26.0,11.292162895202637
2019-11-05 18:00:00,20.529398,24.0,3.470602035522461
2019-11-05 21:00:00,29.502075,26.0,-3.5020751953125
2019-11-06 00:00:00,30.767069,22.0,-8.767068862915039
2019-11-06 03:00:00,33.809555,24.0,-9.809555053710938
2019-11-06 06:00:00,35.40282,28.0,-7.402820587158203
2019-11-06 09:00:00,32.312187,28.0,-4.312187194824219
2019-11-06 12:00:00,55.048588,21.0,-34.048587799072266
2019-11-06 15:00:00,57.281456,32.0,-25.281455993652344
2019-11-06 18:00:00,57.343754,21.0,-36.343753814697266
2019-11-06 21:00:00,55.4478,21.0,-34.44779968261719
2019-11-07 00:00:00,47.233696,25.0,-22.23369598388672
2019-11-07 03:00:00,48.46447,42.0,-6.464469909667969
2019-11-07 06:00:00,54.178825,40.0,-14.178825378417969
2019-11-07 09:00:00,48.174683,41.0,-7.1746826171875
2019-11-07 12:00:00,37.92843,39.0,1.0715713500976562
2019-11-07 15:00:00,36.77792,39.0,2.2220802307128906
2019-11-07 18:00:00,33.67313,32.0,-1.6731300354003906
2019-11-07 21:00:00,32.47601,38.0,5.523990631103516
2019-11-08 00:00:00,7.0992885,42.0,34.90071153640747
2019-11-08 03:00:00,11.926432,52.0,40.07356834411621
2019-11-08 06:00:00,16.065315,41.0,24.93468475341797
2019-11-08 09:00:00,18.604965,36.0,17.395034790039062
2019-11-08 12:00:00,27.375563,45.0,17.62443733215332
2019-11-08 15:00:00,29.729221,45.0,15.27077865600586
2019-11-08 18:00:00,30.736828,45.0,14.263172149658203
2019-11-08 21:00:00,32.444176,49.0,16.555824279785156
2019-11-09 00:00:00,47.395134,52.0,4.604866027832031
2019-11-09 03:00:00,46.870808,62.0,15.129192352294922
2019-11-09 06:00:00,48.279163,48.0,-0.2791633605957031
2019-11-09 09:00:00,43.73351,26.0,-17.733509063720703
2019-11-09 12:00:00,28.46309,27.0,-1.4630908966064453
2019-11-09 15:00:00,32.590607,28.0,-4.590606689453125
2019-11-09 18:00:00,34.148117,25.0,-9.148117065429688
2019-11-09 21:00:00,33.108337,21.0,-12.10833740234375
2019-11-10 00:00:00,39.341557,25.0,-14.341556549072266
2019-11-10 03:00:00,39.68307,31.0,-8.68307113647461
2019-11-10 06:00:00,38.996403,34.0,-4.996402740478516
2019-11-10 09:00:00,38.369762,43.0,4.630237579345703
2019-11-10 12:00:00,29.505827,28.0,-1.5058269500732422
2019-11-10 15:00:00,34.716324,29.0,-5.7163238525390625
2019-11-10 18:00:00,36.876827,30.0,-6.876827239990234
2019-11-10 21:00:00,38.791313,28.0,-10.791313171386719
2019-11-11 00:00:00,43.779438,19.0,-24.779438018798828
2019-11-11 03:00:00,40.048462,20.0,-20.0484619140625
2019-11-11 06:00:00,32.869705,14.0,-18.869705200195312
2019-11-11 09:00:00,21.45987,20.0,-1.459869384765625
2019-11-11 12:00:00,11.779662,20.0,8.220337867736816
2019-11-11 15:00:00,9.759674,36.0,26.240325927734375
2019-11-11 18:00:00,9.2557,35.0,25.74429988861084
2019-11-11 21:00:00,11.393695,36.0,24.60630512237549
2019-11-12 00:00:00,4.9635673,39.0,34.03643274307251
2019-11-12 03:00:00,9.144514,38.0,28.855485916137695
2019-11-12 06:00:00,11.9385395,21.0,9.061460494995117
2019-11-12 09:00:00,12.93995,27.0,14.060050010681152
2019-11-12 12:00:00,15.882051,26.0,10.117948532104492
2019-11-12 15:00:00,13.947556,23.0,9.052444458007812
2019-11-12 18:00:00,12.934379,29.0,16.065621376037598
2019-11-12 21:00:00,12.281362,27.0,14.71863842010498
2019-11-13 00:00:00,8.204097,28.0,19.795903205871582
2019-11-13 03:00:00,11.775228,30.0,18.224772453308105
2019-11-13 06:00:00,14.83761,26.0,11.162389755249023
2019-11-13 09:00:00,15.277465,26.0,10.722535133361816
2019-11-13 12:00:00,19.394293,27.0,7.605707168579102
2019-11-13 15:00:00,20.062544,30.0,9.937456130981445
2019-11-13 18:00:00,20.40224,39.0,18.597759246826172
2019-11-13 21:00:00,19.20489,43.0,23.79511070251465
2019-11-14 00:00:00,19.552317,44.0,24.447683334350586
2019-11-14 03:00:00,20.912466,49.0,28.087533950805664
2019-11-14 06:00:00,22.226345,30.0,7.773654937744141
2019-11-14 09:00:00,15.518935,36.0,20.481064796447754
2019-11-14 12:00:00,17.571665,37.0,19.428335189819336
2019-11-14 15:00:00,18.18603,34.0,15.813970565795898
2019-11-14 18:00:00,19.14782,42.0,22.85218048095703
2019-11-14 21:00:00,20.621428,48.0,27.378572463989258
2019-11-15 00:00:00,22.902895,61.0,38.09710502624512
2019-11-15 03:00:00,26.557844,54.0,27.442155838012695
2019-11-15 06:00:00,31.292877,41.0,9.707122802734375
2019-11-15 09:00:00,29.432844,42.0,12.567155838012695
2019-11-15 12:00:00,29.426344,35.0,5.57365608215332
2019-11-15 15:00:00,30.564024,44.0,13.435976028442383
2019-11-15 18:00:00,30.07619,45.0,14.923809051513672
2019-11-15 21:00:00,29.677519,48.0,18.322481155395508
2019-11-16 00:00:00,31.00331,53.0,21.99669075012207
2019-11-16 03:00:00,32.89779,49.0,16.102210998535156
2019-11-16 06:00:00,36.03634,47.0,10.963661193847656
2019-11-16 09:00:00,34.70075,42.0,7.299251556396484
2019-11-16 18:00:00,48.68616,43.0,-5.686161041259766
2019-11-16 21:00:00,48.664787,46.0,-2.6647872924804688
2019-11-17 00:00:00,43.86226,29.0,-14.862258911132812
2019-11-17 03:00:00,36.850395,41.0,4.149604797363281
2019-11-17 06:00:00,31.030539,42.0,10.969461441040039
2019-11-17 09:00:00,27.721626,44.0,16.27837371826172
2019-11-17 12:00:00,30.633942,41.0,10.366058349609375
2019-11-17 15:00:00,26.899897,34.0,7.100103378295898
2019-11-17 18:00:00,26.496424,28.0,1.5035762786865234
2019-11-17 21:00:00,29.084618,29.0,-0.08461761474609375
2019-11-18 00:00:00,34.932556,41.0,6.06744384765625
2019-11-18 03:00:00,40.977283,31.0,-9.977283477783203
2019-11-18 06:00:00,58.550484,23.0,-35.55048370361328
2019-11-18 09:00:00,58.87506,56.0,-2.87506103515625
2019-11-18 12:00:00,52.87609,28.0,-24.87609100341797
2019-11-18 15:00:00,60.3585,33.0,-27.358501434326172
2019-11-18 18:00:00,41.550606,17.0,-24.55060577392578
2019-11-18 21:00:00,30.402817,17.0,-13.402816772460938
2019-11-19 00:00:00,48.338734,26.0,-22.338733673095703
2019-11-19 03:00:00,69.430824,25.0,-44.430824279785156
2019-11-19 06:00:00,78.344215,31.0,-47.344215393066406
2019-11-19 09:00:00,63.424294,48.0,-15.424293518066406
2019-11-19 12:00:00,55.184273,27.0,-28.18427276611328
2019-11-19 15:00:00,54.78637,35.0,-19.78636932373047
2019-11-19 18:00:00,47.427876,45.0,-2.427875518798828
2019-11-19 21:00:00,42.89723,45.0,2.102771759033203
2019-11-20 00:00:00,39.72991,35.0,-4.729911804199219
2019-11-20 03:00:00,37.97686,26.0,-11.976860046386719
2019-11-20 06:00:00,37.094536,28.0,-9.094535827636719
2019-11-20 09:00:00,32.239883,31.0,-1.2398834228515625
2019-11-20 12:00:00,33.997707,27.0,-6.997707366943359
2019-11-20 15:00:00,29.783451,23.0,-6.783451080322266
2019-11-20 18:00:00,35.115135,33.0,-2.1151351928710938
2019-11-20 21:00:00,54.92484,31.0,-23.92483901977539
2019-11-21 00:00:00,83.14691,31.0,-52.14691162109375
2019-11-21 03:00:00,88.613434,30.0,-58.613433837890625
2019-11-21 06:00:00,84.625755,24.0,-60.625755310058594
2019-11-21 09:00:00,48.88102,29.0,-19.881019592285156
2019-11-21 12:00:00,35.925835,28.0,-7.925834655761719
2019-11-21 15:00:00,24.306131,28.0,3.693868637084961
2019-11-21 18:00:00,17.269258,22.0,4.730741500854492
2019-11-21 21:00:00,19.64861,33.0,13.351390838623047
2019-11-22 00:00:00,14.994157,37.0,22.00584316253662
2019-11-22 03:00:00,27.548025,26.0,-1.548025131225586
2019-11-22 06:00:00,36.687027,23.0,-13.687026977539062
2019-11-22 09:00:00,25.125132,28.0,2.874868392944336
2019-11-22 12:00:00,23.419489,23.0,-0.41948890686035156
2019-11-22 15:00:00,19.357458,36.0,16.642541885375977
2019-11-22 18:00:00,17.387264,40.0,22.612735748291016
2019-11-22 21:00:00,19.385426,43.0,23.614574432373047
2019-11-23 00:00:00,24.893154,32.0,7.106845855712891
2019-11-23 03:00:00,29.728596,39.0,9.271404266357422
2019-11-23 06:00:00,34.115658,27.0,-7.115657806396484
2019-11-23 09:00:00,27.971111,37.0,9.028888702392578
2019-11-23 12:00:00,18.555796,36.0,17.444204330444336
2019-11-23 15:00:00,14.011903,46.0,31.988097190856934
2019-11-23 18:00:00,12.138799,45.0,32.86120128631592
2019-11-23 21:00:00,9.859377,44.0,34.14062309265137
2019-11-24 00:00:00,10.177018,24.0,13.822981834411621
2019-11-24 03:00:00,10.091298,51.0,40.90870189666748
2019-11-24 06:00:00,9.324936,36.0,26.675064086914062
2019-11-24 09:00:00,11.121131,32.0,20.87886905670166
2019-11-24 12:00:00,12.0109005,36.0,23.989099502563477
2019-11-24 15:00:00,15.491878,33.0,17.508122444152832
2019-11-24 18:00:00,19.33813,34.0,14.661869049072266
2019-11-24 21:00:00,20.862103,27.0,6.137897491455078
2019-11-25 00:00:00,10.805139,31.0,20.19486141204834
2019-11-25 09:00:00,41.510815,34.0,-7.510814666748047
2019-11-25 12:00:00,14.996203,31.0,16.003796577453613
2019-11-25 15:00:00,15.159003,33.0,17.840996742248535
2019-11-25 18:00:00,14.281909,25.0,10.718091011047363
2019-11-25 21:00:00,16.763351,33.0,16.236648559570312
2019-11-26 00:00:00,14.119621,43.0,28.88037872314453
2019-11-26 03:00:00,23.410053,43.0,19.589946746826172
2019-11-26 06:00:00,36.736763,46.0,9.263236999511719
2019-11-26 09:00:00,37.28428,31.0,-6.284278869628906
2019-11-26 12:00:00,34.380264,35.0,0.6197357177734375
2019-11-26 15:00:00,31.116087,47.0,15.883913040161133
2019-11-26 18:00:00,26.523594,51.0,24.47640609741211
2019-11-26 21:00:00,27.201395,58.0,30.79860496520996
2019-11-27 00:00:00,41.597103,63.0,21.402896881103516
2019-11-27 03:00:00,45.673004,83.0,37.326995849609375
2019-11-27 06:00:00,55.49896,72.0,16.501041412353516
2019-11-27 09:00:00,59.762783,40.0,-19.76278305053711
2019-11-27 12:00:00,30.339947,41.0,10.660053253173828
2019-11-27 15:00:00,29.179205,47.0,17.8207950592041
2019-11-27 18:00:00,26.786324,40.0,13.213676452636719
2019-11-27 21:00:00,26.53826,45.0,18.461740493774414
2019-11-28 00:00:00,34.615597,60.0,25.384403228759766
2019-11-28 03:00:00,38.342934,57.0,18.657066345214844
2019-11-28 06:00:00,42.97908,49.0,6.0209197998046875
2019-11-28 09:00:00,41.8986,42.0,0.10139846801757812
2019-11-28 12:00:00,25.37223,39.0,13.627769470214844
2019-11-28 15:00:00,23.986048,32.0,8.013952255249023
2019-11-28 18:00:00,22.97918,31.0,8.020820617675781
2019-11-28 21:00:00,25.819134,25.0,-0.8191337585449219
2019-11-29 00:00:00,0.33469406,37.0,36.66530594229698
2019-11-29 03:00:00,4.6102285,42.0,37.389771461486816
2019-11-29 06:00:00,12.066607,42.0,29.93339252471924
2019-11-29 09:00:00,19.069376,44.0,24.93062400817871
2019-11-29 12:00:00,28.677391,42.0,13.322608947753906
2019-11-29 15:00:00,36.638084,38.0,1.3619155883789062
2019-11-29 18:00:00,31.117338,47.0,15.882661819458008
2019-11-29 21:00:00,28.965189,63.0,34.03481101989746
2019-11-30 00:00:00,0.1856506,67.0,66.81434939801693
2019-11-30 03:00:00,4.2792864,64.0,59.72071361541748
2019-11-30 06:00:00,28.882027,39.0,10.117973327636719
2019-11-30 09:00:00,53.07774,40.0,-13.077739715576172
2019-11-30 12:00:00,58.169975,45.0,-13.169975280761719
2019-11-30 15:00:00,59.59805,45.0,-14.59804916381836
2019-11-30 18:00:00,53.480732,48.0,-5.480731964111328
2019-11-30 21:00:00,48.500965,56.0,7.499034881591797
2019-12-01 00:00:00,28.39306,49.0,20.6069393157959
2019-12-01 03:00:00,32.78092,57.0,24.21908187866211
2019-12-01 06:00:00,37.118412,58.0,20.881587982177734
2019-12-01 09:00:00,34.467007,47.0,12.53299331665039
2019-12-01 12:00:00,40.840233,33.0,-7.840232849121094
2019-12-01 15:00:00,41.031284,48.0,6.968715667724609
2019-12-01 18:00:00,38.10919,27.0,-11.10919189453125
2019-12-01 21:00:00,38.149666,31.0,-7.149665832519531
2019-12-02 00:00:00,33.962807,39.0,5.037193298339844
2019-12-02 03:00:00,38.671715,44.0,5.328285217285156
2019-12-02 06:00:00,44.495663,38.0,-6.495662689208984
2019-12-02 09:00:00,47.837204,49.0,1.1627960205078125
2019-12-02 12:00:00,26.986414,31.0,4.013586044311523
2019-12-02 15:00:00,35.72694,23.0,-12.726940155029297
2019-12-02 18:00:00,35.50713,32.0,-3.507129669189453
2019-12-05 21:00:00,21.535471,48.0,26.464529037475586
2019-12-06 00:00:00,18.994797,44.0,25.005203247070312
2019-12-06 03:00:00,21.605501,46.0,24.394498825073242
2019-12-06 06:00:00,22.382437,52.0,29.617563247680664
2019-12-06 09:00:00,27.256647,30.0,2.7433528900146484
2019-12-06 12:00:00,21.411324,32.0,10.588676452636719
2019-12-06 15:00:00,19.058916,29.0,9.941083908081055
2019-12-06 18:00:00,21.09482,36.0,14.905179977416992
2019-12-06 21:00:00,23.310349,30.0,6.6896514892578125
2019-12-07 00:00:00,24.253494,38.0,13.746505737304688
2019-12-07 03:00:00,25.821918,45.0,19.178081512451172
2019-12-07 06:00:00,27.581905,37.0,9.418094635009766
2019-12-07 09:00:00,24.33967,39.0,14.660329818725586
2019-12-07 12:00:00,33.103333,32.0,-1.10333251953125
2019-12-07 15:00:00,38.13284,35.0,-3.1328392028808594
2019-12-07 18:00:00,35.520317,20.0,-15.520317077636719
2019-12-07 21:00:00,36.39798,27.0,-9.397979736328125
2019-12-08 00:00:00,9.279574,12.0,2.720425605773926
2019-12-08 03:00:00,18.892933,26.0,7.107067108154297
2019-12-08 06:00:00,55.541023,35.0,-20.54102325439453
2019-12-08 09:00:00,66.81034,58.0,-8.810340881347656
2019-12-08 12:00:00,57.180386,50.0,-7.180385589599609
2019-12-08 15:00:00,44.392437,41.0,-3.392436981201172
2019-12-08 18:00:00,38.709686,32.0,-6.709686279296875
2019-12-09 21:00:00,24.955626,18.0,-6.955625534057617
2019-12-10 00:00:00,28.929207,12.0,-16.92920684814453
2019-12-10 03:00:00,30.32983,16.0,-14.329830169677734
2019-12-10 06:00:00,33.62402,21.0,-12.624019622802734
2019-12-10 09:00:00,34.646065,31.0,-3.6460647583007812
2019-12-10 12:00:00,32.009323,20.0,-12.009323120117188
2019-12-10 15:00:00,28.156023,12.0,-16.156023025512695
2019-12-10 18:00:00,23.964731,22.0,-1.964731216430664
2019-12-10 21:00:00,24.221663,24.0,-0.2216625213623047
2019-12-11 00:00:00,26.851011,38.0,11.148988723754883
2019-12-11 03:00:00,24.751898,24.0,-0.7518978118896484
2019-12-11 06:00:00,23.434496,26.0,2.5655040740966797
2019-12-11 09:00:00,21.713732,22.0,0.2862682342529297
2019-12-11 12:00:00,11.155635,29.0,17.844365119934082
2019-12-11 15:00:00,15.094201,26.0,10.90579891204834
2019-12-11 18:00:00,17.293133,27.0,9.706867218017578
2019-12-11 21:00:00,19.23854,24.0,4.7614593505859375
2019-12-12 00:00:00,16.038029,22.0,5.961971282958984
2019-12-12 03:00:00,22.590029,32.0,9.409971237182617
2019-12-12 06:00:00,28.876457,29.0,0.12354278564453125
2019-12-12 09:00:00,30.879164,26.0,-4.87916374206543
2019-12-12 12:00:00,20.854486,19.0,-1.8544864654541016
2019-12-22 18:00:00,35.631275,33.0,-2.631275177001953
2019-12-22 21:00:00,32.435764,50.0,17.56423568725586
2019-12-23 00:00:00,44.498165,64.0,19.501834869384766
2019-12-23 03:00:00,47.427193,70.0,22.57280731201172
2019-12-23 06:00:00,54.157795,49.0,-5.157794952392578
2019-12-23 09:00:00,54.97486,44.0,-10.974861145019531
2019-12-23 12:00:00,62.164814,40.0,-22.164813995361328
2019-12-23 15:00:00,54.474186,50.0,-4.474185943603516
2019-12-23 18:00:00,47.68208,64.0,16.317920684814453
2019-12-23 21:00:00,45.27328,84.0,38.72671890258789
2019-12-24 00:00:00,29.530384,73.0,43.4696159362793
2019-12-24 03:00:00,30.609953,81.0,50.39004707336426
2019-12-24 06:00:00,30.62769,60.0,29.372310638427734
2019-12-24 09:00:00,23.382313,56.0,32.6176872253418
2019-12-24 12:00:00,27.767555,52.0,24.232444763183594
2019-12-24 15:00:00,25.357054,55.0,29.642946243286133
2019-12-24 18:00:00,25.050781,48.0,22.94921875
2019-12-24 21:00:00,25.52406,79.0,53.4759407043457
2019-12-25 00:00:00,28.909653,75.0,46.09034729003906
2019-12-25 03:00:00,31.3687,64.0,32.63129997253418
2019-12-25 06:00:00,38.42126,84.0,45.578739166259766
2019-12-25 09:00:00,42.716805,58.0,15.283195495605469
2019-12-25 12:00:00,38.549614,50.0,11.450386047363281
2019-12-25 15:00:00,39.520786,38.0,-1.5207862854003906
2019-12-25 18:00:00,40.863598,48.0,7.136402130126953
2019-12-25 21:00:00,38.278587,26.0,-12.278587341308594
2019-12-26 00:00:00,29.202738,34.0,4.797262191772461
2019-12-26 03:00:00,30.441698,51.0,20.55830192565918
2019-12-26 06:00:00,30.654348,46.0,15.345651626586914
2019-12-26 09:00:00,28.998102,44.0,15.001897811889648
2019-12-26 12:00:00,29.698526,42.0,12.301473617553711
2019-12-26 15:00:00,37.75244,49.0,11.24755859375
2019-12-26 18:00:00,35.682205,49.0,13.317794799804688
2019-12-26 21:00:00,32.550133,45.0,12.449867248535156
2019-12-27 00:00:00,10.006261,43.0,32.99373912811279
2019-12-27 03:00:00,14.697889,54.0,39.30211067199707
2019-12-27 06:00:00,31.499895,40.0,8.500104904174805
2019-12-27 09:00:00,49.713833,36.0,-13.71383285522461
2019-12-27 12:00:00,53.292126,34.0,-19.292125701904297
2019-12-27 15:00:00,56.845806,24.0,-32.84580612182617
2019-12-27 18:00:00,55.69609,32.0,-23.696090698242188
2019-12-27 21:00:00,51.436928,33.0,-18.436927795410156
2019-12-28 00:00:00,0.0,24.0,24.0
2019-12-28 03:00:00,9.293445,38.0,28.706555366516113
2019-12-28 06:00:00,42.375633,34.0,-8.375633239746094
2019-12-28 09:00:00,59.21731,35.0,-24.21731185913086
2019-12-28 12:00:00,54.689507,39.0,-15.689506530761719
2019-12-28 15:00:00,60.10532,49.0,-11.10531997680664
2019-12-28 18:00:00,53.93872,59.0,5.061279296875
2019-12-28 21:00:00,43.88653,67.0,23.113468170166016
2019-12-29 00:00:00,51.598476,54.0,2.4015235900878906
2019-12-29 03:00:00,49.1857,58.0,8.814300537109375
2019-12-29 06:00:00,51.083645,50.0,-1.0836448669433594
2019-12-29 09:00:00,48.863285,41.0,-7.863285064697266
2019-12-29 12:00:00,35.84012,47.0,11.159881591796875
2019-12-29 15:00:00,37.548374,47.0,9.45162582397461
2019-12-29 18:00:00,34.18086,51.0,16.819141387939453
2019-12-29 21:00:00,33.61697,56.0,22.38302993774414
2019-12-30 00:00:00,44.584454,60.0,15.415546417236328
2019-12-30 03:00:00,46.828747,57.0,10.171253204345703
2019-12-30 06:00:00,40.43409,81.0,40.56591033935547
2019-12-30 09:00:00,46.64912,36.0,-10.649120330810547
2019-12-30 12:00:00,78.59898,48.0,-30.598983764648438
2019-12-30 15:00:00,72.27027,43.0,-29.27027130126953
2019-12-30 18:00:00,63.875175,32.0,-31.87517547607422
2019-12-30 21:00:00,57.663555,37.0,-20.663555145263672
2019-12-31 00:00:00,6.3419065,60.0,53.65809345245361
2019-12-31 03:00:00,10.355052,40.0,29.64494800567627
2019-12-31 06:00:00,15.011892,51.0,35.988107681274414
2019-12-31 09:00:00,15.981812,34.0,18.0181884765625
2019-12-31 12:00:00,36.752,28.0,-8.751998901367188
2019-12-31 15:00:00,49.269146,38.0,-11.269145965576172
2019-12-31 18:00:00,52.577206,28.0,-24.577205657958984
2019-12-31 21:00:00,50.43148,33.0,-17.431480407714844
2020-01-01 00:00:00,52.937706,33.0,-19.937705993652344
2020-01-01 03:00:00,47.90911,44.0,-3.9091110229492188
2020-01-01 06:00:00,47.18413,43.0,-4.184131622314453
2020-01-01 09:00:00,37.957024,35.0,-2.9570236206054688
2020-01-01 12:00:00,28.015392,36.0,7.984607696533203
2020-01-01 15:00:00,24.054316,20.0,-4.054315567016602
2020-01-01 18:00:00,23.566826,20.0,-3.5668258666992188
2020-01-01 21:00:00,25.597956,16.0,-9.597955703735352
2020-01-02 00:00:00,0.0,19.0,19.0
2020-01-02 03:00:00,0.0,28.0,28.0
2020-01-02 06:00:00,0.0,28.0,28.0
2020-01-02 09:00:00,0.0,20.0,20.0
2020-01-02 12:00:00,0.46088645,28.0,27.53911355137825
2020-01-02 15:00:00,7.2593594,22.0,14.740640640258789
2020-01-02 18:00:00,10.67292,22.0,11.327079772949219
2020-01-02 21:00:00,12.327973,17.0,4.672026634216309
2020-01-03 00:00:00,37.18924,24.0,-13.189239501953125
2020-01-03 03:00:00,37.81247,25.0,-12.812469482421875
2020-01-03 06:00:00,39.963085,28.0,-11.963085174560547
2020-01-03 09:00:00,42.67463,32.0,-10.674629211425781
2020-01-03 12:00:00,39.165344,24.0,-15.16534423828125
2020-01-03 15:00:00,39.896805,31.0,-8.896804809570312
2020-01-03 18:00:00,39.57325,32.0,-7.573249816894531
2020-01-03 21:00:00,48.839638,32.0,-16.839637756347656
2020-01-04 00:00:00,46.919693,40.0,-6.9196929931640625
2020-01-04 03:00:00,79.43208,29.0,-50.43208312988281
2020-01-04 06:00:00,107.8929,23.0,-84.89289855957031
2020-01-04 09:00:00,124.99891,274.0,149.00109100341797
2020-01-04 12:00:00,120.677666,267.0,146.32233428955078
2020-01-04 15:00:00,113.05383,74.0,-39.0538330078125
2020-01-04 18:00:00,112.55679,62.0,-50.556793212890625
2020-01-04 21:00:00,98.0881,46.0,-52.088096618652344
2020-01-05 00:00:00,59.527794,22.0,-37.527793884277344
2020-01-05 03:00:00,37.444805,18.0,-19.444805145263672
2020-01-05 06:00:00,38.756866,11.0,-27.756866455078125
2020-01-05 09:00:00,40.70148,12.0,-28.701480865478516
2020-01-05 12:00:00,39.64101,18.0,-21.641010284423828
2020-01-05 15:00:00,34.425964,24.0,-10.42596435546875
2020-01-05 18:00:00,30.452044,30.0,-0.4520435333251953
2020-01-05 21:00:00,27.294392,34.0,6.705608367919922
2020-01-06 00:00:00,16.581793,47.0,30.4182071685791
2020-01-06 03:00:00,15.214254,26.0,10.785745620727539
2020-01-06 06:00:00,13.026806,23.0,9.973194122314453
2020-01-06 09:00:00,12.435635,20.0,7.564365386962891
2020-01-06 12:00:00,14.102398,23.0,8.897602081298828
2020-01-06 15:00:00,14.085458,22.0,7.914542198181152
2020-01-06 18:00:00,15.356477,17.0,1.6435232162475586
2020-01-06 21:00:00,16.764261,22.0,5.235738754272461
2020-01-07 00:00:00,35.494167,19.0,-16.49416732788086
2020-01-07 03:00:00,33.87754,23.0,-10.877540588378906
2020-01-07 06:00:00,33.62345,26.0,-7.623451232910156
2020-01-07 09:00:00,22.073606,25.0,2.926393508911133
2020-01-07 12:00:00,6.5230665,21.0,14.476933479309082
2020-01-07 15:00:00,5.3051395,18.0,12.694860458374023
2020-01-07 18:00:00,6.6486335,19.0,12.351366519927979
2020-01-07 21:00:00,8.835855,23.0,14.164145469665527
2020-01-08 00:00:00,1.8715128,83.0,81.12848722934723
2020-01-08 03:00:00,6.6596613,37.0,30.340338706970215
2020-01-08 06:00:00,9.422592,40.0,30.577407836914062
2020-01-08 09:00:00,4.198114,27.0,22.801886081695557
2020-01-08 12:00:00,10.3982525,27.0,16.601747512817383
2020-01-08 15:00:00,13.982742,30.0,16.017257690429688
2020-01-08 18:00:00,19.9625,28.0,8.037500381469727
2020-01-08 21:00:00,21.688038,29.0,7.311962127685547
2020-01-09 00:00:00,18.84348,32.0,13.15652084350586
2020-01-09 03:00:00,20.787184,37.0,16.21281623840332
2020-01-09 06:00:00,22.155746,47.0,24.844253540039062
2020-01-09 09:00:00,23.807388,33.0,9.192611694335938
2020-01-09 12:00:00,19.161177,31.0,11.838823318481445
2020-01-09 15:00:00,31.292984,37.0,5.7070159912109375
2020-01-09 18:00:00,36.57681,31.0,-5.576808929443359
2020-01-09 21:00:00,44.43973,19.0,-25.43973159790039
2020-01-10 00:00:00,25.291683,23.0,-2.2916831970214844
2020-01-10 03:00:00,24.698238,26.0,1.3017616271972656
2020-01-10 06:00:00,29.618717,30.0,0.3812828063964844
2020-01-10 09:00:00,33.85344,31.0,-2.8534393310546875
2020-01-10 12:00:00,37.96663,31.0,-6.9666290283203125
2020-01-10 15:00:00,32.752724,31.0,-1.7527236938476562
2020-01-10 18:00:00,26.301222,27.0,0.6987781524658203
2020-01-10 21:00:00,22.34799,27.0,4.652009963989258
2020-01-11 00:00:00,0.0,31.0,31.0
2020-01-11 03:00:00,8.280495,23.0,14.719505310058594
2020-01-11 06:00:00,24.25378,22.0,-2.2537803649902344
2020-01-11 09:00:00,35.44909,19.0,-16.44908905029297
2020-01-11 12:00:00,41.29322,21.0,-20.29322052001953
2020-01-11 15:00:00,42.19936,22.0,-20.199359893798828
2020-01-11 18:00:00,57.75837,30.0,-27.75836944580078
2020-01-11 21:00:00,102.08953,21.0,-81.08953094482422
2020-01-12 00:00:00,126.24292,24.0,-102.242919921875
2020-01-12 03:00:00,145.78001,23.0,-122.78001403808594
2020-01-12 06:00:00,152.77072,30.0,-122.77072143554688
2020-01-12 09:00:00,122.08375,50.0,-72.08374786376953
2020-01-12 12:00:00,84.912415,49.0,-35.91241455078125
2020-01-12 15:00:00,63.870403,21.0,-42.87040328979492
2020-01-12 18:00:00,60.57769,23.0,-37.57769012451172
2020-01-12 21:00:00,66.44336,27.0,-39.443359375
2020-01-13 00:00:00,46.71017,25.0,-21.71017074584961
2020-01-13 03:00:00,55.923466,14.0,-41.923465728759766
2020-01-13 06:00:00,67.06779,14.0,-53.067787170410156
2020-01-13 09:00:00,50.705124,21.0,-29.705123901367188
2020-01-13 12:00:00,26.599707,17.0,-9.599706649780273
2020-01-13 15:00:00,28.585531,19.0,-9.585531234741211
2020-01-13 18:00:00,33.08128,19.0,-14.081279754638672
2020-01-13 21:00:00,38.101803,40.0,1.8981971740722656
2020-01-14 00:00:00,16.690933,29.0,12.309066772460938
2020-01-14 03:00:00,48.19782,30.0,-18.197818756103516
2020-01-14 06:00:00,79.82709,27.0,-52.82708740234375
2020-01-14 09:00:00,74.925964,20.0,-54.92596435546875
2020-01-14 12:00:00,42.01911,27.0,-15.019111633300781
2020-01-14 15:00:00,68.1656,222.0,153.8343963623047
2020-01-14 18:00:00,58.402973,149.0,90.59702682495117
2020-01-14 21:00:00,55.462463,40.0,-15.46246337890625
2020-01-15 00:00:00,52.393715,39.0,-13.393714904785156
2020-01-15 03:00:00,54.164845,42.0,-12.164844512939453
2020-01-15 06:00:00,58.822365,44.0,-14.822364807128906
2020-01-15 09:00:00,46.67686,104.0,57.32313919067383
2020-01-15 12:00:00,39.242424,48.0,8.757575988769531
2020-01-15 15:00:00,34.93699,44.0,9.063011169433594
2020-01-15 18:00:00,36.326126,60.0,23.673873901367188
2020-01-15 21:00:00,32.99374,43.0,10.00625991821289
2020-01-16 00:00:00,21.02911,78.0,56.970890045166016
2020-01-16 03:00:00,20.910023,80.0,59.0899772644043
2020-01-16 06:00:00,21.497784,82.0,60.50221633911133
2020-01-16 09:00:00,17.954193,48.0,30.045806884765625
2020-01-16 12:00:00,20.698734,36.0,15.301265716552734
2020-01-16 15:00:00,27.167858,43.0,15.832141876220703
2020-01-16 18:00:00,29.287663,48.0,18.712337493896484
2020-01-16 21:00:00,27.598446,66.0,38.401554107666016
2020-01-17 00:00:00,23.53181,74.0,50.46818923950195
2020-01-17 03:00:00,28.611113,72.0,43.38888740539551
2020-01-17 06:00:00,31.057766,76.0,44.94223403930664
2020-01-17 09:00:00,16.94758,41.0,24.052419662475586
2020-01-17 12:00:00,17.502542,39.0,21.49745750427246
2020-01-17 15:00:00,23.088205,47.0,23.911794662475586
2020-01-17 18:00:00,23.584562,40.0,16.415437698364258
2020-01-17 21:00:00,23.948132,38.0,14.051868438720703
2020-01-18 00:00:00,20.013033,42.0,21.986967086791992
2020-01-18 03:00:00,19.326307,33.0,13.67369270324707
2020-01-18 06:00:00,14.738361,24.0,9.261638641357422
2020-01-18 09:00:00,14.918214,29.0,14.081786155700684
2020-01-18 12:00:00,18.712057,35.0,16.28794288635254
2020-01-18 15:00:00,23.845644,34.0,10.154356002807617
2020-01-18 18:00:00,24.294764,28.0,3.7052364349365234
2020-01-18 21:00:00,25.390818,25.0,-0.39081764221191406
2020-01-19 00:00:00,17.209913,40.0,22.79008674621582
2020-01-19 03:00:00,27.157513,40.0,12.842487335205078
2020-01-19 06:00:00,47.457546,40.0,-7.457546234130859
2020-01-19 09:00:00,62.597168,37.0,-25.59716796875
2020-01-19 12:00:00,55.561172,33.0,-22.561172485351562
2020-01-19 15:00:00,67.15368,32.0,-35.15367889404297
2020-01-19 18:00:00,76.12419,28.0,-48.12419128417969
2020-01-19 21:00:00,76.473495,21.0,-55.47349548339844
2020-01-20 00:00:00,6.2714205,51.0,44.7285795211792
2020-01-20 03:00:00,15.64024,28.0,12.359760284423828
2020-01-20 06:00:00,31.245918,30.0,-1.2459182739257812
2020-01-20 09:00:00,35.579887,24.0,-11.579887390136719
2020-01-20 12:00:00,35.213078,21.0,-14.213077545166016
2020-01-20 15:00:00,34.16153,26.0,-8.161529541015625
2020-01-20 18:00:00,32.41655,34.0,1.5834503173828125
2020-01-20 21:00:00,32.45998,35.0,2.540019989013672
2020-01-21 00:00:00,58.331806,42.0,-16.331806182861328
2020-01-21 03:00:00,51.478935,41.0,-10.478935241699219
2020-01-21 06:00:00,45.337288,37.0,-8.337287902832031
2020-01-21 09:00:00,36.65508,15.0,-21.655078887939453
2020-01-21 12:00:00,21.831966,22.0,0.16803359985351562
2020-01-21 15:00:00,24.482119,28.0,3.517881393432617
2020-01-21 18:00:00,25.822145,26.0,0.1778545379638672
2020-01-21 21:00:00,26.49881,38.0,11.501190185546875
2020-01-22 00:00:00,18.614286,27.0,8.385713577270508
2020-01-22 03:00:00,25.394514,32.0,6.605485916137695
2020-01-22 06:00:00,32.57378,23.0,-9.573780059814453
2020-01-22 09:00:00,30.841192,22.0,-8.841192245483398
2020-01-22 12:00:00,34.066032,31.0,-3.0660324096679688
2020-01-22 15:00:00,34.68051,29.0,-5.680511474609375
2020-01-22 18:00:00,27.092142,26.0,-1.092142105102539
2020-01-22 21:00:00,51.63537,30.0,-21.63536834716797
2020-01-23 00:00:00,85.77604,19.0,-66.77603912353516
2020-01-23 03:00:00,116.93703,23.0,-93.93702697753906
2020-01-23 06:00:00,107.83293,27.0,-80.83293151855469
2020-01-23 09:00:00,70.783646,12.0,-58.78364562988281
2020-01-23 12:00:00,26.576857,43.0,16.42314338684082
2020-01-23 15:00:00,21.282915,31.0,9.717084884643555
2020-01-23 18:00:00,21.653648,29.0,7.346351623535156
2020-01-23 21:00:00,22.996233,10.0,-12.996232986450195
2020-01-24 00:00:00,42.132797,24.0,-18.132797241210938
2020-01-24 03:00:00,41.695786,23.0,-18.695785522460938
2020-01-24 06:00:00,43.028534,18.0,-25.028533935546875
2020-01-24 09:00:00,27.375563,22.0,-5.37556266784668
2020-01-24 12:00:00,17.84747,23.0,5.152530670166016
2020-01-24 15:00:00,16.356466,21.0,4.643533706665039
2020-01-24 18:00:00,17.06121,20.0,2.9387893676757812
2020-01-24 21:00:00,19.40498,54.0,34.59502029418945
2020-01-25 00:00:00,1.2800001,47.0,45.71999990940094
2020-01-25 03:00:00,4.257913,38.0,33.74208688735962
2020-01-25 06:00:00,2.6720955,38.0,35.32790446281433
2020-01-25 09:00:00,3.5479956,33.0,29.452004432678223
2020-01-25 12:00:00,59.191395,39.0,-20.191394805908203
2020-01-25 15:00:00,115.693016,137.0,21.306983947753906
2020-01-25 18:00:00,123.132164,75.0,-48.132164001464844
2020-01-25 21:00:00,111.67447,76.0,-35.674468994140625
2020-01-26 00:00:00,149.71698,291.0,141.28302001953125
2020-01-26 03:00:00,177.23732,66.0,-111.23731994628906
2020-01-26 06:00:00,144.42674,36.0,-108.42674255371094
2020-01-26 09:00:00,120.18558,35.0,-85.18557739257812
2020-01-26 12:00:00,73.00804,40.0,-33.00804138183594
2020-01-26 15:00:00,60.046944,30.0,-30.04694366455078
2020-01-26 18:00:00,54.304222,35.0,-19.304222106933594
2020-01-26 21:00:00,66.55193,36.0,-30.55193328857422
2020-01-27 00:00:00,49.419327,59.0,9.580673217773438
2020-01-27 03:00:00,56.95483,28.0,-28.954830169677734
2020-01-27 06:00:00,60.448654,28.0,-32.44865417480469
2020-01-27 09:00:00,39.433872,27.0,-12.43387222290039
2020-01-27 12:00:00,33.934044,10.0,-23.934043884277344
2020-01-27 15:00:00,28.544605,22.0,-6.544605255126953
2020-01-27 18:00:00,25.598183,12.0,-13.598182678222656
2020-01-27 21:00:00,26.682415,21.0,-5.682415008544922
2020-01-28 00:00:00,44.280228,28.0,-16.280227661132812
2020-01-28 03:00:00,52.58289,37.0,-15.582889556884766
2020-01-28 06:00:00,55.470535,40.0,-15.470535278320312
2020-01-28 09:00:00,38.056385,40.0,1.9436149597167969
2020-01-28 12:00:00,19.051016,38.0,18.948984146118164
2020-01-28 15:00:00,15.592491,39.0,23.407508850097656
2020-01-28 18:00:00,16.45617,29.0,12.543830871582031
2020-01-28 21:00:00,15.073055,37.0,21.926944732666016
2020-01-29 00:00:00,8.454208,47.0,38.54579162597656
2020-01-29 03:00:00,17.535513,63.0,45.464487075805664
2020-01-29 06:00:00,22.794325,76.0,53.20567512512207
2020-01-29 09:00:00,21.13444,38.0,16.86556053161621
2020-01-29 12:00:00,25.835674,33.0,7.164325714111328
2020-01-29 15:00:00,26.38842,44.0,17.61157989501953
2020-01-29 18:00:00,22.261929,39.0,16.73807144165039
2020-01-29 21:00:00,20.800598,66.0,45.19940185546875
2020-01-30 00:00:00,17.875664,43.0,25.12433624267578
2020-01-30 03:00:00,65.19303,37.0,-28.193031311035156
2020-01-30 06:00:00,162.74532,69.0,-93.74531555175781
2020-01-30 09:00:00,169.94261,32.0,-137.94261169433594
2020-01-30 12:00:00,109.90675,37.0,-72.90675354003906
2020-01-30 15:00:00,89.08614,37.0,-52.086143493652344
2020-01-30 18:00:00,73.72659,40.0,-33.726593017578125
2020-01-30 21:00:00,60.97878,65.0,4.021221160888672
2020-01-31 00:00:00,45.776917,67.0,21.22308349609375
2020-01-31 03:00:00,48.402855,60.0,11.597145080566406
2020-01-31 06:00:00,51.191135,72.0,20.80886459350586
2020-01-31 09:00:00,45.43472,65.0,19.56528091430664
2020-01-31 12:00:00,37.809288,51.0,13.190711975097656
2020-01-31 15:00:00,41.430893,46.0,4.5691070556640625
2020-01-31 18:00:00,40.193752,58.0,17.80624771118164
2020-01-31 21:00:00,40.61826,57.0,16.38174057006836
2020-02-01 00:00:00,33.182003,49.0,15.817996978759766
2020-02-01 03:00:00,41.196926,61.0,19.80307388305664
2020-02-01 06:00:00,50.09929,51.0,0.9007110595703125
2020-02-01 09:00:00,58.3168,53.0,-5.316799163818359
2020-02-01 12:00:00,62.603703,57.0,-5.603702545166016
2020-02-01 15:00:00,66.9645,45.0,-21.964500427246094
2020-02-01 18:00:00,66.30762,48.0,-18.3076171875
2020-02-01 21:00:00,71.42444,91.0,19.5755615234375
2020-02-02 00:00:00,98.25089,92.0,-6.250892639160156
2020-02-02 03:00:00,87.86265,66.0,-21.862648010253906
2020-02-02 06:00:00,59.654438,52.0,-7.654438018798828
2020-02-02 09:00:00,32.51944,19.0,-13.519439697265625
2020-02-02 12:00:00,18.300852,18.0,-0.30085182189941406
2020-02-02 15:00:00,15.075784,12.0,-3.0757837295532227
2020-02-02 18:00:00,14.748821,15.0,0.2511787414550781
2020-02-02 21:00:00,15.757905,19.0,3.2420949935913086
2020-02-03 00:00:00,0.0,19.0,19.0
2020-02-03 03:00:00,0.0,21.0,21.0
2020-02-03 06:00:00,11.220323,25.0,13.779677391052246
2020-02-03 09:00:00,11.621637,22.0,10.378362655639648
2020-02-03 12:00:00,17.311493,27.0,9.688507080078125
2020-02-03 15:00:00,20.888365,38.0,17.111635208129883
2020-02-03 18:00:00,19.935215,23.0,3.0647850036621094
2020-02-03 21:00:00,17.46048,27.0,9.539520263671875
2020-02-04 00:00:00,34.553524,22.0,-12.553524017333984
2020-02-04 03:00:00,29.146576,26.0,-3.146575927734375
2020-02-04 06:00:00,26.59408,35.0,8.405920028686523
2020-02-04 09:00:00,23.01158,37.0,13.988420486450195
2020-02-04 12:00:00,18.491846,28.0,9.508153915405273
2020-02-04 15:00:00,17.786077,27.0,9.213922500610352
2020-02-04 18:00:00,15.375122,24.0,8.6248779296875
2020-02-04 21:00:00,16.158993,28.0,11.841007232666016
2020-02-05 00:00:00,0.32423487,32.0,31.67576512694359
2020-02-05 03:00:00,0.6434675,31.0,30.356532514095306
2020-02-05 06:00:00,0.0,28.0,28.0
2020-02-05 09:00:00,0.0,28.0,28.0
2020-02-05 12:00:00,27.997147,31.0,3.0028533935546875
2020-02-05 15:00:00,37.47914,35.0,-2.4791412353515625
2020-02-05 18:00:00,32.794106,40.0,7.205894470214844
2020-02-05 21:00:00,36.89547,68.0,31.104530334472656
2020-02-06 00:00:00,25.894224,59.0,33.10577583312988
2020-02-06 03:00:00,29.91419,59.0,29.0858097076416
2020-02-06 06:00:00,29.401009,26.0,-3.4010086059570312
2020-02-06 09:00:00,33.84298,20.0,-13.842979431152344
2020-02-06 12:00:00,16.787737,23.0,6.212263107299805
2020-02-06 15:00:00,31.764614,38.0,6.235385894775391
2020-02-06 18:00:00,34.918457,38.0,3.08154296875
2020-02-06 21:00:00,29.150784,36.0,6.849216461181641
2020-02-07 00:00:00,23.48861,31.0,7.511390686035156
2020-02-07 03:00:00,25.189365,48.0,22.81063461303711
2020-02-07 06:00:00,25.082159,51.0,25.9178409576416
2020-02-07 09:00:00,33.503624,35.0,1.4963760375976562
2020-02-07 12:00:00,31.354034,42.0,10.645965576171875
2020-02-07 15:00:00,31.912008,42.0,10.087991714477539
2020-02-07 18:00:00,24.617407,35.0,10.382593154907227
2020-02-07 21:00:00,20.892912,33.0,12.107088088989258
2020-02-08 00:00:00,24.854671,54.0,29.145328521728516
2020-02-08 03:00:00,30.897354,38.0,7.1026458740234375
2020-02-08 06:00:00,36.449818,56.0,19.550182342529297
2020-02-08 09:00:00,37.760685,45.0,7.239315032958984
2020-02-08 12:00:00,51.811867,42.0,-9.811866760253906
2020-02-08 15:00:00,47.11137,50.0,2.888629913330078
2020-02-08 18:00:00,42.22079,44.0,1.7792091369628906
2020-02-08 21:00:00,49.3219,54.0,4.6781005859375
2020-02-09 00:00:00,87.70803,46.0,-41.708030700683594
2020-02-09 03:00:00,60.5869,42.0,-18.586898803710938
2020-02-09 06:00:00,48.934452,42.0,-6.934452056884766
2020-02-09 09:00:00,47.76234,39.0,-8.762340545654297
2020-02-09 12:00:00,61.673744,18.0,-43.673744201660156
2020-02-09 15:00:00,67.26782,29.0,-38.267822265625
2020-02-09 18:00:00,83.35428,31.0,-52.354278564453125
2020-02-09 21:00:00,110.39447,52.0,-58.39447021484375
2020-02-10 00:00:00,101.256775,84.0,-17.25677490234375
2020-02-10 03:00:00,95.88985,105.0,9.110153198242188
2020-02-10 06:00:00,72.49969,80.0,7.500312805175781
2020-02-10 09:00:00,49.953316,61.0,11.046684265136719
2020-02-10 12:00:00,53.60346,38.0,-15.603458404541016
2020-02-10 15:00:00,54.294445,23.0,-31.294445037841797
2020-02-10 18:00:00,47.836693,20.0,-27.836692810058594
2020-02-10 21:00:00,38.68445,24.0,-14.6844482421875
2020-02-11 00:00:00,50.28414,26.0,-24.284141540527344
2020-02-11 03:00:00,34.442566,18.0,-16.44256591796875
2020-02-11 06:00:00,31.967375,20.0,-11.967374801635742
2020-02-11 09:00:00,32.96418,10.0,-22.96417999267578
2020-02-11 12:00:00,32.62335,11.0,-21.623348236083984
2020-02-11 15:00:00,33.940067,9.0,-24.940067291259766
2020-02-11 18:00:00,37.604877,55.0,17.395122528076172
2020-02-11 21:00:00,45.71939,32.0,-13.719390869140625
2020-02-12 12:00:00,19.730692,22.0,2.269308090209961
2020-02-12 15:00:00,18.483889,19.0,0.5161113739013672
2020-02-12 18:00:00,15.604655,18.0,2.3953447341918945
2020-02-12 21:00:00,14.199486,19.0,4.800514221191406
2020-02-13 00:00:00,26.037014,17.0,-9.03701400756836
2020-02-13 03:00:00,34.694496,21.0,-13.694496154785156
2020-02-13 06:00:00,37.24483,22.0,-15.244831085205078
2020-02-13 09:00:00,26.702082,28.0,1.2979183197021484
2020-02-13 12:00:00,11.19804,22.0,10.801959991455078
2020-02-13 15:00:00,10.392114,22.0,11.60788631439209
2020-02-13 18:00:00,10.453391,19.0,8.546608924865723
2020-02-13 21:00:00,11.785914,17.0,5.214085578918457
2020-02-14 00:00:00,2.201432,24.0,21.7985680103302
2020-02-14 03:00:00,12.379701,29.0,16.620299339294434
2020-02-14 06:00:00,23.200073,37.0,13.7999267578125
2020-02-14 09:00:00,24.527878,18.0,-6.5278778076171875
2020-02-14 12:00:00,15.164687,26.0,10.835312843322754
2020-02-14 15:00:00,21.386597,16.0,-5.3865966796875
2020-02-14 18:00:00,25.040321,18.0,-7.040321350097656
2020-02-14 21:00:00,26.785755,20.0,-6.785755157470703
2020-02-15 00:00:00,27.439909,26.0,-1.4399089813232422
2020-02-15 03:00:00,31.416676,24.0,-7.416675567626953
2020-02-15 06:00:00,36.184475,28.0,-8.18447494506836
2020-02-15 09:00:00,35.2303,27.0,-8.230300903320312
2020-02-15 12:00:00,21.978224,29.0,7.02177619934082
2020-02-15 15:00:00,24.91123,34.0,9.088769912719727
2020-02-15 18:00:00,25.548388,46.0,20.45161247253418
2020-02-15 21:00:00,27.298824,45.0,17.701175689697266
2020-02-16 00:00:00,14.010311,53.0,38.989688873291016
2020-02-16 03:00:00,18.522541,53.0,34.47745895385742
2020-02-16 06:00:00,27.102146,66.0,38.89785385131836
2020-02-16 09:00:00,35.76122,49.0,13.238780975341797
2020-02-16 12:00:00,58.009617,39.0,-19.00961685180664
2020-02-16 15:00:00,54.086628,34.0,-20.086627960205078
2020-02-16 18:00:00,43.912224,36.0,-7.912223815917969
2020-02-16 21:00:00,35.81647,47.0,11.183528900146484
2020-02-17 00:00:00,40.644066,38.0,-2.6440658569335938
2020-02-17 03:00:00,42.06072,45.0,2.939281463623047
2020-02-17 06:00:00,41.732903,85.0,43.26709747314453
2020-02-17 09:00:00,39.256973,53.0,13.743026733398438
2020-02-17 12:00:00,50.766117,43.0,-7.766117095947266
2020-02-17 15:00:00,51.101837,53.0,1.898162841796875
2020-02-17 18:00:00,46.982224,81.0,34.01777648925781
2020-02-17 21:00:00,46.142757,84.0,37.857242584228516
2020-02-18 00:00:00,74.19021,75.0,0.8097915649414062
2020-02-18 03:00:00,69.175255,66.0,-3.1752548217773438
2020-02-18 06:00:00,68.31113,74.0,5.688873291015625
2020-02-18 09:00:00,68.78952,61.0,-7.789520263671875
2020-02-18 12:00:00,79.43345,52.0,-27.433448791503906
2020-02-18 15:00:00,79.96693,54.0,-25.96692657470703
2020-02-18 18:00:00,73.73552,54.0,-19.735519409179688
2020-02-18 21:00:00,72.57836,56.0,-16.57836151123047
2020-02-19 00:00:00,32.899834,55.0,22.10016632080078
2020-02-19 03:00:00,37.288033,50.0,12.711967468261719
2020-02-19 06:00:00,39.095768,58.0,18.904232025146484
2020-02-19 09:00:00,40.38992,50.0,9.61008071899414
2020-02-19 12:00:00,56.238945,51.0,-5.238945007324219
2020-02-19 15:00:00,54.68337,71.0,16.316631317138672
2020-02-19 18:00:00,56.959835,41.0,-15.959835052490234
2020-02-19 21:00:00,58.122795,35.0,-23.12279510498047
2020-02-20 00:00:00,48.25574,44.0,-4.255741119384766
2020-02-20 03:00:00,42.099827,47.0,4.900173187255859
2020-02-20 06:00:00,48.842365,49.0,0.15763473510742188
2020-02-20 09:00:00,70.959114,52.0,-18.95911407470703
2020-02-20 12:00:00,107.74846,85.0,-22.748458862304688
2020-02-20 15:00:00,129.06303,54.0,-75.06303405761719
2020-02-20 18:00:00,134.51427,40.0,-94.51426696777344
2020-02-20 21:00:00,117.789566,45.0,-72.78956604003906
2020-02-21 00:00:00,60.630554,54.0,-6.63055419921875
2020-02-21 03:00:00,59.647392,45.0,-14.647392272949219
2020-02-21 06:00:00,63.565723,35.0,-28.565723419189453
2020-02-21 09:00:00,58.501312,35.0,-23.501312255859375
2020-02-21 12:00:00,56.228714,34.0,-22.228713989257812
2020-02-21 15:00:00,61.926983,41.0,-20.926982879638672
2020-02-21 18:00:00,63.13644,39.0,-24.13644027709961
2020-02-21 21:00:00,60.58326,44.0,-16.58325958251953
2020-02-22 00:00:00,44.68893,47.0,2.3110694885253906
2020-02-22 03:00:00,46.335117,54.0,7.664882659912109
2020-02-22 06:00:00,46.410606,59.0,12.589393615722656
2020-02-22 09:00:00,44.869465,38.0,-6.869464874267578
2020-02-22 12:00:00,4.1710563,36.0,31.828943729400635
2020-02-22 15:00:00,9.890755,36.0,26.10924530029297
2020-02-22 18:00:00,12.764303,37.0,24.23569679260254
2020-02-22 21:00:00,17.567345,33.0,15.432655334472656
2020-02-23 00:00:00,48.871696,43.0,-5.871696472167969
2020-02-23 03:00:00,45.45018,38.0,-7.4501800537109375
2020-02-23 06:00:00,39.883842,40.0,0.11615753173828125
2020-02-23 09:00:00,42.629948,43.0,0.3700523376464844
2020-02-23 12:00:00,56.813747,53.0,-3.8137474060058594
2020-02-23 15:00:00,50.95302,46.0,-4.9530181884765625
2020-02-23 18:00:00,38.18559,42.0,3.814411163330078
2020-02-23 21:00:00,29.951479,49.0,19.048521041870117
2020-02-24 00:00:00,17.433195,39.0,21.566804885864258
2020-02-24 03:00:00,20.321749,47.0,26.678251266479492
2020-02-24 06:00:00,22.107769,48.0,25.892230987548828
2020-02-24 09:00:00,24.710062,46.0,21.28993797302246
2020-02-24 12:00:00,49.56763,47.0,-2.5676307678222656
2020-02-24 15:00:00,41.904285,57.0,15.095714569091797
2020-02-24 18:00:00,30.442778,68.0,37.55722236633301
2020-02-24 21:00:00,23.830921,44.0,20.169078826904297
2020-02-25 00:00:00,18.104174,35.0,16.89582633972168
2020-02-25 03:00:00,16.558489,41.0,24.441511154174805
2020-02-25 06:00:00,19.517586,47.0,27.48241424560547
2020-02-25 09:00:00,26.183102,44.0,17.816898345947266
2020-02-25 12:00:00,32.022713,30.0,-2.0227127075195312
2020-02-25 15:00:00,31.939238,38.0,6.060762405395508
2020-02-25 18:00:00,26.883186,42.0,15.116813659667969
2020-02-25 21:00:00,28.04063,36.0,7.959369659423828
2020-02-26 00:00:00,195.60764,177.0,-18.607635498046875
2020-02-26 03:00:00,138.03197,94.0,-44.03196716308594
2020-02-26 06:00:00,164.18164,97.0,-67.181640625
2020-02-26 09:00:00,163.14499,122.0,-41.144989013671875
2020-02-26 12:00:00,149.06203,108.0,-41.06202697753906
2020-02-26 15:00:00,126.06324,48.0,-78.06324005126953
2020-02-26 18:00:00,116.66862,26.0,-90.66861724853516
2020-02-26 21:00:00,107.7633,31.0,-76.76329803466797
2020-02-27 03:00:00,124.91728,38.0,-86.91728210449219
2020-02-27 06:00:00,136.6102,41.0,-95.61019897460938
2020-02-27 09:00:00,102.79791,35.0,-67.79791259765625
2020-02-27 12:00:00,87.80557,38.0,-49.805572509765625
2020-02-27 15:00:00,82.63305,48.0,-34.63304901123047
2020-02-27 18:00:00,73.92191,36.0,-37.921913146972656
2020-02-27 21:00:00,68.45221,27.0,-41.45220947265625
2020-02-28 00:00:00,23.152098,30.0,6.847902297973633
2020-02-28 03:00:00,33.950527,29.0,-4.950527191162109
2020-02-28 06:00:00,46.31693,35.0,-11.31692886352539
2020-02-28 09:00:00,49.21469,53.0,3.785308837890625
2020-02-28 12:00:00,66.41909,81.0,14.580909729003906
2020-02-28 15:00:00,70.120964,73.0,2.8790359497070312
2020-02-28 18:00:00,70.017624,59.0,-11.017623901367188
2020-02-28 21:00:00,65.84151,49.0,-16.841506958007812
2020-02-29 00:00:00,73.232346,43.0,-30.232345581054688
2020-02-29 03:00:00,67.11093,50.0,-17.110931396484375
2020-02-29 06:00:00,65.97747,67.0,1.0225296020507812
2020-02-29 09:00:00,58.565887,56.0,-2.565887451171875
2020-02-29 12:00:00,32.849754,61.0,28.150245666503906
2020-02-29 15:00:00,39.834846,55.0,15.165153503417969
2020-02-29 18:00:00,39.133965,56.0,16.86603546142578
2020-02-29 21:00:00,38.998222,53.0,14.001777648925781
2020-03-01 00:00:00,27.058376,45.0,17.94162368774414
2020-03-01 03:00:00,17.509138,51.0,33.490861892700195
2020-03-01 06:00:00,9.918267,77.0,67.08173274993896
2020-03-01 09:00:00,6.159553,72.0,65.84044694900513
2020-03-01 21:00:00,31.54139,43.0,11.458610534667969
2020-03-02 00:00:00,67.17528,38.0,-29.175277709960938
2020-03-02 03:00:00,97.49624,39.0,-58.496238708496094
2020-03-02 06:00:00,114.92898,216.0,101.0710220336914
2020-03-02 09:00:00,110.461655,332.0,221.53834533691406
2020-03-02 12:00:00,88.02602,173.0,84.97398376464844
2020-03-02 15:00:00,55.144257,55.0,-0.144256591796875
2020-03-02 18:00:00,29.42511,28.0,-1.42510986328125
2020-03-02 21:00:00,19.685102,20.0,0.3148975372314453
2020-03-03 00:00:00,16.90796,18.0,1.0920391082763672
2020-03-03 03:00:00,31.400305,15.0,-16.400304794311523
2020-03-03 06:00:00,30.901789,24.0,-6.901788711547852
2020-03-03 09:00:00,28.715164,23.0,-5.7151641845703125
2020-03-03 12:00:00,30.617401,20.0,-10.617401123046875
2020-03-03 15:00:00,33.191837,14.0,-19.191837310791016
2020-03-03 18:00:00,32.6379,18.0,-14.637901306152344
2020-03-03 21:00:00,33.258404,21.0,-12.258403778076172
2020-03-04 00:00:00,23.139364,25.0,1.860635757446289
2020-03-04 03:00:00,24.16573,22.0,-2.165729522705078
2020-03-04 06:00:00,21.424398,36.0,14.575601577758789
2020-03-04 09:00:00,17.07781,23.0,5.922189712524414
2020-03-04 12:00:00,29.711487,30.0,0.28851318359375
2020-03-04 15:00:00,33.424385,48.0,14.575614929199219
2020-03-04 18:00:00,35.53464,39.0,3.4653587341308594
2020-03-04 21:00:00,36.28247,36.0,-0.282470703125
2020-03-05 00:00:00,57.126728,44.0,-13.126728057861328
2020-03-05 03:00:00,68.52679,38.0,-30.52678680419922
2020-03-05 06:00:00,61.19359,46.0,-15.193588256835938
2020-03-05 09:00:00,40.961426,39.0,-1.96142578125
2020-03-05 12:00:00,25.967665,31.0,5.03233528137207
2020-03-05 15:00:00,23.376514,35.0,11.623485565185547
2020-03-05 18:00:00,20.547646,31.0,10.452354431152344
2020-03-05 21:00:00,20.919743,29.0,8.080257415771484
2020-03-06 00:00:00,0.0,43.0,43.0
2020-03-06 06:00:00,6.8135934,67.0,60.18640661239624
2020-03-06 09:00:00,7.736105,34.0,26.26389503479004
2020-03-06 12:00:00,28.514364,56.0,27.48563575744629
2020-03-06 15:00:00,36.94146,67.0,30.05854034423828
2020-03-06 18:00:00,32.298317,40.0,7.701683044433594
2020-03-06 21:00:00,27.312126,46.0,18.68787384033203
2020-03-07 00:00:00,11.039674,35.0,23.960326194763184
2020-03-07 03:00:00,27.326677,34.0,6.673322677612305
2020-03-07 06:00:00,43.24886,52.0,8.751140594482422
2020-03-07 09:00:00,53.334873,36.0,-17.33487319946289
2020-03-07 12:00:00,42.91013,34.0,-8.91012954711914
2020-03-07 15:00:00,40.18193,60.0,19.818069458007812
2020-03-07 18:00:00,34.424488,49.0,14.575511932373047
2020-03-07 21:00:00,33.20088,60.0,26.799121856689453
2020-03-08 00:00:00,18.320974,64.0,45.679025650024414
2020-03-08 03:00:00,50.94819,53.0,2.0518112182617188
2020-03-08 06:00:00,81.78489,102.0,20.215110778808594
2020-03-08 09:00:00,99.351265,117.0,17.64873504638672
2020-03-08 12:00:00,124.79774,158.0,33.20226287841797
2020-03-08 15:00:00,114.405396,123.0,8.5946044921875
2020-03-08 18:00:00,105.12099,116.0,10.879013061523438
2020-03-08 21:00:00,136.26947,125.0,-11.26947021484375
2020-03-09 00:00:00,242.48834,46.0,-196.48834228515625
2020-03-09 03:00:00,234.10576,79.0,-155.1057586669922
2020-03-09 06:00:00,193.2384,78.0,-115.2384033203125
2020-03-09 09:00:00,143.93709,83.0,-60.93708801269531
2020-03-09 12:00:00,88.200066,57.0,-31.20006561279297
2020-03-09 15:00:00,67.00929,60.0,-7.0092926025390625
2020-03-09 18:00:00,53.579243,45.0,-8.579242706298828
2020-03-09 21:00:00,45.891285,47.0,1.1087150573730469
2020-03-10 00:00:00,8.59427,55.0,46.40573024749756
2020-03-10 03:00:00,23.308815,62.0,38.691184997558594
2020-03-10 06:00:00,33.742596,47.0,13.257404327392578
2020-03-10 09:00:00,29.603626,39.0,9.396373748779297
2020-03-10 12:00:00,76.58764,43.0,-33.58763885498047
2020-03-10 15:00:00,60.962234,46.0,-14.962234497070312
2020-03-10 18:00:00,52.310158,48.0,-4.310157775878906
2020-03-10 21:00:00,49.35521,51.0,1.6447906494140625
2020-03-11 00:00:00,49.24482,67.0,17.75518035888672
2020-03-11 03:00:00,49.393974,70.0,20.60602569580078
2020-03-11 06:00:00,49.3327,76.0,26.667301177978516
2020-03-11 09:00:00,47.993465,124.0,76.00653457641602
2020-03-11 12:00:00,44.673923,101.0,56.32607650756836
2020-03-11 15:00:00,45.833645,75.0,29.16635513305664
2020-03-11 18:00:00,40.949318,62.0,21.050682067871094
2020-03-11 21:00:00,40.447617,72.0,31.552383422851562
2020-03-12 00:00:00,47.87671,78.0,30.123291015625
2020-03-12 03:00:00,49.125446,90.0,40.87455368041992
2020-03-12 06:00:00,55.416878,85.0,29.58312225341797
2020-03-12 09:00:00,57.35751,60.0,2.6424903869628906
2020-03-12 12:00:00,66.34127,68.0,1.6587295532226562
2020-03-12 15:00:00,61.81199,69.0,7.188011169433594
2020-03-12 18:00:00,49.461277,53.0,3.5387229919433594
2020-03-12 21:00:00,45.3997,28.0,-17.399700164794922
2020-03-13 00:00:00,15.379556,38.0,22.620444297790527
2020-03-13 03:00:00,22.028929,53.0,30.971071243286133
2020-03-13 06:00:00,26.579529,35.0,8.42047119140625
2020-03-13 09:00:00,25.613417,30.0,4.38658332824707
2020-03-13 12:00:00,49.617256,50.0,0.38274383544921875
2020-03-13 15:00:00,44.601395,51.0,6.3986053466796875
2020-03-13 18:00:00,41.776047,49.0,7.2239532470703125
2020-03-13 21:00:00,42.407463,47.0,4.592536926269531
2020-03-14 00:00:00,28.451267,42.0,13.54873275756836
2020-03-14 03:00:00,33.758625,30.0,-3.758625030517578
2020-03-14 06:00:00,39.81785,26.0,-13.817848205566406
2020-03-14 09:00:00,58.360912,34.0,-24.360912322998047
2020-03-14 12:00:00,90.60364,49.0,-41.6036376953125
2020-03-14 15:00:00,89.25485,39.0,-50.254852294921875
2020-03-14 18:00:00,72.328476,38.0,-34.32847595214844
2020-03-14 21:00:00,67.36263,26.0,-41.362632751464844
2020-03-15 00:00:00,61.113953,31.0,-30.11395263671875
2020-03-15 03:00:00,68.51633,32.0,-36.516326904296875
2020-03-15 06:00:00,65.23459,37.0,-28.234588623046875
2020-03-15 09:00:00,55.871113,34.0,-21.871112823486328
2020-03-15 12:00:00,58.430546,32.0,-26.430545806884766
2020-03-15 15:00:00,57.932312,39.0,-18.93231201171875
2020-03-15 18:00:00,62.993877,39.0,-23.993877410888672
2020-03-15 21:00:00,65.695305,39.0,-26.69530487060547
2020-03-16 00:00:00,75.370735,37.0,-38.37073516845703
2020-03-16 03:00:00,55.649708,33.0,-22.649707794189453
2020-03-16 06:00:00,43.79484,32.0,-11.794841766357422
2020-03-18 12:00:00,26.10301,45.0,18.896989822387695
2020-03-18 15:00:00,35.356834,44.0,8.643165588378906
2020-03-18 18:00:00,43.219643,49.0,5.780357360839844
2020-03-18 21:00:00,43.814793,49.0,5.185207366943359
2020-03-19 00:00:00,26.012003,38.0,11.987997055053711
2020-03-19 03:00:00,41.448174,34.0,-7.448173522949219
2020-03-19 06:00:00,51.09814,40.0,-11.098140716552734
2020-03-19 09:00:00,39.681595,41.0,1.3184051513671875
2020-03-19 12:00:00,21.699976,35.0,13.300024032592773
2020-03-19 15:00:00,16.594414,28.0,11.405586242675781
2020-03-19 18:00:00,36.342953,40.0,3.6570472717285156
2020-03-19 21:00:00,53.12313,53.0,-0.12313079833984375
2020-03-20 00:00:00,9.426912,55.0,45.57308769226074
2020-03-20 03:00:00,21.784672,60.0,38.215328216552734
2020-03-20 06:00:00,33.021706,51.0,17.978294372558594
2020-03-20 09:00:00,38.768177,41.0,2.231822967529297
2020-03-20 12:00:00,31.13405,27.0,-4.134050369262695
2020-03-20 15:00:00,37.708103,29.0,-8.70810317993164
2020-03-21 15:00:00,75.14734,23.0,-52.1473388671875
2020-03-21 18:00:00,52.328575,23.0,-29.328575134277344
2020-03-21 21:00:00,34.517258,30.0,-4.5172576904296875
2020-03-22 00:00:00,65.20622,25.0,-40.20622253417969
2020-03-22 03:00:00,64.018875,26.0,-38.01887512207031
2020-03-22 06:00:00,74.64234,37.0,-37.64234161376953
2020-03-22 09:00:00,92.125786,42.0,-50.12578582763672
2020-03-22 12:00:00,80.10113,27.0,-53.10112762451172
2020-03-22 15:00:00,78.27094,32.0,-46.27094268798828
2020-03-22 18:00:00,73.56664,28.0,-45.56664276123047
2020-03-22 21:00:00,100.644684,81.0,-19.644683837890625
2020-03-23 00:00:00,181.7259,79.0,-102.72590637207031
2020-03-23 03:00:00,188.59373,155.0,-33.59373474121094
2020-03-23 15:00:00,56.06148,20.0,-36.06148147583008
2020-03-23 18:00:00,35.952324,20.0,-15.952323913574219
2020-03-23 21:00:00,29.89691,16.0,-13.896909713745117
2020-03-24 00:00:00,5.647053,23.0,17.352947235107422
2020-03-24 03:00:00,10.460553,32.0,21.53944683074951
2020-03-24 06:00:00,24.60456,24.0,-0.6045608520507812
2020-03-24 09:00:00,37.73562,27.0,-10.735618591308594
2020-03-24 12:00:00,34.54659,22.0,-12.546588897705078
2020-03-24 15:00:00,33.033756,26.0,-7.033756256103516
2020-03-24 18:00:00,25.5352,35.0,9.464799880981445
2020-03-24 21:00:00,22.157791,34.0,11.842208862304688
2020-03-25 00:00:00,17.017782,45.0,27.98221778869629
2020-03-25 03:00:00,25.208351,43.0,17.791648864746094
2020-03-25 06:00:00,29.69557,34.0,4.30443000793457
2020-03-25 09:00:00,27.134207,31.0,3.865793228149414
2020-03-25 12:00:00,2.91152,28.0,25.08847999572754
2020-03-25 15:00:00,4.2280135,26.0,21.771986484527588
2020-03-25 18:00:00,1.7612365,45.0,43.23876345157623
2020-03-25 21:00:00,3.6468463,34.0,30.353153705596924
2020-03-26 00:00:00,0.0,38.0,38.0
2020-03-26 03:00:00,0.0,31.0,31.0
2020-03-26 06:00:00,0.0,38.0,38.0
2020-03-26 09:00:00,1.5185151,30.0,28.48148488998413
2020-03-26 12:00:00,13.019075,39.0,25.980924606323242
2020-03-26 15:00:00,13.285444,29.0,15.714555740356445
2020-03-26 18:00:00,15.346018,23.0,7.653982162475586
2020-03-26 21:00:00,18.203537,20.0,1.7964630126953125
2020-03-27 00:00:00,10.306849,23.0,12.693151473999023
2020-03-27 03:00:00,15.289345,32.0,16.710655212402344
2020-03-27 06:00:00,10.8258295,35.0,24.17417049407959
2020-03-27 09:00:00,19.118546,30.0,10.881454467773438
2020-03-27 12:00:00,32.06276,28.0,-4.0627593994140625
2020-03-27 15:00:00,22.952805,34.0,11.047195434570312
2020-03-27 18:00:00,16.362265,30.0,13.637735366821289
2020-03-27 21:00:00,17.927277,26.0,8.072723388671875
2020-03-28 00:00:00,44.3722,28.0,-16.37220001220703
2020-03-28 03:00:00,52.00252,39.0,-13.002521514892578
2020-03-28 06:00:00,96.12484,45.0,-51.124839782714844
2020-03-28 09:00:00,136.42734,48.0,-88.42733764648438
2020-03-28 12:00:00,156.23528,50.0,-106.23527526855469
2020-03-28 15:00:00,174.55363,73.0,-101.55363464355469
2020-03-28 18:00:00,170.24695,119.0,-51.2469482421875
2020-03-28 21:00:00,146.72878,85.0,-61.72877502441406
2020-03-29 00:00:00,131.4761,36.0,-95.47610473632812
2020-03-29 03:00:00,150.07208,33.0,-117.07208251953125
2020-03-29 06:00:00,147.23196,54.0,-93.23196411132812
2020-03-29 09:00:00,159.34433,124.0,-35.344329833984375
2020-03-29 12:00:00,130.40971,82.0,-48.40971374511719
2020-03-29 15:00:00,94.28913,47.0,-47.28913116455078
2020-03-29 18:00:00,50.451263,53.0,2.548736572265625
2020-03-29 21:00:00,29.671354,37.0,7.328645706176758
2020-03-30 00:00:00,98.50964,35.0,-63.5096435546875
2020-03-30 03:00:00,99.1713,32.0,-67.17130279541016
2020-03-30 06:00:00,78.34353,42.0,-36.343528747558594
2020-03-30 09:00:00,62.036633,37.0,-25.036632537841797
2020-03-30 12:00:00,44.70621,36.0,-8.70621109008789
2020-03-30 15:00:00,32.8173,27.0,-5.817298889160156
2020-03-30 18:00:00,23.929714,30.0,6.070285797119141
2020-03-30 21:00:00,24.087286,16.0,-8.087285995483398
2020-03-31 00:00:00,0.0,23.0,23.0
2020-03-31 03:00:00,0.0,31.0,31.0
2020-03-31 06:00:00,0.0,27.0,27.0
2020-03-31 09:00:00,2.4513724,17.0,14.548627614974976
2020-03-31 12:00:00,33.655624,24.0,-9.655624389648438
2020-03-31 15:00:00,29.849617,26.0,-3.8496170043945312
2020-03-31 18:00:00,30.6361,24.0,-6.636100769042969
2020-03-31 21:00:00,38.75266,24.0,-14.75265884399414
2020-04-01 00:00:00,56.48553,31.0,-25.485530853271484
2020-04-01 03:00:00,55.797955,32.0,-23.797954559326172
2020-04-01 06:00:00,59.08214,37.0,-22.082141876220703
2020-04-01 09:00:00,67.727516,39.0,-28.727516174316406
2020-04-01 12:00:00,41.864384,49.0,7.135616302490234
2020-04-01 15:00:00,49.330765,41.0,-8.330764770507812
2020-04-01 18:00:00,40.16283,47.0,6.837169647216797
2020-04-01 21:00:00,35.752464,29.0,-6.752464294433594
2020-04-02 03:00:00,25.828058,36.0,10.171941757202148
2020-04-02 06:00:00,19.45216,40.0,20.547840118408203
2020-04-02 09:00:00,22.143183,50.0,27.8568172454834
2020-04-02 12:00:00,62.833237,46.0,-16.833236694335938
2020-04-02 15:00:00,65.46441,49.0,-16.46440887451172
2020-04-02 18:00:00,67.285324,37.0,-30.285324096679688
2020-04-02 21:00:00,55.1172,49.0,-6.117198944091797
2020-04-03 00:00:00,43.80854,39.0,-4.808540344238281
2020-04-03 03:00:00,51.085407,39.0,-12.085407257080078
2020-04-03 06:00:00,52.26434,45.0,-7.264339447021484
2020-04-03 09:00:00,55.187824,50.0,-5.187824249267578
2020-04-03 12:00:00,51.164078,44.0,-7.1640777587890625
2020-04-03 15:00:00,54.173595,48.0,-6.173595428466797
2020-04-03 18:00:00,57.942997,44.0,-13.942996978759766
2020-04-03 21:00:00,62.756954,34.0,-28.756954193115234
2020-04-04 03:00:00,73.04903,37.0,-36.04902648925781
2020-04-04 06:00:00,67.057724,30.0,-37.05772399902344
2020-04-04 09:00:00,61.936134,27.0,-34.936134338378906
2020-04-04 12:00:00,54.82542,30.0,-24.825420379638672
2020-04-04 15:00:00,53.77342,29.0,-24.773418426513672
2020-04-04 18:00:00,46.985405,23.0,-23.98540496826172
2020-04-04 21:00:00,38.192184,16.0,-22.192184448242188
2020-04-05 00:00:00,0.03569767,12.0,11.964302331209183
2020-04-05 03:00:00,1.7957973,23.0,21.20420265197754
2020-04-05 06:00:00,5.4075146,25.0,19.592485427856445
2020-04-05 09:00:00,11.532279,23.0,11.467720985412598
2020-04-05 12:00:00,26.058046,26.0,-0.05804634094238281
2020-04-05 15:00:00,30.17533,30.0,-0.17532920837402344
2020-04-05 18:00:00,29.143621,31.0,1.8563785552978516
2020-04-05 21:00:00,28.095201,31.0,2.9047985076904297
2020-04-06 00:00:00,90.489265,31.0,-59.48926544189453
2020-04-06 03:00:00,92.992195,33.0,-59.99219512939453
2020-04-06 06:00:00,86.811554,25.0,-61.811553955078125
2020-04-06 09:00:00,73.23251,26.0,-47.232513427734375
2020-04-06 12:00:00,49.105667,20.0,-29.105667114257812
2020-04-06 15:00:00,34.84763,29.0,-5.847629547119141
2020-04-06 18:00:00,40.573353,35.0,-5.573352813720703
2020-04-06 21:00:00,40.75764,25.0,-15.757640838623047
2020-04-07 00:00:00,41.784004,22.0,-19.78400421142578
2020-04-07 03:00:00,53.65041,35.0,-18.650409698486328
2020-04-07 06:00:00,67.49928,37.0,-30.499282836914062
2020-04-07 09:00:00,80.271095,44.0,-36.271095275878906
2020-04-07 12:00:00,55.889473,45.0,-10.889472961425781
2020-04-07 15:00:00,42.237785,47.0,4.762214660644531
2020-04-07 18:00:00,31.070158,34.0,2.929841995239258
2020-04-07 21:00:00,30.583578,34.0,3.416421890258789
2020-04-08 00:00:00,13.42687,39.0,25.573129653930664
2020-04-08 03:00:00,29.85928,52.0,22.14072036743164
2020-04-08 06:00:00,57.811745,43.0,-14.811744689941406
2020-04-08 09:00:00,78.703575,43.0,-35.703575134277344
2020-04-08 12:00:00,73.01913,42.0,-31.019126892089844
2020-04-08 15:00:00,70.12057,39.0,-31.120567321777344
2020-04-08 18:00:00,82.056885,44.0,-38.056884765625
2020-04-08 21:00:00,92.34623,50.0,-42.346229553222656
2020-04-09 00:00:00,83.28243,48.0,-35.282432556152344
2020-04-09 03:00:00,85.462715,64.0,-21.46271514892578
2020-04-09 06:00:00,74.79639,70.0,-4.79638671875
2020-04-09 09:00:00,59.51631,72.0,12.483688354492188
2020-04-09 12:00:00,97.19019,71.0,-26.19019317626953
2020-04-09 15:00:00,78.22598,66.0,-12.225982666015625
2020-04-09 18:00:00,62.93385,59.0,-3.933849334716797
2020-04-09 21:00:00,60.666935,55.0,-5.666934967041016
2020-04-10 00:00:00,74.38894,59.0,-15.388938903808594
2020-04-10 03:00:00,93.926704,53.0,-40.92670440673828
2020-04-10 06:00:00,113.35908,52.0,-61.35907745361328
2020-04-10 09:00:00,121.99848,127.0,5.001518249511719
2020-04-10 12:00:00,120.17813,96.0,-24.178131103515625
2020-04-10 15:00:00,114.11976,104.0,-10.119758605957031
2020-04-10 18:00:00,127.051865,77.0,-50.05186462402344
2020-04-10 21:00:00,129.113,47.0,-82.11300659179688
2020-04-11 00:00:00,90.125465,40.0,-50.125465393066406
2020-04-11 03:00:00,87.92267,52.0,-35.92266845703125
2020-04-11 06:00:00,108.76647,71.0,-37.76647186279297
2020-04-11 09:00:00,124.86225,110.0,-14.862251281738281
2020-04-11 12:00:00,112.03201,78.0,-34.032012939453125
2020-04-11 15:00:00,89.12571,65.0,-24.125709533691406
2020-04-11 18:00:00,79.42981,50.0,-29.4298095703125
2020-04-11 21:00:00,65.66188,47.0,-18.661880493164062
2020-04-12 00:00:00,22.801033,14.0,-8.801033020019531
2020-04-12 03:00:00,14.040324,36.0,21.959675788879395
2020-04-12 06:00:00,16.932291,54.0,37.06770896911621
2020-04-12 09:00:00,20.812195,57.0,36.18780517578125
2020-04-12 12:00:00,13.310682,44.0,30.68931770324707
2020-04-12 15:00:00,19.111212,32.0,12.888788223266602
2020-04-12 18:00:00,26.007002,25.0,-1.0070018768310547
2020-04-12 21:00:00,28.041996,13.0,-15.041996002197266
2020-04-13 00:00:00,58.89524,20.0,-38.895240783691406
2020-04-13 03:00:00,51.7075,19.0,-32.70750045776367
2020-04-13 06:00:00,45.73445,20.0,-25.734451293945312
2020-04-13 09:00:00,48.399498,551.0,502.60050201416016
2020-04-13 12:00:00,123.23608,24.0,-99.23607635498047
2020-04-13 15:00:00,114.80233,22.0,-92.80233001708984
2020-04-13 18:00:00,107.6412,18.0,-89.64119720458984
2020-04-13 21:00:00,94.18068,20.0,-74.18067932128906
2020-04-14 00:00:00,13.894805,18.0,4.105195045471191
2020-04-14 03:00:00,2.2422454,17.0,14.757754564285278
2020-04-14 06:00:00,0.0634941,24.0,23.936505898833275
2020-04-14 09:00:00,3.2275693,23.0,19.772430658340454
2020-04-14 12:00:00,8.951872,21.0,12.048128128051758
2020-04-14 15:00:00,10.351243,24.0,13.648756980895996
2020-04-14 18:00:00,9.857445,25.0,15.142555236816406
2020-04-14 21:00:00,10.420535,26.0,15.57946491241455
2020-04-15 00:00:00,43.595036,17.0,-26.595035552978516
2020-04-15 03:00:00,55.199394,28.0,-27.19939422607422
2020-04-15 06:00:00,45.69955,22.0,-23.69955062866211
2020-04-15 09:00:00,69.84004,29.0,-40.84004211425781
2020-04-15 12:00:00,54.721,25.0,-29.72100067138672
2020-04-15 15:00:00,67.4147,20.0,-47.414703369140625
2020-04-15 18:00:00,61.89248,23.0,-38.892478942871094
2020-04-15 21:00:00,62.03959,23.0,-39.039588928222656
2020-04-16 00:00:00,28.534033,20.0,-8.534032821655273
2020-04-16 03:00:00,21.80343,23.0,1.1965694427490234
2020-04-16 06:00:00,20.508879,26.0,5.491121292114258
2020-04-16 09:00:00,24.603651,21.0,-3.6036510467529297
2020-04-16 12:00:00,28.866907,16.0,-12.866907119750977
2020-04-16 15:00:00,37.25347,47.0,9.746528625488281
2020-04-16 18:00:00,43.789898,35.0,-8.789897918701172
2020-04-16 21:00:00,46.397873,40.0,-6.3978729248046875
2020-04-17 00:00:00,56.49986,40.0,-16.499858856201172
2020-04-17 03:00:00,61.49537,29.0,-32.49536895751953
2020-04-17 06:00:00,69.723114,41.0,-28.723114013671875
2020-04-17 09:00:00,69.454475,36.0,-33.45447540283203
2020-04-17 12:00:00,50.765038,48.0,-2.7650375366210938
2020-04-17 15:00:00,57.911167,52.0,-5.911167144775391
2020-04-17 18:00:00,50.9051,52.0,1.0948982238769531
2020-04-17 21:00:00,42.507053,49.0,6.492946624755859
2020-04-18 00:00:00,51.147026,46.0,-5.147026062011719
2020-04-18 03:00:00,45.58342,51.0,5.4165802001953125
2020-04-18 06:00:00,44.39272,44.0,-0.3927192687988281
2020-04-18 09:00:00,48.58805,37.0,-11.588050842285156
2020-04-18 12:00:00,71.81325,34.0,-37.81324768066406
2020-04-18 15:00:00,57.05783,29.0,-28.057830810546875
2020-04-18 18:00:00,40.306988,56.0,15.693012237548828
2020-04-18 21:00:00,34.727463,58.0,23.272537231445312
2020-04-19 00:00:00,3.5632865,49.0,45.436713457107544
2020-04-19 03:00:00,4.6111383,43.0,38.388861656188965
2020-04-19 06:00:00,13.129125,41.0,27.870875358581543
2020-04-19 09:00:00,27.2276,44.0,16.77239990234375
2020-04-19 12:00:00,67.53157,57.0,-10.531570434570312
2020-04-19 15:00:00,62.708183,51.0,-11.708183288574219
2020-04-19 18:00:00,45.092632,50.0,4.907367706298828
2020-04-19 21:00:00,39.990253,48.0,8.009746551513672
2020-04-20 00:00:00,40.631447,54.0,13.368553161621094
2020-04-20 03:00:00,61.001858,52.0,-9.00185775756836
2020-04-20 06:00:00,71.55791,61.0,-10.557907104492188
2020-04-20 09:00:00,67.26282,52.0,-15.2628173828125
2020-04-20 12:00:00,72.378494,54.0,-18.378494262695312
2020-04-20 15:00:00,67.30488,79.0,11.695121765136719
2020-04-20 18:00:00,69.33897,85.0,15.661033630371094
2020-04-20 21:00:00,70.02359,82.0,11.976409912109375
2020-04-21 00:00:00,53.09289,78.0,24.907108306884766
2020-04-21 03:00:00,71.02415,69.0,-2.0241470336914062
2020-04-21 06:00:00,112.072716,64.0,-48.072715759277344
2020-04-21 09:00:00,122.046455,50.0,-72.04645538330078
2020-04-21 12:00:00,104.72081,57.0,-47.72080993652344
2020-04-21 15:00:00,90.93708,49.0,-41.93708038330078
2020-04-21 18:00:00,86.8265,40.0,-46.826499938964844
2020-04-21 21:00:00,83.69989,45.0,-38.69989013671875
2020-04-22 00:00:00,57.127865,149.0,91.87213516235352
2020-04-22 03:00:00,64.77717,115.0,50.22283172607422
2020-04-22 06:00:00,81.93689,76.0,-5.9368896484375
2020-04-22 09:00:00,85.19788,33.0,-52.19788360595703
2020-04-22 12:00:00,42.766487,20.0,-22.76648712158203
2020-04-22 15:00:00,29.37719,46.0,16.62281036376953
2020-04-22 18:00:00,22.405005,35.0,12.594995498657227
2020-04-22 21:00:00,23.745657,39.0,15.254343032836914
2020-04-23 00:00:00,20.079597,38.0,17.92040252685547
2020-04-23 03:00:00,32.547062,38.0,5.452938079833984
2020-04-23 06:00:00,43.1948,46.0,2.8051986694335938
2020-04-23 09:00:00,59.138474,49.0,-10.138473510742188
2020-04-23 15:00:00,26.388592,43.0,16.611408233642578
2020-04-23 18:00:00,22.985489,40.0,17.014511108398438
2020-04-23 21:00:00,26.859312,51.0,24.140687942504883
2020-04-24 00:00:00,43.739876,44.0,0.26012420654296875
2020-04-24 03:00:00,50.21076,55.0,4.789241790771484
2020-04-24 06:00:00,53.943836,71.0,17.056163787841797
2020-04-24 09:00:00,59.68525,47.0,-12.685249328613281
2020-04-24 21:00:00,43.368572,62.0,18.631427764892578
2020-04-25 00:00:00,29.292095,65.0,35.70790481567383
2020-04-25 03:00:00,21.06151,50.0,28.93848991394043
2020-04-25 06:00:00,20.587095,39.0,18.412904739379883
2020-04-25 09:00:00,25.239502,30.0,4.760498046875
2020-04-25 12:00:00,46.996094,31.0,-15.99609375
2020-04-25 15:00:00,44.93563,39.0,-5.935630798339844
2020-04-25 18:00:00,42.6337,24.0,-18.63370132446289
2020-04-25 21:00:00,49.6525,28.0,-21.65250015258789
2020-04-26 00:00:00,49.978554,44.0,-5.978553771972656
2020-04-26 03:00:00,41.29663,46.0,4.703369140625
2020-04-26 06:00:00,48.169,43.0,-5.168998718261719
2020-04-26 09:00:00,60.893227,216.0,155.10677337646484
2020-04-26 12:00:00,89.379684,130.0,40.62031555175781
2020-04-26 15:00:00,116.09791,62.0,-54.09790802001953
2020-04-26 18:00:00,147.08507,50.0,-97.08506774902344
2020-04-26 21:00:00,135.47514,85.0,-50.47514343261719
2020-04-27 00:00:00,137.73297,138.0,0.26702880859375
2020-04-27 03:00:00,118.409164,40.0,-78.40916442871094
2020-04-27 06:00:00,99.9039,29.0,-70.90390014648438
2020-04-27 09:00:00,90.79969,31.0,-59.79969024658203
2020-04-27 12:00:00,105.11667,26.0,-79.11666870117188
2020-04-27 15:00:00,64.41905,20.0,-44.41905212402344
2020-04-27 18:00:00,32.355045,14.0,-18.355045318603516
2020-04-27 21:00:00,22.228277,16.0,-6.228277206420898
2020-04-28 00:00:00,25.70141,11.0,-14.701410293579102
2020-04-28 03:00:00,25.070677,16.0,-9.070676803588867
2020-04-28 06:00:00,20.274002,24.0,3.7259979248046875
2020-04-28 09:00:00,19.081085,21.0,1.918914794921875
2020-04-30 09:00:00,82.69092,49.0,-33.69091796875
2020-04-30 12:00:00,70.860435,36.0,-34.860435485839844
2020-04-30 15:00:00,67.1223,61.0,-6.1222991943359375
2020-04-30 18:00:00,60.180355,86.0,25.819644927978516
2020-04-30 21:00:00,54.781593,77.0,22.218406677246094
2020-05-01 00:00:00,93.38919,56.0,-37.389190673828125
2020-05-01 03:00:00,74.59567,51.0,-23.595672607421875
2020-05-01 06:00:00,61.200695,35.0,-26.200695037841797
2020-05-01 09:00:00,58.54031,34.0,-24.54030990600586
2020-05-01 12:00:00,63.190556,36.0,-27.190555572509766
2020-05-01 15:00:00,50.93682,39.0,-11.936820983886719
2020-05-01 18:00:00,49.794666,41.0,-8.794666290283203
2020-05-01 21:00:00,52.555607,39.0,-13.555606842041016
2020-05-02 00:00:00,32.914158,38.0,5.085842132568359
2020-05-02 03:00:00,38.59941,39.0,0.4005889892578125
2020-05-02 06:00:00,42.632565,39.0,-3.6325645446777344
2020-05-02 09:00:00,58.05964,52.0,-6.059638977050781
2020-05-02 12:00:00,86.293144,55.0,-31.29314422607422
2020-05-02 15:00:00,77.29295,45.0,-32.29295349121094
2020-05-02 18:00:00,71.12567,45.0,-26.12567138671875
2020-05-02 21:00:00,68.26326,47.0,-21.263259887695312
2020-05-03 00:00:00,51.011967,44.0,-7.011966705322266
2020-05-03 03:00:00,48.790867,49.0,0.20913314819335938
2020-05-03 09:00:00,62.731148,46.0,-16.73114776611328
2020-05-03 12:00:00,36.024857,46.0,9.975143432617188
2020-05-03 15:00:00,33.859352,42.0,8.140647888183594
2020-05-03 18:00:00,31.993296,30.0,-1.993295669555664
2020-05-03 21:00:00,33.331615,35.0,1.6683845520019531
2020-05-04 03:00:00,20.019968,38.0,17.980031967163086
2020-05-04 06:00:00,23.333315,29.0,5.666685104370117
2020-05-04 12:00:00,47.521156,33.0,-14.521156311035156
2020-05-04 15:00:00,47.65093,33.0,-14.650928497314453
2020-05-04 18:00:00,44.820522,36.0,-8.82052230834961
2020-05-04 21:00:00,44.00323,41.0,-3.0032310485839844
2020-05-05 00:00:00,66.40858,39.0,-27.40857696533203
2020-05-05 03:00:00,71.05041,51.0,-20.05040740966797
2020-05-05 06:00:00,81.8809,26.0,-55.880897521972656
2020-05-05 09:00:00,84.17868,31.0,-53.178680419921875
2020-05-05 12:00:00,65.76579,32.0,-33.76579284667969
2020-05-05 15:00:00,52.221138,24.0,-28.22113800048828
2020-05-05 18:00:00,42.978855,32.0,-10.97885513305664
2020-05-05 21:00:00,37.21243,32.0,-5.212429046630859
2020-05-06 00:00:00,75.39665,28.0,-47.39665222167969
2020-05-06 03:00:00,76.3672,29.0,-47.36720275878906
2020-05-06 06:00:00,84.05692,34.0,-50.056922912597656
2020-05-06 09:00:00,77.3814,26.0,-51.38140106201172
2020-05-06 12:00:00,60.61464,34.0,-26.614639282226562
2020-05-06 15:00:00,52.95351,35.0,-17.953510284423828
2020-05-06 18:00:00,50.5579,35.0,-15.557899475097656
2020-05-06 21:00:00,46.775314,31.0,-15.775314331054688
2020-05-07 03:00:00,98.76556,49.0,-49.76555633544922
2020-05-07 18:00:00,43.80428,26.0,-17.804279327392578
2020-05-07 21:00:00,37.156723,26.0,-11.156723022460938
2020-05-08 00:00:00,67.261566,26.0,-41.261566162109375
2020-05-08 03:00:00,51.57477,24.0,-27.574771881103516
2020-05-08 06:00:00,36.73847,25.0,-11.738468170166016
2020-05-08 09:00:00,29.327055,26.0,-3.327054977416992
2020-05-08 12:00:00,52.883022,23.0,-29.88302230834961
2020-05-08 15:00:00,51.0006,25.0,-26.000598907470703
2020-05-08 18:00:00,48.5727,28.0,-20.57270050048828
2020-05-08 21:00:00,44.879017,29.0,-15.879016876220703
2020-05-09 00:00:00,10.111762,30.0,19.888237953186035
2020-05-09 03:00:00,13.152431,29.0,15.847569465637207
2020-05-09 06:00:00,18.796186,25.0,6.203813552856445
2020-05-09 09:00:00,28.148008,37.0,8.851991653442383
2020-05-09 12:00:00,19.370304,32.0,12.629695892333984
2020-05-09 15:00:00,32.66217,28.0,-4.66217041015625
2020-05-09 18:00:00,39.148857,33.0,-6.148857116699219
2020-05-09 21:00:00,39.591442,34.0,-5.591442108154297
2020-05-10 00:00:00,54.552174,31.0,-23.552173614501953
2020-05-10 03:00:00,73.624504,21.0,-52.62450408935547
2020-05-10 06:00:00,88.64526,43.0,-45.645263671875
2020-05-10 09:00:00,85.35028,38.0,-47.35028076171875
2020-05-10 12:00:00,103.715195,70.0,-33.71519470214844
2020-05-10 15:00:00,98.60764,42.0,-56.607643127441406
2020-05-10 18:00:00,101.59368,41.0,-60.59368133544922
2020-05-10 21:00:00,130.33423,52.0,-78.334228515625
2020-05-11 03:00:00,77.46013,114.0,36.53987121582031
2020-05-11 06:00:00,31.22375,78.0,46.7762508392334
2020-05-11 09:00:00,29.495596,52.0,22.504404067993164
2020-05-11 12:00:00,54.286316,25.0,-29.28631591796875
2020-05-11 15:00:00,55.05862,18.0,-37.05862045288086
2020-05-11 21:00:00,48.154335,17.0,-31.154335021972656
2020-05-12 00:00:00,58.79201,19.0,-39.79201126098633
2020-05-12 03:00:00,49.260735,23.0,-26.26073455810547
2020-05-12 09:00:00,39.82424,19.0,-20.824241638183594
2020-05-13 18:00:00,39.910107,44.0,4.089893341064453
2020-05-13 21:00:00,44.12004,56.0,11.879959106445312
2020-05-14 00:00:00,68.758705,60.0,-8.758705139160156
2020-05-14 03:00:00,92.28245,67.0,-25.282447814941406
2020-05-14 06:00:00,85.938835,58.0,-27.93883514404297
2020-05-14 09:00:00,62.84864,48.0,-14.848640441894531
2020-05-14 12:00:00,47.608807,52.0,4.391193389892578
2020-05-14 15:00:00,43.99459,48.0,4.005409240722656
2020-05-14 18:00:00,36.079086,49.0,12.920913696289062
2020-05-14 21:00:00,37.425026,65.0,27.574974060058594
2020-05-15 00:00:00,50.586323,69.0,18.413677215576172
2020-05-15 03:00:00,54.83065,52.0,-2.8306503295898438
2020-05-15 06:00:00,57.5871,45.0,-12.587100982666016
2020-05-15 09:00:00,59.95395,18.0,-41.953948974609375
2020-05-15 12:00:00,65.47964,23.0,-42.479637145996094
2020-05-15 15:00:00,52.7167,29.0,-23.71670150756836
2020-05-15 18:00:00,47.06226,34.0,-13.062259674072266
2020-05-15 21:00:00,44.49339,33.0,-11.493389129638672
2020-05-16 00:00:00,16.371815,36.0,19.628185272216797
2020-05-16 03:00:00,27.284159,41.0,13.715841293334961
2020-05-16 06:00:00,23.682503,44.0,20.31749725341797
2020-05-16 09:00:00,31.161846,35.0,3.838153839111328
2020-05-16 12:00:00,23.566145,30.0,6.433855056762695
2020-05-16 15:00:00,24.917881,33.0,8.08211898803711
2020-05-16 18:00:00,25.611143,38.0,12.388856887817383
2020-05-16 21:00:00,28.07792,38.0,9.922079086303711
2020-05-17 00:00:00,58.41139,41.0,-17.411388397216797
2020-05-17 03:00:00,64.043945,46.0,-18.0439453125
2020-05-17 06:00:00,74.386154,36.0,-38.38615417480469
2020-05-17 09:00:00,72.13669,37.0,-35.136688232421875
2020-05-17 12:00:00,60.64971,39.0,-21.64971160888672
2020-05-17 15:00:00,54.429165,39.0,-15.42916488647461
2020-05-17 18:00:00,43.76966,45.0,1.2303390502929688
2020-05-17 21:00:00,42.933037,36.0,-6.933036804199219
2020-05-18 03:00:00,30.162142,43.0,12.837858200073242
2020-05-18 06:00:00,31.939295,38.0,6.060705184936523
2020-05-18 09:00:00,41.020313,42.0,0.9796867370605469
2020-05-18 12:00:00,72.11514,56.0,-16.115142822265625
2020-05-18 15:00:00,67.43482,52.0,-15.434822082519531
2020-05-18 18:00:00,49.980427,53.0,3.019573211669922
2020-05-18 21:00:00,43.466457,61.0,17.53354263305664
2020-05-19 00:00:00,61.853485,57.0,-4.853485107421875
2020-05-19 03:00:00,61.78709,73.0,11.212909698486328
2020-05-19 06:00:00,68.363075,43.0,-25.363075256347656
2020-05-19 12:00:00,78.71802,44.0,-34.718017578125
2020-05-19 15:00:00,79.16569,60.0,-19.165687561035156
2020-05-19 18:00:00,72.20354,53.0,-19.203536987304688
2020-05-19 21:00:00,61.99906,48.0,-13.999061584472656
2020-05-20 00:00:00,23.379301,43.0,19.620698928833008
2020-05-20 03:00:00,24.447615,46.0,21.552385330200195
2020-05-20 06:00:00,33.06428,48.0,14.935718536376953
2020-05-20 09:00:00,44.769253,64.0,19.23074722290039
2020-05-20 12:00:00,72.007996,62.0,-10.00799560546875
2020-05-20 15:00:00,68.94266,71.0,2.057342529296875
2020-05-20 18:00:00,56.923965,52.0,-4.9239654541015625
2020-05-20 21:00:00,49.245842,74.0,24.75415802001953
2020-05-21 00:00:00,35.032486,69.0,33.96751403808594
2020-05-21 03:00:00,58.183502,57.0,-1.183502197265625
2020-05-21 06:00:00,68.11717,55.0,-13.117172241210938
2020-05-21 09:00:00,67.23036,55.0,-12.230361938476562
2020-05-21 12:00:00,50.869743,62.0,11.130256652832031
2020-05-21 15:00:00,52.63928,52.0,-0.6392784118652344
2020-05-21 18:00:00,49.956272,71.0,21.04372787475586
2020-05-21 21:00:00,49.807568,71.0,21.192432403564453
2020-05-22 03:00:00,51.55721,73.0,21.442790985107422
2020-05-22 06:00:00,49.591507,63.0,13.408493041992188
2020-05-22 09:00:00,47.419804,53.0,5.580196380615234
2020-05-22 12:00:00,74.15241,68.0,-6.152412414550781
2020-05-22 15:00:00,55.96087,56.0,0.03913116455078125
2020-05-22 18:00:00,46.19619,55.0,8.803810119628906
2020-05-23 00:00:00,25.346025,67.0,41.653974533081055
2020-05-23 03:00:00,35.61064,69.0,33.38935852050781
2020-05-23 06:00:00,42.622105,48.0,5.377895355224609
2020-05-23 09:00:00,43.597595,73.0,29.40240478515625
2020-05-23 12:00:00,34.36702,49.0,14.632980346679688
2020-05-23 15:00:00,32.098568,48.0,15.901432037353516
2020-05-23 18:00:00,35.667767,70.0,34.33223342895508
2020-05-23 21:00:00,38.56087,63.0,24.439128875732422
2020-05-24 00:00:00,51.839153,64.0,12.160846710205078
2020-05-24 03:00:00,62.205856,60.0,-2.2058563232421875
2020-05-24 06:00:00,71.72042,65.0,-6.720420837402344
2020-05-24 09:00:00,79.21176,70.0,-9.211761474609375
2020-05-24 12:00:00,83.46524,78.0,-5.465240478515625
2020-05-24 15:00:00,59.233,68.0,8.766998291015625
2020-05-24 18:00:00,46.511276,80.0,33.48872375488281
2020-05-24 21:00:00,43.463615,69.0,25.53638458251953
2020-05-25 03:00:00,17.958342,64.0,46.04165840148926
2020-05-25 06:00:00,10.432643,72.0,61.56735706329346
2020-05-25 09:00:00,24.155155,56.0,31.844844818115234
2020-05-25 12:00:00,73.20159,88.0,14.798408508300781
2020-05-25 15:00:00,73.20352,74.0,0.796478271484375
2020-05-25 18:00:00,68.58647,67.0,-1.5864715576171875
2020-05-25 21:00:00,67.65566,74.0,6.344337463378906
2020-05-26 00:00:00,73.48802,77.0,3.5119781494140625
2020-05-26 03:00:00,83.94312,65.0,-18.94312286376953
2020-05-26 06:00:00,82.723434,38.0,-44.72343444824219
2020-05-26 09:00:00,74.88336,31.0,-43.88336181640625
2020-05-26 12:00:00,53.876534,24.0,-29.87653350830078
2020-05-26 15:00:00,54.21674,28.0,-26.216739654541016
2020-05-26 18:00:00,58.162014,29.0,-29.16201400756836
2020-05-26 21:00:00,64.05048,19.0,-45.05048370361328
2020-05-27 00:00:00,38.55814,38.0,-0.5581398010253906
2020-05-27 03:00:00,70.264946,44.0,-26.26494598388672
2020-05-27 06:00:00,69.02417,36.0,-33.024169921875
2020-05-27 09:00:00,58.223007,39.0,-19.223007202148438
2020-05-27 12:00:00,67.724556,49.0,-18.72455596923828
2020-05-27 15:00:00,67.426414,38.0,-29.426414489746094
2020-05-27 18:00:00,69.16332,35.0,-34.16332244873047
2020-05-27 21:00:00,72.850525,36.0,-36.85052490234375
2020-05-28 00:00:00,106.79378,39.0,-67.79377746582031
2020-05-28 03:00:00,111.81993,55.0,-56.81993103027344
2020-05-28 06:00:00,108.940186,72.0,-36.940185546875
2020-05-28 09:00:00,99.61528,90.0,-9.615280151367188
2020-05-28 12:00:00,73.933105,86.0,12.06689453125
2020-05-28 15:00:00,68.545715,96.0,27.45428466796875
2020-05-28 18:00:00,67.64219,84.0,16.357810974121094
2020-05-29 00:00:00,55.589455,73.0,17.410545349121094
2020-05-29 03:00:00,51.78748,66.0,14.212520599365234
2020-05-29 06:00:00,56.248722,63.0,6.751277923583984
2020-05-29 09:00:00,53.466522,62.0,8.533477783203125
2020-05-29 12:00:00,100.80595,60.0,-40.805946350097656
2020-05-29 15:00:00,88.354,57.0,-31.35399627685547
2020-05-29 18:00:00,77.62918,61.0,-16.629180908203125
2020-05-29 21:00:00,69.34852,59.0,-10.348518371582031
2020-05-30 00:00:00,66.51567,61.0,-5.5156707763671875
2020-05-31 03:00:00,53.584076,25.0,-28.584075927734375
2020-05-31 06:00:00,49.28029,25.0,-24.280288696289062
2020-05-31 09:00:00,50.162327,32.0,-18.16232681274414
2020-05-31 12:00:00,72.16363,37.0,-35.16362762451172
2020-05-31 15:00:00,64.48522,34.0,-30.48522186279297
2020-05-31 18:00:00,60.63533,46.0,-14.635330200195312
2020-05-31 21:00:00,58.12035,40.0,-18.120349884033203
2020-06-01 00:00:00,36.156395,30.0,-6.156394958496094
2020-06-01 03:00:00,46.41868,29.0,-17.418678283691406
2020-06-01 06:00:00,52.82891,29.0,-23.82891082763672
2020-06-01 09:00:00,59.22851,31.0,-28.228511810302734
2020-06-01 12:00:00,28.398914,34.0,5.601085662841797
2020-06-01 15:00:00,32.1819,34.0,1.8180999755859375
2020-06-01 18:00:00,35.20256,30.0,-5.2025604248046875
2020-06-02 00:00:00,74.0647,38.0,-36.064697265625
2020-06-02 03:00:00,73.41936,51.0,-22.419357299804688
2020-06-02 06:00:00,81.148415,42.0,-39.148414611816406
2020-06-02 09:00:00,82.06092,60.0,-22.06092071533203
2020-06-02 12:00:00,61.64396,54.0,-7.643959045410156
2020-06-02 15:00:00,62.74729,60.0,-2.7472915649414062
2020-06-02 18:00:00,59.218338,70.0,10.781661987304688
2020-06-02 21:00:00,59.10988,85.0,25.890121459960938
2020-06-03 00:00:00,49.637493,87.0,37.36250686645508
2020-06-03 03:00:00,41.060276,69.0,27.93972396850586
2020-06-03 06:00:00,43.55451,61.0,17.445491790771484
2020-06-03 09:00:00,50.372536,38.0,-12.372535705566406
2020-06-03 15:00:00,63.387573,38.0,-25.3875732421875
2020-06-03 18:00:00,62.05187,76.0,13.948131561279297
2020-06-04 00:00:00,71.67387,75.0,3.3261337280273438
2020-06-04 03:00:00,67.65691,98.0,30.34308624267578
2020-06-04 09:00:00,62.7945,46.0,-16.794498443603516
2020-06-04 12:00:00,50.4522,39.0,-11.452201843261719
2020-06-04 15:00:00,48.58205,41.0,-7.582050323486328
2020-06-04 18:00:00,49.410545,43.0,-6.410545349121094
2020-06-04 21:00:00,50.662495,27.0,-23.662494659423828
2020-06-05 00:00:00,35.47575,28.0,-7.475749969482422
2020-06-05 03:00:00,45.3947,27.0,-18.394699096679688
2020-06-05 06:00:00,67.55715,24.0,-43.557151794433594
2020-06-05 09:00:00,81.08364,37.0,-44.083641052246094
2020-06-05 15:00:00,75.77381,109.0,33.22618865966797
2020-06-05 18:00:00,70.351006,62.0,-8.351005554199219
2020-06-05 21:00:00,69.45254,27.0,-42.452537536621094
2020-06-06 00:00:00,77.298294,27.0,-50.29829406738281
2020-06-06 03:00:00,66.90925,22.0,-44.90924835205078
2020-06-06 15:00:00,28.048134,30.0,1.9518661499023438
2020-06-06 18:00:00,31.390413,28.0,-3.390413284301758
2020-06-06 21:00:00,42.95805,24.0,-18.958049774169922
2020-06-07 00:00:00,56.57694,27.0,-29.57693862915039
2020-06-07 03:00:00,62.46239,28.0,-34.4623908996582
2020-06-07 06:00:00,60.756634,32.0,-28.756633758544922
2020-06-07 09:00:00,53.46834,32.0,-21.468341827392578
2020-06-07 12:00:00,64.21283,22.0,-42.21282958984375
2020-06-07 15:00:00,56.17477,37.0,-19.17477035522461
2020-06-07 18:00:00,49.798985,39.0,-10.79898452758789
2020-06-07 21:00:00,47.02355,35.0,-12.023548126220703
2020-06-08 00:00:00,57.97983,30.0,-27.97983169555664
2020-06-08 03:00:00,64.15246,36.0,-28.15245819091797
2020-06-08 06:00:00,59.97464,31.0,-28.974639892578125
2020-06-08 09:00:00,50.940174,37.0,-13.940174102783203
2020-06-08 12:00:00,29.579666,31.0,1.4203338623046875
2020-06-08 15:00:00,23.958818,37.0,13.041181564331055
2020-06-08 18:00:00,23.569386,45.0,21.430614471435547
2020-06-08 21:00:00,23.541475,35.0,11.458524703979492
2020-06-09 00:00:00,68.13366,34.0,-34.13365936279297
2020-06-09 03:00:00,66.3,46.0,-20.300003051757812
2020-06-09 06:00:00,72.84757,38.0,-34.847572326660156
2020-06-09 09:00:00,66.4966,42.0,-24.496597290039062
2020-06-09 12:00:00,60.380558,37.0,-23.380558013916016
2020-06-09 15:00:00,53.57748,38.0,-15.57748031616211
2020-06-09 18:00:00,46.483025,33.0,-13.483024597167969
2020-06-09 21:00:00,40.849274,39.0,-1.849273681640625
2020-06-10 00:00:00,6.3698735,39.0,32.63012647628784
2020-06-10 03:00:00,13.993883,50.0,36.00611686706543
2020-06-10 06:00:00,15.224146,34.0,18.775854110717773
2020-06-10 09:00:00,26.682415,35.0,8.317584991455078
2020-06-10 15:00:00,28.705244,31.0,2.2947559356689453
2020-06-10 18:00:00,29.826424,36.0,6.173576354980469
2020-06-10 21:00:00,30.958973,51.0,20.041027069091797
2020-06-11 00:00:00,37.4323,46.0,8.567699432373047
2020-06-11 09:00:00,61.79016,45.0,-16.7901611328125
2020-06-11 12:00:00,34.220875,56.0,21.779125213623047
2020-06-11 15:00:00,31.874605,49.0,17.125394821166992
2020-06-11 18:00:00,35.49667,68.0,32.50333023071289
2020-06-11 21:00:00,39.65829,73.0,33.34170913696289
2020-06-12 00:00:00,23.367193,57.0,33.6328067779541
2020-06-12 03:00:00,30.342846,55.0,24.657154083251953
2020-06-12 06:00:00,38.7584,41.0,2.2416000366210938
2020-06-12 12:00:00,65.741234,59.0,-6.741233825683594
2020-06-12 15:00:00,69.62034,42.0,-27.620338439941406
2020-06-12 18:00:00,69.92775,26.0,-43.92774963378906
2020-06-12 21:00:00,57.173565,19.0,-38.17356491088867
2020-06-13 00:00:00,92.49567,24.0,-68.49566650390625
2020-06-13 03:00:00,89.67532,27.0,-62.675323486328125
2020-06-13 06:00:00,66.50549,32.0,-34.5054931640625
2020-06-13 09:00:00,49.56837,39.0,-10.568370819091797
2020-06-13 12:00:00,37.287235,27.0,-10.287235260009766
2020-06-13 15:00:00,26.588964,21.0,-5.588964462280273
2020-06-13 18:00:00,22.274036,20.0,-2.274036407470703
2020-06-13 21:00:00,24.210636,18.0,-6.210636138916016
2020-06-14 00:00:00,59.972763,22.0,-37.97276306152344
2020-06-14 03:00:00,66.38413,23.0,-43.384132385253906
2020-06-14 06:00:00,57.341934,34.0,-23.341934204101562
2020-06-14 09:00:00,51.84745,31.0,-20.847450256347656
2020-06-14 12:00:00,67.46131,30.0,-37.46131134033203
2020-06-14 15:00:00,60.421597,26.0,-34.42159652709961
2020-06-14 18:00:00,54.969406,17.0,-37.96940612792969
2020-06-14 21:00:00,49.083836,19.0,-30.08383560180664
2020-06-15 00:00:00,71.922386,23.0,-48.922386169433594
2020-06-15 03:00:00,60.955246,19.0,-41.95524597167969
2020-06-15 09:00:00,39.92622,31.0,-8.926219940185547
2020-06-15 12:00:00,19.88309,27.0,7.116910934448242
2020-06-15 15:00:00,22.54751,30.0,7.452489852905273
2020-06-15 21:00:00,27.736519,20.0,-7.736518859863281
2020-06-16 00:00:00,61.608036,22.0,-39.608036041259766
2020-06-16 03:00:00,59.454124,20.0,-39.454124450683594
2020-06-16 06:00:00,59.262333,29.0,-30.262332916259766
2020-06-16 15:00:00,66.56432,28.0,-38.56432342529297
2020-06-16 18:00:00,60.71673,34.0,-26.71672821044922
2020-06-17 00:00:00,25.1041,39.0,13.89590072631836
2020-06-17 03:00:00,29.446823,38.0,8.553176879882812
2020-06-17 06:00:00,63.707375,37.0,-26.707374572753906
2020-06-17 09:00:00,73.92419,39.0,-34.92418670654297
2020-06-17 12:00:00,30.693172,33.0,2.3068275451660156
2020-06-17 15:00:00,33.433254,28.0,-5.433254241943359
2020-06-17 18:00:00,39.407383,24.0,-15.40738296508789
2020-06-17 21:00:00,64.20805,14.0,-50.20805358886719
2020-06-18 00:00:00,118.11926,31.0,-87.1192626953125
2020-06-18 03:00:00,96.14519,32.0,-64.14518737792969
2020-06-18 12:00:00,45.37776,33.0,-12.377761840820312
2020-06-18 15:00:00,44.560352,29.0,-15.560352325439453
2020-06-18 18:00:00,47.71846,36.0,-11.718460083007812
2020-06-18 21:00:00,66.60434,47.0,-19.604339599609375
2020-06-19 00:00:00,75.33777,38.0,-37.3377685546875
2020-06-19 03:00:00,90.6083,50.0,-40.608299255371094
2020-06-19 06:00:00,84.380646,56.0,-28.380645751953125
2020-06-19 09:00:00,68.61706,48.0,-20.61705780029297
2020-06-21 12:00:00,51.235703,41.0,-10.235702514648438
2020-06-21 15:00:00,44.851276,28.0,-16.851276397705078
2020-06-21 18:00:00,36.675827,24.0,-12.675827026367188
2020-06-21 21:00:00,35.488937,23.0,-12.488937377929688
2020-06-22 00:00:00,56.953014,23.0,-33.9530143737793
2020-06-22 03:00:00,62.098137,26.0,-36.09813690185547
2020-06-22 06:00:00,54.126587,24.0,-30.1265869140625
2020-06-22 15:00:00,42.610054,26.0,-16.61005401611328
2020-06-22 18:00:00,52.107,30.0,-22.106998443603516
2020-06-23 12:00:00,77.1073,47.0,-30.1072998046875
2020-06-23 21:00:00,56.1638,50.0,-6.163799285888672
2020-06-24 00:00:00,62.07415,49.0,-13.074150085449219
2020-06-24 03:00:00,88.27795,50.0,-38.27794647216797
2020-06-24 06:00:00,120.66641,72.0,-48.666412353515625
2020-06-24 09:00:00,109.00442,68.0,-41.004417419433594
2020-06-24 15:00:00,52.98398,61.0,8.016021728515625
2020-06-24 18:00:00,47.342384,63.0,15.657615661621094
2020-06-25 00:00:00,82.63464,59.0,-23.6346435546875
2020-06-25 03:00:00,73.80481,70.0,-3.8048095703125
2020-06-25 06:00:00,87.41984,57.0,-30.419837951660156
2020-06-25 09:00:00,88.65641,48.0,-40.656410217285156
2020-06-25 12:00:00,63.018887,47.0,-16.01888656616211
2020-06-25 18:00:00,60.993217,35.0,-25.99321746826172
2020-06-25 21:00:00,72.06813,47.0,-25.068130493164062
2020-06-26 03:00:00,87.16597,45.0,-42.16596984863281
2020-06-26 09:00:00,70.73004,33.0,-37.73004150390625
2020-06-26 12:00:00,40.75923,31.0,-9.759231567382812
2020-06-27 00:00:00,88.125946,37.0,-51.125946044921875
2020-06-27 03:00:00,95.911674,28.0,-67.91167449951172
2020-06-27 06:00:00,88.39106,30.0,-58.39105987548828
2020-06-27 09:00:00,66.96348,31.0,-35.963478088378906
2020-06-27 12:00:00,45.06933,40.0,-5.069328308105469
2020-06-27 15:00:00,38.679672,46.0,7.3203277587890625
2020-06-27 18:00:00,38.310192,41.0,2.689807891845703
2020-06-27 21:00:00,41.607563,49.0,7.392436981201172
2020-06-28 00:00:00,29.632587,36.0,6.367412567138672
2020-06-28 03:00:00,58.07112,29.0,-29.071121215820312
2020-06-28 09:00:00,44.51408,25.0,-19.514080047607422
2020-06-28 12:00:00,45.24975,29.0,-16.24974822998047
2020-06-28 15:00:00,42.707825,19.0,-23.70782470703125
2020-06-28 18:00:00,44.78534,34.0,-10.78533935546875
2020-06-29 00:00:00,59.27842,42.0,-17.278419494628906
2020-06-29 03:00:00,78.08495,30.0,-48.08495330810547
2020-06-29 06:00:00,102.66257,34.0,-68.66256713867188
2020-06-29 09:00:00,96.10125,30.0,-66.10124969482422
2020-06-29 18:00:00,47.355797,40.0,-7.355796813964844
2020-06-29 21:00:00,43.665977,45.0,1.3340225219726562
2020-06-30 00:00:00,25.643658,57.0,31.356342315673828
2020-06-30 03:00:00,31.623245,41.0,9.376754760742188
2020-06-30 06:00:00,36.979374,39.0,2.0206260681152344
2020-06-30 09:00:00,45.01544,51.0,5.98455810546875
2020-06-30 12:00:00,61.806644,38.0,-23.806644439697266
2020-06-30 18:00:00,37.07828,64.0,26.92171859741211
2020-06-30 21:00:00,36.94777,57.0,20.052230834960938
2020-07-01 00:00:00,18.321316,37.0,18.67868423461914
2020-07-01 03:00:00,21.768755,48.0,26.231245040893555
2020-07-01 06:00:00,27.203669,49.0,21.79633140563965
2020-07-01 09:00:00,36.971073,53.0,16.028926849365234
2020-07-01 12:00:00,14.188345,44.0,29.811655044555664
2020-07-01 15:00:00,16.162403,27.0,10.837596893310547
2020-07-01 18:00:00,20.994549,41.0,20.005451202392578
2020-07-01 21:00:00,27.460146,54.0,26.539854049682617
2020-07-02 00:00:00,33.624813,75.0,41.375186920166016
2020-07-02 03:00:00,38.518692,92.0,53.48130798339844
2020-07-02 09:00:00,41.521618,61.0,19.478382110595703
2020-07-02 12:00:00,56.95995,43.0,-13.959949493408203
2020-07-02 15:00:00,44.504986,37.0,-7.504985809326172
2020-07-02 18:00:00,35.252926,66.0,30.747074127197266
2020-07-02 21:00:00,32.654724,68.0,35.34527587890625
2020-07-03 00:00:00,1.8994796,88.0,86.10052037239075
2020-07-03 15:00:00,29.7847,53.0,23.215299606323242
2020-07-04 03:00:00,66.517715,24.0,-42.51771545410156
2020-07-04 06:00:00,56.46325,22.0,-34.46324920654297
2020-07-04 09:00:00,49.711388,24.0,-25.711387634277344
2020-07-04 12:00:00,45.34559,30.0,-15.345588684082031
2020-07-04 15:00:00,35.678795,25.0,-10.678794860839844
2020-07-04 18:00:00,32.66166,32.0,-0.6616592407226562
2020-07-04 21:00:00,37.757446,36.0,-1.7574462890625
2020-07-05 03:00:00,60.898968,49.0,-11.898967742919922
2020-07-05 06:00:00,91.910355,52.0,-39.91035461425781
2020-07-05 09:00:00,68.588066,47.0,-21.58806610107422
2020-07-05 12:00:00,69.42241,56.0,-13.422409057617188
2020-07-05 15:00:00,57.62979,37.0,-20.629791259765625
2020-07-05 21:00:00,53.733402,49.0,-4.733402252197266
2020-07-06 00:00:00,44.174156,38.0,-6.174156188964844
2020-07-06 06:00:00,83.159424,44.0,-39.159423828125
2020-07-06 09:00:00,79.54122,42.0,-37.541221618652344
2020-07-06 12:00:00,57.340458,42.0,-15.340457916259766
2020-07-06 18:00:00,47.628647,76.0,28.371353149414062
2020-07-07 03:00:00,23.426765,71.0,47.57323455810547
2020-07-07 06:00:00,22.478617,35.0,12.521383285522461
2020-07-07 09:00:00,29.571993,34.0,4.428007125854492
2020-07-07 15:00:00,58.405247,52.0,-6.405246734619141
2020-07-08 00:00:00,35.123775,47.0,11.876224517822266
2020-07-08 06:00:00,44.580532,51.0,6.419467926025391
2020-07-08 09:00:00,51.672886,44.0,-7.672885894775391
2020-07-08 12:00:00,55.361115,69.0,13.638885498046875
2020-07-08 15:00:00,58.76194,63.0,4.238059997558594
2020-07-08 18:00:00,55.71792,110.0,54.282081604003906
2020-07-08 21:00:00,56.109627,86.0,29.89037322998047
2020-07-09 00:00:00,46.98802,99.0,52.01197814941406
2020-07-09 03:00:00,63.886433,127.0,63.11356735229492
2020-07-09 06:00:00,79.25587,92.0,12.744132995605469
2020-07-09 12:00:00,75.727486,82.0,6.272514343261719
2020-07-09 15:00:00,68.37473,85.0,16.625267028808594
2020-07-09 21:00:00,41.507065,67.0,25.492935180664062
2020-07-10 00:00:00,19.11974,48.0,28.880260467529297
2020-07-10 03:00:00,45.823696,51.0,5.176303863525391
2020-07-10 06:00:00,76.72992,47.0,-29.72991943359375
2020-07-10 09:00:00,62.42152,62.0,-0.4215202331542969
2020-07-10 12:00:00,30.835623,49.0,18.164377212524414
2020-07-10 15:00:00,28.169437,57.0,28.830562591552734
2020-07-10 18:00:00,26.80224,64.0,37.1977596282959
2020-07-10 21:00:00,31.063564,81.0,49.93643569946289
2020-07-11 00:00:00,49.908295,74.0,24.091705322265625
2020-07-11 18:00:00,39.393852,59.0,19.60614776611328
2020-07-11 21:00:00,39.58212,49.0,9.41788101196289
2020-07-12 00:00:00,4.037929,53.0,48.96207094192505
2020-07-12 09:00:00,30.721481,82.0,51.27851867675781
2020-07-12 12:00:00,49.394886,67.0,17.605113983154297
2020-07-12 15:00:00,46.48655,87.0,40.513450622558594
2020-07-12 18:00:00,41.649857,50.0,8.350143432617188
2020-07-13 00:00:00,82.61577,60.0,-22.615768432617188
2020-07-13 03:00:00,62.749905,36.0,-26.74990463256836
2020-07-13 06:00:00,47.505238,26.0,-21.505237579345703
2020-07-13 09:00:00,43.72441,35.0,-8.724411010742188
2020-07-13 12:00:00,32.817978,30.0,-2.8179779052734375
2020-07-13 15:00:00,31.541277,36.0,4.458723068237305
2020-07-13 18:00:00,29.08655,23.0,-6.086549758911133
2020-07-13 21:00:00,28.202976,17.0,-11.20297622680664
2020-07-14 00:00:00,17.924776,24.0,6.075223922729492
2020-07-14 03:00:00,21.26484,26.0,4.735160827636719
2020-07-14 06:00:00,25.406507,18.0,-7.40650749206543
2020-07-14 09:00:00,27.892157,28.0,0.10784339904785156
2020-07-14 12:00:00,34.85957,28.0,-6.859569549560547
2020-07-14 15:00:00,31.09767,30.0,-1.0976696014404297
2020-07-15 03:00:00,48.846233,31.0,-17.846233367919922
2020-07-15 06:00:00,49.398636,24.0,-25.398635864257812
2020-07-15 12:00:00,39.57325,33.0,-6.573249816894531
2020-07-15 15:00:00,38.161716,33.0,-5.161716461181641
2020-07-15 18:00:00,37.277916,31.0,-6.277915954589844
2020-07-16 00:00:00,66.3897,30.0,-36.38970184326172
2020-07-16 03:00:00,55.40767,17.0,-38.40766906738281
2020-07-16 06:00:00,45.66914,18.0,-27.669139862060547
2020-07-16 09:00:00,40.789474,24.0,-16.789474487304688
2020-07-16 12:00:00,66.85195,28.0,-38.851951599121094
2020-07-17 12:00:00,79.552704,48.0,-31.552703857421875
2020-07-17 15:00:00,80.59442,43.0,-37.59442138671875
2020-07-17 18:00:00,78.28135,51.0,-27.281349182128906
2020-07-17 21:00:00,73.922134,57.0,-16.922134399414062
2020-07-18 00:00:00,81.54803,86.0,4.451972961425781
2020-07-18 03:00:00,78.38003,59.0,-19.380027770996094
2020-07-18 06:00:00,83.90145,65.0,-18.901451110839844
2020-07-18 09:00:00,81.0557,71.0,-10.055702209472656
2020-07-18 12:00:00,82.65784,46.0,-36.6578369140625
2020-07-18 15:00:00,67.94835,69.0,1.0516510009765625
2020-07-18 18:00:00,54.508064,52.0,-2.5080642700195312
2020-07-18 21:00:00,45.129128,59.0,13.870872497558594
2020-07-19 00:00:00,7.524818,58.0,50.475182056427
2020-07-19 03:00:00,17.11743,56.0,38.88257026672363
2020-07-19 06:00:00,24.18028,67.0,42.819719314575195
2020-07-19 09:00:00,29.502758,31.0,1.4972419738769531
2020-07-19 12:00:00,55.275562,34.0,-21.275562286376953
2020-07-19 15:00:00,45.43881,36.0,-9.43880844116211
2020-07-19 18:00:00,40.91271,41.0,0.08729171752929688
2020-07-19 21:00:00,42.283318,54.0,11.716682434082031
2020-07-20 00:00:00,126.17124,45.0,-81.1712417602539
2020-07-20 03:00:00,157.09566,58.0,-99.09565734863281
2020-07-20 06:00:00,130.83717,45.0,-85.83717346191406
2020-07-20 09:00:00,188.25284,52.0,-136.25283813476562
2020-07-20 12:00:00,174.3117,73.0,-101.31170654296875
2020-07-20 15:00:00,157.82632,78.0,-79.82632446289062
2020-07-20 18:00:00,187.81247,80.0,-107.81246948242188
2020-07-20 21:00:00,249.43983,85.0,-164.43983459472656
2020-07-21 00:00:00,169.73798,66.0,-103.73797607421875
2020-07-21 03:00:00,117.26468,42.0,-75.26467895507812
2020-07-21 06:00:00,100.47438,39.0,-61.47438049316406
2020-07-21 09:00:00,96.19214,60.0,-36.192138671875
2020-07-21 12:00:00,91.35136,57.0,-34.351356506347656
2020-07-21 15:00:00,110.95733,62.0,-48.95732879638672
2020-07-21 18:00:00,118.59515,70.0,-48.59515380859375
2020-07-21 21:00:00,94.50992,90.0,-4.509918212890625
2020-07-22 03:00:00,118.04957,46.0,-72.04956817626953
2020-07-22 06:00:00,95.44954,42.0,-53.44953918457031
2020-07-22 09:00:00,113.809616,44.0,-69.80961608886719
2020-07-22 12:00:00,131.64935,66.0,-65.64935302734375
2020-07-22 15:00:00,130.87492,49.0,-81.87492370605469
2020-07-22 18:00:00,132.96085,70.0,-62.960845947265625
2020-07-22 21:00:00,131.3092,57.0,-74.3092041015625
2020-07-23 00:00:00,136.71251,38.0,-98.71250915527344
2020-07-23 03:00:00,119.75954,63.0,-56.75953674316406
2020-07-23 06:00:00,89.45517,41.0,-48.455169677734375
2020-07-23 09:00:00,85.92224,66.0,-19.9222412109375
2020-07-23 12:00:00,98.87526,60.0,-38.87525939941406
2020-07-23 15:00:00,103.619644,63.0,-40.61964416503906
2020-07-23 18:00:00,94.96762,51.0,-43.967620849609375
2020-07-23 21:00:00,83.91953,45.0,-38.919532775878906
2020-07-24 00:00:00,85.326065,57.0,-28.326065063476562
2020-07-24 03:00:00,84.892235,52.0,-32.892234802246094
2020-07-24 06:00:00,85.88995,39.0,-46.88995361328125
2020-07-24 09:00:00,83.897705,56.0,-27.897705078125
2020-07-24 12:00:00,81.93228,55.0,-26.932281494140625
2020-07-24 15:00:00,80.019165,41.0,-39.0191650390625
2020-07-24 18:00:00,74.83686,39.0,-35.83686065673828
2020-07-24 21:00:00,72.40396,45.0,-27.403961181640625
2020-07-25 00:00:00,108.166885,45.0,-63.16688537597656
2020-07-25 03:00:00,101.71448,45.0,-56.7144775390625
2020-07-25 06:00:00,89.155945,44.0,-45.15594482421875
2020-07-25 09:00:00,82.525955,50.0,-32.52595520019531
2020-07-25 12:00:00,63.638027,36.0,-27.63802719116211
2020-07-25 15:00:00,60.193996,47.0,-13.19399642944336
2020-07-25 18:00:00,59.957527,43.0,-16.95752716064453
2020-07-25 21:00:00,62.463867,40.0,-22.4638671875
2020-07-26 00:00:00,43.872887,44.0,0.12711334228515625
2020-07-26 03:00:00,47.41105,45.0,-2.4110488891601562
2020-07-26 06:00:00,51.087456,42.0,-9.087455749511719
2020-07-26 09:00:00,47.593174,60.0,12.40682601928711
2020-07-26 12:00:00,65.702576,37.0,-28.70257568359375
2020-07-26 15:00:00,71.433304,42.0,-29.433303833007812
2020-07-26 18:00:00,65.71145,34.0,-31.711448669433594
2020-07-26 21:00:00,60.193542,28.0,-32.19354248046875
2020-07-27 00:00:00,54.50579,35.0,-19.50579071044922
2020-07-27 03:00:00,61.825405,46.0,-15.82540512084961
2020-07-27 06:00:00,71.674324,48.0,-23.67432403564453
2020-07-27 09:00:00,70.35476,47.0,-23.354759216308594
2020-07-27 12:00:00,78.92686,60.0,-18.926856994628906
2020-07-27 15:00:00,65.12005,49.0,-16.12004852294922
2020-07-27 18:00:00,51.297775,70.0,18.702224731445312
2020-07-27 21:00:00,44.13732,76.0,31.86267852783203
2020-07-28 00:00:00,10.048325,64.0,53.95167541503906
2020-07-28 03:00:00,28.980366,69.0,40.01963424682617
2020-07-28 06:00:00,49.99549,60.0,10.004508972167969
2020-07-28 09:00:00,63.081417,62.0,-1.0814170837402344
2020-07-28 12:00:00,118.25273,80.0,-38.25273132324219
2020-07-28 15:00:00,114.5861,124.0,9.413902282714844
2020-07-28 18:00:00,104.74264,75.0,-29.742637634277344
2020-07-28 21:00:00,103.70991,65.0,-38.70990753173828
2020-07-29 00:00:00,111.495186,69.0,-42.49518585205078
2020-07-29 03:00:00,124.04439,59.0,-65.04438781738281
2020-07-29 06:00:00,114.894875,54.0,-60.894874572753906
2020-07-29 09:00:00,145.41934,36.0,-109.41934204101562
2020-07-29 12:00:00,120.84274,55.0,-65.84274291992188
2020-07-29 15:00:00,131.79892,66.0,-65.79891967773438
2020-07-29 18:00:00,150.24625,68.0,-82.24624633789062
2020-07-29 21:00:00,191.3981,59.0,-132.39810180664062
2020-07-30 00:00:00,199.07043,77.0,-122.0704345703125
2020-07-30 03:00:00,188.01028,92.0,-96.01028442382812
2020-07-30 06:00:00,140.76465,53.0,-87.7646484375
2020-07-30 09:00:00,234.05618,64.0,-170.05618286132812
2020-07-30 12:00:00,198.9564,65.0,-133.95640563964844
2020-07-30 15:00:00,161.22964,76.0,-85.22964477539062
2020-07-30 18:00:00,154.06953,84.0,-70.06953430175781
2020-07-30 21:00:00,140.71997,61.0,-79.719970703125
2020-07-31 00:00:00,135.23004,67.0,-68.23004150390625
2020-07-31 03:00:00,135.82632,73.0,-62.826324462890625
2020-07-31 06:00:00,130.72202,63.0,-67.72201538085938
2020-07-31 09:00:00,149.60973,77.0,-72.60972595214844
2020-07-31 12:00:00,150.59038,72.0,-78.59037780761719
2020-07-31 15:00:00,144.04031,84.0,-60.040313720703125
2020-07-31 18:00:00,127.9393,116.0,-11.939300537109375
2020-07-31 21:00:00,125.76129,104.0,-21.76129150390625
2020-08-01 00:00:00,161.23158,80.0,-81.23158264160156
2020-08-01 03:00:00,167.37317,78.0,-89.3731689453125
2020-08-01 06:00:00,159.95146,81.0,-78.95146179199219
2020-08-01 09:00:00,166.03963,89.0,-77.03962707519531
2020-08-01 12:00:00,175.29555,64.0,-111.29554748535156
2020-08-01 15:00:00,138.58153,88.0,-50.58152770996094
2020-08-01 18:00:00,127.915886,64.0,-63.91588592529297
2020-08-01 21:00:00,134.4672,82.0,-52.467193603515625
2020-08-02 00:00:00,100.01304,86.0,-14.013038635253906
2020-08-02 03:00:00,100.33477,69.0,-31.33477020263672
2020-08-02 06:00:00,101.63774,66.0,-35.63774108886719
2020-08-02 09:00:00,168.16545,68.0,-100.16545104980469
2020-08-02 12:00:00,163.3034,74.0,-89.30340576171875
2020-08-02 15:00:00,153.17505,90.0,-63.175048828125
2020-08-02 18:00:00,136.71524,65.0,-71.71524047851562
2020-08-02 21:00:00,149.96408,64.0,-85.96408081054688
2020-08-03 00:00:00,249.9803,70.0,-179.9803009033203
2020-08-03 03:00:00,264.08496,65.0,-199.0849609375
2020-08-03 06:00:00,221.85623,57.0,-164.85623168945312
2020-08-03 09:00:00,206.14664,44.0,-162.14663696289062
2020-08-03 12:00:00,171.8463,39.0,-132.84629821777344
2020-08-03 15:00:00,170.31993,43.0,-127.31993103027344
2020-08-03 18:00:00,167.483,46.0,-121.48300170898438
2020-08-03 21:00:00,216.7069,43.0,-173.70689392089844
2020-08-04 00:00:00,180.43921,26.0,-154.439208984375
2020-08-04 03:00:00,126.57529,29.0,-97.57528686523438
2020-08-04 06:00:00,110.38469,25.0,-85.38468933105469
2020-08-04 09:00:00,97.12562,38.0,-59.12561798095703
2020-08-04 12:00:00,95.08744,28.0,-67.08744049072266
2020-08-04 15:00:00,94.42601,25.0,-69.42601013183594
2020-08-04 18:00:00,110.679596,16.0,-94.67959594726562
2020-08-04 21:00:00,134.03587,36.0,-98.03587341308594
2020-08-05 00:00:00,113.7073,23.0,-90.7072982788086
2020-08-05 03:00:00,120.73963,39.0,-81.73963165283203
2020-08-05 06:00:00,124.724014,29.0,-95.72401428222656
2020-08-05 09:00:00,91.66797,34.0,-57.66796875
2020-08-05 12:00:00,59.909325,36.0,-23.909324645996094
2020-08-05 15:00:00,40.062332,33.0,-7.0623321533203125
2020-08-05 18:00:00,25.580448,31.0,5.419551849365234
2020-08-05 21:00:00,25.258488,27.0,1.7415122985839844
2020-08-06 00:00:00,10.744316,37.0,26.25568389892578
2020-08-06 03:00:00,24.630253,16.0,-8.630252838134766
2020-08-06 06:00:00,26.635008,19.0,-7.635007858276367
2020-08-06 09:00:00,24.709152,19.0,-5.7091522216796875
2020-08-06 12:00:00,26.174803,21.0,-5.174802780151367
2020-08-06 15:00:00,24.974724,26.0,1.0252761840820312
2020-08-06 18:00:00,26.538145,26.0,-0.5381450653076172
2020-08-06 21:00:00,28.921932,23.0,-5.921932220458984
2020-08-07 00:00:00,76.69155,27.0,-49.691551208496094
2020-08-07 03:00:00,104.32075,22.0,-82.32074737548828
2020-08-07 06:00:00,121.39094,33.0,-88.39093780517578
2020-08-07 09:00:00,90.2528,26.0,-64.25279998779297
2020-08-07 12:00:00,69.20527,40.0,-29.20526885986328
2020-08-07 15:00:00,56.202225,40.0,-16.202224731445312
2020-08-07 18:00:00,47.54884,37.0,-10.548839569091797
2020-08-07 21:00:00,46.79487,45.0,-1.7948684692382812
2020-08-08 00:00:00,73.936005,35.0,-38.936004638671875
2020-08-08 03:00:00,87.79137,41.0,-46.79136657714844
2020-08-08 06:00:00,113.267334,51.0,-62.267333984375
2020-08-08 09:00:00,122.760635,41.0,-81.76063537597656
2020-08-08 12:00:00,84.76331,48.0,-36.76331329345703
2020-08-08 15:00:00,74.7068,64.0,-10.706802368164062
2020-08-08 18:00:00,65.78807,44.0,-21.788070678710938
2020-08-08 21:00:00,62.563004,54.0,-8.563003540039062
2020-08-09 00:00:00,24.43062,75.0,50.569379806518555
2020-08-09 03:00:00,51.347115,46.0,-5.347114562988281
2020-08-09 06:00:00,102.88318,44.0,-58.8831787109375
2020-08-09 09:00:00,107.07083,40.0,-67.07083129882812
2020-08-09 12:00:00,74.603806,35.0,-39.60380554199219
2020-08-09 15:00:00,65.089806,33.0,-32.089805603027344
2020-08-09 18:00:00,52.798897,26.0,-26.79889678955078
2020-08-09 21:00:00,46.497234,35.0,-11.497234344482422
2020-08-10 00:00:00,26.72391,36.0,9.276090621948242
2020-08-10 03:00:00,51.451023,42.0,-9.45102310180664
2020-08-10 06:00:00,86.23533,33.0,-53.235328674316406
2020-08-10 09:00:00,77.20655,30.0,-47.20655059814453
2020-08-10 12:00:00,65.39494,37.0,-28.394943237304688
2020-08-10 15:00:00,66.45723,38.0,-28.457229614257812
2020-08-10 18:00:00,67.46814,37.0,-30.4681396484375
2020-08-10 21:00:00,71.35395,32.0,-39.35395050048828
2020-08-11 00:00:00,96.1702,38.0,-58.170196533203125
2020-08-11 03:00:00,102.928535,42.0,-60.92853546142578
2020-08-11 06:00:00,88.04386,34.0,-54.043861389160156
2020-08-11 09:00:00,73.1809,26.0,-47.18090057373047
2020-08-11 12:00:00,61.500942,25.0,-36.50094223022461
2020-08-11 15:00:00,56.72564,26.0,-30.72563934326172
2020-08-11 18:00:00,57.236206,34.0,-23.2362060546875
2020-08-11 21:00:00,59.731518,39.0,-20.731517791748047
2020-08-12 00:00:00,153.08524,46.0,-107.08523559570312
2020-08-12 03:00:00,149.70317,28.0,-121.70317077636719
2020-08-12 06:00:00,112.19186,35.0,-77.19185638427734
2020-08-12 09:00:00,81.895676,26.0,-55.89567565917969
2020-08-12 12:00:00,78.51895,32.0,-46.518951416015625
2020-08-12 15:00:00,77.82944,17.0,-60.829437255859375
2020-08-12 18:00:00,97.47805,21.0,-76.4780502319336
2020-08-12 21:00:00,128.48988,22.0,-106.48988342285156
2020-08-13 00:00:00,89.71733,38.0,-51.71733093261719
2020-08-13 03:00:00,93.41693,45.0,-48.41693115234375
2020-08-13 06:00:00,86.261024,35.0,-51.261024475097656
2020-08-13 09:00:00,112.941734,37.0,-75.94173431396484
2020-08-13 12:00:00,129.7933,24.0,-105.79330444335938
2020-08-13 15:00:00,137.7839,28.0,-109.78390502929688
2020-08-13 18:00:00,151.03865,34.0,-117.03865051269531
2020-08-13 21:00:00,165.22108,32.0,-133.22108459472656
2020-08-14 00:00:00,102.69741,47.0,-55.697410583496094
2020-08-14 03:00:00,105.31812,48.0,-57.31812286376953
2020-08-14 06:00:00,96.91689,33.0,-63.916893005371094
2020-08-14 09:00:00,74.37484,32.0,-42.374839782714844
2020-08-14 12:00:00,57.52133,39.0,-18.521331787109375
2020-08-14 15:00:00,55.893566,38.0,-17.893566131591797
2020-08-14 18:00:00,56.16016,41.0,-15.160160064697266
2020-08-14 21:00:00,60.7331,40.0,-20.73310089111328
2020-08-15 00:00:00,52.854603,36.0,-16.854602813720703
2020-08-15 03:00:00,79.45709,40.0,-39.45709228515625
2020-08-15 06:00:00,87.40426,42.0,-45.404258728027344
2020-08-15 09:00:00,71.78323,35.0,-36.783233642578125
2020-08-15 12:00:00,71.47446,37.0,-34.474456787109375
2020-08-15 15:00:00,57.541,39.0,-18.541000366210938
2020-08-15 18:00:00,47.289974,29.0,-18.289974212646484
2020-08-15 21:00:00,45.66732,35.0,-10.667320251464844
2020-08-16 00:00:00,87.08753,29.0,-58.08753204345703
2020-08-16 03:00:00,93.69853,31.0,-62.69853210449219
2020-08-16 06:00:00,90.99586,44.0,-46.99585723876953
2020-08-16 09:00:00,78.514175,59.0,-19.514175415039062
2020-08-16 12:00:00,69.6291,42.0,-27.62909698486328
2020-08-16 15:00:00,62.09643,38.0,-24.096431732177734
2020-08-16 18:00:00,52.904057,38.0,-14.904056549072266
2020-08-16 21:00:00,49.214237,46.0,-3.2142372131347656
2020-08-17 00:00:00,19.197842,30.0,10.80215835571289
2020-08-17 03:00:00,44.93694,24.0,-20.936939239501953
2020-08-17 06:00:00,64.243065,32.0,-32.243064880371094
2020-08-17 09:00:00,56.596493,24.0,-32.596492767333984
2020-08-17 12:00:00,47.218693,25.0,-22.218692779541016
2020-08-17 15:00:00,43.22578,35.0,-8.225780487060547
2020-08-17 18:00:00,41.091427,36.0,-5.091426849365234
2020-08-17 21:00:00,42.285137,28.0,-14.285137176513672
2020-08-18 00:00:00,82.263794,28.0,-54.2637939453125
2020-08-18 03:00:00,100.44494,38.0,-62.44493865966797
2020-08-18 06:00:00,76.247604,23.0,-53.24760437011719
2020-08-18 09:00:00,49.883965,24.0,-25.88396453857422
2020-08-18 12:00:00,38.752888,36.0,-2.752887725830078
2020-08-18 15:00:00,33.598328,39.0,5.40167236328125
2020-08-18 18:00:00,30.54197,36.0,5.458030700683594
2020-08-18 21:00:00,33.019207,45.0,11.980792999267578
2020-08-19 00:00:00,201.00015,36.0,-165.00015258789062
2020-08-19 03:00:00,239.53146,35.0,-204.53146362304688
2020-08-19 06:00:00,165.1515,42.0,-123.15150451660156
2020-08-19 09:00:00,121.5717,34.0,-87.57170104980469
2020-08-19 12:00:00,103.51391,70.0,-33.51390838623047
2020-08-19 15:00:00,111.35467,31.0,-80.35466766357422
2020-08-19 18:00:00,139.51717,32.0,-107.51716613769531
2020-08-19 21:00:00,182.2034,26.0,-156.20339965820312
2020-08-20 00:00:00,181.36154,34.0,-147.36154174804688
2020-08-20 03:00:00,160.52695,28.0,-132.52694702148438
2020-08-20 06:00:00,103.99378,28.0,-75.99378204345703
2020-08-20 09:00:00,110.53839,35.0,-75.53839111328125
2020-08-20 12:00:00,109.847404,27.0,-82.84740447998047
2020-08-20 15:00:00,107.10801,16.0,-91.1080093383789
2020-08-20 18:00:00,118.79547,24.0,-94.79547119140625
2020-08-20 21:00:00,134.17912,29.0,-105.17912292480469
2020-08-21 00:00:00,182.74637,22.0,-160.74636840820312
2020-08-21 03:00:00,160.72989,29.0,-131.72988891601562
2020-08-21 06:00:00,133.63899,27.0,-106.63899230957031
2020-08-21 09:00:00,145.79575,30.0,-115.79574584960938
2020-08-21 12:00:00,170.20091,35.0,-135.20091247558594
2020-08-21 15:00:00,181.95782,40.0,-141.95782470703125
2020-08-21 18:00:00,236.11665,39.0,-197.1166534423828
2020-08-21 21:00:00,308.13443,44.0,-264.1344299316406
2020-08-22 00:00:00,111.26929,39.0,-72.269287109375
2020-08-22 03:00:00,74.21045,37.0,-37.21044921875
2020-08-22 06:00:00,64.991806,35.0,-29.991806030273438
2020-08-22 09:00:00,59.29496,34.0,-25.294960021972656
2020-08-22 12:00:00,53.891426,34.0,-19.89142608642578
2020-08-22 15:00:00,48.705032,29.0,-19.705032348632812
2020-08-22 18:00:00,42.89575,44.0,1.1042518615722656
2020-08-22 21:00:00,44.153694,48.0,3.8463058471679688
2020-08-23 00:00:00,99.1306,51.0,-48.13059997558594
2020-08-23 03:00:00,99.27874,55.0,-44.27873992919922
2020-08-23 06:00:00,108.597984,62.0,-46.597984313964844
2020-08-23 09:00:00,99.26794,52.0,-47.26793670654297
2020-08-23 12:00:00,94.597,59.0,-35.59700012207031
2020-08-23 15:00:00,87.31149,68.0,-19.311492919921875
2020-08-23 18:00:00,74.99716,58.0,-16.997161865234375
2020-08-23 21:00:00,69.227325,34.0,-35.227325439453125
2020-08-24 00:00:00,60.72105,63.0,2.278949737548828
2020-08-24 03:00:00,59.72356,52.0,-7.723560333251953
2020-08-24 06:00:00,59.878857,55.0,-4.878856658935547
2020-08-24 09:00:00,51.480583,46.0,-5.480583190917969
2020-08-24 12:00:00,40.269924,45.0,4.730075836181641
2020-08-24 15:00:00,32.691334,38.0,5.308666229248047
2020-08-24 18:00:00,28.490604,19.0,-9.490604400634766
2020-08-24 21:00:00,28.813248,15.0,-13.813247680664062
2020-08-25 00:00:00,55.11265,19.0,-36.11265182495117
2020-08-25 03:00:00,46.820107,16.0,-30.820106506347656
2020-08-25 06:00:00,36.8899,19.0,-17.88990020751953
2020-08-25 09:00:00,32.667343,20.0,-12.667343139648438
2020-08-25 12:00:00,26.607267,21.0,-5.607267379760742
2020-08-25 15:00:00,21.40041,22.0,0.5995903015136719
2020-08-25 18:00:00,22.95019,27.0,4.049810409545898
2020-08-25 21:00:00,26.44265,21.0,-5.442649841308594
2020-08-26 00:00:00,43.99817,23.0,-20.9981689453125
2020-08-26 03:00:00,57.04601,42.0,-15.046009063720703
2020-08-26 06:00:00,58.4173,65.0,6.582698822021484
2020-08-26 09:00:00,52.376778,44.0,-8.376777648925781
2020-08-26 12:00:00,47.544518,34.0,-13.544517517089844
2020-08-26 15:00:00,46.001106,38.0,-8.001106262207031
2020-08-26 18:00:00,45.359,33.0,-12.359001159667969
2020-08-26 21:00:00,45.289654,32.0,-13.289653778076172
2020-08-27 00:00:00,25.268492,56.0,30.731508255004883
2020-08-27 03:00:00,26.535532,45.0,18.464468002319336
2020-08-27 06:00:00,27.150349,29.0,1.8496513366699219
2020-08-27 09:00:00,29.47388,31.0,1.5261192321777344
2020-08-27 12:00:00,31.822083,30.0,-1.82208251953125
2020-08-27 15:00:00,28.86054,41.0,12.139459609985352
2020-08-27 18:00:00,23.801476,51.0,27.198524475097656
2020-08-27 21:00:00,23.163465,62.0,38.83653450012207
2020-08-28 00:00:00,175.35468,78.0,-97.35467529296875
2020-08-28 03:00:00,252.09828,64.0,-188.09828186035156
2020-08-28 06:00:00,198.33987,41.0,-157.33987426757812
2020-08-28 09:00:00,148.88792,34.0,-114.88792419433594
2020-08-28 12:00:00,171.73534,32.0,-139.73533630371094
2020-08-28 15:00:00,185.21541,31.0,-154.2154083251953
2020-08-28 18:00:00,206.91049,29.0,-177.91049194335938
2020-08-28 21:00:00,289.45853,23.0,-266.4585266113281
2020-08-29 00:00:00,105.40248,28.0,-77.40248107910156
2020-08-29 03:00:00,59.89841,54.0,-5.898410797119141
2020-08-29 06:00:00,38.14512,27.0,-11.145118713378906
2020-08-29 09:00:00,45.809658,37.0,-8.80965805053711
2020-08-29 12:00:00,48.25961,30.0,-18.25960922241211
2020-08-29 15:00:00,46.231888,32.0,-14.231887817382812
2020-08-29 18:00:00,53.932583,30.0,-23.93258285522461
2020-08-29 21:00:00,72.33052,40.0,-32.33052062988281
2020-08-30 00:00:00,85.042984,56.0,-29.042984008789062
2020-08-30 03:00:00,97.12767,38.0,-59.12767028808594
2020-08-30 06:00:00,121.428345,35.0,-86.4283447265625
2020-08-30 09:00:00,119.41233,28.0,-91.4123306274414
2020-08-30 12:00:00,123.555084,22.0,-101.55508422851562
2020-08-30 15:00:00,121.27452,24.0,-97.27452087402344
2020-08-30 18:00:00,123.779724,37.0,-86.77972412109375
2020-08-30 21:00:00,124.94729,23.0,-101.9472885131836
2020-08-31 00:00:00,85.0182,26.0,-59.01820373535156
2020-08-31 03:00:00,61.922493,36.0,-25.92249298095703
2020-08-31 06:00:00,42.623016,42.0,-0.623016357421875
2020-08-31 09:00:00,43.502495,42.0,-1.5024948120117188
2020-08-31 12:00:00,43.846283,43.0,-0.846282958984375
2020-08-31 15:00:00,40.563007,57.0,16.436992645263672
2020-08-31 18:00:00,43.47635,54.0,10.523651123046875
2020-08-31 21:00:00,52.113136,47.0,-5.113136291503906
2020-09-01 00:00:00,96.37313,60.0,-36.373130798339844
2020-09-01 03:00:00,90.05942,40.0,-50.059417724609375
2020-09-01 06:00:00,79.567825,44.0,-35.56782531738281
2020-09-01 09:00:00,72.43102,43.0,-29.43102264404297
2020-09-01 12:00:00,76.11106,49.0,-27.111061096191406
2020-09-01 15:00:00,73.508316,38.0,-35.50831604003906
2020-09-01 18:00:00,66.22895,33.0,-33.22895050048828
2020-09-01 21:00:00,68.80191,48.0,-20.801910400390625
2020-09-02 00:00:00,45.03602,54.0,8.963981628417969
2020-09-02 03:00:00,43.087086,43.0,-0.08708572387695312
2020-09-02 06:00:00,46.62479,37.0,-9.62479019165039
2020-09-02 12:00:00,54.570137,43.0,-11.570137023925781
2020-09-02 15:00:00,49.828712,38.0,-11.828712463378906
2020-09-02 18:00:00,44.114815,39.0,-5.114814758300781
2020-09-02 21:00:00,45.81807,37.0,-8.818069458007812
2020-09-03 03:00:00,36.893196,40.0,3.1068038940429688
2020-09-03 06:00:00,39.705925,38.0,-1.7059249877929688
2020-09-03 09:00:00,35.185623,36.0,0.8143768310546875
2020-09-03 12:00:00,30.095861,49.0,18.904138565063477
2020-09-03 15:00:00,29.058355,47.0,17.9416446685791
2020-09-03 18:00:00,29.92391,58.0,28.07608985900879
2020-09-03 21:00:00,33.430298,60.0,26.5697021484375
2020-09-04 00:00:00,27.119085,62.0,34.88091468811035
2020-09-04 03:00:00,32.60402,39.0,6.3959808349609375
2020-09-04 06:00:00,39.085308,43.0,3.914691925048828
2020-09-04 09:00:00,37.576454,48.0,10.423545837402344
2020-09-04 12:00:00,53.284565,49.0,-4.284564971923828
2020-09-04 15:00:00,49.84031,54.0,4.159690856933594
2020-09-04 18:00:00,45.67812,60.0,14.321880340576172
2020-09-04 21:00:00,45.51805,57.0,11.481948852539062
2020-09-05 00:00:00,31.86824,65.0,33.13175964355469
2020-09-05 03:00:00,30.952719,65.0,34.04728126525879
2020-09-05 06:00:00,29.514921,69.0,39.48507881164551
2020-09-05 09:00:00,29.43807,72.0,42.56192970275879
2020-09-05 12:00:00,73.20477,57.0,-16.20477294921875
2020-09-05 15:00:00,72.10587,78.0,5.894126892089844
2020-09-05 18:00:00,64.191795,70.0,5.808204650878906
2020-09-05 21:00:00,56.629234,80.0,23.370765686035156
2020-09-06 00:00:00,28.094746,62.0,33.90525436401367
2020-09-06 03:00:00,29.675903,35.0,5.3240966796875
2020-09-06 06:00:00,31.302307,19.0,-12.30230712890625
2020-09-06 09:00:00,30.695902,30.0,-0.6959018707275391
2020-09-06 12:00:00,36.106483,34.0,-2.1064834594726562
2020-09-06 15:00:00,37.116932,60.0,22.883068084716797
2020-09-06 18:00:00,34.141407,37.0,2.858592987060547
2020-09-06 21:00:00,34.368782,28.0,-6.368782043457031
2020-09-07 00:00:00,0.0,26.0,26.0
2020-09-07 03:00:00,0.0,31.0,31.0
2020-09-07 06:00:00,0.0,40.0,40.0
2020-09-07 09:00:00,0.2055458,38.0,37.79445420205593
2020-09-07 12:00:00,32.247044,45.0,12.75295639038086
2020-09-07 15:00:00,29.745024,43.0,13.254976272583008
2020-09-07 18:00:00,25.998362,49.0,23.001638412475586
2020-09-07 21:00:00,26.45436,43.0,16.54564094543457
2020-09-08 00:00:00,44.67222,48.0,3.3277816772460938
2020-09-08 03:00:00,56.79351,68.0,11.206489562988281
2020-09-08 06:00:00,70.71571,46.0,-24.715713500976562
2020-09-08 09:00:00,70.4008,46.0,-24.400802612304688
2020-09-08 12:00:00,41.525936,41.0,-0.5259361267089844
2020-09-08 15:00:00,47.786217,35.0,-12.786216735839844
2020-09-08 18:00:00,51.0762,62.0,10.92380142211914
2020-09-08 21:00:00,43.68428,59.0,15.315719604492188
2020-09-09 00:00:00,61.63708,45.0,-16.637081146240234
2020-09-09 03:00:00,78.50826,59.0,-19.508262634277344
2020-09-09 06:00:00,96.25296,57.0,-39.252960205078125
2020-09-09 09:00:00,96.790245,42.0,-54.790245056152344
2020-09-09 12:00:00,102.58145,45.0,-57.581451416015625
2020-09-09 15:00:00,103.83474,43.0,-60.834739685058594
2020-09-09 18:00:00,87.14562,62.0,-25.14562225341797
2020-09-09 21:00:00,69.64967,63.0,-6.6496734619140625
2020-09-10 00:00:00,67.25929,49.0,-18.259292602539062
2020-09-10 03:00:00,61.40908,63.0,1.5909194946289062
2020-09-10 06:00:00,66.080246,49.0,-17.080245971679688
2020-09-10 09:00:00,69.514046,50.0,-19.51404571533203
2020-09-10 12:00:00,70.37761,65.0,-5.3776092529296875
2020-09-10 15:00:00,70.330315,67.0,-3.3303146362304688
2020-09-10 18:00:00,65.57707,65.0,-0.5770721435546875
2020-09-10 21:00:00,62.749905,95.0,32.25009536743164
2020-09-11 00:00:00,75.44645,83.0,7.553550720214844
2020-09-11 03:00:00,76.297966,91.0,14.702033996582031
2020-09-11 06:00:00,83.0305,67.0,-16.030502319335938
2020-09-11 09:00:00,79.30112,53.0,-26.301116943359375
2020-09-11 12:00:00,73.7582,55.0,-18.758201599121094
2020-09-11 15:00:00,68.10114,49.0,-19.10114288330078
2020-09-11 18:00:00,61.12509,53.0,-8.125091552734375
2020-09-11 21:00:00,57.921738,61.0,3.0782623291015625
2020-09-12 00:00:00,21.011147,53.0,31.988853454589844
2020-09-12 03:00:00,22.57309,79.0,56.426910400390625
2020-09-12 06:00:00,25.322607,55.0,29.677392959594727
2020-09-12 09:00:00,24.623205,49.0,24.376794815063477
2020-09-12 12:00:00,39.30495,44.0,4.695049285888672
2020-09-12 15:00:00,36.006668,47.0,10.993331909179688
2020-09-12 18:00:00,34.523735,47.0,12.476264953613281
2020-09-12 21:00:00,36.483696,57.0,20.51630401611328
2020-09-13 00:00:00,42.55503,50.0,7.444969177246094
2020-09-13 03:00:00,55.201782,43.0,-12.2017822265625
2020-09-13 06:00:00,65.6546,41.0,-24.65460205078125
2020-09-13 09:00:00,61.112133,36.0,-25.112133026123047
2020-09-13 12:00:00,57.29089,58.0,0.7091102600097656
2020-09-13 15:00:00,47.240974,37.0,-10.240974426269531
2020-09-13 18:00:00,42.87051,44.0,1.1294898986816406
2020-09-13 21:00:00,43.53501,58.0,14.464988708496094
2020-09-14 00:00:00,31.667923,61.0,29.332077026367188
2020-09-14 03:00:00,36.7711,51.0,14.228900909423828
2020-09-14 06:00:00,41.999557,51.0,9.000442504882812
2020-09-14 09:00:00,41.106434,57.0,15.893566131591797
2020-09-14 12:00:00,58.42685,41.0,-17.426849365234375
2020-09-14 15:00:00,50.64271,47.0,-3.642711639404297
2020-09-14 18:00:00,48.014725,53.0,4.9852752685546875
2020-09-14 21:00:00,47.244953,52.0,4.755046844482422
2020-09-15 00:00:00,33.878223,57.0,23.121776580810547
2020-09-15 03:00:00,38.827694,57.0,18.172306060791016
2020-09-15 06:00:00,46.838066,53.0,6.161933898925781
2020-09-15 09:00:00,49.86782,51.0,1.1321792602539062
2020-09-15 12:00:00,33.101288,44.0,10.898712158203125
2020-09-15 15:00:00,31.711124,47.0,15.288875579833984
2020-09-15 18:00:00,27.53336,38.0,10.46664047241211
2020-09-15 21:00:00,26.721182,37.0,10.278818130493164
2020-09-16 00:00:00,1.6591457,44.0,42.34085428714752
2020-09-16 03:00:00,8.673283,43.0,34.326717376708984
2020-09-16 06:00:00,14.270199,39.0,24.729801177978516
2020-09-16 09:00:00,16.638523,60.0,43.36147689819336
2020-09-16 12:00:00,38.865437,49.0,10.134563446044922
2020-09-16 15:00:00,39.07371,54.0,14.926288604736328
2020-09-16 18:00:00,31.925993,45.0,13.074007034301758
2020-09-16 21:00:00,28.730938,40.0,11.269062042236328
2020-09-17 00:00:00,22.324911,39.0,16.67508888244629
2020-09-17 03:00:00,28.524141,46.0,17.475858688354492
2020-09-17 06:00:00,38.580994,42.0,3.41900634765625
2020-09-17 09:00:00,44.833088,54.0,9.166912078857422
2020-09-17 12:00:00,22.758286,43.0,20.241714477539062
2020-09-17 15:00:00,20.821972,47.0,26.178028106689453
2020-09-17 18:00:00,20.99182,53.0,32.00818061828613
2020-09-17 21:00:00,28.560408,45.0,16.439592361450195
2020-09-18 00:00:00,30.278442,51.0,20.7215576171875
2020-09-18 03:00:00,37.70333,62.0,24.296669006347656
2020-09-18 06:00:00,38.53006,52.0,13.469940185546875
2020-09-18 09:00:00,37.62807,53.0,15.371929168701172
2020-09-18 12:00:00,37.326344,56.0,18.673656463623047
2020-09-18 15:00:00,29.973763,53.0,23.02623748779297
2020-09-18 18:00:00,31.081186,54.0,22.918813705444336
2020-09-18 21:00:00,35.121387,56.0,20.878612518310547
2020-09-19 00:00:00,34.55102,53.0,18.448978424072266
2020-09-19 03:00:00,36.604435,66.0,29.395565032958984
2020-09-19 06:00:00,35.5235,61.0,25.47650146484375
2020-09-19 09:00:00,26.65729,65.0,38.34271049499512
2020-09-19 12:00:00,41.04595,45.0,3.9540481567382812
2020-09-19 15:00:00,43.932915,67.0,23.06708526611328
2020-09-19 18:00:00,43.11585,78.0,34.884151458740234
2020-09-19 21:00:00,44.481,74.0,29.519001007080078
2020-09-20 00:00:00,39.96456,77.0,37.035438537597656
2020-09-20 03:00:00,48.78666,77.0,28.213340759277344
2020-09-20 06:00:00,44.726448,57.0,12.273551940917969
2020-09-20 09:00:00,51.26185,59.0,7.738151550292969
2020-09-20 12:00:00,60.33133,29.0,-31.331329345703125
2020-09-20 15:00:00,51.998085,46.0,-5.998085021972656
2020-09-20 18:00:00,51.165672,43.0,-8.165672302246094
2020-09-20 21:00:00,52.704308,44.0,-8.704307556152344
2020-09-21 00:00:00,25.053396,23.0,-2.053396224975586
2020-09-21 03:00:00,70.2322,44.0,-26.232200622558594
2020-09-21 06:00:00,101.39661,53.0,-48.3966064453125
2020-09-21 09:00:00,86.39881,65.0,-21.39881134033203
2020-09-21 12:00:00,91.04861,52.0,-39.048606872558594
2020-09-21 15:00:00,82.77675,43.0,-39.77674865722656
2020-09-21 18:00:00,71.63726,39.0,-32.63726043701172
2020-09-21 21:00:00,67.403564,29.0,-38.403564453125
2020-09-22 00:00:00,54.632893,27.0,-27.632892608642578
2020-09-22 03:00:00,52.24615,37.0,-15.246150970458984
2020-09-22 06:00:00,60.78062,36.0,-24.780620574951172
2020-09-22 09:00:00,57.64036,38.0,-19.640361785888672
2020-09-22 12:00:00,54.667,38.0,-16.66699981689453
2020-09-22 15:00:00,52.931683,50.0,-2.931682586669922
2020-09-22 18:00:00,49.191383,51.0,1.8086166381835938
2020-09-22 21:00:00,50.170456,51.0,0.8295440673828125
2020-09-23 00:00:00,32.71316,47.0,14.28683853149414
2020-09-23 03:00:00,30.07085,48.0,17.929149627685547
2020-09-23 06:00:00,34.958134,40.0,5.041866302490234
2020-09-23 09:00:00,34.442337,46.0,11.557662963867188
2020-09-23 12:00:00,54.42166,56.0,1.578338623046875
2020-09-23 15:00:00,51.799816,48.0,-3.799816131591797
2020-09-23 18:00:00,46.911736,52.0,5.088264465332031
2020-09-23 21:00:00,45.357864,60.0,14.642135620117188
2020-09-24 00:00:00,65.39699,65.0,-0.3969879150390625
2020-09-24 03:00:00,67.9155,65.0,-2.915496826171875
2020-09-24 06:00:00,81.60419,47.0,-34.60418701171875
2020-09-24 09:00:00,78.2635,39.0,-39.26349639892578
2020-09-24 12:00:00,60.048252,53.0,-7.048252105712891
2020-09-24 15:00:00,58.86659,44.0,-14.866588592529297
2020-09-24 18:00:00,51.63872,50.0,-1.6387214660644531
2020-09-24 21:00:00,48.05588,44.0,-4.055881500244141
2020-09-25 00:00:00,53.24091,58.0,4.759090423583984
2020-09-25 03:00:00,53.624603,67.0,13.375396728515625
2020-09-25 06:00:00,49.90761,61.0,11.092388153076172
2020-09-25 09:00:00,45.70563,44.0,-1.7056312561035156
2020-09-25 12:00:00,31.52809,26.0,-5.52808952331543
2020-09-25 15:00:00,30.802084,37.0,6.197916030883789
2020-09-25 18:00:00,32.91484,32.0,-0.9148406982421875
2020-09-25 21:00:00,37.339645,45.0,7.6603546142578125
2020-09-26 00:00:00,41.8338,36.0,-5.83380126953125
2020-09-26 03:00:00,52.17953,30.0,-22.17953109741211
2020-09-26 06:00:00,60.546425,29.0,-31.546424865722656
2020-09-26 09:00:00,56.27203,37.0,-19.272029876708984
2020-09-26 12:00:00,28.376463,40.0,11.623537063598633
2020-09-26 15:00:00,24.024075,41.0,16.97592544555664
2020-09-26 18:00:00,22.828318,41.0,18.171682357788086
2020-09-26 21:00:00,24.424025,37.0,12.57597541809082
2020-09-27 00:00:00,6.011987,28.0,21.98801279067993
2020-09-27 03:00:00,15.266437,42.0,26.73356342315674
2020-09-27 06:00:00,18.549145,48.0,29.450855255126953
2020-09-27 09:00:00,16.605839,39.0,22.394161224365234
2020-09-27 12:00:00,47.7836,51.0,3.216400146484375
2020-09-27 15:00:00,49.746292,55.0,5.2537078857421875
2020-09-27 18:00:00,42.30435,61.0,18.695648193359375
2020-09-27 21:00:00,37.406265,58.0,20.593734741210938
2020-09-28 00:00:00,12.014197,65.0,52.98580265045166
2020-09-28 03:00:00,38.636017,29.0,-9.636016845703125
2020-09-28 06:00:00,60.05803,36.0,-24.058029174804688
2020-09-28 09:00:00,43.57889,31.0,-12.57889175415039
2020-09-28 12:00:00,37.57623,31.0,-6.576229095458984
2020-09-28 15:00:00,33.160175,17.0,-16.160175323486328
2020-09-28 18:00:00,30.235014,18.0,-12.235013961791992
2020-09-28 21:00:00,31.222612,35.0,3.7773876190185547
2020-09-29 00:00:00,26.430258,28.0,1.569742202758789
2020-09-29 03:00:00,52.30754,27.0,-25.307540893554688
2020-09-29 06:00:00,77.83797,41.0,-36.83796691894531
2020-09-29 09:00:00,76.08287,28.0,-48.08287048339844
2020-09-29 12:00:00,71.60316,27.0,-44.60315704345703
2020-09-29 15:00:00,65.40313,31.0,-34.40312957763672
2020-09-29 18:00:00,55.807503,45.0,-10.807502746582031
2020-09-29 21:00:00,49.78631,61.0,11.213691711425781
2020-09-30 00:00:00,40.296528,51.0,10.703472137451172
2020-09-30 03:00:00,36.306686,62.0,25.693313598632812
2020-09-30 06:00:00,31.453964,43.0,11.546035766601562
2020-09-30 09:00:00,31.29071,40.0,8.70928955078125
2020-09-30 12:00:00,45.6555,42.0,-3.655498504638672
2020-09-30 15:00:00,64.69054,57.0,-7.6905364990234375
2020-09-30 18:00:00,50.904644,45.0,-5.904644012451172
2020-09-30 21:00:00,46.700848,38.0,-8.700847625732422
2020-10-01 00:00:00,31.2657,36.0,4.73430061340332
2020-10-01 03:00:00,34.74588,54.0,19.254119873046875
2020-10-01 06:00:00,38.147846,54.0,15.852153778076172
2020-10-01 09:00:00,37.727432,40.0,2.2725677490234375
2020-10-01 12:00:00,38.212193,38.0,-0.21219253540039062
2020-10-01 15:00:00,44.856052,54.0,9.14394760131836
2020-10-01 18:00:00,31.603292,50.0,18.39670753479004
2020-10-01 21:00:00,26.6092,39.0,12.390800476074219
2020-10-02 00:00:00,12.052397,45.0,32.94760322570801
2020-10-02 03:00:00,15.453053,50.0,34.54694652557373
2020-10-02 06:00:00,17.939898,53.0,35.060102462768555
2020-10-02 09:00:00,21.31594,41.0,19.684059143066406
2020-10-02 12:00:00,21.43338,36.0,14.566619873046875
2020-10-02 15:00:00,21.07197,31.0,9.928030014038086
2020-10-02 18:00:00,22.411825,40.0,17.58817481994629
2020-10-02 21:00:00,24.583641,39.0,14.416358947753906
2020-10-03 00:00:00,35.544643,37.0,1.4553565979003906
2020-10-03 03:00:00,41.58551,46.0,4.41448974609375
2020-10-03 06:00:00,49.950584,39.0,-10.950584411621094
2020-10-03 09:00:00,51.9874,39.0,-12.98740005493164
2020-10-03 12:00:00,39.558132,48.0,8.44186782836914
2020-10-03 15:00:00,41.83511,55.0,13.16489028930664
2020-10-03 18:00:00,39.879353,53.0,13.120647430419922
2020-10-03 21:00:00,38.833492,56.0,17.166507720947266
2020-10-04 00:00:00,68.225746,60.0,-8.225746154785156
2020-10-04 03:00:00,67.00873,60.0,-7.00872802734375
2020-10-04 06:00:00,67.54385,63.0,-4.543853759765625
2020-10-04 09:00:00,61.13305,56.0,-5.133049011230469
2020-10-04 12:00:00,70.47765,50.0,-20.47765350341797
2020-10-04 15:00:00,73.24263,68.0,-5.2426300048828125
2020-10-04 18:00:00,71.40329,62.0,-9.403289794921875
2020-10-04 21:00:00,65.78773,56.0,-9.787727355957031
2020-10-05 00:00:00,43.65279,62.0,18.347209930419922
2020-10-05 03:00:00,41.26048,63.0,21.739521026611328
2020-10-05 06:00:00,42.279224,51.0,8.720775604248047
2020-10-05 09:00:00,42.972713,49.0,6.027286529541016
2020-10-05 12:00:00,58.26314,75.0,16.736858367919922
2020-10-05 15:00:00,61.569607,73.0,11.43039321899414
2020-10-05 18:00:00,57.87052,63.0,5.129478454589844
2020-10-05 21:00:00,53.90393,63.0,9.0960693359375
2020-10-06 00:00:00,92.52039,66.0,-26.52039337158203
2020-10-06 03:00:00,90.92878,76.0,-14.928779602050781
2020-10-06 06:00:00,89.48382,70.0,-19.48381805419922
2020-10-06 09:00:00,86.0764,65.0,-21.076400756835938
2020-10-06 12:00:00,94.91509,70.0,-24.91509246826172
2020-10-06 15:00:00,88.92357,51.0,-37.92356872558594
2020-10-06 18:00:00,77.546585,56.0,-21.546585083007812
2020-10-06 21:00:00,66.40994,62.0,-4.409942626953125
2020-10-07 00:00:00,55.91369,70.0,14.086311340332031
2020-10-07 03:00:00,54.122097,70.0,15.87790298461914
2020-10-07 06:00:00,52.950783,69.0,16.049217224121094
2020-10-07 09:00:00,56.832504,72.0,15.167495727539062
2020-10-07 12:00:00,69.904335,71.0,1.0956649780273438
2020-10-07 15:00:00,71.59906,73.0,1.40093994140625
2020-10-07 18:00:00,70.05667,73.0,2.943328857421875
2020-10-07 21:00:00,59.076912,78.0,18.92308807373047
2020-10-08 00:00:00,44.25749,53.0,8.742511749267578
2020-10-08 03:00:00,28.850422,26.0,-2.850421905517578
2020-10-08 06:00:00,18.583364,22.0,3.416635513305664
2020-10-08 09:00:00,11.674728,23.0,11.325271606445312
2020-10-08 12:00:00,12.483212,28.0,15.5167875289917
2020-10-08 15:00:00,15.468573,22.0,6.531427383422852
2020-10-08 18:00:00,20.24342,20.0,-0.24341964721679688
2020-10-08 21:00:00,25.40213,22.0,-3.402130126953125
2020-10-09 00:00:00,13.445743,22.0,8.5542573928833
2020-10-09 03:00:00,18.061882,17.0,-1.0618820190429688
2020-10-09 06:00:00,17.216394,17.0,-0.21639442443847656
2020-10-09 09:00:00,17.142952,18.0,0.8570480346679688
2020-10-09 12:00:00,23.773281,18.0,-5.773281097412109
2020-10-09 15:00:00,22.57309,21.0,-1.573089599609375
2020-10-09 18:00:00,20.320044,26.0,5.679956436157227
2020-10-09 21:00:00,18.711262,20.0,1.2887382507324219
2020-10-10 00:00:00,32.411434,22.0,-10.411434173583984
2020-10-10 03:00:00,32.638126,34.0,1.3618736267089844
2020-10-10 06:00:00,41.911335,31.0,-10.911334991455078
2020-10-10 09:00:00,38.33736,36.0,-2.337360382080078
2020-10-10 12:00:00,32.572414,34.0,1.4275856018066406
2020-10-10 15:00:00,36.33352,32.0,-4.333518981933594
2020-10-10 18:00:00,35.75889,25.0,-10.758888244628906
2020-10-10 21:00:00,32.4452,40.0,7.554798126220703
2020-10-11 00:00:00,13.718022,51.0,37.28197765350342
2020-10-11 03:00:00,29.546982,54.0,24.453018188476562
2020-10-11 06:00:00,48.677975,29.0,-19.677974700927734
2020-10-11 09:00:00,36.92787,27.0,-9.927871704101562
2020-10-11 12:00:00,35.400036,32.0,-3.400035858154297
2020-10-11 15:00:00,33.724064,45.0,11.275936126708984
2020-10-11 18:00:00,33.011646,36.0,2.988353729248047
2020-10-11 21:00:00,33.4345,38.0,4.565498352050781
2020-10-12 00:00:00,46.255196,34.0,-12.255195617675781
2020-10-12 03:00:00,75.78205,61.0,-14.782051086425781
2020-10-12 06:00:00,91.48244,44.0,-47.48243713378906
2020-10-12 09:00:00,70.78279,34.0,-36.78279113769531
2020-10-12 12:00:00,41.812767,37.0,-4.812767028808594
2020-10-12 15:00:00,35.04283,36.0,0.9571685791015625
2020-10-12 18:00:00,29.584158,34.0,4.415842056274414
2020-10-12 21:00:00,26.748125,26.0,-0.7481250762939453
2020-10-13 00:00:00,74.60926,31.0,-43.60926055908203
2020-10-13 03:00:00,107.37608,37.0,-70.37608337402344
2020-10-13 06:00:00,139.14838,35.0,-104.14837646484375
2020-10-13 09:00:00,92.78392,35.0,-57.78392028808594
2020-10-13 12:00:00,98.778175,38.0,-60.778175354003906
2020-10-13 15:00:00,92.18206,36.0,-56.18206024169922
2020-10-13 18:00:00,100.154236,38.0,-62.15423583984375
2020-10-13 21:00:00,114.85412,52.0,-62.85411834716797
2020-10-14 00:00:00,109.94359,32.0,-77.94358825683594
2020-10-14 03:00:00,163.2353,36.0,-127.23530578613281
2020-10-14 06:00:00,141.28227,33.0,-108.28227233886719
2020-10-14 09:00:00,91.28667,32.0,-59.28666687011719
2020-10-14 12:00:00,97.44531,37.0,-60.4453125
2020-10-14 15:00:00,108.15802,32.0,-76.15802001953125
2020-10-14 18:00:00,114.26846,29.0,-85.26846313476562
2020-10-14 21:00:00,128.77638,28.0,-100.77638244628906
2020-10-15 00:00:00,49.224922,32.0,-17.22492218017578
2020-10-15 03:00:00,51.127472,37.0,-14.127471923828125
2020-10-15 06:00:00,54.312748,29.0,-25.312747955322266
2020-10-15 09:00:00,36.676285,28.0,-8.676284790039062
2020-10-15 12:00:00,33.4544,38.0,4.545600891113281
2020-10-15 15:00:00,26.652628,43.0,16.34737205505371
2020-10-15 18:00:00,19.35058,33.0,13.649419784545898
2020-10-15 21:00:00,16.512672,36.0,19.487327575683594
2020-10-16 00:00:00,0.6546088,37.0,36.34539121389389
2020-10-16 03:00:00,1.4084662,41.0,39.59153378009796
2020-10-16 06:00:00,0.72827786,30.0,29.27172213792801
2020-10-16 09:00:00,6.1654644,32.0,25.834535598754883
2020-10-16 12:00:00,27.642954,44.0,16.357046127319336
2020-10-16 15:00:00,30.502861,42.0,11.497138977050781
2020-10-16 18:00:00,30.49638,37.0,6.503620147705078
2020-10-16 21:00:00,29.698868,36.0,6.3011322021484375
2020-10-17 00:00:00,23.737585,33.0,9.262414932250977
2020-10-17 03:00:00,24.515202,46.0,21.484798431396484
2020-10-17 06:00:00,27.902956,45.0,17.097043991088867
2020-10-17 09:00:00,25.102394,42.0,16.897605895996094
2020-10-17 12:00:00,21.207825,46.0,24.79217529296875
2020-10-17 15:00:00,23.885717,37.0,13.114282608032227
2020-10-17 18:00:00,24.13833,32.0,7.861669540405273
2020-10-17 21:00:00,23.85127,38.0,14.14872932434082
2020-10-18 00:00:00,14.905254,35.0,20.094745635986328
2020-10-18 03:00:00,23.751682,54.0,30.24831771850586
2020-10-18 06:00:00,32.572414,41.0,8.42758560180664
2020-10-18 09:00:00,30.026285,51.0,20.97371482849121
2020-10-18 12:00:00,33.95144,56.0,22.048561096191406
2020-10-18 15:00:00,31.153378,24.0,-7.153377532958984
2020-10-18 18:00:00,26.791668,32.0,5.208332061767578
2020-10-18 21:00:00,24.700285,37.0,12.299715042114258
2020-10-19 00:00:00,38.05144,32.0,-6.051441192626953
2020-10-19 03:00:00,41.376778,35.0,-6.376777648925781
2020-10-19 06:00:00,50.398285,37.0,-13.398284912109375
2020-10-19 09:00:00,44.498394,38.0,-6.498394012451172
2020-10-19 12:00:00,24.930273,44.0,19.069726943969727
2020-10-19 15:00:00,25.883196,43.0,17.116804122924805
2020-10-19 18:00:00,24.59808,47.0,22.401920318603516
2020-10-19 21:00:00,24.852398,36.0,11.147602081298828
2020-10-20 00:00:00,26.160706,36.0,9.83929443359375
2020-10-20 03:00:00,59.618515,33.0,-26.618515014648438
2020-10-20 06:00:00,78.825676,34.0,-44.82567596435547
2020-10-20 09:00:00,55.19894,39.0,-16.19894027709961
2020-10-20 12:00:00,37.81406,40.0,2.1859397888183594
2020-10-20 15:00:00,31.093464,38.0,6.906536102294922
2020-10-20 18:00:00,26.65911,41.0,14.340890884399414
2020-10-20 21:00:00,24.943802,38.0,13.056198120117188
2020-10-21 00:00:00,27.768692,35.0,7.2313079833984375
2020-10-21 03:00:00,29.488092,41.0,11.511907577514648
2020-10-21 06:00:00,42.85937,41.0,-1.8593711853027344
2020-10-21 09:00:00,35.231094,39.0,3.7689056396484375
2020-10-21 12:00:00,22.245785,49.0,26.754215240478516
2020-10-21 15:00:00,25.77326,39.0,13.226739883422852
2020-10-21 18:00:00,26.100906,39.0,12.899093627929688
2020-10-21 21:00:00,24.33171,61.0,36.66828918457031
2020-10-22 00:00:00,14.038051,52.0,37.96194934844971
2020-10-22 03:00:00,25.68413,57.0,31.31587028503418
2020-10-22 06:00:00,41.17851,35.0,-6.178508758544922
2020-10-22 09:00:00,33.73043,43.0,9.269569396972656
2020-10-22 12:00:00,29.981493,38.0,8.01850700378418
2020-10-22 15:00:00,34.1131,40.0,5.88690185546875
2020-10-22 18:00:00,33.71315,39.0,5.2868499755859375
2020-10-22 21:00:00,31.326408,54.0,22.67359161376953
2020-10-23 00:00:00,3.778041,47.0,43.22195911407471
2020-10-23 03:00:00,11.670408,39.0,27.329591751098633
2020-10-23 06:00:00,34.189953,46.0,11.810047149658203
2020-10-23 09:00:00,32.51421,50.0,17.485790252685547
2020-10-23 12:00:00,27.042347,61.0,33.9576530456543
2020-10-23 15:00:00,25.33227,49.0,23.6677303314209
2020-10-23 18:00:00,24.313976,39.0,14.686023712158203
2020-10-23 21:00:00,23.293068,41.0,17.706932067871094
2020-10-24 00:00:00,29.731382,41.0,11.268617630004883
2020-10-24 03:00:00,29.939655,46.0,16.060344696044922
2020-10-24 06:00:00,35.691982,46.0,10.30801773071289
2020-10-24 09:00:00,36.279743,46.0,9.720256805419922
2020-10-24 12:00:00,36.823395,59.0,22.176605224609375
2020-10-24 15:00:00,34.309776,46.0,11.690223693847656
2020-10-24 18:00:00,31.754326,35.0,3.2456741333007812
2020-10-24 21:00:00,30.753654,41.0,10.246345520019531
2020-10-25 00:00:00,25.283953,44.0,18.716047286987305
2020-10-25 03:00:00,28.241175,50.0,21.758825302124023
2020-10-25 06:00:00,30.254456,38.0,7.74554443359375
2020-10-25 09:00:00,27.211967,57.0,29.78803253173828
2020-10-25 12:00:00,33.215828,61.0,27.78417205810547
2020-10-25 15:00:00,35.481606,56.0,20.518394470214844
2020-10-25 18:00:00,33.730885,50.0,16.269115447998047
2020-10-25 21:00:00,33.044502,42.0,8.955497741699219
2020-10-26 00:00:00,37.457993,57.0,19.542007446289062
2020-10-26 03:00:00,38.31451,61.0,22.685489654541016
2020-10-26 06:00:00,45.226215,50.0,4.773784637451172
2020-10-26 09:00:00,44.22901,84.0,39.77098846435547
2020-10-26 12:00:00,34.040257,59.0,24.95974349975586
2020-10-26 15:00:00,29.696537,41.0,11.303462982177734
2020-10-26 18:00:00,24.630367,35.0,10.369632720947266
2020-10-26 21:00:00,23.296251,46.0,22.70374870300293
2020-10-27 00:00:00,36.82976,46.0,9.170238494873047
2020-10-27 03:00:00,36.119217,55.0,18.880783081054688
2020-10-27 06:00:00,37.047585,63.0,25.952415466308594
2020-10-27 09:00:00,31.637114,67.0,35.36288642883301
2020-10-27 12:00:00,39.584507,88.0,48.41549301147461
2020-10-27 15:00:00,36.879383,76.0,39.1206169128418
2020-10-27 18:00:00,34.696995,56.0,21.30300521850586
2020-10-27 21:00:00,33.296146,56.0,22.703853607177734
2020-10-28 00:00:00,42.446117,65.0,22.553882598876953
2020-10-28 03:00:00,42.047306,89.0,46.952693939208984
2020-10-28 06:00:00,43.90972,68.0,24.09027862548828
2020-10-28 09:00:00,38.5769,67.0,28.423099517822266
2020-10-28 12:00:00,34.276356,66.0,31.723644256591797
2020-10-28 15:00:00,38.092197,69.0,30.90780258178711
2020-10-28 18:00:00,38.450706,54.0,15.549293518066406
2020-10-28 21:00:00,36.689472,45.0,8.310527801513672
2020-10-29 00:00:00,38.548023,48.0,9.451976776123047
2020-10-29 03:00:00,38.12147,42.0,3.878528594970703
2020-10-29 06:00:00,41.617,64.0,22.382999420166016
2020-10-29 09:00:00,38.336166,56.0,17.663833618164062
2020-10-29 12:00:00,44.580105,64.0,19.41989517211914
2020-10-29 15:00:00,42.882618,58.0,15.117382049560547
2020-10-29 18:00:00,38.40114,44.0,5.5988616943359375
2020-10-29 21:00:00,35.495872,43.0,7.504127502441406
2020-10-30 00:00:00,3.6193342,43.0,39.38066577911377
2020-10-30 03:00:00,11.73305,49.0,37.26694965362549
2020-10-30 06:00:00,18.002766,43.0,24.997234344482422
2020-10-30 09:00:00,23.22838,41.0,17.77161979675293
2020-10-30 12:00:00,40.5023,59.0,18.497699737548828
2020-10-30 15:00:00,48.245964,53.0,4.754035949707031
2020-10-31 09:00:00,38.46114,52.0,13.538860321044922
2020-10-31 12:00:00,38.908978,59.0,20.091022491455078
2020-10-31 15:00:00,37.958385,57.0,19.041614532470703
2020-10-31 18:00:00,34.6256,39.0,4.374401092529297
2020-10-31 21:00:00,31.22534,43.0,11.774660110473633
2020-11-01 00:00:00,6.031314,49.0,42.9686861038208
2020-11-01 03:00:00,10.6308565,57.0,46.36914348602295
2020-11-01 09:00:00,11.643294,39.0,27.35670566558838
2020-11-01 12:00:00,29.792175,43.0,13.20782470703125
2020-11-01 15:00:00,34.30961,39.0,4.690391540527344
2020-11-01 18:00:00,33.327637,44.0,10.67236328125
2020-11-01 21:00:00,29.09337,44.0,14.90662956237793
2020-11-02 00:00:00,20.685547,49.0,28.314453125
2020-11-02 03:00:00,26.121143,51.0,24.878856658935547
2020-11-02 06:00:00,30.418732,58.0,27.581268310546875
2020-11-02 09:00:00,26.982378,33.0,6.017621994018555
2020-11-02 12:00:00,23.43262,40.0,16.567380905151367
2020-11-02 15:00:00,28.231113,46.0,17.76888656616211
2020-11-02 18:00:00,30.01344,38.0,7.986560821533203
2020-11-02 21:00:00,29.030388,43.0,13.969612121582031
2020-11-03 00:00:00,6.496066,52.0,45.503933906555176
2020-11-03 03:00:00,12.051714,57.0,44.948286056518555
2020-11-03 06:00:00,16.272339,55.0,38.7276611328125
2020-11-03 09:00:00,16.388866,51.0,34.61113357543945
2020-11-03 12:00:00,23.321377,47.0,23.67862319946289
2020-11-03 15:00:00,26.685085,60.0,33.31491470336914
2020-11-03 18:00:00,26.894669,54.0,27.105331420898438
2020-11-03 21:00:00,26.163889,49.0,22.836111068725586
2020-11-04 00:00:00,25.633198,67.0,41.36680221557617
2020-11-04 03:00:00,30.518095,61.0,30.481904983520508
2020-11-04 06:00:00,45.4246,61.0,15.575401306152344
2020-11-04 09:00:00,47.232334,50.0,2.7676658630371094
2020-11-04 12:00:00,26.36267,52.0,25.6373291015625
2020-11-04 15:00:00,24.080463,58.0,33.91953659057617
2020-11-04 18:00:00,20.84039,41.0,20.159610748291016
2020-11-04 21:00:00,20.263542,40.0,19.73645782470703
2020-11-05 00:00:00,23.072971,51.0,27.92702865600586
2020-11-05 03:00:00,28.573595,67.0,38.42640495300293
2020-11-05 06:00:00,35.315907,57.0,21.684093475341797
2020-11-05 09:00:00,33.68973,64.0,30.31026840209961
2020-11-05 12:00:00,37.722088,60.0,22.277912139892578
2020-11-05 15:00:00,36.051632,67.0,30.948368072509766
2020-11-05 18:00:00,34.767254,46.0,11.232746124267578
2020-11-05 21:00:00,34.30614,50.0,15.693859100341797
2020-11-06 00:00:00,15.468231,44.0,28.531768798828125
2020-11-06 03:00:00,15.385013,43.0,27.61498737335205
2020-11-06 06:00:00,21.10096,45.0,23.89904022216797
2020-11-06 09:00:00,31.067657,44.0,12.932342529296875
2020-11-06 12:00:00,21.006542,37.0,15.993457794189453
2020-11-06 15:00:00,25.484325,37.0,11.515674591064453
2020-11-06 18:00:00,28.175692,40.0,11.824308395385742
2020-11-06 21:00:00,29.926014,35.0,5.073986053466797
2020-11-07 00:00:00,17.302227,42.0,24.697772979736328
2020-11-07 03:00:00,23.047504,39.0,15.952495574951172
2020-11-07 06:00:00,27.93854,36.0,8.061460494995117
2020-11-07 09:00:00,29.26845,41.0,11.731550216674805
2020-11-07 12:00:00,34.92511,25.0,-9.92510986328125
2020-11-07 15:00:00,34.94955,18.0,-16.94955062866211
2020-11-07 18:00:00,29.803232,15.0,-14.803232192993164
2020-11-07 21:00:00,27.011993,34.0,6.988006591796875
2020-11-08 00:00:00,1.5061232,36.0,34.493876814842224
2020-11-08 03:00:00,5.4151316,41.0,35.58486843109131
2020-11-08 06:00:00,6.9539967,27.0,20.046003341674805
2020-11-08 09:00:00,10.384838,37.0,26.615161895751953
2020-11-08 12:00:00,33.32184,37.0,3.67816162109375
2020-11-08 15:00:00,34.42517,29.0,-5.4251708984375
2020-11-08 18:00:00,27.099304,28.0,0.90069580078125
2020-11-08 21:00:00,25.97335,24.0,-1.9733505249023438
2020-11-09 00:00:00,6.031769,27.0,20.968231201171875
2020-11-09 03:00:00,12.289092,32.0,19.71090793609619
2020-11-09 06:00:00,21.378355,27.0,5.621644973754883
2020-11-09 12:00:00,26.023258,38.0,11.976741790771484
2020-11-09 15:00:00,20.721928,22.0,1.2780723571777344
2020-11-09 18:00:00,16.00074,27.0,10.999259948730469
2020-11-09 21:00:00,15.55486,25.0,9.44513988494873
2020-11-10 00:00:00,11.0781,24.0,12.921899795532227
2020-11-10 03:00:00,15.52462,38.0,22.475379943847656
2020-11-10 06:00:00,18.54653,26.0,7.453470230102539
2020-11-10 09:00:00,22.814562,26.0,3.1854381561279297
2020-11-10 12:00:00,22.01199,26.0,3.9880104064941406
2020-11-10 15:00:00,26.12876,28.0,1.8712406158447266
2020-11-10 18:00:00,36.271786,38.0,1.7282142639160156
2020-11-10 21:00:00,40.661915,37.0,-3.661914825439453
2020-11-11 00:00:00,23.499523,32.0,8.500476837158203
2020-11-11 03:00:00,29.205238,37.0,7.794761657714844
2020-11-11 06:00:00,40.54027,42.0,1.4597282409667969
2020-11-11 09:00:00,44.159492,39.0,-5.159492492675781
2020-11-11 12:00:00,8.504515,30.0,21.495485305786133
2020-11-11 15:00:00,2.0095286,28.0,25.990471363067627
2020-11-11 18:00:00,1.905164,29.0,27.094835996627808
2020-11-11 21:00:00,7.0840545,28.0,20.915945529937744
2020-11-12 00:00:00,5.6193132,42.0,36.38068675994873
2020-11-12 03:00:00,18.513674,45.0,26.486326217651367
2020-11-12 06:00:00,33.28739,44.0,10.712608337402344
2020-11-12 09:00:00,43.70577,43.0,-0.7057685852050781
2020-11-12 12:00:00,34.96956,51.0,16.030441284179688
2020-11-12 15:00:00,38.139603,69.0,30.860397338867188
2020-11-12 18:00:00,32.169056,49.0,16.830944061279297
2020-11-12 21:00:00,25.123882,34.0,8.876117706298828
2020-11-13 00:00:00,12.984856,52.0,39.01514434814453
2020-11-13 03:00:00,35.60581,40.0,4.394191741943359
2020-11-13 06:00:00,77.36662,34.0,-43.36662292480469
2020-11-13 09:00:00,76.56081,46.0,-30.560806274414062
2020-11-13 12:00:00,45.931187,36.0,-9.93118667602539
2020-11-13 15:00:00,20.000244,35.0,14.999755859375
2020-11-13 18:00:00,17.105434,27.0,9.89456558227539
2020-11-13 21:00:00,25.827602,26.0,0.17239761352539062
2020-11-14 00:00:00,37.3866,28.0,-9.386600494384766
2020-11-14 03:00:00,36.510754,24.0,-12.510753631591797
2020-11-14 06:00:00,36.388657,22.0,-14.388656616210938
2020-11-14 09:00:00,34.398228,24.0,-10.39822769165039
2020-11-14 12:00:00,29.378725,25.0,-4.378725051879883
2020-11-14 15:00:00,29.45933,23.0,-6.459329605102539
2020-11-14 18:00:00,24.576708,24.0,-0.5767078399658203
2020-11-14 21:00:00,20.37632,28.0,7.623680114746094
2020-11-15 00:00:00,19.63872,29.0,9.36128044128418
2020-11-15 03:00:00,20.282187,30.0,9.717813491821289
2020-11-15 06:00:00,20.800144,35.0,14.19985580444336
2020-11-15 09:00:00,22.739756,33.0,10.260244369506836
2020-11-15 15:00:00,29.75412,30.0,0.245880126953125
2020-11-15 18:00:00,26.924738,26.0,-0.9247379302978516
2020-11-15 21:00:00,22.425184,29.0,6.57481575012207
2020-11-16 00:00:00,47.91798,38.0,-9.917980194091797
2020-11-16 03:00:00,45.86809,35.0,-10.868091583251953
2020-11-16 06:00:00,46.577156,30.0,-16.57715606689453
2020-11-16 09:00:00,37.70009,34.0,-3.7000885009765625
2020-11-16 12:00:00,15.457089,32.0,16.5429105758667
2020-11-16 15:00:00,21.777964,33.0,11.222036361694336
2020-11-16 18:00:00,23.167501,31.0,7.832498550415039
2020-11-16 21:00:00,23.416079,47.0,23.583921432495117
2020-11-17 00:00:00,17.33531,50.0,32.664690017700195
2020-11-17 03:00:00,13.627755,47.0,33.3722448348999
2020-11-17 06:00:00,17.929153,30.0,12.070846557617188
2020-11-17 09:00:00,32.593674,33.0,0.4063262939453125
2020-11-17 12:00:00,35.904804,36.0,0.09519577026367188
2020-11-17 15:00:00,43.223053,42.0,-1.223052978515625
2020-11-17 18:00:00,36.029064,35.0,-1.0290641784667969
2020-11-17 21:00:00,26.25393,32.0,5.746070861816406
2020-11-18 00:00:00,59.654213,33.0,-26.654212951660156
2020-11-18 03:00:00,65.09754,41.0,-24.09754180908203
2020-11-18 06:00:00,53.444523,36.0,-17.444522857666016
2020-11-18 09:00:00,38.44616,43.0,4.553840637207031
2020-11-18 12:00:00,24.42016,32.0,7.579839706420898
2020-11-18 15:00:00,21.830658,25.0,3.169342041015625
2020-11-18 18:00:00,20.992844,23.0,2.0071563720703125
2020-11-18 21:00:00,22.536823,21.0,-1.5368232727050781
2020-11-19 00:00:00,32.613117,30.0,-2.613117218017578
2020-11-19 03:00:00,40.605755,42.0,1.3942451477050781
2020-11-19 06:00:00,43.710598,48.0,4.289402008056641
2020-11-19 09:00:00,39.660393,36.0,-3.6603927612304688
2020-11-19 12:00:00,36.63348,30.0,-6.633480072021484
2020-11-19 15:00:00,35.056133,29.0,-6.056133270263672
2020-11-19 18:00:00,33.397614,31.0,-2.397613525390625
2020-11-19 21:00:00,32.002846,32.0,-0.00284576416015625
2020-11-20 00:00:00,18.555283,29.0,10.444717407226562
2020-11-20 03:00:00,22.227255,47.0,24.77274513244629
2020-11-20 06:00:00,30.161629,32.0,1.8383712768554688
2020-11-20 09:00:00,28.36859,35.0,6.631410598754883
2020-11-20 12:00:00,2.4558346,41.0,38.54416537284851
2020-11-20 15:00:00,9.605344,28.0,18.39465618133545
2020-11-20 18:00:00,14.3463125,28.0,13.653687477111816
2020-11-21 00:00:00,43.58253,26.0,-17.582530975341797
2020-11-21 03:00:00,44.81376,33.0,-11.813758850097656
2020-11-21 06:00:00,46.203583,33.0,-13.203582763671875
2020-11-21 09:00:00,39.59815,39.0,-0.5981483459472656
2020-11-21 12:00:00,43.71725,32.0,-11.71725082397461
2020-11-21 15:00:00,47.971924,26.0,-21.971923828125
2020-11-21 18:00:00,46.288677,33.0,-13.288677215576172
2020-11-22 00:00:00,82.252884,36.0,-46.25288391113281
2020-11-22 03:00:00,80.27655,28.0,-52.27655029296875
2020-11-22 06:00:00,112.615166,34.0,-78.61516571044922
2020-11-22 09:00:00,176.7329,72.0,-104.73289489746094
2020-11-23 00:00:00,75.35527,50.0,-25.355270385742188
2020-11-23 03:00:00,85.21556,50.0,-35.21556091308594
2020-11-23 06:00:00,85.06129,39.0,-46.06128692626953
2020-11-23 09:00:00,62.97023,23.0,-39.97023010253906
2020-11-23 12:00:00,41.32704,20.0,-21.327041625976562
2020-11-23 15:00:00,43.105556,41.0,-2.1055564880371094
2020-11-23 18:00:00,40.916008,33.0,-7.916007995605469
2020-11-23 21:00:00,41.941803,24.0,-17.941802978515625
2020-11-24 00:00:00,52.242626,20.0,-32.24262619018555
2020-11-24 03:00:00,50.50333,19.0,-31.50333023071289
2020-11-24 06:00:00,46.77281,32.0,-14.772811889648438
2020-11-24 09:00:00,39.555176,36.0,-3.55517578125
2020-11-24 12:00:00,46.43647,25.0,-21.43647003173828
2020-11-24 15:00:00,43.723106,38.0,-5.723106384277344
2020-11-24 18:00:00,36.982784,34.0,-2.9827842712402344
2020-11-25 00:00:00,45.048862,25.0,-20.04886245727539
2020-11-25 03:00:00,48.590664,33.0,-15.59066390991211
2020-11-25 06:00:00,51.82534,28.0,-23.825340270996094
2020-11-25 09:00:00,33.67404,29.0,-4.674041748046875
2020-11-25 12:00:00,25.834879,29.0,3.165121078491211
2020-11-25 15:00:00,22.625216,31.0,8.374784469604492
2020-11-25 18:00:00,21.878464,37.0,15.121536254882812
2020-11-25 21:00:00,22.026257,39.0,16.973743438720703
2020-11-26 00:00:00,16.567072,46.0,29.43292808532715
2020-11-26 03:00:00,19.010145,50.0,30.98985481262207
2020-11-26 06:00:00,22.98168,46.0,23.018320083618164
2020-11-26 09:00:00,26.309977,45.0,18.69002342224121
2020-11-26 12:00:00,24.871668,38.0,13.128332138061523
2020-11-26 15:00:00,32.714695,40.0,7.285305023193359
2020-11-26 18:00:00,33.7908,27.0,-6.790798187255859
2020-11-26 21:00:00,33.671425,30.0,-3.6714248657226562
2020-11-27 00:00:00,30.27469,31.0,0.7253093719482422
2020-11-27 03:00:00,37.841347,31.0,-6.841346740722656
2020-11-27 06:00:00,47.015305,33.0,-14.015304565429688
2020-11-27 09:00:00,59.24278,42.0,-17.242778778076172
2020-11-27 12:00:00,53.53081,40.0,-13.530811309814453
2020-11-27 15:00:00,61.79914,42.0,-19.79914093017578
2020-11-27 18:00:00,62.226036,38.0,-24.226036071777344
2020-11-27 21:00:00,57.907528,34.0,-23.907527923583984
2020-11-28 00:00:00,52.277756,32.0,-20.277755737304688
2020-11-28 03:00:00,46.122295,24.0,-22.122295379638672
2020-11-28 06:00:00,42.578903,34.0,-8.578903198242188
2020-11-28 09:00:00,37.309975,36.0,-1.3099746704101562
2020-11-28 12:00:00,28.750265,22.0,-6.750265121459961
2020-11-28 15:00:00,34.981213,35.0,0.018787384033203125
2020-11-28 18:00:00,39.26675,21.0,-18.26675033569336
2020-11-28 21:00:00,41.20278,31.0,-10.202781677246094
2020-11-29 00:00:00,35.334324,25.0,-10.33432388305664
2020-11-29 03:00:00,43.644947,34.0,-9.644947052001953
2020-11-29 06:00:00,50.4142,42.0,-8.414199829101562
2020-11-29 09:00:00,53.113014,37.0,-16.113014221191406
2020-11-29 12:00:00,29.230762,31.0,1.7692375183105469
2020-11-29 15:00:00,40.832844,45.0,4.167156219482422
2020-11-29 18:00:00,40.14464,33.0,-7.144641876220703
2020-11-29 21:00:00,38.334404,30.0,-8.334403991699219
2020-11-30 00:00:00,33.96508,40.0,6.034919738769531
2020-12-01 09:00:00,44.025852,52.0,7.974147796630859
2020-12-01 12:00:00,51.6157,35.0,-16.615699768066406
2020-12-01 15:00:00,47.05214,40.0,-7.0521392822265625
2020-12-01 18:00:00,42.55304,31.0,-11.55303955078125
2020-12-01 21:00:00,39.963367,27.0,-12.963367462158203
2020-12-02 00:00:00,66.42472,21.0,-45.424720764160156
2020-12-02 03:00:00,57.604042,26.0,-31.604042053222656
2020-12-02 06:00:00,54.396652,26.0,-28.396652221679688
2020-12-02 09:00:00,58.082092,28.0,-30.08209228515625
2020-12-02 12:00:00,59.116814,29.0,-30.11681365966797
2020-12-02 15:00:00,61.150387,25.0,-36.150386810302734
2020-12-02 18:00:00,61.236164,27.0,-34.23616409301758
2020-12-02 21:00:00,54.50488,33.0,-21.504878997802734
2020-12-03 00:00:00,24.427208,34.0,9.572792053222656
2020-12-03 03:00:00,36.79605,43.0,6.203948974609375
2020-12-03 06:00:00,38.734356,48.0,9.265644073486328
2020-12-03 09:00:00,26.2948,33.0,6.7052001953125
2020-12-03 12:00:00,16.578838,26.0,9.421161651611328
2020-12-03 15:00:00,20.072832,27.0,6.927167892456055
2020-12-03 18:00:00,29.898046,27.0,-2.8980464935302734
2020-12-03 21:00:00,36.063625,26.0,-10.06362533569336
2020-12-04 00:00:00,20.105745,25.0,4.894254684448242
2020-12-04 03:00:00,16.731861,24.0,7.268138885498047
2020-12-04 06:00:00,21.796722,23.0,1.203277587890625
2020-12-04 09:00:00,33.123627,26.0,-7.123626708984375
2020-12-04 12:00:00,25.282078,13.0,-12.28207778930664
2020-12-04 15:00:00,28.238674,10.0,-18.23867416381836
2020-12-04 18:00:00,28.817907,8.0,-20.817907333374023
2020-12-04 21:00:00,30.277988,9.0,-21.27798843383789
2020-12-05 00:00:00,15.303726,9.0,-6.3037261962890625
2020-12-05 03:00:00,14.924467,14.0,-0.9244670867919922
2020-12-05 06:00:00,16.36812,15.0,-1.3681201934814453
2020-12-05 09:00:00,19.992342,19.0,-0.9923419952392578
2020-12-06 00:00:00,2.492982,28.0,25.507018089294434
2020-12-06 03:00:00,0.0,36.0,36.0
2020-12-06 06:00:00,4.673865,23.0,18.32613515853882
2020-12-06 09:00:00,96.02422,56.0,-40.02422332763672
2020-12-06 12:00:00,91.649666,50.0,-41.64966583251953
2020-12-06 15:00:00,61.32615,112.0,50.673851013183594
2020-12-06 18:00:00,54.943142,37.0,-17.94314193725586
2020-12-06 21:00:00,53.033432,24.0,-29.033432006835938
2020-12-07 00:00:00,43.441105,20.0,-23.441104888916016
2020-12-07 03:00:00,47.837147,22.0,-25.837146759033203
2020-12-07 06:00:00,51.077507,31.0,-20.07750701904297
2020-12-07 09:00:00,42.525757,33.0,-9.5257568359375
2020-12-07 12:00:00,40.35786,31.0,-9.357860565185547
2020-12-07 15:00:00,37.83765,27.0,-10.837650299072266
2020-12-07 18:00:00,34.60633,33.0,-1.6063308715820312
2020-12-07 21:00:00,33.34236,29.0,-4.3423614501953125
2020-12-08 00:00:00,40.0658,32.0,-8.065799713134766
2020-12-08 03:00:00,46.147648,34.0,-12.147647857666016
2020-12-08 06:00:00,39.696487,31.0,-8.696487426757812
2020-12-08 09:00:00,24.814995,30.0,5.185005187988281
2020-12-08 12:00:00,26.367275,22.0,-4.367275238037109
2020-12-08 15:00:00,30.578348,25.0,-5.578348159790039
2020-12-08 18:00:00,31.21761,17.0,-14.217609405517578
2020-12-08 21:00:00,29.851208,20.0,-9.851207733154297
2020-12-09 00:00:00,44.851105,23.0,-21.851104736328125
2020-12-09 03:00:00,46.80726,29.0,-17.80725860595703
2020-12-09 06:00:00,44.84514,25.0,-19.845138549804688
2020-12-09 09:00:00,34.71649,24.0,-10.71649169921875
2020-12-09 12:00:00,49.116863,33.0,-16.116863250732422
2020-12-09 15:00:00,47.851982,31.0,-16.85198211669922
2020-12-09 18:00:00,44.10663,29.0,-15.10662841796875
2020-12-09 21:00:00,42.08954,45.0,2.91046142578125
2020-12-10 00:00:00,32.3879,40.0,7.612098693847656
2020-12-10 03:00:00,31.81583,52.0,20.18416976928711
2020-12-10 06:00:00,33.932053,33.0,-0.9320526123046875
2020-12-10 09:00:00,29.435,32.0,2.565000534057617
2020-12-10 12:00:00,35.10786,39.0,3.892139434814453
2020-12-10 15:00:00,32.526997,30.0,-2.526996612548828
2020-12-10 18:00:00,30.671003,45.0,14.328996658325195
2020-12-10 21:00:00,29.840294,43.0,13.159706115722656
2020-12-11 00:00:00,31.58209,30.0,-1.5820903778076172
2020-12-11 03:00:00,40.767986,34.0,-6.767986297607422
2020-12-11 06:00:00,51.407368,41.0,-10.407367706298828
2020-12-11 09:00:00,45.251797,53.0,7.748203277587891
2020-12-13 00:00:00,35.958122,33.0,-2.9581222534179688
2020-12-13 03:00:00,37.775066,48.0,10.224933624267578
2020-12-13 06:00:00,38.920517,39.0,0.0794830322265625
2020-12-13 09:00:00,37.099854,50.0,12.900146484375
2020-12-13 12:00:00,29.236559,35.0,5.76344108581543
2020-12-13 15:00:00,33.125275,50.0,16.874725341796875
2020-12-13 18:00:00,38.077133,56.0,17.922866821289062
2020-12-13 21:00:00,43.274666,77.0,33.72533416748047
2020-12-14 00:00:00,43.80115,66.0,22.198848724365234
2020-12-14 03:00:00,50.296875,66.0,15.703125
2020-12-14 06:00:00,59.996124,56.0,-3.996124267578125
2020-12-14 09:00:00,52.430862,56.0,3.5691375732421875
2020-12-14 12:00:00,36.621914,50.0,13.37808609008789
2020-12-14 15:00:00,33.83451,53.0,19.165489196777344
2020-12-14 18:00:00,31.686567,68.0,36.313432693481445
2020-12-14 21:00:00,30.938736,74.0,43.06126403808594
2020-12-15 00:00:00,37.54576,74.0,36.45423889160156
2020-12-15 03:00:00,40.40487,77.0,36.595130920410156
2020-12-15 06:00:00,50.190407,75.0,24.809593200683594
2020-12-15 09:00:00,44.886604,49.0,4.113395690917969
2020-12-15 12:00:00,23.272434,52.0,28.72756576538086
2020-12-15 15:00:00,26.15269,53.0,26.847309112548828
2020-12-15 18:00:00,29.85729,60.0,30.142709732055664
2020-12-15 21:00:00,30.80379,57.0,26.196210861206055
2020-12-16 00:00:00,31.309582,62.0,30.690418243408203
2020-12-16 03:00:00,34.703705,61.0,26.296295166015625
2020-12-16 06:00:00,38.493793,65.0,26.506206512451172
2020-12-16 09:00:00,38.909435,39.0,0.09056472778320312
2020-12-16 12:00:00,38.95974,35.0,-3.9597396850585938
2020-12-16 15:00:00,45.974503,38.0,-7.9745025634765625
2020-12-16 18:00:00,48.693268,40.0,-8.693267822265625
2020-12-16 21:00:00,46.544754,35.0,-11.544754028320312
2020-12-17 00:00:00,6.1893387,28.0,21.81066131591797
2020-12-17 03:00:00,7.158178,27.0,19.841822147369385
2020-12-17 06:00:00,9.490123,30.0,20.50987720489502
2020-12-17 09:00:00,18.735477,32.0,13.264522552490234
2020-12-17 12:00:00,27.558485,24.0,-3.5584850311279297
2020-12-17 15:00:00,35.966194,20.0,-15.966194152832031
2020-12-17 18:00:00,38.217026,26.0,-12.217025756835938
2020-12-17 21:00:00,39.207577,21.0,-18.207576751708984
2020-12-18 00:00:00,20.866991,21.0,0.1330089569091797
2020-12-18 03:00:00,33.32599,25.0,-8.32598876953125
2020-12-18 06:00:00,80.58652,29.0,-51.586517333984375
2020-12-18 09:00:00,106.454765,26.0,-80.45476531982422
2020-12-18 12:00:00,100.38557,28.0,-72.38556671142578
2020-12-18 15:00:00,100.19846,40.0,-60.198463439941406
2020-12-18 18:00:00,99.088196,41.0,-58.08819580078125
2020-12-18 21:00:00,75.75369,88.0,12.246307373046875
2020-12-19 12:00:00,30.02441,31.0,0.9755897521972656
2020-12-19 15:00:00,34.98343,31.0,-3.983428955078125
2020-12-19 18:00:00,44.285286,29.0,-15.285285949707031
2020-12-19 21:00:00,54.380394,27.0,-27.380393981933594
2020-12-20 00:00:00,66.47281,35.0,-31.472808837890625
2020-12-20 03:00:00,71.71479,33.0,-38.71479034423828
2020-12-20 06:00:00,74.60471,43.0,-31.604713439941406
2020-12-20 09:00:00,61.393562,42.0,-19.39356231689453
2020-12-20 12:00:00,48.261086,29.0,-19.261085510253906
2020-12-20 15:00:00,45.62611,39.0,-6.626110076904297
2020-12-20 18:00:00,42.672638,28.0,-14.672637939453125
2020-12-20 21:00:00,39.93267,31.0,-8.932670593261719
2020-12-21 00:00:00,41.8068,50.0,8.193199157714844
2020-12-21 03:00:00,49.257153,32.0,-17.257152557373047
2020-12-21 06:00:00,52.994553,65.0,12.005447387695312
2020-12-21 09:00:00,48.172695,39.0,-9.17269515991211
2020-12-21 12:00:00,38.554985,27.0,-11.554985046386719
2020-12-21 15:00:00,35.8217,25.0,-10.821701049804688
2020-12-21 18:00:00,34.39345,18.0,-16.393451690673828
2020-12-21 21:00:00,35.321648,46.0,10.678352355957031
2020-12-22 00:00:00,47.363358,39.0,-8.363357543945312
2020-12-22 03:00:00,54.41382,64.0,9.586181640625
2020-12-22 06:00:00,61.668404,62.0,0.33159637451171875
2020-12-22 09:00:00,50.847744,53.0,2.1522560119628906
2020-12-22 12:00:00,33.45883,45.0,11.541168212890625
2020-12-22 15:00:00,28.501177,31.0,2.4988231658935547
2020-12-22 18:00:00,23.646805,39.0,15.353195190429688
2020-12-22 21:00:00,21.064522,36.0,14.935478210449219
2020-12-23 00:00:00,25.472502,29.0,3.527498245239258
2020-12-23 03:00:00,28.848148,39.0,10.151851654052734
2020-12-23 06:00:00,39.666645,40.0,0.3333549499511719
2020-12-23 09:00:00,38.478474,42.0,3.521526336669922
2020-12-23 12:00:00,43.973103,24.0,-19.973102569580078
2020-12-23 15:00:00,41.706757,29.0,-12.706756591796875
2020-12-23 18:00:00,34.2265,40.0,5.77349853515625
2020-12-23 21:00:00,30.813454,50.0,19.186546325683594
2020-12-24 00:00:00,15.267404,37.0,21.732596397399902
2020-12-24 03:00:00,24.527708,38.0,13.472291946411133
2020-12-24 06:00:00,46.372124,47.0,0.6278762817382812
2020-12-24 09:00:00,67.28379,35.0,-32.283790588378906
2020-12-24 12:00:00,66.605965,44.0,-22.60596466064453
2020-12-24 15:00:00,81.50726,39.0,-42.50726318359375
2020-12-24 18:00:00,78.38275,32.0,-46.38275146484375
2020-12-24 21:00:00,62.795208,33.0,-29.795207977294922
2020-12-25 00:00:00,47.523373,25.0,-22.523372650146484
2020-12-25 03:00:00,34.131405,20.0,-14.131404876708984
2020-12-25 06:00:00,31.237051,19.0,-12.237051010131836
2020-12-25 09:00:00,32.020126,27.0,-5.0201263427734375
2020-12-25 12:00:00,39.480083,26.0,-13.480083465576172
2020-12-25 15:00:00,33.15796,26.0,-7.157958984375
2020-12-25 18:00:00,23.488155,16.0,-7.488155364990234
2020-12-25 21:00:00,24.856035,10.0,-14.856035232543945
2020-12-26 00:00:00,23.272833,22.0,-1.2728328704833984
2020-12-26 03:00:00,30.919865,20.0,-10.919864654541016
2020-12-26 06:00:00,32.481865,20.0,-12.481864929199219
2020-12-26 09:00:00,27.212934,21.0,-6.212934494018555
2020-12-26 12:00:00,23.006521,22.0,-1.006521224975586
2020-12-26 15:00:00,16.542742,15.0,-1.5427417755126953
2020-12-26 18:00:00,13.0781355,17.0,3.9218645095825195
2020-12-26 21:00:00,13.626277,12.0,-1.626276969909668
2020-12-27 00:00:00,26.241083,18.0,-8.241083145141602
2020-12-27 03:00:00,25.373993,24.0,-1.373992919921875
2020-12-27 06:00:00,35.45813,28.0,-7.4581298828125
2020-12-27 09:00:00,36.564075,28.0,-8.564075469970703
2020-12-27 12:00:00,21.09681,24.0,2.9031906127929688
2020-12-27 15:00:00,21.2724,21.0,-0.27239990234375
2020-12-27 18:00:00,22.088783,28.0,5.911216735839844
2020-12-27 21:00:00,25.528152,36.0,10.471847534179688
2020-12-28 00:00:00,27.755447,27.0,-0.7554473876953125
2020-12-28 03:00:00,30.864386,31.0,0.13561439514160156
2020-12-28 06:00:00,31.82447,32.0,0.17552947998046875
2020-12-28 09:00:00,33.728157,25.0,-8.728157043457031
2020-12-28 12:00:00,23.990623,29.0,5.009376525878906
2020-12-28 15:00:00,21.47658,27.0,5.523420333862305
2020-12-28 18:00:00,16.977537,32.0,15.022462844848633
2020-12-28 21:00:00,16.591002,30.0,13.408998489379883
2020-12-29 00:00:00,40.333363,28.0,-12.333362579345703
2020-12-29 03:00:00,34.853428,31.0,-3.8534278869628906
2020-12-29 06:00:00,34.473713,54.0,19.526287078857422
2020-12-29 09:00:00,34.691936,49.0,14.308063507080078
2020-12-29 12:00:00,23.437166,25.0,1.5628337860107422
2020-12-29 15:00:00,28.978605,42.0,13.021394729614258
2020-12-29 18:00:00,34.281242,38.0,3.7187576293945312
2020-12-29 21:00:00,37.82077,46.0,8.179229736328125
2020-12-30 00:00:00,18.637365,46.0,27.362634658813477
2020-12-30 03:00:00,22.747599,49.0,26.25240135192871
2020-12-30 06:00:00,29.168745,46.0,16.831254959106445
2020-12-30 09:00:00,31.431114,45.0,13.568885803222656
2020-12-30 12:00:00,31.142263,33.0,1.857736587524414
2020-12-30 15:00:00,38.394775,42.0,3.605224609375
2020-12-30 18:00:00,43.066223,32.0,-11.06622314453125
2020-12-30 21:00:00,46.772015,43.0,-3.772014617919922
2020-12-31 00:00:00,59.440025,52.0,-7.440025329589844
2020-12-31 03:00:00,55.529766,45.0,-10.529766082763672
2020-12-31 06:00:00,54.825363,62.0,7.1746368408203125
2020-12-31 09:00:00,52.203377,31.0,-21.20337677001953
2020-12-31 12:00:00,40.45802,55.0,14.541980743408203
2020-12-31 15:00:00,45.009754,34.0,-11.009754180908203
2020-12-31 18:00:00,44.99566,46.0,1.0043411254882812
2020-12-31 21:00:00,44.53682,53.0,8.463180541992188
2021-01-01 00:00:00,64.90711,52.0,-12.907112121582031
2021-01-01 03:00:00,63.423615,53.0,-10.423614501953125
2021-01-01 06:00:00,64.24352,44.0,-20.24352264404297
2021-01-01 09:00:00,66.7095,46.0,-20.709503173828125
2021-01-01 12:00:00,43.55525,38.0,-5.555248260498047
2021-01-01 15:00:00,41.53088,43.0,1.4691200256347656
2021-01-01 18:00:00,33.210484,49.0,15.78951644897461
2021-01-01 21:00:00,28.185526,60.0,31.81447410583496
2021-01-02 00:00:00,32.842308,60.0,27.157691955566406
2021-01-02 03:00:00,31.370234,60.0,28.6297664642334
2021-01-02 06:00:00,31.284912,53.0,21.715087890625
2021-01-02 09:00:00,30.983244,31.0,0.016756057739257812
2021-01-02 12:00:00,44.38874,38.0,-6.388740539550781
2021-01-02 15:00:00,41.73154,59.0,17.26845932006836
2021-01-02 18:00:00,35.28521,50.0,14.714790344238281
2021-01-02 21:00:00,31.007402,49.0,17.992597579956055
2021-01-03 00:00:00,43.87175,54.0,10.128250122070312
2021-01-03 03:00:00,42.47613,86.0,43.523868560791016
2021-01-03 06:00:00,43.264095,92.0,48.735904693603516
2021-01-03 09:00:00,38.853443,81.0,42.14655685424805
2021-01-03 12:00:00,39.52988,53.0,13.47011947631836
2021-01-03 15:00:00,39.34957,69.0,29.650428771972656
2021-01-03 18:00:00,36.967323,71.0,34.032676696777344
2021-01-03 21:00:00,34.741104,60.0,25.258895874023438
2021-01-04 00:00:00,39.84633,69.0,29.153671264648438
2021-01-04 03:00:00,41.889053,83.0,41.11094665527344
2021-01-04 06:00:00,49.11152,76.0,26.88848114013672
2021-01-04 09:00:00,47.98494,67.0,19.015060424804688
2021-01-04 12:00:00,40.769295,52.0,11.230705261230469
2021-01-04 15:00:00,39.70365,68.0,28.296348571777344
2021-01-04 18:00:00,37.618748,53.0,15.38125228881836
2021-01-04 21:00:00,34.420452,55.0,20.579547882080078
2021-01-05 00:00:00,58.859596,69.0,10.140403747558594
2021-01-05 03:00:00,49.983555,92.0,42.01644515991211
2021-01-05 06:00:00,49.965424,84.0,34.034576416015625
2021-01-05 09:00:00,45.662575,58.0,12.337425231933594
2021-01-05 12:00:00,42.85471,43.0,0.14529037475585938
2021-01-05 15:00:00,38.827694,45.0,6.172306060791016
2021-01-05 18:00:00,32.78933,49.0,16.210670471191406
2021-01-05 21:00:00,27.631927,61.0,33.368072509765625
2021-01-06 00:00:00,37.84157,73.0,35.15842819213867
2021-01-06 03:00:00,38.23402,64.0,25.765979766845703
2021-01-06 06:00:00,39.892372,62.0,22.107627868652344
2021-01-06 09:00:00,39.344086,33.0,-6.344085693359375
2021-01-06 12:00:00,27.886017,33.0,5.113983154296875
2021-01-06 15:00:00,29.977798,21.0,-8.977798461914062
2021-01-06 18:00:00,27.981571,27.0,-0.9815711975097656
2021-01-06 21:00:00,25.513828,36.0,10.48617172241211
2021-01-07 00:00:00,39.63635,34.0,-5.636348724365234
2021-01-07 03:00:00,33.766582,34.0,0.23341751098632812
2021-01-07 06:00:00,34.09065,47.0,12.909351348876953
2021-01-07 09:00:00,31.932188,41.0,9.067811965942383
2021-01-07 12:00:00,16.81974,35.0,18.180259704589844
2021-01-07 15:00:00,20.060951,31.0,10.939048767089844
2021-01-07 18:00:00,22.908125,31.0,8.091875076293945
2021-01-07 21:00:00,23.558641,38.0,14.44135856628418
2021-01-08 00:00:00,39.72218,60.0,20.277820587158203
2021-01-08 03:00:00,42.39655,61.0,18.603450775146484
2021-01-08 06:00:00,44.30956,46.0,1.6904411315917969
2021-01-08 09:00:00,39.749638,22.0,-17.749637603759766
2021-01-08 12:00:00,46.773834,21.0,-25.773834228515625
2021-01-08 15:00:00,46.096035,25.0,-21.09603500366211
2021-01-08 18:00:00,40.394867,22.0,-18.394866943359375
2021-01-08 21:00:00,35.219273,27.0,-8.21927261352539
2021-01-09 00:00:00,26.41383,35.0,8.586170196533203
2021-01-09 03:00:00,25.437828,35.0,9.562171936035156
2021-01-09 06:00:00,26.279451,37.0,10.720548629760742
2021-01-09 09:00:00,21.888582,33.0,11.111417770385742
2021-01-09 12:00:00,30.048227,33.0,2.951772689819336
2021-01-09 15:00:00,29.224907,38.0,8.775093078613281
2021-01-09 18:00:00,25.62774,28.0,2.3722591400146484
2021-01-09 21:00:00,23.425116,30.0,6.574884414672852
2021-01-10 00:00:00,25.391954,24.0,-1.3919544219970703
2021-01-10 03:00:00,21.464529,22.0,0.5354709625244141
2021-01-10 06:00:00,20.417587,31.0,10.582412719726562
2021-01-10 09:00:00,17.40375,24.0,6.596250534057617
2021-01-10 12:00:00,31.51132,32.0,0.4886798858642578
2021-01-10 15:00:00,31.503077,28.0,-3.5030765533447266
2021-01-10 18:00:00,30.621323,31.0,0.3786773681640625
2021-01-10 21:00:00,31.300488,38.0,6.699512481689453
2021-01-11 00:00:00,27.501984,30.0,2.498016357421875
2021-01-11 03:00:00,30.521051,37.0,6.478948593139648
2021-01-11 06:00:00,34.39243,39.0,4.607570648193359
2021-01-11 09:00:00,33.64295,62.0,28.357051849365234
2021-01-11 12:00:00,41.517014,43.0,1.4829864501953125
2021-01-11 15:00:00,39.95751,62.0,22.04248809814453
2021-01-11 18:00:00,38.700138,60.0,21.299861907958984
2021-01-11 21:00:00,40.176018,60.0,19.82398223876953
2021-01-12 00:00:00,43.192585,54.0,10.807415008544922
2021-01-12 03:00:00,65.20077,66.0,0.7992324829101562
2021-01-12 06:00:00,81.820755,55.0,-26.820755004882812
2021-01-12 09:00:00,69.9124,50.0,-19.912399291992188
2021-01-12 12:00:00,42.638363,44.0,1.3616371154785156
2021-01-12 15:00:00,34.915386,41.0,6.084613800048828
2021-01-12 18:00:00,34.68085,55.0,20.319149017333984
2021-01-12 21:00:00,42.71442,56.0,13.285579681396484
2021-01-13 00:00:00,35.343872,58.0,22.6561279296875
2021-01-13 03:00:00,52.50149,60.0,7.498508453369141
2021-01-13 06:00:00,76.14381,39.0,-37.14380645751953
2021-01-13 09:00:00,65.685074,49.0,-16.685073852539062
2021-01-13 12:00:00,49.198887,53.0,3.8011131286621094
2021-01-13 15:00:00,45.281467,52.0,6.718532562255859
2021-01-13 18:00:00,44.65528,56.0,11.344718933105469
2021-01-13 21:00:00,42.247734,69.0,26.75226593017578
2021-01-14 00:00:00,59.97049,79.0,19.029510498046875
2021-01-14 03:00:00,71.980484,88.0,16.019515991210938
2021-01-14 06:00:00,82.46116,77.0,-5.461158752441406
2021-01-14 09:00:00,66.76464,64.0,-2.7646408081054688
2021-01-14 12:00:00,44.245667,31.0,-13.24566650390625
2021-01-14 15:00:00,48.382504,58.0,9.617496490478516
2021-01-14 18:00:00,53.00154,81.0,27.998458862304688
2021-01-14 21:00:00,48.976803,67.0,18.023197174072266
2021-01-15 00:00:00,32.398132,77.0,44.60186767578125
2021-01-15 03:00:00,33.984463,81.0,47.01553726196289
2021-01-15 06:00:00,37.088737,45.0,7.911262512207031
2021-01-15 09:00:00,41.81095,34.0,-7.810951232910156
2021-01-15 12:00:00,49.40506,39.0,-10.405059814453125
2021-01-15 15:00:00,54.626755,36.0,-18.626754760742188
2021-01-15 18:00:00,55.883163,36.0,-19.883163452148438
2021-01-15 21:00:00,57.95755,33.0,-24.957550048828125
2021-01-16 00:00:00,76.94433,39.0,-37.94432830810547
2021-01-16 03:00:00,163.44563,82.0,-81.44563293457031
2021-01-16 06:00:00,175.80101,54.0,-121.80101013183594
2021-01-16 09:00:00,136.09863,64.0,-72.0986328125
2021-01-16 12:00:00,93.31603,46.0,-47.31603240966797
2021-01-16 15:00:00,74.30003,70.0,-4.3000335693359375
2021-01-16 18:00:00,62.82369,68.0,5.176311492919922
2021-01-16 21:00:00,58.09511,59.0,0.9048881530761719
2021-01-17 00:00:00,27.775969,77.0,49.22403144836426
2021-01-17 03:00:00,35.144695,82.0,46.85530471801758
2021-01-17 06:00:00,42.790703,81.0,38.20929718017578
2021-01-17 09:00:00,54.386192,66.0,11.613807678222656
2021-01-17 12:00:00,67.704094,57.0,-10.704093933105469
2021-01-17 15:00:00,74.473175,55.0,-19.473175048828125
2021-01-17 18:00:00,77.888275,64.0,-13.888275146484375
2021-01-17 21:00:00,94.43704,46.0,-48.437042236328125
2021-01-18 00:00:00,41.153725,40.0,-1.1537246704101562
2021-01-18 03:00:00,26.589874,36.0,9.410125732421875
2021-01-18 06:00:00,24.6892,46.0,21.310800552368164
2021-01-18 09:00:00,25.181236,40.0,14.818763732910156
2021-01-18 12:00:00,33.362427,21.0,-12.3624267578125
2021-01-18 15:00:00,34.462856,23.0,-11.46285629272461
2021-01-18 18:00:00,34.280903,31.0,-3.280902862548828
2021-01-18 21:00:00,36.89979,17.0,-19.899791717529297
2021-01-19 00:00:00,47.028606,32.0,-15.028606414794922
2021-01-19 03:00:00,56.674026,40.0,-16.674026489257812
2021-01-19 06:00:00,50.024254,43.0,-7.024253845214844
2021-01-19 09:00:00,35.27421,28.0,-7.274211883544922
2021-01-19 12:00:00,30.331932,27.0,-3.3319320678710938
2021-01-19 15:00:00,26.350107,25.0,-1.350107192993164
2021-01-19 18:00:00,25.463238,32.0,6.536762237548828
2021-01-19 21:00:00,25.501436,32.0,6.498563766479492
2021-01-20 00:00:00,0.0,43.0,43.0
2021-01-20 03:00:00,0.4549747,38.0,37.545025289058685
2021-01-20 06:00:00,4.5167212,31.0,26.48327875137329
2021-01-20 09:00:00,6.273012,30.0,23.726987838745117
2021-01-20 12:00:00,29.717598,37.0,7.282402038574219
2021-01-20 15:00:00,34.11765,36.0,1.8823509216308594
2021-01-20 18:00:00,31.36961,36.0,4.630390167236328
2021-01-20 21:00:00,32.02376,46.0,13.976238250732422
2021-01-21 00:00:00,141.31342,50.0,-91.31341552734375
2021-01-21 03:00:00,136.14407,53.0,-83.14407348632812
2021-01-21 06:00:00,94.79328,79.0,-15.793281555175781
2021-01-21 09:00:00,57.657417,20.0,-37.65741729736328
2021-01-21 12:00:00,51.889458,18.0,-33.88945770263672
2021-01-21 15:00:00,46.386616,21.0,-25.386615753173828
2021-01-21 18:00:00,44.476566,20.0,-24.476566314697266
2021-01-21 21:00:00,53.53786,21.0,-32.53786087036133
2021-01-22 00:00:00,46.478817,39.0,-7.478816986083984
2021-01-22 03:00:00,56.386623,31.0,-25.38662338256836
2021-01-22 06:00:00,59.529385,31.0,-28.52938461303711
2021-01-22 09:00:00,59.554905,31.0,-28.55490493774414
2021-01-22 12:00:00,50.583878,27.0,-23.583877563476562
2021-01-22 15:00:00,43.574745,18.0,-25.574745178222656
2021-01-22 18:00:00,38.835766,30.0,-8.835765838623047
2021-01-22 21:00:00,46.779633,28.0,-18.779632568359375
2021-01-23 00:00:00,66.2078,32.0,-34.207801818847656
2021-01-23 03:00:00,70.03382,26.0,-44.03382110595703
2021-01-23 06:00:00,66.519875,29.0,-37.519874572753906
2021-01-23 09:00:00,48.98027,33.0,-15.980270385742188
2021-01-23 12:00:00,22.938251,28.0,5.061748504638672
2021-01-23 15:00:00,19.646109,33.0,13.353891372680664
2021-01-23 18:00:00,19.897924,27.0,7.102075576782227
2021-01-23 21:00:00,20.323456,31.0,10.676544189453125
2021-01-24 00:00:00,46.080914,28.0,-18.080913543701172
2021-01-24 03:00:00,41.48262,31.0,-10.482620239257812
2021-01-24 06:00:00,41.49598,39.0,-2.4959793090820312
2021-01-24 09:00:00,36.037365,31.0,-5.037364959716797
2021-01-24 12:00:00,36.981136,28.0,-8.981136322021484
2021-01-24 15:00:00,33.436096,30.0,-3.43609619140625
2021-01-24 18:00:00,29.56665,29.0,-0.566650390625
2021-01-24 21:00:00,25.225973,29.0,3.774026870727539
2021-01-25 00:00:00,21.675987,41.0,19.324012756347656
2021-01-25 03:00:00,20.854486,47.0,26.1455135345459
2021-01-25 06:00:00,25.784971,57.0,31.215028762817383
2021-01-25 09:00:00,28.336103,57.0,28.663896560668945
2021-01-25 12:00:00,22.373285,52.0,29.6267147064209
2021-01-25 15:00:00,32.131084,45.0,12.868915557861328
2021-01-25 18:00:00,37.149563,43.0,5.850437164306641
2021-01-25 21:00:00,38.97776,60.0,21.022239685058594
2021-01-26 00:00:00,55.68222,43.0,-12.682220458984375
2021-01-26 03:00:00,54.75249,64.0,9.247509002685547
2021-01-26 06:00:00,60.459057,76.0,15.540943145751953
2021-01-26 09:00:00,63.639076,46.0,-17.639076232910156
2021-01-26 12:00:00,70.061676,58.0,-12.061676025390625
2021-01-26 15:00:00,67.97655,51.0,-16.976547241210938
2021-01-26 18:00:00,60.7979,46.0,-14.797901153564453
2021-01-26 21:00:00,51.694202,50.0,-1.6942024230957031
2021-01-27 00:00:00,34.18427,61.0,26.815731048583984
2021-01-27 03:00:00,38.02893,63.0,24.9710693359375
2021-01-27 06:00:00,44.86378,77.0,32.1362190246582
2021-01-27 09:00:00,45.9587,65.0,19.041301727294922
2021-01-27 12:00:00,60.648403,66.0,5.351596832275391
2021-01-27 15:00:00,61.066998,51.0,-10.066997528076172
2021-01-27 18:00:00,58.213913,55.0,-3.2139129638671875
2021-01-27 21:00:00,54.94394,81.0,26.056060791015625
2021-01-28 00:00:00,59.192074,77.0,17.807926177978516
2021-01-28 03:00:00,55.8706,86.0,30.129398345947266
2021-01-28 06:00:00,61.65334,86.0,24.346660614013672
2021-01-28 09:00:00,65.68274,69.0,3.3172607421875
2021-01-28 12:00:00,60.623734,70.0,9.376266479492188
2021-01-28 15:00:00,59.69571,59.0,-0.695709228515625
2021-01-28 18:00:00,50.339508,49.0,-1.339508056640625
2021-01-28 21:00:00,45.41107,51.0,5.58892822265625
2021-01-29 00:00:00,110.50997,56.0,-54.509971618652344
2021-01-29 03:00:00,99.84342,59.0,-40.843421936035156
2021-01-29 06:00:00,86.84356,65.0,-21.84355926513672
2021-01-29 09:00:00,61.52777,43.0,-18.52777099609375
2021-01-29 12:00:00,43.239536,51.0,7.760463714599609
2021-01-29 15:00:00,35.586937,42.0,6.413063049316406
2021-01-30 09:00:00,141.12617,47.0,-94.12617492675781
2021-01-30 12:00:00,78.55351,42.0,-36.55351257324219
2021-01-30 15:00:00,60.156025,75.0,14.843975067138672
2021-01-30 18:00:00,44.640728,58.0,13.359272003173828
2021-02-01 15:00:00,16.147623,20.0,3.852376937866211
2021-02-01 18:00:00,19.427034,16.0,-3.427034378051758
2021-02-01 21:00:00,23.20985,18.0,-5.209850311279297
2021-02-02 00:00:00,32.890057,33.0,0.10994338989257812
2021-02-02 03:00:00,37.52302,41.0,3.476978302001953
2021-02-02 06:00:00,41.594376,34.0,-7.5943756103515625
2021-02-02 09:00:00,31.917353,29.0,-2.9173526763916016
2021-02-02 12:00:00,28.925001,24.0,-4.92500114440918
2021-02-02 15:00:00,27.4772,24.0,-3.4771995544433594
2021-02-02 18:00:00,29.192734,20.0,-9.192733764648438
2021-02-02 21:00:00,30.373713,11.0,-19.37371253967285
2021-02-03 00:00:00,35.775658,15.0,-20.775657653808594
2021-02-03 03:00:00,32.483513,25.0,-7.483512878417969
2021-02-03 06:00:00,35.828407,24.0,-11.828407287597656
2021-02-03 09:00:00,36.111713,26.0,-10.111713409423828
2021-02-03 12:00:00,43.10334,22.0,-21.10334014892578
2021-02-03 15:00:00,43.5802,30.0,-13.5802001953125
2021-02-03 18:00:00,42.989086,24.0,-18.989086151123047
2021-02-03 21:00:00,41.762405,24.0,-17.762405395507812
2021-02-04 00:00:00,58.2354,29.0,-29.235401153564453
2021-02-04 03:00:00,56.386852,36.0,-20.386852264404297
2021-02-04 06:00:00,60.20241,49.0,-11.202411651611328
2021-02-04 09:00:00,60.53122,34.0,-26.531219482421875
2021-02-04 12:00:00,60.397552,27.0,-33.397552490234375
2021-02-04 15:00:00,55.62606,16.0,-39.626060485839844
2021-02-04 18:00:00,51.489677,37.0,-14.489677429199219
2021-02-04 21:00:00,46.998592,24.0,-22.998592376708984
2021-02-05 00:00:00,32.59538,28.0,-4.595378875732422
2021-02-05 06:00:00,33.06775,52.0,18.9322509765625
2021-02-05 09:00:00,30.883257,34.0,3.1167430877685547
2021-02-05 12:00:00,43.72339,39.0,-4.723388671875
2021-02-05 15:00:00,42.243755,30.0,-12.243755340576172
2021-02-05 18:00:00,43.44861,59.0,15.5513916015625
2021-02-05 21:00:00,45.273735,40.0,-5.273735046386719
2021-02-06 00:00:00,16.39637,52.0,35.60363006591797
2021-02-06 03:00:00,19.210346,38.0,18.789653778076172
2021-02-06 06:00:00,35.256107,30.0,-5.256107330322266
2021-02-06 09:00:00,54.798874,30.0,-24.798873901367188
2021-02-06 12:00:00,63.326923,33.0,-30.326923370361328
2021-02-06 15:00:00,63.35665,29.0,-34.356651306152344
2021-02-06 18:00:00,57.174477,29.0,-28.174476623535156
2021-02-06 21:00:00,62.607796,31.0,-31.60779571533203
2021-02-07 00:00:00,40.576195,36.0,-4.576194763183594
2021-02-07 03:00:00,42.553436,27.0,-15.553436279296875
2021-02-07 06:00:00,45.187336,35.0,-10.187335968017578
2021-02-07 09:00:00,57.158104,31.0,-26.158103942871094
2021-02-07 12:00:00,60.65443,39.0,-21.654430389404297
2021-02-07 18:00:00,54.957127,28.0,-26.95712661743164
2021-02-07 21:00:00,52.8089,34.0,-18.80889892578125
2021-02-08 00:00:00,66.15665,40.0,-26.156646728515625
2021-02-08 03:00:00,66.171196,49.0,-17.17119598388672
2021-02-08 06:00:00,63.15122,39.0,-24.15121841430664
2021-02-08 09:00:00,42.113243,33.0,-9.113243103027344
2021-02-08 12:00:00,27.338957,29.0,1.6610431671142578
2021-02-08 15:00:00,26.086126,36.0,9.913873672485352
2021-02-08 18:00:00,23.096163,13.0,-10.096162796020508
2021-02-08 21:00:00,28.010618,18.0,-10.010618209838867
2021-02-09 00:00:00,69.563614,23.0,-46.56361389160156
2021-02-09 03:00:00,76.0856,44.0,-32.085601806640625
2021-02-09 06:00:00,78.64264,43.0,-35.64263916015625
2021-02-09 09:00:00,65.61208,49.0,-16.612083435058594
2021-02-09 12:00:00,65.89653,39.0,-26.896530151367188
2021-02-09 15:00:00,53.038776,43.0,-10.038776397705078
2021-02-09 18:00:00,43.268414,54.0,10.731586456298828
2021-02-09 21:00:00,36.68674,43.0,6.313259124755859
2021-02-10 00:00:00,34.30523,35.0,0.6947708129882812
2021-02-10 03:00:00,37.736755,70.0,32.26324462890625
2021-02-10 06:00:00,55.615944,60.0,4.384056091308594
2021-02-10 09:00:00,59.57287,41.0,-18.57286834716797
2021-02-10 12:00:00,45.80852,50.0,4.191478729248047
2021-02-10 15:00:00,42.52422,46.0,3.475780487060547
2021-02-10 18:00:00,42.44998,42.0,-0.449981689453125
2021-02-10 21:00:00,43.79854,39.0,-4.7985382080078125
2021-02-11 00:00:00,26.00791,67.0,40.99209022521973
2021-02-11 03:00:00,37.251995,79.0,41.74800491333008
2021-02-11 06:00:00,54.646534,67.0,12.353466033935547
2021-02-11 09:00:00,57.126045,41.0,-16.12604522705078
2021-02-11 12:00:00,43.65779,38.0,-5.6577911376953125
2021-02-11 15:00:00,32.841625,28.0,-4.841625213623047
2021-02-11 18:00:00,26.930593,38.0,11.069406509399414
2021-02-11 21:00:00,24.23758,27.0,2.762420654296875
2021-02-12 00:00:00,2.307047,21.0,18.69295310974121
2021-02-12 03:00:00,12.211558,34.0,21.78844165802002
2021-02-12 06:00:00,25.524742,32.0,6.475257873535156
2021-02-12 09:00:00,30.091768,31.0,0.9082317352294922
2021-02-12 12:00:00,32.139324,28.0,-4.139324188232422
2021-02-12 15:00:00,30.749788,22.0,-8.749788284301758
2021-02-12 18:00:00,28.578598,28.0,-0.5785980224609375
2021-02-12 21:00:00,27.685928,31.0,3.3140716552734375
2021-02-13 00:00:00,32.583557,38.0,5.41644287109375
2021-02-13 03:00:00,34.32979,49.0,14.670211791992188
2021-02-13 06:00:00,37.177643,39.0,1.822357177734375
2021-02-13 09:00:00,33.83923,40.0,6.160770416259766
2021-02-13 12:00:00,28.82308,47.0,18.17691993713379
2021-02-13 15:00:00,24.418114,34.0,9.581886291503906
2021-02-13 18:00:00,20.582775,37.0,16.417224884033203
2021-02-13 21:00:00,20.168386,30.0,9.831613540649414
2021-02-14 00:00:00,1.080366,34.0,32.919633984565735
2021-02-14 03:00:00,10.57947,33.0,22.420530319213867
2021-02-14 06:00:00,22.671202,44.0,21.328798294067383
2021-02-14 09:00:00,29.397854,50.0,20.60214614868164
2021-02-17 06:00:00,35.811012,57.0,21.188987731933594
2021-02-17 09:00:00,31.684067,91.0,59.31593322753906
2021-02-17 12:00:00,39.69285,63.0,23.307151794433594
2021-02-17 15:00:00,36.571236,67.0,30.42876434326172
2021-02-17 18:00:00,32.184063,49.0,16.815937042236328
2021-02-17 21:00:00,31.242962,56.0,24.757038116455078
2021-02-18 00:00:00,67.26987,52.0,-15.269866943359375
2021-02-18 03:00:00,56.91345,65.0,8.086551666259766
2021-02-18 06:00:00,59.13682,68.0,8.863178253173828
2021-02-18 09:00:00,82.51317,47.0,-35.51316833496094
2021-02-18 12:00:00,147.62701,49.0,-98.62701416015625
2021-02-18 15:00:00,193.8646,56.0,-137.86459350585938
2021-02-18 21:00:00,127.67123,23.0,-104.67122650146484
2021-02-19 00:00:00,116.5281,45.0,-71.5280990600586
2021-02-19 03:00:00,88.96131,61.0,-27.96131134033203
2021-02-19 06:00:00,65.691895,46.0,-19.69189453125
2021-02-19 09:00:00,50.0969,54.0,3.9030990600585938
2021-02-19 12:00:00,36.28554,50.0,13.714458465576172
2021-02-19 15:00:00,38.603046,32.0,-6.603046417236328
2021-02-19 18:00:00,38.05417,20.0,-18.054168701171875
2021-02-19 21:00:00,35.7486,15.0,-20.748600006103516
2021-02-20 03:00:00,28.273462,16.0,-12.273462295532227
2021-02-20 06:00:00,26.300995,20.0,-6.300994873046875
2021-02-20 09:00:00,26.01564,20.0,-6.0156402587890625
2021-02-20 12:00:00,20.750576,20.0,-0.7505760192871094
2021-02-20 15:00:00,23.618156,20.0,-3.6181564331054688
2021-02-20 18:00:00,25.415943,15.0,-10.415943145751953
2021-02-20 21:00:00,23.927214,17.0,-6.927213668823242
2021-02-21 00:00:00,0.0,12.0,12.0
2021-02-21 03:00:00,0.0,22.0,22.0
2021-02-21 06:00:00,1.0587655,13.0,11.941234469413757
2021-02-21 09:00:00,8.775487,15.0,6.224513053894043
2021-02-21 12:00:00,15.010414,16.0,0.9895858764648438
2021-02-21 15:00:00,15.3521,15.0,-0.3521003723144531
2021-02-21 18:00:00,13.574777,23.0,9.425223350524902
2021-02-21 21:00:00,11.539896,17.0,5.460103988647461
2021-02-22 00:00:00,23.431313,21.0,-2.4313125610351562
2021-02-22 03:00:00,18.741503,23.0,4.25849723815918
2021-02-22 06:00:00,13.949375,21.0,7.050624847412109
2021-02-22 09:00:00,14.103193,24.0,9.896806716918945
2021-02-22 12:00:00,6.6456776,20.0,13.35432243347168
2021-02-22 15:00:00,13.177214,22.0,8.822786331176758
2021-02-22 18:00:00,21.133701,22.0,0.8662986755371094
2021-02-22 21:00:00,28.196383,21.0,-7.196382522583008
2021-02-23 00:00:00,15.316573,20.0,4.683426856994629
2021-02-23 03:00:00,19.904518,22.0,2.0954818725585938
2021-02-23 06:00:00,27.312353,25.0,-2.3123531341552734
2021-02-23 09:00:00,31.494097,25.0,-6.494096755981445
2021-02-23 12:00:00,13.687441,26.0,12.312559127807617
2021-02-23 15:00:00,16.785067,22.0,5.214933395385742
2021-02-23 18:00:00,15.663318,25.0,9.336682319641113
2021-02-23 21:00:00,15.731075,22.0,6.268924713134766
2021-02-24 00:00:00,22.222252,23.0,0.7777481079101562
2021-02-24 03:00:00,22.364134,28.0,5.635866165161133
2021-02-24 06:00:00,17.8469,27.0,9.153099060058594
2021-02-24 09:00:00,14.33375,17.0,2.666250228881836
2021-02-24 12:00:00,5.51114,24.0,18.48886013031006
2021-02-24 15:00:00,5.9738455,28.0,22.02615451812744
2021-02-24 18:00:00,7.131348,26.0,18.868651866912842
2021-02-24 21:00:00,14.284524,22.0,7.715476036071777
2021-02-25 00:00:00,26.252565,21.0,-5.252565383911133
2021-02-25 03:00:00,40.313354,20.0,-20.3133544921875
2021-02-25 06:00:00,74.75205,32.0,-42.752052307128906
2021-02-25 09:00:00,64.13461,31.0,-33.134613037109375
2021-02-25 12:00:00,34.98775,32.0,-2.987751007080078
2021-02-25 15:00:00,31.506374,26.0,-5.506374359130859
2021-02-25 18:00:00,31.859827,18.0,-13.859827041625977
2021-02-25 21:00:00,34.664707,19.0,-15.66470718383789
2021-02-26 00:00:00,42.304237,18.0,-24.304237365722656
2021-02-26 03:00:00,53.102894,23.0,-30.102893829345703
2021-02-26 06:00:00,45.661182,18.0,-27.661182403564453
2021-02-26 09:00:00,19.81823,26.0,6.181770324707031
2021-02-26 12:00:00,21.452763,27.0,5.547237396240234
2021-02-26 15:00:00,25.036457,34.0,8.963542938232422
2021-02-26 18:00:00,28.960243,28.0,-0.9602432250976562
2021-02-26 21:00:00,30.853926,24.0,-6.853925704956055
2021-02-27 00:00:00,15.490741,32.0,16.50925922393799
2021-02-28 03:00:00,15.536102,27.0,11.463897705078125
2021-02-28 06:00:00,20.93634,47.0,26.06365966796875
2021-02-28 09:00:00,19.970287,28.0,8.029712677001953
2021-02-28 12:00:00,20.44885,27.0,6.551149368286133
2021-02-28 15:00:00,25.053793,27.0,1.946207046508789
2021-02-28 18:00:00,23.511972,28.0,4.488027572631836
2021-02-28 21:00:00,24.193014,30.0,5.806985855102539
2021-03-01 00:00:00,25.560438,34.0,8.43956184387207
2021-03-01 03:00:00,29.91669,32.0,2.0833091735839844
2021-03-01 06:00:00,34.1322,34.0,-0.13219833374023438
2021-03-01 09:00:00,35.370304,32.0,-3.3703041076660156
2021-03-01 12:00:00,25.439846,54.0,28.56015396118164
2021-03-01 15:00:00,22.65631,37.0,14.343690872192383
2021-03-01 18:00:00,21.68963,45.0,23.31036949157715
2021-03-01 21:00:00,22.485437,37.0,14.514562606811523
2021-03-02 00:00:00,24.340351,35.0,10.659648895263672
2021-03-02 03:00:00,22.765106,28.0,5.234893798828125
2021-03-02 06:00:00,19.944763,37.0,17.05523681640625
2021-03-02 09:00:00,24.679537,48.0,23.320463180541992
2021-03-02 12:00:00,46.880386,45.0,-1.8803863525390625
2021-03-02 15:00:00,56.735188,37.0,-19.735187530517578
2021-03-02 18:00:00,52.269455,26.0,-26.269454956054688
2021-03-02 21:00:00,53.64575,32.0,-21.645748138427734
2021-03-03 00:00:00,69.95947,39.0,-30.95947265625
2021-03-03 03:00:00,62.432262,38.0,-24.432262420654297
2021-03-03 06:00:00,53.969982,39.0,-14.969982147216797
2021-03-03 09:00:00,49.852703,35.0,-14.852703094482422
2021-03-03 12:00:00,22.907103,39.0,16.092897415161133
2021-03-03 15:00:00,29.25566,37.0,7.744340896606445
2021-03-03 18:00:00,33.15529,37.0,3.8447113037109375
2021-03-03 21:00:00,34.303413,39.0,4.696586608886719
2021-03-04 00:00:00,5.3289566,47.0,41.671043395996094
2021-03-04 03:00:00,13.561931,44.0,30.438069343566895
2021-03-04 06:00:00,19.953688,59.0,39.04631233215332
2021-03-04 09:00:00,30.781961,44.0,13.218038558959961
2021-03-04 12:00:00,70.19182,39.0,-31.191818237304688
2021-03-04 15:00:00,68.90667,49.0,-19.90666961669922
2021-03-04 18:00:00,46.300327,40.0,-6.300327301025391
2021-03-04 21:00:00,30.737965,31.0,0.2620353698730469
2021-03-05 00:00:00,4.5670276,42.0,37.43297243118286
2021-03-05 03:00:00,22.404379,34.0,11.595621109008789
2021-03-05 06:00:00,181.63576,106.0,-75.63575744628906
2021-03-05 09:00:00,138.92355,37.0,-101.92355346679688
2021-03-05 12:00:00,122.65798,34.0,-88.6579818725586
2021-03-05 15:00:00,87.80944,29.0,-58.80944061279297
2021-03-05 18:00:00,65.56297,30.0,-35.56297302246094
2021-03-05 21:00:00,55.882538,30.0,-25.882537841796875
2021-03-06 00:00:00,69.027466,22.0,-47.0274658203125
2021-03-06 03:00:00,68.23438,22.0,-46.23438262939453
2021-03-06 06:00:00,55.37572,32.0,-23.375720977783203
2021-03-06 09:00:00,45.57211,33.0,-12.57210922241211
2021-03-06 12:00:00,45.419712,29.0,-16.41971206665039
2021-03-06 15:00:00,43.915405,27.0,-16.9154052734375
2021-03-06 18:00:00,44.40835,20.0,-24.40835189819336
2021-03-06 21:00:00,46.053627,21.0,-25.053627014160156
2021-03-07 00:00:00,44.22691,26.0,-18.226909637451172
2021-03-07 03:00:00,51.204098,32.0,-19.204097747802734
2021-03-07 06:00:00,48.45424,27.0,-21.454238891601562
2021-03-07 09:00:00,38.77153,33.0,-5.7715301513671875
2021-03-07 12:00:00,62.71233,26.0,-36.71232986450195
2021-03-07 15:00:00,56.802322,37.0,-19.802322387695312
2021-03-07 18:00:00,51.167377,25.0,-26.167377471923828
2021-03-07 21:00:00,46.9729,30.0,-16.972900390625
2021-03-08 00:00:00,52.89189,35.0,-17.891891479492188
2021-03-08 03:00:00,58.073624,40.0,-18.073623657226562
2021-03-08 06:00:00,60.001072,57.0,-3.0010719299316406
2021-03-08 09:00:00,54.491863,28.0,-26.491863250732422
2021-03-08 12:00:00,62.410095,33.0,-29.41009521484375
2021-03-08 15:00:00,61.491848,36.0,-25.49184799194336
2021-03-08 18:00:00,56.640602,38.0,-18.640602111816406
2021-03-08 21:00:00,42.381542,37.0,-5.381542205810547
2021-03-09 00:00:00,25.777353,45.0,19.222646713256836
2021-03-09 03:00:00,34.947105,46.0,11.052894592285156
2021-03-09 06:00:00,59.8709,47.0,-12.870899200439453
2021-03-09 09:00:00,86.73976,42.0,-44.73976135253906
2021-03-09 12:00:00,98.89095,49.0,-49.890953063964844
2021-03-09 15:00:00,94.55789,52.0,-42.557891845703125
2021-03-09 18:00:00,76.23748,43.0,-33.23748016357422
2021-03-09 21:00:00,58.0344,51.0,-7.034400939941406
2021-03-10 00:00:00,37.673088,43.0,5.326911926269531
2021-03-10 03:00:00,19.168056,42.0,22.83194351196289
2021-03-10 06:00:00,26.130692,44.0,17.869308471679688
2021-03-10 09:00:00,34.50418,46.0,11.495819091796875
2021-03-10 12:00:00,11.7399845,39.0,27.2600154876709
2021-03-10 15:00:00,19.153276,38.0,18.846723556518555
2021-03-10 18:00:00,25.335112,29.0,3.664888381958008
2021-03-10 21:00:00,25.978352,25.0,-0.9783515930175781
2021-03-11 00:00:00,4.1309247,30.0,25.869075298309326
2021-03-11 03:00:00,9.802534,27.0,17.197465896606445
2021-03-11 06:00:00,18.572792,25.0,6.427207946777344
2021-03-11 09:00:00,32.6786,34.0,1.3213996887207031
2021-03-11 12:00:00,53.326405,28.0,-25.326404571533203
2021-03-11 15:00:00,62.384743,24.0,-38.384742736816406
2021-03-11 18:00:00,61.530956,35.0,-26.530956268310547
2021-03-11 21:00:00,56.64879,31.0,-25.648788452148438
2021-03-12 00:00:00,65.46179,34.0,-31.4617919921875
2021-03-12 03:00:00,46.891727,38.0,-8.891727447509766
2021-03-12 06:00:00,55.66699,34.0,-21.666988372802734
2021-03-12 09:00:00,98.383224,99.0,0.6167755126953125
2021-03-12 12:00:00,145.88727,245.0,99.11273193359375
2021-03-12 15:00:00,161.76204,378.0,216.2379608154297
2021-03-12 18:00:00,200.27505,160.0,-40.275054931640625
2021-03-12 21:00:00,188.51324,152.0,-36.51324462890625
2021-03-13 00:00:00,227.35548,498.0,270.64451599121094
2021-03-13 03:00:00,173.9104,318.0,144.089599609375
2021-03-13 06:00:00,132.81749,72.0,-60.81748962402344
2021-03-13 09:00:00,123.299286,93.0,-30.299285888671875
2021-03-13 12:00:00,164.15413,63.0,-101.15412902832031
2021-03-13 15:00:00,145.87125,75.0,-70.87124633789062
2021-03-13 18:00:00,108.639145,65.0,-43.63914489746094
2021-03-13 21:00:00,87.40062,43.0,-44.40061950683594
2021-03-14 00:00:00,89.91264,24.0,-65.91264343261719
2021-03-14 03:00:00,74.61858,29.0,-45.61858367919922
2021-03-14 06:00:00,54.109932,28.0,-26.10993194580078
2021-03-14 09:00:00,38.7156,19.0,-19.715599060058594
2021-03-14 12:00:00,42.281727,21.0,-21.281726837158203
2021-03-14 15:00:00,37.65126,23.0,-14.651260375976562
2021-03-14 18:00:00,35.93607,21.0,-14.93606948852539
2021-03-14 21:00:00,35.534412,16.0,-19.534412384033203
2021-03-15 00:00:00,72.17886,26.0,-46.178863525390625
2021-03-15 03:00:00,80.94753,39.0,-41.947532653808594
2021-03-15 06:00:00,86.49704,41.0,-45.497039794921875
2021-03-15 09:00:00,92.77176,27.0,-65.77175903320312
2021-03-15 12:00:00,156.1964,31.0,-125.19639587402344
2021-03-15 15:00:00,148.26878,25.0,-123.26878356933594
2021-03-15 18:00:00,146.58371,30.0,-116.58370971679688
2021-03-15 21:00:00,133.73938,36.0,-97.7393798828125
2021-03-16 00:00:00,105.59483,35.0,-70.59483337402344
2021-03-16 03:00:00,87.209854,41.0,-46.20985412597656
2021-03-16 06:00:00,82.14477,38.0,-44.14476776123047
2021-03-16 09:00:00,80.43435,34.0,-46.434349060058594
2021-03-16 12:00:00,135.99629,37.0,-98.99629211425781
2021-03-16 15:00:00,142.86366,39.0,-103.86366271972656
2021-03-16 18:00:00,131.4977,36.0,-95.49769592285156
2021-03-16 21:00:00,116.42419,42.0,-74.42418670654297
2021-03-17 00:00:00,111.20801,46.0,-65.2080078125
2021-03-17 03:00:00,93.09201,43.0,-50.092010498046875
2021-03-17 06:00:00,84.85438,43.0,-41.85437774658203
2021-03-17 09:00:00,75.13381,125.0,49.866188049316406
2021-03-17 12:00:00,77.251,105.0,27.749000549316406
2021-03-17 15:00:00,73.20307,79.0,5.796928405761719
2021-03-17 18:00:00,70.36351,72.0,1.6364898681640625
2021-03-17 21:00:00,72.84325,68.0,-4.8432464599609375
2021-03-18 00:00:00,60.505272,78.0,17.494728088378906
2021-03-18 03:00:00,64.60658,49.0,-15.606582641601562
2021-03-18 06:00:00,75.050026,53.0,-22.050025939941406
2021-03-18 09:00:00,77.5795,90.0,12.420501708984375
2021-03-18 12:00:00,80.999596,138.0,57.000404357910156
2021-03-18 15:00:00,71.464455,132.0,60.535545349121094
2021-03-18 18:00:00,78.09308,77.0,-1.09307861328125
2021-03-18 21:00:00,130.09344,62.0,-68.09344482421875
2021-03-19 00:00:00,102.552345,63.0,-39.552345275878906
2021-03-19 03:00:00,84.31943,70.0,-14.319427490234375
2021-03-19 06:00:00,95.26746,62.0,-33.26746368408203
2021-03-19 09:00:00,85.31618,31.0,-54.31617736816406
2021-03-19 12:00:00,55.23725,28.0,-27.23725128173828
2021-03-19 15:00:00,36.41071,24.0,-12.410709381103516
2021-03-19 18:00:00,31.815262,24.0,-7.8152618408203125
2021-03-19 21:00:00,27.218449,21.0,-6.218448638916016
2021-03-20 00:00:00,13.871954,24.0,10.128046035766602
2021-03-20 03:00:00,17.356684,20.0,2.6433162689208984
2021-03-20 06:00:00,22.263407,22.0,-0.26340675354003906
2021-03-20 09:00:00,29.466946,25.0,-4.466945648193359
2021-03-20 12:00:00,46.42584,26.0,-20.425838470458984
2021-03-20 15:00:00,44.267494,22.0,-22.267494201660156
2021-03-20 18:00:00,43.51068,20.0,-23.51068115234375
2021-03-20 21:00:00,42.01115,32.0,-10.011150360107422
2021-03-21 00:00:00,88.518394,29.0,-59.518394470214844
2021-03-21 03:00:00,83.74264,29.0,-54.742637634277344
2021-03-21 06:00:00,68.9422,16.0,-52.94219970703125
2021-03-21 09:00:00,51.850407,18.0,-33.850406646728516
2021-03-21 12:00:00,28.431145,16.0,-12.431144714355469
2021-03-21 15:00:00,26.45072,11.0,-15.450719833374023
2021-03-21 18:00:00,26.365114,18.0,-8.365114212036133
2021-03-21 21:00:00,29.852345,16.0,-13.852344512939453
2021-03-22 00:00:00,27.55496,20.0,-7.554960250854492
2021-03-22 03:00:00,40.282883,24.0,-16.282882690429688
2021-03-22 06:00:00,37.706856,27.0,-10.706855773925781
2021-03-22 09:00:00,65.45105,30.0,-35.4510498046875
2021-03-22 12:00:00,107.55321,22.0,-85.55320739746094
2021-03-22 15:00:00,78.990295,27.0,-51.99029541015625
2021-03-22 18:00:00,58.12353,27.0,-31.123531341552734
2021-03-22 21:00:00,54.867542,22.0,-32.8675422668457
2021-03-23 00:00:00,66.87014,28.0,-38.870140075683594
2021-03-23 03:00:00,63.794685,31.0,-32.79468536376953
2021-03-23 06:00:00,67.02146,37.0,-30.021461486816406
2021-03-23 09:00:00,68.83835,31.0,-37.838348388671875
2021-03-23 12:00:00,47.971527,47.0,-0.971527099609375
2021-03-23 18:00:00,47.37467,42.0,-5.374668121337891
2021-03-23 21:00:00,50.943752,58.0,7.056247711181641
2021-03-24 00:00:00,32.51148,43.0,10.488521575927734
2021-03-24 03:00:00,36.911274,46.0,9.088726043701172
2021-03-24 06:00:00,51.908783,47.0,-4.908782958984375
2021-03-24 09:00:00,62.1597,51.0,-11.159698486328125
2021-03-24 12:00:00,83.33717,52.0,-31.337173461914062
2021-03-24 15:00:00,73.27344,55.0,-18.2734375
2021-03-24 18:00:00,70.93877,52.0,-18.938766479492188
2021-03-24 21:00:00,70.79711,43.0,-27.79711151123047
2021-03-25 00:00:00,41.00707,46.0,4.992931365966797
2021-03-25 03:00:00,47.01451,46.0,-1.0145111083984375
2021-03-25 06:00:00,49.579056,51.0,1.4209442138671875
2021-03-25 09:00:00,54.087254,67.0,12.91274642944336
2021-03-25 12:00:00,86.1977,54.0,-32.19770050048828
2021-03-25 15:00:00,89.50667,57.0,-32.50666809082031
2021-03-25 18:00:00,87.565926,64.0,-23.56592559814453
2021-03-25 21:00:00,81.17968,58.0,-23.17967987060547
2021-03-26 00:00:00,43.646652,55.0,11.353347778320312
2021-03-26 03:00:00,36.32158,48.0,11.678421020507812
2021-03-26 06:00:00,39.478836,61.0,21.521163940429688
2021-03-26 09:00:00,48.203846,67.0,18.796154022216797
2021-03-26 12:00:00,56.84899,57.0,0.15100860595703125
2021-03-26 15:00:00,61.712627,60.0,-1.7126274108886719
2021-03-26 18:00:00,71.04881,49.0,-22.048812866210938
2021-03-26 21:00:00,85.41247,44.0,-41.41246795654297
2021-03-27 00:00:00,47.18004,47.0,-0.1800384521484375
2021-03-27 03:00:00,53.667465,50.0,-3.6674652099609375
2021-03-27 06:00:00,59.250626,39.0,-20.250625610351562
2021-03-27 09:00:00,64.594986,37.0,-27.594985961914062
2021-03-27 12:00:00,71.76755,42.0,-29.767547607421875
2021-03-27 15:00:00,63.660763,39.0,-24.660762786865234
2021-03-27 18:00:00,75.255684,49.0,-26.25568389892578
2021-03-27 21:00:00,92.78028,45.0,-47.78028106689453
2021-03-28 00:00:00,80.19288,29.0,-51.19287872314453
2021-03-28 03:00:00,55.103554,28.0,-27.103553771972656
2021-03-28 06:00:00,48.974472,15.0,-33.97447204589844
2021-03-28 09:00:00,55.951317,21.0,-34.951316833496094
2021-03-28 12:00:00,44.417904,19.0,-25.417903900146484
2021-03-28 15:00:00,43.535465,16.0,-27.535465240478516
2021-03-28 18:00:00,39.416363,20.0,-19.416362762451172
2021-03-28 21:00:00,45.039997,25.0,-20.039997100830078
2021-03-29 00:00:00,43.115505,18.0,-25.11550521850586
2021-03-29 03:00:00,60.31064,28.0,-32.310638427734375
2021-03-29 06:00:00,56.29772,31.0,-25.29772186279297
2021-03-29 09:00:00,46.877007,30.0,-16.87700653076172
2021-03-29 12:00:00,67.00856,27.0,-40.00856018066406
2021-03-29 15:00:00,49.6525,19.0,-30.65250015258789
2021-03-29 18:00:00,38.101234,23.0,-15.101234436035156
2021-03-29 21:00:00,36.918095,27.0,-9.918094635009766
2021-03-30 00:00:00,46.717106,25.0,-21.717105865478516
2021-03-30 03:00:00,46.065678,23.0,-23.065677642822266
2021-03-30 06:00:00,41.921795,26.0,-15.921794891357422
2021-03-30 09:00:00,42.692364,30.0,-12.692363739013672
2021-03-30 12:00:00,50.89987,31.0,-19.899871826171875
2021-03-30 15:00:00,53.45737,24.0,-29.45737075805664
2021-03-30 18:00:00,52.90667,25.0,-27.90666961669922
2021-03-30 21:00:00,51.585857,17.0,-34.58585739135742
2021-03-31 00:00:00,58.19243,15.0,-43.19242858886719
2021-03-31 03:00:00,60.335766,27.0,-33.33576583862305
2021-03-31 06:00:00,61.401466,28.0,-33.401466369628906
2021-03-31 09:00:00,61.03869,17.0,-44.03868865966797
2021-03-31 12:00:00,73.08927,19.0,-54.089271545410156
2021-03-31 15:00:00,65.8448,33.0,-32.84480285644531
2021-03-31 18:00:00,59.688774,48.0,-11.688774108886719
2021-03-31 21:00:00,57.295666,42.0,-15.295665740966797
2021-04-01 00:00:00,50.4117,47.0,-3.411701202392578
2021-04-01 03:00:00,49.6392,43.0,-6.639198303222656
2021-04-01 06:00:00,57.463238,47.0,-10.463237762451172
2021-04-01 09:00:00,63.21784,69.0,5.782161712646484
2021-04-01 12:00:00,88.585236,75.0,-13.585235595703125
2021-04-01 15:00:00,77.688126,76.0,-1.6881256103515625
2021-04-01 18:00:00,70.38125,59.0,-11.381248474121094
2021-04-01 21:00:00,65.47043,64.0,-1.470428466796875
2021-04-02 00:00:00,46.09956,61.0,14.900440216064453
2021-04-02 03:00:00,61.58973,65.0,3.4102706909179688
2021-04-02 06:00:00,79.12945,52.0,-27.12944793701172
2021-04-02 09:00:00,82.01084,41.0,-41.010841369628906
2021-04-02 12:00:00,79.22722,53.0,-26.227218627929688
2021-04-02 15:00:00,73.4783,66.0,-7.478302001953125
2021-04-02 18:00:00,66.231674,72.0,5.7683258056640625
2021-04-02 21:00:00,62.69761,72.0,9.302391052246094
2021-04-03 00:00:00,42.818554,61.0,18.181446075439453
2021-04-03 03:00:00,158.9748,52.0,-106.97479248046875
2021-04-03 06:00:00,104.98399,54.0,-50.98399353027344
2021-04-03 09:00:00,75.069466,42.0,-33.06946563720703
2021-04-03 12:00:00,58.730053,28.0,-30.730052947998047
2021-04-03 15:00:00,52.415543,36.0,-16.415542602539062
2021-04-03 18:00:00,49.96423,53.0,3.0357704162597656
2021-04-03 21:00:00,57.61649,27.0,-30.61648941040039
2021-04-04 00:00:00,72.937836,12.0,-60.937835693359375
2021-04-04 03:00:00,51.866665,17.0,-34.86666488647461
2021-04-04 06:00:00,44.86003,22.0,-22.860031127929688
2021-04-04 09:00:00,43.198837,22.0,-21.198837280273438
2021-04-04 12:00:00,24.342398,18.0,-6.342397689819336
2021-04-04 15:00:00,29.204102,13.0,-16.2041015625
2021-04-04 18:00:00,30.61632,12.0,-18.61631965637207
2021-04-04 21:00:00,30.962383,18.0,-12.962383270263672
2021-04-05 00:00:00,29.85098,15.0,-14.850980758666992
2021-04-05 03:00:00,62.354504,18.0,-44.3545036315918
2021-04-05 06:00:00,60.864296,22.0,-38.864295959472656
2021-04-05 09:00:00,50.94313,20.0,-30.943130493164062
2021-04-05 12:00:00,44.62214,22.0,-22.62213897705078
2021-04-05 15:00:00,44.02466,23.0,-21.024658203125
2021-04-05 18:00:00,43.000454,29.0,-14.00045394897461
2021-04-05 21:00:00,44.42768,35.0,-9.427680969238281
2021-04-06 00:00:00,68.552025,20.0,-48.552024841308594
2021-04-06 03:00:00,81.5412,21.0,-60.54119873046875
2021-04-06 06:00:00,72.3025,20.0,-52.30249786376953
2021-04-06 09:00:00,48.56008,26.0,-22.560081481933594
2021-04-06 12:00:00,44.874126,31.0,-13.874126434326172
2021-04-06 15:00:00,42.153545,28.0,-14.153545379638672
2021-04-06 21:00:00,40.36019,29.0,-11.360191345214844
2021-04-07 00:00:00,50.09042,35.0,-15.09041976928711
2021-04-07 03:00:00,66.346275,44.0,-22.346275329589844
2021-04-07 06:00:00,89.63343,33.0,-56.63343048095703
2021-04-07 09:00:00,99.924706,37.0,-62.924705505371094
2021-04-07 12:00:00,120.80943,41.0,-79.80943298339844
2021-04-07 15:00:00,116.29959,46.0,-70.29959106445312
2021-04-07 21:00:00,93.96308,46.0,-47.96308135986328
2021-04-08 00:00:00,100.05226,48.0,-52.05226135253906
2021-04-08 03:00:00,102.69332,69.0,-33.693321228027344
2021-04-08 06:00:00,107.86107,63.0,-44.86106872558594
2021-04-08 09:00:00,102.05395,52.0,-50.05394744873047
2021-04-08 12:00:00,91.54928,49.0,-42.549278259277344
2021-04-08 15:00:00,95.978065,59.0,-36.978065490722656
2021-04-08 18:00:00,92.266075,61.0,-31.266075134277344
2021-04-08 21:00:00,89.49712,67.0,-22.49712371826172
2021-04-09 00:00:00,51.100414,66.0,14.899585723876953
2021-04-09 03:00:00,69.057816,66.0,-3.0578155517578125
2021-04-09 06:00:00,90.49376,61.0,-29.493759155273438
2021-04-09 09:00:00,97.061646,64.0,-33.0616455078125
2021-04-09 12:00:00,89.724464,48.0,-41.724464416503906
2021-04-09 15:00:00,67.53942,83.0,15.460578918457031
2021-04-09 18:00:00,57.076477,58.0,0.92352294921875
2021-04-09 21:00:00,53.56287,69.0,15.437129974365234
2021-04-10 00:00:00,56.69858,61.0,4.301418304443359
2021-04-10 03:00:00,50.751625,72.0,21.248374938964844
2021-04-10 06:00:00,44.913464,54.0,9.086536407470703
2021-04-10 09:00:00,45.513046,64.0,18.486953735351562
2021-04-10 12:00:00,64.51455,36.0,-28.514549255371094
2021-04-10 15:00:00,62.05323,45.0,-17.05323028564453
2021-04-10 18:00:00,61.55983,52.0,-9.559829711914062
2021-04-10 21:00:00,63.14258,48.0,-15.142578125
2021-04-11 00:00:00,43.50477,43.0,-0.5047683715820312
2021-04-11 03:00:00,38.961845,45.0,6.038154602050781
2021-04-11 06:00:00,40.085636,39.0,-1.0856361389160156
2021-04-11 09:00:00,47.980736,44.0,-3.9807357788085938
2021-04-11 12:00:00,38.495613,49.0,10.504386901855469
2021-04-11 15:00:00,34.913227,40.0,5.086772918701172
2021-04-11 18:00:00,35.797028,40.0,4.202972412109375
2021-04-11 21:00:00,46.146397,46.0,-0.14639663696289062
2021-04-12 00:00:00,25.031113,44.0,18.968887329101562
2021-04-12 03:00:00,34.141975,42.0,7.858024597167969
2021-04-12 06:00:00,29.882528,37.0,7.117471694946289
2021-04-12 09:00:00,33.37857,48.0,14.621429443359375
2021-04-12 12:00:00,56.341038,45.0,-11.34103775024414
2021-04-12 15:00:00,52.854717,44.0,-8.854717254638672
2021-04-12 18:00:00,49.373,51.0,1.6269989013671875
2021-04-12 21:00:00,49.290066,46.0,-3.2900657653808594
2021-04-13 00:00:00,10.70839,41.0,30.29160976409912
2021-04-13 03:00:00,20.04049,41.0,20.959510803222656
2021-04-13 06:00:00,26.508587,38.0,11.491413116455078
2021-04-13 09:00:00,36.12672,43.0,6.873279571533203
2021-04-13 12:00:00,9.620294,32.0,22.379706382751465
2021-04-13 15:00:00,33.686546,18.0,-15.686546325683594
2021-04-13 18:00:00,77.50032,25.0,-52.50032043457031
2021-04-13 21:00:00,85.571175,20.0,-65.57117462158203
2021-04-14 00:00:00,39.160683,23.0,-16.160682678222656
2021-04-14 03:00:00,39.093662,24.0,-15.09366226196289
2021-04-14 06:00:00,43.434,27.0,-16.433998107910156
2021-04-14 09:00:00,45.737637,35.0,-10.73763656616211
2021-04-14 12:00:00,38.861176,37.0,-1.861175537109375
2021-04-14 15:00:00,46.175613,21.0,-25.175613403320312
2021-05-04 00:00:00,30.998535,25.0,-5.99853515625
2021-05-04 03:00:00,32.117386,24.0,-8.117385864257812
2021-05-04 06:00:00,51.170048,21.0,-30.170047760009766
2021-05-04 09:00:00,48.11153,27.0,-21.111530303955078
2021-05-04 12:00:00,32.338108,26.0,-6.338108062744141
2021-05-04 15:00:00,22.002213,24.0,1.9977874755859375
2021-05-04 18:00:00,19.162258,27.0,7.837741851806641
2021-05-04 21:00:00,20.636322,22.0,1.363677978515625
2021-05-05 00:00:00,9.700215,21.0,11.299784660339355
2021-05-05 03:00:00,16.581566,25.0,8.418434143066406
2021-05-05 06:00:00,18.276012,30.0,11.723987579345703
2021-05-05 09:00:00,25.389341,33.0,7.610658645629883
2021-05-05 12:00:00,62.728817,32.0,-30.728816986083984
2021-05-05 15:00:00,51.95176,32.0,-19.951759338378906
2021-05-05 18:00:00,41.97932,32.0,-9.979320526123047
2021-05-05 21:00:00,40.439316,41.0,0.5606842041015625
2021-05-06 00:00:00,53.77342,29.0,-24.773418426513672
2021-05-06 03:00:00,61.649017,38.0,-23.649017333984375
2021-05-06 06:00:00,75.95986,35.0,-40.959861755371094
2021-05-06 09:00:00,78.18414,31.0,-47.18414306640625
2021-05-06 12:00:00,59.743,36.0,-23.743000030517578
2021-05-06 15:00:00,56.363033,46.0,-10.363033294677734
2021-05-06 18:00:00,43.129715,45.0,1.8702850341796875
2021-05-06 21:00:00,32.503067,37.0,4.4969329833984375
2021-05-07 00:00:00,41.445675,50.0,8.554325103759766
2021-05-07 03:00:00,48.73317,44.0,-4.7331695556640625
2021-05-07 06:00:00,53.981182,44.0,-9.981182098388672
2021-05-07 09:00:00,57.092564,76.0,18.90743637084961
2021-05-07 12:00:00,67.85399,48.0,-19.853988647460938
2021-05-07 15:00:00,55.54898,49.0,-6.548980712890625
2021-05-07 18:00:00,46.01793,54.0,7.9820709228515625
2021-05-07 21:00:00,47.07863,60.0,12.921371459960938
2021-05-08 00:00:00,41.2424,66.0,24.757598876953125
2021-05-08 06:00:00,103.544495,43.0,-60.54449462890625
2021-05-08 09:00:00,105.94244,42.0,-63.94243621826172
2021-05-08 12:00:00,104.341324,46.0,-58.34132385253906
2021-05-08 15:00:00,89.91219,57.0,-32.912193298339844
2021-05-08 18:00:00,75.44554,61.0,-14.445541381835938
2021-05-08 21:00:00,66.86548,55.0,-11.865478515625
2021-05-09 00:00:00,60.93876,55.0,-5.938758850097656
2021-05-09 03:00:00,65.92615,59.0,-6.9261474609375
2021-05-09 06:00:00,83.253784,37.0,-46.2537841796875
2021-05-09 09:00:00,82.98082,35.0,-47.98081970214844
2021-05-09 12:00:00,56.57344,23.0,-33.57344055175781
2021-05-09 15:00:00,47.851444,36.0,-11.851444244384766
2021-05-09 18:00:00,33.867535,29.0,-4.867534637451172
2021-05-09 21:00:00,30.168848,46.0,15.831151962280273
2021-05-10 00:00:00,19.478647,39.0,19.521352767944336
2021-05-10 03:00:00,27.77233,43.0,15.227670669555664
2021-05-10 06:00:00,34.709103,35.0,0.2908973693847656
2021-05-10 09:00:00,38.413704,33.0,-5.413703918457031
2021-05-10 12:00:00,35.635223,31.0,-4.635223388671875
2021-05-10 15:00:00,34.21542,34.0,-0.21541976928710938
2021-05-10 21:00:00,35.211998,41.0,5.788002014160156
2021-05-11 00:00:00,44.3938,39.0,-5.393798828125
2021-05-11 03:00:00,52.266956,41.0,-11.266956329345703
2021-05-11 06:00:00,58.35261,39.0,-19.352611541748047
2021-05-11 09:00:00,58.935596,33.0,-25.935596466064453
2021-05-11 12:00:00,62.066532,36.0,-26.066532135009766
2021-05-11 15:00:00,59.769604,41.0,-18.769603729248047
2021-05-11 18:00:00,55.130157,56.0,0.869842529296875
2021-05-11 21:00:00,54.18099,57.0,2.819011688232422
2021-05-12 00:00:00,22.661425,67.0,44.33857536315918
2021-05-12 03:00:00,23.31592,62.0,38.68408012390137
2021-05-12 06:00:00,20.858692,45.0,24.141307830810547
2021-05-12 09:00:00,33.845596,51.0,17.154403686523438
2021-05-12 12:00:00,34.430855,35.0,0.5691452026367188
2021-05-12 15:00:00,32.726234,46.0,13.273765563964844
2021-05-12 18:00:00,33.096798,67.0,33.903202056884766
2021-05-12 21:00:00,37.31418,74.0,36.685821533203125
2021-05-13 00:00:00,43.269665,68.0,24.730335235595703
2021-05-13 03:00:00,62.400944,64.0,1.5990562438964844
2021-05-13 06:00:00,75.224304,49.0,-26.22430419921875
2021-05-13 09:00:00,70.81877,65.0,-5.8187713623046875
2021-05-13 12:00:00,58.382282,68.0,9.617717742919922
2021-05-13 15:00:00,54.89119,69.0,14.108810424804688
2021-05-13 18:00:00,47.06544,50.0,2.934558868408203
2021-05-13 21:00:00,43.61664,41.0,-2.61663818359375
2021-05-14 00:00:00,0.0,40.0,40.0
2021-05-14 03:00:00,0.0,51.0,51.0
2021-05-14 06:00:00,12.815292,49.0,36.18470764160156
2021-05-14 09:00:00,15.827311,53.0,37.17268943786621
2021-05-14 12:00:00,77.735535,54.0,-23.73553466796875
2021-05-14 15:00:00,73.81288,55.0,-18.812881469726562
2021-05-14 18:00:00,70.60811,49.0,-21.608108520507812
2021-05-14 21:00:00,70.37079,49.0,-21.37078857421875
2021-05-15 00:00:00,70.736176,49.0,-21.736175537109375
2021-05-15 03:00:00,78.86547,48.0,-30.86547088623047
2021-05-15 06:00:00,92.59125,51.0,-41.59124755859375
2021-05-15 09:00:00,90.96337,57.0,-33.96337127685547
2021-05-15 12:00:00,89.3074,62.0,-27.307403564453125
2021-05-15 15:00:00,88.946304,61.0,-27.946304321289062
2021-05-15 18:00:00,90.01667,59.0,-31.01667022705078
2021-05-15 21:00:00,82.46582,64.0,-18.4658203125
2021-05-16 00:00:00,91.19611,63.0,-28.19611358642578
2021-05-16 03:00:00,99.534904,59.0,-40.53490447998047
2021-05-16 06:00:00,103.8213,63.0,-40.82129669189453
2021-05-16 09:00:00,85.478806,49.0,-36.47880554199219
2021-05-16 12:00:00,115.59851,42.0,-73.5985107421875
2021-05-16 15:00:00,112.37648,60.0,-52.37648010253906
2021-05-16 18:00:00,97.986,79.0,-18.986000061035156
2021-05-16 21:00:00,83.11281,83.0,-0.1128082275390625
2021-05-17 00:00:00,57.026,69.0,11.9739990234375
2021-05-17 03:00:00,52.139114,59.0,6.8608856201171875
2021-05-17 06:00:00,51.57824,44.0,-7.578239440917969
2021-05-17 09:00:00,51.16891,33.0,-18.16891098022461
2021-05-17 12:00:00,71.10839,27.0,-44.10839080810547
2021-05-17 15:00:00,67.3156,23.0,-44.31559753417969
2021-05-17 18:00:00,62.759228,28.0,-34.75922775268555
2021-05-17 21:00:00,59.173546,39.0,-20.173545837402344
2021-05-18 00:00:00,29.867579,35.0,5.132421493530273
2021-05-18 03:00:00,34.02539,29.0,-5.025390625
2021-05-18 06:00:00,37.94037,30.0,-7.94036865234375
2021-05-18 09:00:00,40.97444,35.0,-5.9744415283203125
2021-05-18 12:00:00,49.08685,34.0,-15.086849212646484
2021-05-18 15:00:00,47.000072,24.0,-23.000072479248047
2021-05-18 18:00:00,38.421093,37.0,-1.4210929870605469
2021-05-18 21:00:00,34.426422,35.0,0.573577880859375
2021-05-19 00:00:00,4.807134,55.0,50.19286584854126
2021-05-19 03:00:00,13.308977,56.0,42.691022872924805
2021-05-19 06:00:00,17.114927,52.0,34.88507270812988
2021-05-19 09:00:00,29.284138,31.0,1.7158622741699219
2021-05-19 12:00:00,37.568043,48.0,10.431957244873047
2021-05-19 15:00:00,34.929996,61.0,26.070003509521484
2021-05-19 18:00:00,36.061237,53.0,16.938762664794922
2021-05-19 21:00:00,39.499355,50.0,10.50064468383789
2021-05-20 00:00:00,56.685165,53.0,-3.6851654052734375
2021-05-20 03:00:00,54.201054,59.0,4.798946380615234
2021-05-20 06:00:00,52.1502,85.0,32.84980010986328
2021-05-20 09:00:00,51.47706,37.0,-14.477058410644531
2021-05-20 12:00:00,46.171864,37.0,-9.171863555908203
2021-05-20 15:00:00,50.401466,39.0,-11.401466369628906
2021-05-20 18:00:00,54.096348,38.0,-16.09634780883789
2021-05-20 21:00:00,56.949146,39.0,-17.949146270751953
2021-05-21 00:00:00,16.287117,35.0,18.71288299560547
2021-05-21 03:00:00,20.022469,41.0,20.97753143310547
2021-05-21 06:00:00,22.777727,27.0,4.222272872924805
2021-05-21 09:00:00,29.82705,27.0,-2.8270492553710938
2021-05-21 12:00:00,44.51846,35.0,-9.51845932006836
2021-05-21 15:00:00,48.319805,43.0,-5.319805145263672
2021-05-21 18:00:00,50.808353,37.0,-13.808353424072266
2021-05-22 00:00:00,53.99198,38.0,-15.991981506347656
2021-05-22 03:00:00,54.648582,47.0,-7.648582458496094
2021-05-22 06:00:00,58.49614,50.0,-8.496139526367188
2021-05-22 09:00:00,59.196735,44.0,-15.196735382080078
2021-05-22 12:00:00,39.851555,40.0,0.14844512939453125
2021-05-24 03:00:00,76.66483,49.0,-27.664833068847656
2021-05-24 06:00:00,90.89109,70.0,-20.891090393066406
2021-05-24 09:00:00,90.23995,45.0,-45.239952087402344
2021-05-24 12:00:00,96.46459,66.0,-30.46459197998047
2021-05-24 15:00:00,89.73438,51.0,-38.73438262939453
2021-05-24 18:00:00,80.06481,59.0,-21.06481170654297
2021-05-24 21:00:00,75.60959,61.0,-14.609588623046875
2021-05-25 00:00:00,90.19493,58.0,-32.19493103027344
2021-05-25 03:00:00,85.10904,71.0,-14.109039306640625
2021-05-25 06:00:00,78.44062,71.0,-7.440620422363281
2021-05-25 09:00:00,63.611935,52.0,-11.611934661865234
2021-05-25 12:00:00,62.36087,75.0,12.639129638671875
2021-05-25 15:00:00,63.33255,78.0,14.667449951171875
2021-05-25 18:00:00,62.22308,60.0,-2.2230796813964844
2021-05-25 21:00:00,66.69461,52.0,-14.694610595703125
2021-05-26 00:00:00,46.367973,51.0,4.632026672363281
2021-05-26 21:00:00,44.58275,22.0,-22.582748413085938
2021-05-27 00:00:00,55.861393,22.0,-33.861392974853516
2021-05-27 03:00:00,64.07777,29.0,-35.07776641845703
2021-05-27 06:00:00,71.81376,32.0,-39.813758850097656
2021-05-27 09:00:00,60.086506,30.0,-30.086505889892578
2021-05-27 12:00:00,57.309364,28.0,-29.309364318847656
2021-05-27 15:00:00,47.109524,43.0,-4.109523773193359
2021-05-27 18:00:00,41.785824,27.0,-14.785823822021484
2021-05-27 21:00:00,42.69373,35.0,-7.693729400634766
2021-05-28 00:00:00,5.696165,34.0,28.303834915161133
2021-05-28 03:00:00,19.52219,32.0,12.47780990600586
2021-05-28 06:00:00,31.342949,34.0,2.6570510864257812
2021-05-28 09:00:00,38.42135,34.0,-4.421348571777344
2021-05-28 12:00:00,64.636765,25.0,-39.63676452636719
2021-05-28 15:00:00,62.465687,36.0,-26.465686798095703
2021-05-28 18:00:00,58.632282,33.0,-25.632282257080078
2021-05-28 21:00:00,54.520344,39.0,-15.520343780517578
2021-05-29 00:00:00,50.612015,39.0,-11.612014770507812
2021-05-29 03:00:00,71.24322,50.0,-21.24321746826172
2021-05-29 06:00:00,101.90956,27.0,-74.90956115722656
2021-05-29 09:00:00,88.93556,35.0,-53.93556213378906
2021-05-29 12:00:00,58.104603,44.0,-14.104602813720703
2021-05-29 15:00:00,42.282097,34.0,-8.282096862792969
2021-05-29 18:00:00,33.11601,31.0,-2.116008758544922
2021-05-29 21:00:00,33.832066,38.0,4.167934417724609
2021-05-30 00:00:00,11.159045,56.0,44.84095478057861
2021-05-30 03:00:00,16.869648,42.0,25.130352020263672
2021-05-30 06:00:00,24.912935,44.0,19.087064743041992
2021-05-30 09:00:00,28.393402,37.0,8.606597900390625
2021-05-30 12:00:00,58.212093,37.0,-21.212093353271484
2021-05-30 15:00:00,54.448547,42.0,-12.44854736328125
2021-05-30 18:00:00,43.69315,39.0,-4.693149566650391
2021-05-30 21:00:00,36.881374,37.0,0.11862564086914062
2021-05-31 00:00:00,70.0058,32.0,-38.00579833984375
2021-05-31 03:00:00,63.251945,21.0,-42.25194549560547
2021-05-31 06:00:00,53.2857,23.0,-30.285701751708984
2021-05-31 09:00:00,48.876217,51.0,2.1237831115722656
2021-05-31 12:00:00,33.650394,44.0,10.349605560302734
2021-05-31 15:00:00,37.96353,49.0,11.036468505859375
2021-05-31 18:00:00,41.134228,35.0,-6.134227752685547
2021-05-31 21:00:00,40.883835,34.0,-6.8838348388671875
2021-06-01 00:00:00,34.438473,30.0,-4.438472747802734
2021-06-01 03:00:00,50.86349,32.0,-18.86349105834961
2021-06-01 06:00:00,55.614235,28.0,-27.614234924316406
2021-06-01 09:00:00,50.174377,27.0,-23.17437744140625
2021-06-01 12:00:00,65.89977,30.0,-35.89977264404297
2021-06-01 15:00:00,53.940342,30.0,-23.94034194946289
2021-06-01 18:00:00,48.20322,37.0,-11.20322036743164
2021-06-01 21:00:00,56.20677,38.0,-18.206771850585938
2021-06-02 00:00:00,86.13358,34.0,-52.133583068847656
2021-06-02 03:00:00,78.05454,42.0,-36.054542541503906
2021-06-02 06:00:00,68.97926,46.0,-22.979263305664062
2021-06-02 09:00:00,70.110504,54.0,-16.110504150390625
2021-06-02 12:00:00,67.07228,47.0,-20.072280883789062
2021-06-02 15:00:00,71.63408,46.0,-25.634078979492188
2021-06-02 18:00:00,85.1029,37.0,-48.10289764404297
2021-06-02 21:00:00,89.39242,49.0,-40.392417907714844
2021-06-03 00:00:00,109.8183,37.0,-72.81829833984375
2021-06-03 03:00:00,113.476746,40.0,-73.47674560546875
2021-06-03 06:00:00,114.32644,51.0,-63.326438903808594
2021-06-03 09:00:00,110.047325,56.0,-54.047325134277344
2021-06-03 12:00:00,90.61591,54.0,-36.61591339111328
2021-06-03 15:00:00,85.53093,52.0,-33.53092956542969
2021-06-03 18:00:00,73.6402,38.0,-35.64019775390625
2021-06-03 21:00:00,67.6946,38.0,-29.694602966308594
2021-06-04 00:00:00,23.436087,28.0,4.563913345336914
2021-06-04 03:00:00,37.33976,19.0,-18.339759826660156
2021-06-04 06:00:00,44.030003,24.0,-20.03000259399414
2021-06-04 09:00:00,51.877693,30.0,-21.87769317626953
2021-06-04 12:00:00,67.27282,31.0,-36.27281951904297
2021-06-04 15:00:00,70.64728,32.0,-38.64727783203125
2021-06-04 18:00:00,70.763466,33.0,-37.763465881347656
2021-06-04 21:00:00,71.618614,22.0,-49.618614196777344
2021-06-05 00:00:00,101.70606,35.0,-66.70606231689453
2021-06-05 03:00:00,100.81567,37.0,-63.81566619873047
2021-06-05 06:00:00,95.92077,40.0,-55.92076873779297
2021-06-05 09:00:00,85.959526,26.0,-59.95952606201172
2021-06-05 12:00:00,76.593094,37.0,-39.59309387207031
2021-06-05 15:00:00,63.25581,40.0,-23.255809783935547
2021-06-05 18:00:00,57.822716,33.0,-24.822715759277344
2021-06-05 21:00:00,55.05058,40.0,-15.050579071044922
2021-06-06 00:00:00,14.484158,39.0,24.51584243774414
2021-06-06 03:00:00,22.267046,43.0,20.732954025268555
2021-06-06 06:00:00,33.547623,51.0,17.452377319335938
2021-06-06 09:00:00,45.356556,47.0,1.6434440612792969
2021-06-06 12:00:00,57.76485,49.0,-8.764850616455078
2021-06-06 15:00:00,58.87125,48.0,-10.87125015258789
2021-06-06 18:00:00,59.816216,50.0,-9.816215515136719
2021-06-06 21:00:00,60.297565,43.0,-17.297565460205078
2021-06-07 00:00:00,82.36509,40.0,-42.365089416503906
2021-06-07 03:00:00,79.07607,29.0,-50.076072692871094
2021-06-07 06:00:00,66.74421,35.0,-31.74420928955078
2021-06-07 09:00:00,54.466454,31.0,-23.466453552246094
2021-06-07 12:00:00,40.020325,55.0,14.97967529296875
2021-06-07 15:00:00,37.13967,25.0,-12.139671325683594
2021-06-07 18:00:00,41.16157,34.0,-7.161571502685547
2021-06-07 21:00:00,41.199883,21.0,-20.19988250732422
2021-06-08 00:00:00,34.55739,23.0,-11.557388305664062
2021-06-08 03:00:00,41.439423,21.0,-20.439422607421875
2021-06-08 06:00:00,45.09036,25.0,-20.09035873413086
2021-06-08 09:00:00,44.89675,27.0,-17.896751403808594
2021-06-08 12:00:00,35.798733,20.0,-15.79873275756836
2021-06-08 15:00:00,38.81871,27.0,-11.818710327148438
2021-06-09 15:00:00,23.58479,27.0,3.415210723876953
2021-06-09 18:00:00,39.076553,33.0,-6.0765533447265625
2021-06-09 21:00:00,44.884018,26.0,-18.884017944335938
2021-06-10 00:00:00,41.58869,23.0,-18.58869171142578
2021-06-10 03:00:00,49.233448,23.0,-26.233448028564453
2021-06-10 06:00:00,65.0532,25.0,-40.053199768066406
2021-06-10 09:00:00,62.416634,32.0,-30.41663360595703
2021-06-10 12:00:00,66.30819,23.0,-43.308189392089844
2021-06-10 15:00:00,80.615,62.0,-18.61499786376953
2021-06-10 18:00:00,103.016304,153.0,49.98369598388672
2021-06-10 21:00:00,150.07175,108.0,-42.071746826171875
2021-06-11 03:00:00,119.77022,69.0,-50.77021789550781
2021-06-11 06:00:00,105.59728,60.0,-45.59728240966797
2021-06-11 09:00:00,83.2093,40.0,-43.20929718017578
2021-06-11 12:00:00,84.40185,66.0,-18.40184783935547
2021-06-11 15:00:00,75.90217,216.0,140.09783172607422
2021-06-11 18:00:00,71.55524,253.0,181.44476318359375
2021-06-11 21:00:00,121.483536,125.0,3.5164642333984375
2021-06-12 00:00:00,164.90617,294.0,129.0938262939453
2021-06-12 03:00:00,160.30765,73.0,-87.30764770507812
2021-06-12 06:00:00,143.26701,45.0,-98.26701354980469
2021-06-12 09:00:00,120.91277,49.0,-71.91277313232422
2021-06-12 12:00:00,101.62228,69.0,-32.622276306152344
2021-06-12 15:00:00,96.29366,134.0,37.706336975097656
2021-06-12 18:00:00,87.464966,107.0,19.5350341796875
2021-06-12 21:00:00,126.83949,115.0,-11.839492797851562
2021-06-13 00:00:00,126.95136,60.0,-66.95136260986328
2021-06-13 03:00:00,132.63196,82.0,-50.6319580078125
2021-06-13 06:00:00,147.244,160.0,12.755996704101562
2021-06-13 09:00:00,146.67467,55.0,-91.67466735839844
2021-06-13 12:00:00,154.27463,52.0,-102.27462768554688
2021-06-13 15:00:00,128.48569,137.0,8.514312744140625
2021-06-13 18:00:00,112.08453,100.0,-12.08453369140625
2021-06-13 21:00:00,126.754005,73.0,-53.754005432128906
2021-06-14 00:00:00,147.63304,162.0,14.366958618164062
2021-06-14 03:00:00,122.76757,228.0,105.23242950439453
2021-06-14 06:00:00,122.91014,111.0,-11.910140991210938
2021-06-14 12:00:00,72.39214,46.0,-26.39214324951172
2021-06-14 15:00:00,65.28455,117.0,51.71544647216797
2021-06-14 18:00:00,80.34999,110.0,29.650009155273438
2021-06-14 21:00:00,111.041115,60.0,-51.041114807128906
2021-06-15 00:00:00,180.00742,46.0,-134.00741577148438
2021-06-15 03:00:00,192.3338,115.0,-77.33380126953125
2021-06-15 06:00:00,168.59804,235.0,66.40196228027344
2021-06-15 09:00:00,122.994835,86.0,-36.994834899902344
2021-06-15 12:00:00,106.118706,57.0,-49.11870574951172
2021-06-15 15:00:00,89.2461,62.0,-27.24610137939453
2021-06-15 18:00:00,77.7693,70.0,-7.7693023681640625
2021-06-15 21:00:00,76.3921,61.0,-15.392097473144531
2021-06-16 00:00:00,113.29928,69.0,-44.299278259277344
2021-06-16 18:00:00,109.9616,239.0,129.03839874267578
2021-06-16 21:00:00,159.60735,408.0,248.3926544189453
2021-06-17 00:00:00,183.7584,264.0,80.24159240722656
2021-06-17 03:00:00,168.66704,108.0,-60.66703796386719
2021-06-17 06:00:00,158.18523,58.0,-100.18522644042969
2021-06-17 09:00:00,138.24768,47.0,-91.2476806640625
2021-06-17 12:00:00,133.07852,89.0,-44.078521728515625
2021-06-17 15:00:00,158.45251,605.0,446.5474853515625
2021-06-17 18:00:00,213.00832,986.0,772.9916839599609
2021-06-18 00:00:00,295.76587,318.0,22.234130859375
2021-06-18 03:00:00,269.61182,134.0,-135.61181640625
2021-06-18 06:00:00,240.63098,241.0,0.3690185546875
2021-06-18 09:00:00,206.53761,95.0,-111.53761291503906
2021-06-18 12:00:00,182.93872,65.0,-117.938720703125
2021-06-18 15:00:00,158.72905,159.0,0.2709503173828125
2021-06-18 18:00:00,149.37848,267.0,117.62152099609375
2021-06-18 21:00:00,165.79724,273.0,107.2027587890625
2021-06-19 00:00:00,190.68886,276.0,85.31114196777344
2021-06-19 03:00:00,182.46419,204.0,21.535812377929688
2021-06-19 06:00:00,155.6092,60.0,-95.60920715332031
2021-06-19 09:00:00,114.85969,119.0,4.140312194824219
2021-06-19 12:00:00,102.20481,46.0,-56.204811096191406
2021-06-19 15:00:00,80.42969,68.0,-12.4296875
2021-06-19 18:00:00,70.91183,45.0,-25.911827087402344
2021-06-19 21:00:00,77.73224,52.0,-25.73223876953125
2021-06-20 03:00:00,116.92885,82.0,-34.92884826660156
2021-06-20 06:00:00,94.6103,50.0,-44.61029815673828
2021-06-20 09:00:00,70.76994,66.0,-4.7699432373046875
2021-06-20 12:00:00,66.845474,71.0,4.1545257568359375
2021-06-20 15:00:00,63.794346,68.0,4.205654144287109
2021-06-20 18:00:00,59.035755,33.0,-26.035755157470703
2021-06-20 21:00:00,53.805706,38.0,-15.805706024169922
2021-06-21 00:00:00,76.8257,32.0,-44.82569885253906
2021-06-21 03:00:00,80.29065,36.0,-44.2906494140625
2021-06-21 06:00:00,72.94238,36.0,-36.9423828125
2021-06-21 09:00:00,55.97508,41.0,-14.975078582763672
2021-06-21 12:00:00,48.26552,37.0,-11.265518188476562
2021-06-21 15:00:00,49.2455,47.0,-2.2454986572265625
2021-06-21 18:00:00,49.99515,41.0,-8.99515151977539
2021-06-21 21:00:00,50.834045,52.0,1.16595458984375
2021-06-22 00:00:00,25.833857,46.0,20.1661434173584
2021-06-22 03:00:00,42.430542,54.0,11.5694580078125
2021-06-22 06:00:00,52.47057,32.0,-20.470569610595703
2021-06-22 09:00:00,52.46329,31.0,-21.46329116821289
2021-06-22 12:00:00,49.93643,30.0,-19.936431884765625
2021-06-22 15:00:00,39.539772,38.0,-1.5397720336914062
2021-06-22 18:00:00,39.742077,41.0,1.2579231262207031
2021-06-22 21:00:00,42.268085,38.0,-4.268085479736328
2021-06-23 03:00:00,65.344185,72.0,6.655815124511719
2021-06-23 06:00:00,67.53259,54.0,-13.5325927734375
2021-06-23 09:00:00,61.99025,47.0,-14.990249633789062
2021-06-23 12:00:00,36.018265,48.0,11.981735229492188
2021-06-23 15:00:00,41.16896,39.0,-2.1689605712890625
2021-06-23 21:00:00,43.993282,39.0,-4.993282318115234
2021-06-24 00:00:00,28.52721,49.0,20.472789764404297
2021-06-24 03:00:00,52.032875,31.0,-21.032875061035156
2021-06-24 06:00:00,63.837887,56.0,-7.837886810302734
2021-06-24 09:00:00,64.11045,59.0,-5.110450744628906
2021-06-24 18:00:00,55.95939,29.0,-26.959388732910156
2021-06-25 00:00:00,67.359566,33.0,-34.35956573486328
2021-06-25 03:00:00,91.85095,35.0,-56.8509521484375
2021-06-25 06:00:00,103.922165,36.0,-67.92216491699219
2021-06-25 09:00:00,93.95956,51.0,-42.959556579589844
2021-06-25 12:00:00,62.40555,54.0,-8.405548095703125
2021-06-25 15:00:00,60.73924,50.0,-10.739238739013672
2021-06-25 18:00:00,56.498608,45.0,-11.498607635498047
2021-06-25 21:00:00,51.327904,45.0,-6.327903747558594
2021-06-26 00:00:00,52.055725,62.0,9.94427490234375
2021-06-26 03:00:00,64.39109,78.0,13.608909606933594
2021-06-26 06:00:00,65.17212,39.0,-26.172119140625
2021-06-26 12:00:00,75.15678,39.0,-36.156776428222656
2021-06-26 15:00:00,64.05798,35.0,-29.0579833984375
2021-06-26 18:00:00,54.742485,37.0,-17.74248504638672
2021-06-27 00:00:00,23.400162,37.0,13.599838256835938
2021-06-27 03:00:00,27.32395,57.0,29.676050186157227
2021-06-27 06:00:00,29.057674,46.0,16.942325592041016
2021-06-27 09:00:00,35.986206,138.0,102.0137939453125
2021-06-27 15:00:00,37.921383,59.0,21.078617095947266
2021-06-27 18:00:00,35.501217,72.0,36.498783111572266
2021-06-27 21:00:00,34.9396,87.0,52.06039810180664
2021-06-28 00:00:00,75.745445,70.0,-5.745445251464844
2021-06-28 03:00:00,76.71951,58.0,-18.719512939453125
2021-06-28 06:00:00,81.48254,70.0,-11.482536315917969
2021-06-28 09:00:00,82.32746,67.0,-15.327461242675781
2021-06-28 12:00:00,56.78271,86.0,29.217288970947266
2021-06-28 18:00:00,58.27633,86.0,27.723670959472656
2021-06-28 21:00:00,81.66671,66.0,-15.666709899902344
2021-06-29 00:00:00,86.649376,60.0,-26.649375915527344
2021-06-29 09:00:00,96.853226,65.0,-31.853225708007812
2021-06-29 12:00:00,134.77666,95.0,-39.77665710449219
2021-06-29 18:00:00,124.61646,87.0,-37.61646270751953
2021-06-29 21:00:00,108.87925,72.0,-36.879249572753906
2021-06-30 00:00:00,96.29014,63.0,-33.290138244628906
2021-06-30 03:00:00,90.89797,69.0,-21.897972106933594
2021-06-30 06:00:00,90.6557,81.0,-9.65570068359375
2021-06-30 09:00:00,90.27826,76.0,-14.27825927734375
2021-06-30 12:00:00,74.38257,94.0,19.617431640625
2021-06-30 15:00:00,65.5964,67.0,1.4036026000976562
2021-06-30 18:00:00,57.737907,68.0,10.262092590332031
2021-06-30 21:00:00,54.92211,68.0,13.077888488769531
2021-07-01 03:00:00,41.5273,68.0,26.472698211669922
2021-07-01 06:00:00,49.0827,68.0,18.917301177978516
2021-07-01 18:00:00,67.15254,111.0,43.84745788574219
2021-07-01 21:00:00,59.27859,80.0,20.72140884399414
2021-07-02 00:00:00,65.69962,75.0,9.300376892089844
2021-07-02 03:00:00,78.10013,98.0,19.899871826171875
2021-07-02 06:00:00,91.63341,50.0,-41.63340759277344
2021-07-02 09:00:00,87.98588,45.0,-42.985877990722656
2021-07-02 12:00:00,63.31811,52.0,-11.318111419677734
2021-07-02 18:00:00,41.448402,41.0,-0.44840240478515625
2021-07-03 00:00:00,27.7455,43.0,15.254499435424805
2021-07-03 06:00:00,92.69252,31.0,-61.69252014160156
2021-07-03 09:00:00,80.62125,37.0,-43.621246337890625
2021-07-03 12:00:00,89.20688,65.0,-24.206878662109375
2021-07-03 18:00:00,69.23347,43.0,-26.23346710205078
2021-07-03 21:00:00,63.46636,38.0,-25.466358184814453
2021-07-04 00:00:00,85.43975,37.0,-48.43975067138672
2021-07-04 03:00:00,110.162094,68.0,-42.16209411621094
2021-07-04 09:00:00,61.355648,33.0,-28.355648040771484
2021-07-04 12:00:00,55.362988,36.0,-19.362987518310547
2021-07-04 15:00:00,49.69843,39.0,-10.698429107666016
2021-07-04 18:00:00,46.519745,38.0,-8.519744873046875
2021-07-04 21:00:00,46.370132,38.0,-8.370132446289062
2021-07-05 00:00:00,70.56042,43.0,-27.56041717529297
2021-07-05 09:00:00,62.698063,51.0,-11.698062896728516
2021-07-05 12:00:00,75.92189,64.0,-11.921890258789062
2021-07-05 18:00:00,70.26574,65.0,-5.265739440917969
2021-07-06 06:00:00,13.068074,69.0,55.931925773620605
2021-07-06 12:00:00,82.23424,66.0,-16.234237670898438
2021-07-06 15:00:00,83.905205,95.0,11.094795227050781
2021-07-06 18:00:00,77.57172,102.0,24.42828369140625
2021-07-06 21:00:00,72.74412,100.0,27.255882263183594
2021-07-07 00:00:00,92.97401,76.0,-16.97400665283203
2021-07-07 06:00:00,102.724014,64.0,-38.72401428222656
2021-07-07 09:00:00,90.804405,43.0,-47.804405212402344
2021-07-07 12:00:00,64.74966,62.0,-2.7496566772460938
2021-07-07 15:00:00,60.846786,40.0,-20.846786499023438
2021-07-07 18:00:00,56.8009,59.0,2.1991004943847656
2021-07-07 21:00:00,52.99262,59.0,6.007381439208984
2021-07-08 00:00:00,26.334646,57.0,30.665353775024414
2021-07-08 03:00:00,35.517246,58.0,22.48275375366211
2021-07-08 09:00:00,44.353554,42.0,-2.3535537719726562
2021-07-08 18:00:00,48.969013,58.0,9.030986785888672
2021-07-08 21:00:00,47.06203,60.0,12.937969207763672
2021-07-09 00:00:00,81.49596,48.0,-33.49595642089844
2021-07-09 03:00:00,93.53414,65.0,-28.534141540527344
2021-07-09 09:00:00,78.965965,34.0,-44.965965270996094
2021-07-09 12:00:00,42.51706,32.0,-10.517059326171875
2021-07-10 00:00:00,103.486855,44.0,-59.486854553222656
2021-07-11 18:00:00,48.06009,45.0,-3.060089111328125
2021-07-11 21:00:00,40.16488,43.0,2.8351211547851562
2021-07-12 00:00:00,87.19053,37.0,-50.190528869628906
2021-07-12 03:00:00,90.59341,40.0,-50.593406677246094
2021-07-12 06:00:00,86.74306,32.0,-54.74305725097656
2021-07-12 09:00:00,74.56038,43.0,-31.560379028320312
2021-07-12 12:00:00,57.732906,40.0,-17.732906341552734
2021-07-12 15:00:00,48.69935,37.0,-11.699348449707031
2021-07-12 18:00:00,40.71262,28.0,-12.71261978149414
2021-07-12 21:00:00,39.2738,32.0,-7.273799896240234
2021-07-13 00:00:00,32.95463,27.0,-5.954631805419922
2021-07-13 03:00:00,26.574526,29.0,2.425474166870117
2021-07-13 06:00:00,23.583426,24.0,0.41657447814941406
2021-07-13 12:00:00,27.185251,31.0,3.814748764038086
2021-07-13 15:00:00,23.851954,35.0,11.148046493530273
2021-07-13 21:00:00,29.982403,43.0,13.017597198486328
2021-07-14 03:00:00,219.48677,42.0,-177.4867706298828
2021-07-14 09:00:00,201.63588,45.0,-156.63587951660156
2021-07-14 12:00:00,146.04735,52.0,-94.04734802246094
2021-07-14 15:00:00,160.3662,39.0,-121.36619567871094
2021-07-14 21:00:00,174.80989,46.0,-128.8098907470703
2021-07-15 03:00:00,172.19304,44.0,-128.1930389404297
2021-07-15 06:00:00,156.645,57.0,-99.64500427246094
2021-07-15 09:00:00,139.69247,41.0,-98.69247436523438
2021-07-15 12:00:00,153.66458,49.0,-104.66458129882812
2021-07-15 15:00:00,163.19109,46.0,-117.19108581542969
2021-07-15 21:00:00,181.49695,39.0,-142.4969482421875
2021-07-16 00:00:00,154.04384,46.0,-108.04383850097656
2021-07-16 03:00:00,143.75143,40.0,-103.75143432617188
2021-07-16 06:00:00,128.83583,42.0,-86.83583068847656
2021-07-16 09:00:00,109.8133,43.0,-66.81330108642578
2021-07-16 12:00:00,139.64108,28.0,-111.64108276367188
2021-07-16 15:00:00,121.93504,35.0,-86.93504333496094
2021-07-16 18:00:00,100.20881,21.0,-79.20880889892578
2021-07-17 03:00:00,70.37227,28.0,-42.37226867675781
2021-07-17 06:00:00,42.912235,21.0,-21.912235260009766
2021-07-17 09:00:00,47.18004,31.0,-16.180038452148438
2021-07-17 12:00:00,18.313585,31.0,12.68641471862793
2021-07-17 15:00:00,20.92611,34.0,13.073890686035156
2021-07-17 18:00:00,26.230736,26.0,-0.23073577880859375
2021-07-18 03:00:00,42.821285,26.0,-16.821285247802734
2021-07-18 15:00:00,76.93098,35.0,-41.93097686767578
2021-07-18 18:00:00,76.0208,36.0,-40.02079772949219
2021-07-19 03:00:00,33.808193,14.0,-19.80819320678711
2021-07-19 06:00:00,35.010998,32.0,-3.010997772216797
2021-07-19 12:00:00,10.545136,39.0,28.45486354827881
2021-07-20 00:00:00,0.04274625,30.0,29.957253750413656
2021-07-20 06:00:00,23.189613,32.0,8.810386657714844
2021-07-20 09:00:00,34.609455,45.0,10.390544891357422
2021-07-20 12:00:00,79.69447,31.0,-48.69447326660156
2021-07-20 15:00:00,95.820724,48.0,-47.82072448730469
2021-07-20 18:00:00,81.18695,52.0,-29.18695068359375
2021-07-20 21:00:00,69.70413,39.0,-30.704132080078125
2021-07-21 00:00:00,121.444374,37.0,-84.44437408447266
2021-07-21 03:00:00,127.858696,48.0,-79.85869598388672
2021-07-21 06:00:00,116.30857,37.0,-79.3085708618164
2021-07-21 09:00:00,141.53056,46.0,-95.53056335449219
2021-07-21 12:00:00,200.83325,44.0,-156.833251953125
2021-07-21 15:00:00,174.81194,40.0,-134.8119354248047
2021-07-21 18:00:00,100.35342,51.0,-49.353416442871094
2021-07-21 21:00:00,95.46966,117.0,21.53034210205078
2021-07-22 00:00:00,108.24215,84.0,-24.242149353027344
2021-07-22 03:00:00,120.07587,52.0,-68.07586669921875
2021-07-22 06:00:00,120.38072,70.0,-50.38072204589844
2021-07-22 09:00:00,194.91653,86.0,-108.91653442382812
2021-07-22 12:00:00,224.38417,84.0,-140.38417053222656
2021-07-22 15:00:00,182.68974,76.0,-106.68974304199219
2021-07-22 18:00:00,169.11462,77.0,-92.1146240234375
2021-07-22 21:00:00,182.48602,79.0,-103.48602294921875
2021-07-23 00:00:00,175.54248,77.0,-98.54248046875
2021-07-23 03:00:00,156.13545,69.0,-87.13545227050781
2021-07-23 06:00:00,141.54648,55.0,-86.54647827148438
2021-07-23 09:00:00,119.32161,108.0,-11.321609497070312
2021-07-23 12:00:00,78.54942,110.0,31.450576782226562
2021-07-23 15:00:00,58.579643,54.0,-4.579643249511719
2021-07-23 18:00:00,50.355537,35.0,-15.355537414550781
2021-07-23 21:00:00,53.72408,31.0,-22.724079132080078
2021-07-24 00:00:00,34.664936,30.0,-4.664936065673828
2021-07-24 03:00:00,40.74013,44.0,3.259868621826172
2021-07-24 09:00:00,81.23197,34.0,-47.231971740722656
2021-07-24 12:00:00,47.583855,30.0,-17.58385467529297
2021-07-24 15:00:00,52.966698,31.0,-21.966697692871094
2021-07-24 18:00:00,51.979553,34.0,-17.97955322265625
2021-07-24 21:00:00,52.949417,70.0,17.050582885742188
2021-07-25 00:00:00,56.510998,67.0,10.489002227783203
2021-07-25 03:00:00,58.436966,72.0,13.563034057617188
2021-07-25 06:00:00,62.190567,88.0,25.809432983398438
2021-08-02 21:00:00,31.197487,54.0,22.802513122558594
2021-08-03 00:00:00,34.56785,50.0,15.432151794433594
2021-08-03 03:00:00,43.3472,51.0,7.652801513671875
2021-08-03 06:00:00,62.900883,45.0,-17.900882720947266
2021-08-03 09:00:00,75.45691,49.0,-26.4569091796875
2021-08-03 12:00:00,59.33134,46.0,-13.331340789794922
2021-08-03 15:00:00,52.31368,49.0,-3.313678741455078
2021-08-03 18:00:00,46.818512,66.0,19.181488037109375
2021-08-03 21:00:00,40.814938,64.0,23.185062408447266
2021-08-04 00:00:00,53.658825,47.0,-6.658824920654297
2021-08-04 03:00:00,77.51533,54.0,-23.51532745361328
2021-08-04 06:00:00,102.89068,51.0,-51.89067840576172
2021-08-04 09:00:00,102.56463,47.0,-55.56462860107422
2021-08-04 12:00:00,107.50591,35.0,-72.50591278076172
2021-08-04 18:00:00,83.03869,52.0,-31.03868865966797
2021-08-04 21:00:00,66.766914,58.0,-8.766914367675781
2021-08-05 00:00:00,39.387486,34.0,-5.387485504150391
2021-08-05 03:00:00,55.915733,146.0,90.08426666259766
2021-08-05 06:00:00,87.601166,61.0,-26.601165771484375
2021-08-05 09:00:00,87.212814,46.0,-41.21281433105469
2021-08-05 12:00:00,61.344055,47.0,-14.34405517578125
2021-08-05 15:00:00,55.496002,58.0,2.503997802734375
2021-08-05 18:00:00,47.224148,58.0,10.77585220336914
2021-08-05 21:00:00,45.66391,66.0,20.336090087890625
2021-08-06 00:00:00,69.53042,44.0,-25.530418395996094
2021-08-06 03:00:00,72.366104,62.0,-10.366104125976562
2021-08-06 06:00:00,82.85338,47.0,-35.85337829589844
2021-08-06 09:00:00,85.812645,50.0,-35.812644958496094
2021-08-06 12:00:00,87.434044,58.0,-29.434043884277344
2021-08-06 15:00:00,80.28019,46.0,-34.280189514160156
2021-08-06 18:00:00,69.094315,54.0,-15.094314575195312
2021-08-06 21:00:00,61.016182,51.0,-10.016181945800781
2021-08-07 00:00:00,35.71404,49.0,13.285961151123047
2021-08-07 03:00:00,29.72638,60.0,30.27362060546875
2021-08-07 09:00:00,30.520369,78.0,47.479631423950195
2021-08-07 12:00:00,42.520016,65.0,22.479984283447266
2021-08-07 15:00:00,48.50244,59.0,10.49755859375
2021-08-07 18:00:00,48.671608,65.0,16.328392028808594
2021-08-07 21:00:00,48.503124,57.0,8.496875762939453
2021-08-08 00:00:00,44.05672,66.0,21.943279266357422
2021-08-08 03:00:00,42.898365,64.0,21.101634979248047
2021-08-08 06:00:00,52.69783,56.0,3.3021697998046875
2021-08-08 18:00:00,47.600677,71.0,23.399322509765625
2021-08-08 21:00:00,44.95223,74.0,29.047771453857422
2021-08-09 00:00:00,31.884155,65.0,33.1158447265625
2021-08-09 03:00:00,31.818218,67.0,35.18178176879883
2021-08-09 06:00:00,29.188868,49.0,19.811132431030273
2021-08-09 09:00:00,30.530828,47.0,16.46917152404785
2021-08-09 12:00:00,56.990303,38.0,-18.99030303955078
2021-08-09 15:00:00,55.240433,37.0,-18.240432739257812
2021-08-09 18:00:00,50.77254,40.0,-10.772541046142578
2021-08-09 21:00:00,50.011066,45.0,-5.011066436767578
2021-08-10 00:00:00,58.12467,41.0,-17.12466812133789
2021-08-10 03:00:00,71.16773,75.0,3.8322677612304688
2021-08-10 06:00:00,84.33699,29.0,-55.33699035644531
2021-08-10 09:00:00,72.38714,44.0,-28.38713836669922
2021-08-10 15:00:00,27.054739,59.0,31.945261001586914
2021-08-10 18:00:00,24.518158,55.0,30.481842041015625
2021-08-10 21:00:00,26.99653,51.0,24.003469467163086
2021-08-11 00:00:00,23.599113,39.0,15.400886535644531
2021-08-11 03:00:00,34.136066,39.0,4.863933563232422
2021-08-11 06:00:00,44.28148,49.0,4.7185211181640625
2021-08-11 09:00:00,45.421074,53.0,7.578926086425781
2021-08-11 12:00:00,47.586582,51.0,3.4134178161621094
2021-08-11 15:00:00,47.754383,36.0,-11.754383087158203
2021-08-11 18:00:00,46.228252,29.0,-17.228252410888672
2021-08-11 21:00:00,45.99951,26.0,-19.99951171875
2021-08-12 00:00:00,50.73116,30.0,-20.731159210205078
2021-08-12 03:00:00,61.90362,38.0,-23.903621673583984
2021-08-12 06:00:00,71.064735,43.0,-28.064735412597656
2021-08-12 09:00:00,69.55724,40.0,-29.55724334716797
2021-08-12 12:00:00,39.56211,74.0,34.437889099121094
2021-08-12 15:00:00,43.553883,79.0,35.44611740112305
2021-08-12 18:00:00,45.173237,72.0,26.826763153076172
2021-08-12 21:00:00,44.34105,54.0,9.658950805664062
2021-08-13 00:00:00,57.424812,58.0,0.5751876831054688
2021-08-13 03:00:00,57.80339,76.0,18.196609497070312
2021-08-13 06:00:00,58.761772,67.0,8.238227844238281
2021-08-13 09:00:00,59.598507,54.0,-5.598506927490234
2021-08-13 12:00:00,55.814327,51.0,-4.814327239990234
2021-08-13 15:00:00,56.952103,55.0,-1.9521026611328125
2021-08-13 18:00:00,54.442127,56.0,1.5578727722167969
2021-08-13 21:00:00,56.260433,60.0,3.7395668029785156
2021-08-14 00:00:00,34.85752,67.0,32.142478942871094
2021-08-14 06:00:00,36.682423,33.0,-3.682422637939453
2021-08-14 09:00:00,45.632534,33.0,-12.63253402709961
2021-08-14 12:00:00,48.990387,53.0,4.009613037109375
2021-08-14 15:00:00,42.888588,67.0,24.111412048339844
2021-08-14 18:00:00,43.607544,58.0,14.3924560546875
2021-08-14 21:00:00,49.85395,54.0,4.146049499511719
2021-08-15 00:00:00,112.66366,68.0,-44.663658142089844
2021-08-15 03:00:00,96.63745,43.0,-53.637451171875
2021-08-15 06:00:00,65.645966,26.0,-39.645965576171875
2021-08-15 09:00:00,50.269592,20.0,-30.26959228515625
2021-08-15 12:00:00,39.886116,31.0,-8.886116027832031
2021-08-15 15:00:00,39.21764,26.0,-13.217639923095703
2021-08-15 18:00:00,53.594704,28.0,-25.594703674316406
2021-08-15 21:00:00,72.29118,37.0,-35.29118347167969
2021-08-16 00:00:00,81.4141,48.0,-33.414100646972656
2021-08-16 03:00:00,93.78186,95.0,1.2181396484375
2021-08-16 06:00:00,83.71194,107.0,23.288063049316406
2021-08-16 09:00:00,65.037056,73.0,7.962944030761719
2021-08-16 12:00:00,62.167603,53.0,-9.1676025390625
2021-08-16 15:00:00,61.10122,40.0,-21.101219177246094
2021-08-16 18:00:00,58.174465,31.0,-27.17446517944336
2021-08-16 21:00:00,57.38548,27.0,-30.385478973388672
2021-08-17 00:00:00,45.37742,36.0,-9.377418518066406
2021-08-17 03:00:00,59.86067,54.0,-5.860668182373047
2021-08-17 06:00:00,68.67299,42.0,-26.672988891601562
2021-08-17 09:00:00,55.531017,43.0,-12.531017303466797
2021-08-17 12:00:00,38.703773,46.0,7.296226501464844
2021-08-17 15:00:00,34.86957,72.0,37.130428314208984
2021-08-17 18:00:00,32.691105,70.0,37.308895111083984
2021-08-17 21:00:00,33.72759,76.0,42.27241134643555
2021-08-18 00:00:00,36.80998,75.0,38.19002151489258
2021-08-18 03:00:00,41.75149,73.0,31.24850845336914
2021-08-18 06:00:00,41.603245,70.0,28.39675521850586
2021-08-18 09:00:00,36.38911,69.0,32.61088943481445
2021-08-18 12:00:00,33.88641,60.0,26.113590240478516
2021-08-18 15:00:00,34.07945,51.0,16.920551300048828
2021-08-18 18:00:00,32.237267,51.0,18.762733459472656
2021-08-18 21:00:00,33.41768,48.0,14.582321166992188
2021-08-19 00:00:00,57.09637,52.0,-5.096370697021484
2021-08-19 03:00:00,67.98268,44.0,-23.982681274414062
2021-08-19 15:00:00,41.604607,45.0,3.3953933715820312
2021-08-19 18:00:00,34.337517,43.0,8.662483215332031
2021-08-19 21:00:00,39.590645,41.0,1.4093551635742188
2021-08-20 00:00:00,65.451675,41.0,-24.451675415039062
2021-08-20 03:00:00,62.240246,39.0,-23.240245819091797
2021-08-20 06:00:00,58.79292,49.0,-9.792919158935547
2021-08-20 09:00:00,60.3884,55.0,-5.388401031494141
2021-08-20 12:00:00,51.403732,40.0,-11.403732299804688
2021-08-20 15:00:00,47.377853,58.0,10.622146606445312
2021-08-20 18:00:00,47.41662,47.0,-0.41661834716796875
2021-08-20 21:00:00,55.555347,53.0,-2.555347442626953
2021-08-21 00:00:00,29.817783,48.0,18.18221664428711
2021-08-21 03:00:00,36.74245,55.0,18.257549285888672
2021-08-21 06:00:00,43.19372,53.0,9.806278228759766
2021-08-21 09:00:00,50.26891,45.0,-5.268909454345703
2021-08-21 12:00:00,62.271282,42.0,-20.271282196044922
2021-08-21 15:00:00,63.112564,41.0,-22.112564086914062
2021-08-21 18:00:00,60.897263,41.0,-19.897262573242188
2021-08-21 21:00:00,60.667618,43.0,-17.667617797851562
2021-08-22 00:00:00,121.32591,48.0,-73.32591247558594
2021-08-22 03:00:00,146.03722,62.0,-84.03721618652344
2021-08-22 06:00:00,147.51936,62.0,-85.51936340332031
2021-08-22 09:00:00,137.33801,63.0,-74.3380126953125
2021-08-22 12:00:00,184.7261,50.0,-134.72610473632812
2021-08-22 15:00:00,153.01611,46.0,-107.01611328125
2021-08-22 18:00:00,122.92958,45.0,-77.92958068847656
2021-08-22 21:00:00,156.65045,48.0,-108.65045166015625
2021-08-23 00:00:00,142.43802,48.0,-94.43801879882812
2021-08-23 03:00:00,182.7782,46.0,-136.7781982421875
2021-08-23 06:00:00,157.81757,54.0,-103.81756591796875
2021-08-23 09:00:00,135.40875,62.0,-73.40875244140625
2021-08-23 12:00:00,204.93962,46.0,-158.9396209716797
2021-08-23 15:00:00,179.13293,70.0,-109.1329345703125
2021-08-23 18:00:00,114.160965,54.0,-60.16096496582031
2021-08-23 21:00:00,101.99295,49.0,-52.992950439453125
2021-08-24 00:00:00,52.174984,71.0,18.825016021728516
2021-08-24 03:00:00,56.95665,74.0,17.043350219726562
2021-08-24 06:00:00,65.01363,81.0,15.986366271972656
2021-08-24 09:00:00,62.05073,100.0,37.94926834106445
2021-08-24 12:00:00,68.39877,44.0,-24.398773193359375
2021-08-24 15:00:00,57.065334,90.0,32.93466567993164
2021-08-24 18:00:00,46.89042,104.0,57.109580993652344
2021-08-24 21:00:00,46.142303,107.0,60.857696533203125
2021-08-25 00:00:00,31.02923,121.0,89.97076988220215
2021-08-25 03:00:00,35.096718,105.0,69.90328216552734
2021-08-25 06:00:00,33.911873,71.0,37.08812713623047
2021-08-25 09:00:00,32.930073,47.0,14.069927215576172
2021-08-25 12:00:00,41.491375,46.0,4.508625030517578
2021-08-25 15:00:00,37.64262,66.0,28.357379913330078
2021-08-25 18:00:00,37.113865,82.0,44.88613510131836
2021-08-25 21:00:00,40.270264,90.0,49.729736328125
2021-08-26 00:00:00,52.705788,69.0,16.294212341308594
2021-08-26 03:00:00,60.471848,70.0,9.528152465820312
2021-08-26 06:00:00,80.37569,72.0,-8.375686645507812
2021-08-26 09:00:00,83.38953,94.0,10.6104736328125
2021-08-26 12:00:00,46.41197,75.0,28.588031768798828
2021-08-26 15:00:00,40.100986,60.0,19.89901351928711
2021-08-26 18:00:00,37.17048,87.0,49.82952117919922
2021-08-26 21:00:00,40.51253,95.0,54.48746871948242
2021-08-27 03:00:00,57.741886,59.0,1.2581138610839844
2021-08-27 06:00:00,70.27677,31.0,-39.276771545410156
2021-08-27 09:00:00,65.46316,42.0,-23.463157653808594
2021-08-27 12:00:00,60.648064,37.0,-23.64806365966797
2021-08-27 15:00:00,44.133457,56.0,11.86654281616211
2021-08-27 18:00:00,39.552334,45.0,5.447666168212891
2021-08-27 21:00:00,40.742634,47.0,6.257366180419922
2021-08-28 00:00:00,51.757523,63.0,11.242477416992188
2021-08-28 03:00:00,79.69902,57.0,-22.699020385742188
2021-08-28 06:00:00,95.33028,64.0,-31.330276489257812
2021-08-28 09:00:00,81.632835,81.0,-0.6328353881835938
2021-08-28 12:00:00,96.48761,92.0,-4.48760986328125
2021-08-28 18:00:00,80.73277,90.0,9.267227172851562
2021-08-28 21:00:00,76.657326,85.0,8.342674255371094
2021-08-29 00:00:00,49.18354,56.0,6.816459655761719
2021-08-29 03:00:00,48.966286,61.0,12.033714294433594
2021-08-29 06:00:00,51.005146,56.0,4.994853973388672
2021-08-29 09:00:00,50.90806,72.0,21.091941833496094
2021-08-29 12:00:00,64.38927,55.0,-9.389266967773438
2021-08-29 15:00:00,60.510048,67.0,6.489952087402344
2021-08-29 18:00:00,56.66925,65.0,8.33074951171875
2021-08-29 21:00:00,58.8534,57.0,-1.8534011840820312
2021-08-30 00:00:00,68.35512,54.0,-14.355117797851562
2021-08-30 03:00:00,68.933556,40.0,-28.933555603027344
2021-08-30 06:00:00,69.89057,49.0,-20.89057159423828
2021-08-30 09:00:00,70.6118,45.0,-25.611801147460938
2021-08-30 12:00:00,67.628204,52.0,-15.628204345703125
2021-08-30 15:00:00,69.48471,49.0,-20.484710693359375
2021-08-30 18:00:00,69.3708,51.0,-18.37079620361328
2021-08-30 21:00:00,69.423546,44.0,-25.423545837402344
2021-08-31 00:00:00,24.928226,67.0,42.071773529052734
2021-08-31 03:00:00,33.424156,55.0,21.575843811035156
2021-08-31 06:00:00,45.559544,54.0,8.44045639038086
2021-08-31 09:00:00,52.860287,58.0,5.139713287353516
2021-08-31 12:00:00,53.7691,72.0,18.230899810791016
2021-08-31 18:00:00,54.219982,53.0,-1.2199821472167969
2021-08-31 21:00:00,62.087906,63.0,0.9120941162109375
2021-09-01 00:00:00,66.958595,43.0,-23.958595275878906
2021-09-01 03:00:00,74.94236,60.0,-14.942359924316406
2021-09-01 06:00:00,79.718575,63.0,-16.71857452392578
2021-09-01 09:00:00,71.26982,78.0,6.7301788330078125
2021-09-01 15:00:00,115.63907,59.0,-56.639068603515625
2021-09-01 18:00:00,109.13982,52.0,-57.13981628417969
2021-09-01 21:00:00,106.70783,49.0,-57.70783233642578
2021-09-02 00:00:00,66.401184,49.0,-17.40118408203125
2021-09-02 03:00:00,71.33542,49.0,-22.335418701171875
2021-09-02 06:00:00,77.5874,50.0,-27.58740234375
2021-09-02 09:00:00,73.68249,53.0,-20.68248748779297
2021-09-02 12:00:00,46.542255,48.0,1.4577445983886719
2021-09-02 15:00:00,39.536415,58.0,18.463584899902344
2021-09-02 18:00:00,34.969048,39.0,4.030952453613281
2021-09-02 21:00:00,35.722565,31.0,-4.722564697265625
2021-09-03 00:00:00,37.00518,30.0,-7.005180358886719
2021-09-03 03:00:00,41.31533,32.0,-9.315330505371094
2021-09-03 06:00:00,50.29642,28.0,-22.29642105102539
2021-09-03 09:00:00,57.72449,29.0,-28.724491119384766
2021-09-03 12:00:00,54.752945,39.0,-15.752944946289062
2021-09-03 15:00:00,58.748356,47.0,-11.748355865478516
2021-09-03 18:00:00,54.179394,43.0,-11.179393768310547
2021-09-03 21:00:00,51.129917,35.0,-16.12991714477539
2021-09-04 00:00:00,12.476335,31.0,18.52366542816162
2021-09-04 03:00:00,19.437721,35.0,15.562278747558594
2021-09-04 06:00:00,32.948948,33.0,0.051052093505859375
2021-09-04 09:00:00,43.301838,32.0,-11.301837921142578
2021-09-04 12:00:00,18.132824,36.0,17.867176055908203
2021-09-04 15:00:00,17.893854,45.0,27.10614585876465
2021-09-04 18:00:00,19.821186,39.0,19.178813934326172
2021-09-04 21:00:00,22.855602,35.0,12.144397735595703
2021-09-05 00:00:00,36.318398,44.0,7.681602478027344
2021-09-05 03:00:00,43.810246,52.0,8.189754486083984
2021-09-05 06:00:00,55.46508,61.0,5.534919738769531
2021-09-05 09:00:00,58.038948,83.0,24.96105194091797
2021-09-05 12:00:00,60.67785,91.0,30.32215118408203
2021-09-05 15:00:00,49.101345,64.0,14.89865493774414
2021-09-05 18:00:00,39.380665,51.0,11.619335174560547
2021-09-05 21:00:00,39.058704,39.0,-0.058704376220703125
2021-09-06 00:00:00,40.033,38.0,-2.033000946044922
2021-09-06 03:00:00,48.542007,86.0,37.45799255371094
2021-09-06 06:00:00,59.459354,41.0,-18.459354400634766
2021-09-06 09:00:00,59.071228,52.0,-7.07122802734375
2021-09-06 12:00:00,55.448254,36.0,-19.448253631591797
2021-09-06 15:00:00,54.984413,43.0,-11.984413146972656
2021-09-06 18:00:00,53.951225,32.0,-21.95122528076172
2021-09-06 21:00:00,55.14653,36.0,-19.146530151367188
2021-09-07 00:00:00,49.59952,39.0,-10.59952163696289
2021-09-07 03:00:00,62.81505,45.0,-17.815048217773438
2021-09-07 06:00:00,68.59068,59.0,-9.590682983398438
2021-09-07 12:00:00,49.11226,39.0,-10.112258911132812
2021-09-07 15:00:00,37.662174,53.0,15.337825775146484
2021-09-07 18:00:00,32.38938,48.0,15.610618591308594
2021-09-07 21:00:00,34.537037,35.0,0.4629631042480469
2021-09-08 00:00:00,48.471066,35.0,-13.471065521240234
2021-09-08 03:00:00,54.480324,54.0,-0.48032379150390625
2021-09-08 06:00:00,65.67757,45.0,-20.677566528320312
2021-09-08 09:00:00,53.680195,40.0,-13.680194854736328
2021-09-08 12:00:00,59.02666,49.0,-10.026660919189453
2021-09-08 15:00:00,46.079094,48.0,1.9209060668945312
2021-09-08 18:00:00,42.05492,38.0,-4.054920196533203
2021-09-08 21:00:00,47.937645,40.0,-7.937644958496094
2021-09-09 00:00:00,103.8469,40.0,-63.846900939941406
2021-09-09 03:00:00,102.21015,39.0,-63.21015167236328
2021-09-09 06:00:00,82.45093,32.0,-50.450927734375
2021-09-09 09:00:00,57.18266,39.0,-18.182659149169922
2021-09-09 12:00:00,40.428402,38.0,-2.4284019470214844
2021-09-09 15:00:00,43.94019,32.0,-11.940189361572266
2021-09-09 18:00:00,53.555595,45.0,-8.555595397949219
2021-09-09 21:00:00,76.99964,47.0,-29.99964141845703
2021-09-10 00:00:00,81.751976,49.0,-32.751976013183594
2021-09-10 03:00:00,95.20898,61.0,-34.20897674560547
2021-09-10 06:00:00,101.43833,77.0,-24.438331604003906
2021-09-10 09:00:00,86.60868,46.0,-40.608680725097656
2021-09-10 12:00:00,78.32273,34.0,-44.322731018066406
2021-09-10 15:00:00,75.12233,41.0,-34.12232971191406
2021-09-10 18:00:00,75.29991,34.0,-41.29991149902344
2021-09-10 21:00:00,77.89731,43.0,-34.897308349609375
2021-09-11 00:00:00,108.796715,49.0,-59.796714782714844
2021-09-11 03:00:00,158.23685,48.0,-110.23684692382812
2021-09-11 06:00:00,149.8704,43.0,-106.87040710449219
2021-09-11 09:00:00,104.27391,49.0,-55.27391052246094
2021-09-11 12:00:00,66.32695,48.0,-18.326950073242188
2021-09-11 15:00:00,49.158188,46.0,-3.1581878662109375
2021-09-11 18:00:00,43.130283,65.0,21.86971664428711
2021-09-11 21:00:00,49.39443,75.0,25.605571746826172
2021-09-12 00:00:00,83.092575,67.0,-16.092575073242188
2021-09-12 03:00:00,80.8368,63.0,-17.83679962158203
2021-09-12 06:00:00,72.76503,32.0,-40.76502990722656
2021-09-12 09:00:00,62.409073,35.0,-27.409072875976562
2021-09-12 12:00:00,55.360943,43.0,-12.360942840576172
2021-09-12 15:00:00,57.065792,34.0,-23.065792083740234
2021-09-12 18:00:00,58.18379,30.0,-28.183788299560547
2021-09-12 21:00:00,58.76791,27.0,-31.76791000366211
2021-09-13 00:00:00,61.634865,29.0,-32.634864807128906
2021-09-13 03:00:00,73.80686,33.0,-40.806861877441406
2021-09-13 06:00:00,58.81327,34.0,-24.813270568847656
2021-09-13 09:00:00,39.42455,34.0,-5.424549102783203
2021-09-13 12:00:00,21.396318,30.0,8.603681564331055
2021-09-13 15:00:00,26.313501,33.0,6.686498641967773
2021-09-13 18:00:00,31.162926,26.0,-5.162925720214844
2021-09-13 21:00:00,34.84888,24.0,-10.848880767822266
2021-09-14 03:00:00,73.42715,32.0,-41.427146911621094
2021-09-14 06:00:00,74.75478,25.0,-49.754783630371094
2021-09-14 09:00:00,53.946224,30.0,-23.946224212646484
2021-09-14 12:00:00,39.44024,34.0,-5.440238952636719
2021-09-14 15:00:00,35.5426,44.0,8.457401275634766
2021-09-14 18:00:00,33.16313,32.0,-1.1631317138671875
2021-09-14 21:00:00,33.229073,31.0,-2.2290725708007812
2021-09-15 00:00:00,15.416049,28.0,12.583950996398926
2021-09-15 06:00:00,62.5235,41.0,-21.52349853515625
2021-09-15 09:00:00,49.286087,39.0,-10.286087036132812
2021-09-15 12:00:00,68.77758,52.0,-16.77758026123047
2021-09-15 15:00:00,58.779163,42.0,-16.779163360595703
2021-09-15 18:00:00,54.739643,29.0,-25.739643096923828
2021-09-15 21:00:00,53.62267,30.0,-23.622669219970703
2021-09-16 00:00:00,47.749382,27.0,-20.74938201904297
2021-09-16 03:00:00,53.004215,35.0,-18.004215240478516
2021-09-16 06:00:00,61.95455,33.0,-28.954551696777344
2021-09-16 15:00:00,31.621311,38.0,6.378688812255859
2021-09-16 18:00:00,32.64097,40.0,7.359031677246094
2021-09-16 21:00:00,36.087387,41.0,4.9126129150390625
2021-09-17 00:00:00,17.369644,45.0,27.630355834960938
2021-09-19 09:00:00,46.92208,34.0,-12.922080993652344
2021-09-19 12:00:00,49.923416,58.0,8.076583862304688
2021-09-19 15:00:00,49.17433,58.0,8.825668334960938
2021-09-19 18:00:00,43.925182,145.0,101.0748176574707
2021-09-19 21:00:00,41.064594,59.0,17.935405731201172
2021-09-20 00:00:00,53.483063,46.0,-7.483062744140625
2021-09-20 03:00:00,54.82309,58.0,3.176910400390625
2021-09-20 06:00:00,46.520542,29.0,-17.52054214477539
2021-09-20 09:00:00,39.927727,25.0,-14.927726745605469
2021-09-20 12:00:00,22.14233,36.0,13.857669830322266
2021-09-20 15:00:00,28.665113,35.0,6.33488655090332
2021-09-20 18:00:00,32.422634,28.0,-4.422634124755859
2021-09-20 21:00:00,33.87049,27.0,-6.870491027832031
2021-09-21 00:00:00,40.59825,60.0,19.401748657226562
2021-09-21 03:00:00,67.00634,35.0,-32.00634002685547
2021-09-21 06:00:00,72.35826,37.0,-35.35826110839844
2021-09-21 09:00:00,52.213634,43.0,-9.213634490966797
2021-09-21 12:00:00,37.545307,30.0,-7.545307159423828
2021-09-21 15:00:00,36.817482,40.0,3.1825180053710938
2021-09-21 18:00:00,39.512997,30.0,-9.512996673583984
2021-09-21 21:00:00,45.742012,36.0,-9.742012023925781
2021-09-22 00:00:00,46.373318,45.0,-1.3733177185058594
2021-09-22 03:00:00,108.44621,37.0,-71.44621276855469
2021-09-22 06:00:00,111.92355,44.0,-67.92355346679688
2021-09-22 09:00:00,73.75161,35.0,-38.751609802246094
2021-09-22 12:00:00,60.347702,38.0,-22.347702026367188
2021-09-22 15:00:00,52.580616,34.0,-18.580615997314453
2021-09-22 18:00:00,47.71573,31.0,-16.715728759765625
2021-09-22 21:00:00,48.387108,44.0,-4.387107849121094
2021-09-23 00:00:00,48.3729,46.0,-2.3728981018066406
2021-09-23 03:00:00,58.856415,117.0,58.143585205078125
2021-09-23 06:00:00,69.24245,42.0,-27.242446899414062
2021-09-23 09:00:00,65.18235,42.0,-23.182350158691406
2021-09-23 12:00:00,62.019352,41.0,-21.019351959228516
2021-09-23 15:00:00,52.72591,35.0,-17.725910186767578
2021-09-23 18:00:00,39.935913,35.0,-4.9359130859375
2021-09-23 21:00:00,35.22473,39.0,3.7752685546875
2021-09-24 00:00:00,0.31536728,43.0,42.68463271856308
2021-09-24 03:00:00,3.910145,47.0,43.08985495567322
2021-09-24 06:00:00,6.462642,45.0,38.537357807159424
2021-09-24 09:00:00,12.211785,40.0,27.788214683532715
2021-09-24 12:00:00,38.11465,35.0,-3.1146507263183594
2021-09-24 15:00:00,36.162872,42.0,5.837127685546875
2021-09-24 18:00:00,31.300829,34.0,2.6991710662841797
2021-09-24 21:00:00,27.409214,30.0,2.5907859802246094
2021-09-25 00:00:00,6.981622,34.0,27.018377780914307
2021-09-25 03:00:00,14.518719,43.0,28.481281280517578
2021-09-25 06:00:00,24.926067,51.0,26.073932647705078
2021-09-25 09:00:00,34.722916,42.0,7.2770843505859375
2021-09-25 12:00:00,31.77479,48.0,16.225210189819336
2021-09-25 15:00:00,28.250725,50.0,21.74927520751953
2021-09-26 12:00:00,62.02572,26.0,-36.025718688964844
2021-09-26 15:00:00,71.63362,84.0,12.366378784179688
2021-09-26 18:00:00,91.38353,104.0,12.616470336914062
2021-09-26 21:00:00,115.55494,382.0,266.44506072998047
2021-09-27 00:00:00,136.56654,230.0,93.43345642089844
2021-09-27 03:00:00,131.67505,106.0,-25.675048828125
2021-09-27 06:00:00,110.86979,55.0,-55.869789123535156
2021-09-27 09:00:00,87.33457,46.0,-41.334571838378906
2021-09-27 12:00:00,51.976143,44.0,-7.976142883300781
2021-09-27 15:00:00,33.85708,38.0,4.142921447753906
2021-09-27 18:00:00,22.472933,49.0,26.527067184448242
2021-09-27 21:00:00,17.573711,44.0,26.426288604736328
2021-09-28 00:00:00,43.15598,46.0,2.8440208435058594
2021-09-28 03:00:00,40.657825,45.0,4.342174530029297
2021-09-28 06:00:00,41.03083,53.0,11.969169616699219
2021-09-28 09:00:00,41.654743,52.0,10.345256805419922
2021-09-28 12:00:00,22.70599,49.0,26.294010162353516
2021-09-28 15:00:00,24.62707,62.0,37.3729305267334
2021-09-28 18:00:00,21.707138,51.0,29.292861938476562
2021-09-28 21:00:00,17.329512,53.0,35.670488357543945
2021-09-29 00:00:00,55.099007,56.0,0.9009933471679688
2021-09-29 03:00:00,61.535046,66.0,4.464954376220703
2021-09-29 06:00:00,72.785385,78.0,5.2146148681640625
2021-09-29 09:00:00,70.23141,64.0,-6.231407165527344
2021-09-29 12:00:00,46.97898,49.0,2.0210189819335938
2021-09-29 15:00:00,46.01395,61.0,14.98604965209961
2021-09-29 18:00:00,42.831177,52.0,9.1688232421875
2021-09-29 21:00:00,43.415752,61.0,17.584247589111328
2021-09-30 00:00:00,54.66836,67.0,12.33163833618164
2021-09-30 03:00:00,55.82433,73.0,17.175670623779297
2021-09-30 06:00:00,58.830437,71.0,12.169563293457031
2021-09-30 09:00:00,48.236755,81.0,32.76324462890625
2021-09-30 12:00:00,64.704865,53.0,-11.704864501953125
2021-09-30 15:00:00,55.472355,75.0,19.527645111083984
2021-09-30 18:00:00,46.419304,47.0,0.5806961059570312
2021-09-30 21:00:00,42.576176,43.0,0.4238243103027344
2021-10-01 00:00:00,8.369625,57.0,48.630374908447266
2021-10-01 03:00:00,14.649686,96.0,81.35031414031982
2021-10-01 06:00:00,21.954748,61.0,39.04525184631348
2021-10-01 09:00:00,33.86526,40.0,6.134738922119141
2021-10-01 12:00:00,53.390068,45.0,-8.390068054199219
2021-10-01 15:00:00,54.1786,38.0,-16.178600311279297
2021-10-01 18:00:00,50.606785,37.0,-13.60678482055664
2021-10-01 21:00:00,49.15546,40.0,-9.155460357666016
2021-10-02 00:00:00,53.868576,39.0,-14.868576049804688
2021-10-02 03:00:00,54.718044,39.0,-15.71804428100586
2021-10-02 06:00:00,59.941727,31.0,-28.941726684570312
2021-10-02 09:00:00,61.60758,28.0,-33.60757827758789
2021-10-02 12:00:00,62.134632,35.0,-27.134632110595703
2021-10-03 09:00:00,26.848967,46.0,19.151033401489258
2021-10-03 12:00:00,51.33643,53.0,1.6635704040527344
2021-10-03 15:00:00,53.261147,48.0,-5.261146545410156
2021-10-03 18:00:00,60.038475,46.0,-14.038475036621094
2021-10-03 21:00:00,68.42788,50.0,-18.427879333496094
2021-10-04 00:00:00,88.80306,46.0,-42.803062438964844
2021-10-04 03:00:00,89.365585,55.0,-34.36558532714844
2021-10-04 06:00:00,86.44793,55.0,-31.44792938232422
2021-10-04 09:00:00,78.350464,56.0,-22.3504638671875
2021-10-04 12:00:00,54.32912,33.0,-21.329120635986328
2021-10-04 15:00:00,45.9911,48.0,2.008899688720703
2021-10-05 12:00:00,39.006863,62.0,22.99313735961914
2021-10-05 15:00:00,38.628742,81.0,42.37125778198242
2021-10-05 18:00:00,38.29905,88.0,49.700950622558594
2021-10-05 21:00:00,39.009365,89.0,49.99063491821289
2021-10-06 00:00:00,64.260124,69.0,4.739875793457031
2021-10-06 03:00:00,65.61134,73.0,7.3886566162109375
2021-10-06 06:00:00,72.94875,42.0,-30.948753356933594
2021-10-06 09:00:00,67.703926,49.0,-18.70392608642578
2021-10-06 12:00:00,33.09856,71.0,37.90143966674805
2021-10-06 15:00:00,32.213734,51.0,18.786266326904297
2021-10-06 18:00:00,31.661556,78.0,46.338443756103516
2021-10-06 21:00:00,31.238188,63.0,31.761812210083008
2021-10-07 00:00:00,50.597492,68.0,17.402507781982422
2021-10-07 03:00:00,52.967834,70.0,17.03216552734375
2021-10-07 06:00:00,57.665604,69.0,11.334396362304688
2021-10-07 09:00:00,56.96347,84.0,27.036529541015625
2021-10-07 12:00:00,70.89124,77.0,6.108757019042969
2021-10-07 15:00:00,64.18224,84.0,19.81775665283203
2021-10-07 18:00:00,53.888245,88.0,34.11175537109375
2021-10-07 21:00:00,46.59705,81.0,34.402950286865234
2021-10-08 00:00:00,36.598408,93.0,56.40159225463867
2021-10-08 03:00:00,32.406887,117.0,84.59311294555664
2021-10-08 06:00:00,26.6474,99.0,72.35260009765625
2021-10-08 09:00:00,34.155846,96.0,61.844154357910156
2021-10-08 12:00:00,41.37269,37.0,-4.372688293457031
2021-10-08 15:00:00,40.465637,27.0,-13.46563720703125
2021-10-08 18:00:00,38.522102,21.0,-17.52210235595703
2021-10-08 21:00:00,35.70733,23.0,-12.707328796386719
2021-10-09 00:00:00,29.036243,26.0,-3.036243438720703
2021-10-09 03:00:00,35.87627,17.0,-18.876270294189453
2021-10-09 06:00:00,40.17568,28.0,-12.175678253173828
2021-10-09 09:00:00,38.610096,28.0,-10.610095977783203
2021-10-09 12:00:00,39.354347,23.0,-16.354347229003906
2021-10-09 15:00:00,35.711823,32.0,-3.711822509765625
2021-10-09 18:00:00,37.555706,29.0,-8.555706024169922
2021-10-09 21:00:00,50.065865,31.0,-19.06586456298828
2021-10-10 00:00:00,36.65582,35.0,-1.6558189392089844
2021-10-10 03:00:00,45.907997,30.0,-15.907997131347656
2021-10-10 06:00:00,44.35384,39.0,-5.353839874267578
2021-10-10 09:00:00,38.81581,41.0,2.1841888427734375
2021-10-10 12:00:00,60.33943,37.0,-23.339431762695312
2021-10-10 15:00:00,60.691433,32.0,-28.69143295288086
2021-10-10 18:00:00,66.73861,20.0,-46.738609313964844
2021-10-10 21:00:00,73.83108,35.0,-38.831077575683594
2021-10-11 00:00:00,86.02535,45.0,-41.025352478027344
2021-10-11 03:00:00,103.43251,49.0,-54.43251037597656
2021-10-11 06:00:00,98.76737,57.0,-41.767372131347656
2021-10-11 09:00:00,69.357956,35.0,-34.35795593261719
2021-10-11 12:00:00,53.309635,29.0,-24.309635162353516
2021-10-11 15:00:00,35.729557,41.0,5.270442962646484
2021-10-11 18:00:00,27.829628,48.0,20.170372009277344
2021-10-11 21:00:00,26.186968,39.0,12.813032150268555
2021-10-12 00:00:00,33.13062,39.0,5.869380950927734
2021-10-12 03:00:00,33.9071,40.0,6.092899322509766
2021-10-12 06:00:00,36.910877,40.0,3.089122772216797
2021-10-12 09:00:00,36.475285,39.0,2.5247154235839844
2021-10-12 12:00:00,36.610004,56.0,19.389995574951172
2021-10-12 15:00:00,32.59481,68.0,35.405189514160156
2021-10-12 18:00:00,29.329386,64.0,34.67061424255371
2021-10-12 21:00:00,28.970818,68.0,39.02918243408203
2021-10-13 00:00:00,70.925125,79.0,8.074874877929688
2021-10-13 03:00:00,68.296455,82.0,13.703544616699219
2021-10-13 06:00:00,73.985916,81.0,7.0140838623046875
2021-10-13 09:00:00,73.416115,64.0,-9.416114807128906
2021-10-13 12:00:00,62.80925,60.0,-2.8092498779296875
2021-11-02 15:00:00,67.601494,64.0,-3.6014938354492188
2021-11-02 18:00:00,64.74465,64.0,-0.7446517944335938
2021-11-02 21:00:00,61.145782,70.0,8.854217529296875
2021-11-03 00:00:00,58.756996,73.0,14.243003845214844
2021-11-03 03:00:00,63.31811,75.0,11.681888580322266
2021-11-03 06:00:00,73.913956,85.0,11.086044311523438
2021-11-03 09:00:00,72.25879,67.0,-5.2587890625
2021-11-03 12:00:00,76.93177,72.0,-4.931770324707031
2021-11-03 15:00:00,76.31445,86.0,9.685546875
2021-11-03 18:00:00,71.842575,114.0,42.15742492675781
2021-11-03 21:00:00,67.48951,99.0,31.51049041748047
2021-11-04 00:00:00,69.44629,119.0,49.5537109375
2021-11-04 03:00:00,67.92925,124.0,56.07074737548828
2021-11-04 06:00:00,72.06052,112.0,39.939483642578125
2021-11-04 09:00:00,69.25586,72.0,2.744140625
2021-11-04 12:00:00,71.05723,53.0,-18.057228088378906
2021-11-04 15:00:00,72.418915,63.0,-9.418914794921875
2021-11-04 18:00:00,71.47651,54.0,-17.47650909423828
2021-11-04 21:00:00,68.361374,72.0,3.6386260986328125
2021-11-05 00:00:00,76.74612,67.0,-9.746116638183594
2021-11-05 03:00:00,84.8911,75.0,-9.891098022460938
2021-11-09 15:00:00,27.127499,32.0,4.872501373291016
2021-11-09 18:00:00,25.631153,30.0,4.368846893310547
2021-11-09 21:00:00,24.286919,30.0,5.713081359863281
2021-11-10 00:00:00,29.392595,26.0,-3.3925952911376953
2021-11-10 03:00:00,31.382456,31.0,-0.38245582580566406
2021-11-10 06:00:00,30.992624,37.0,6.007375717163086
2021-11-10 09:00:00,24.19506,35.0,10.804939270019531
2021-11-10 12:00:00,23.396296,36.0,12.603704452514648
2021-11-10 15:00:00,22.217363,30.0,7.782636642456055
2021-11-10 18:00:00,21.434801,33.0,11.56519889831543
2021-11-11 15:00:00,32.304626,37.0,4.69537353515625
2021-11-11 18:00:00,36.280655,40.0,3.7193450927734375
2021-11-11 21:00:00,39.634018,37.0,-2.6340179443359375
2021-11-12 00:00:00,3.3744528,35.0,31.625547170639038
2021-11-12 03:00:00,17.246407,36.0,18.75359344482422
2021-11-12 06:00:00,36.33042,32.0,-4.330421447753906
2021-11-12 09:00:00,55.13658,34.0,-21.136581420898438
2021-11-12 12:00:00,55.805286,33.0,-22.805286407470703
2021-11-12 15:00:00,57.676685,38.0,-19.676685333251953
2021-11-12 18:00:00,56.67016,32.0,-24.67015838623047
2021-11-12 21:00:00,55.98736,29.0,-26.98735809326172
2021-11-13 00:00:00,29.402372,36.0,6.597627639770508
2021-11-13 03:00:00,47.5261,43.0,-4.526100158691406
2021-11-13 06:00:00,46.482056,44.0,-2.4820556640625
2021-11-13 09:00:00,40.467625,45.0,4.532375335693359
2021-11-13 12:00:00,29.525496,33.0,3.4745044708251953
2021-11-13 15:00:00,26.892792,36.0,9.107208251953125
2021-11-13 18:00:00,28.257431,33.0,4.7425689697265625
2021-11-13 21:00:00,29.956198,29.0,-0.9561977386474609
2021-11-14 00:00:00,62.4878,38.0,-24.48780059814453
2021-11-14 03:00:00,60.241062,37.0,-23.24106216430664
2021-11-14 06:00:00,44.24811,31.0,-13.248111724853516
2021-11-14 09:00:00,23.862867,32.0,8.13713264465332
2021-11-14 12:00:00,8.862799,20.0,11.137201309204102
2021-11-14 15:00:00,10.3475485,20.0,9.652451515197754
2021-11-14 18:00:00,12.836153,32.0,19.163846969604492
2021-11-14 21:00:00,17.311094,26.0,8.688905715942383
2021-11-15 00:00:00,49.68183,40.0,-9.681831359863281
2021-11-15 03:00:00,50.190807,44.0,-6.190807342529297
2021-11-15 06:00:00,47.387062,41.0,-6.387062072753906
2021-11-15 09:00:00,34.659138,38.0,3.340862274169922
2021-11-15 12:00:00,20.545145,46.0,25.45485496520996
2021-11-15 15:00:00,19.407934,36.0,16.592065811157227
2021-11-15 18:00:00,20.84363,48.0,27.156370162963867
2021-11-15 21:00:00,22.10578,55.0,32.89422035217285
2021-11-16 00:00:00,41.038902,71.0,29.961097717285156
2021-11-16 03:00:00,37.871304,57.0,19.12869644165039
2021-11-16 06:00:00,42.387,48.0,5.612998962402344
2021-11-16 09:00:00,44.004425,48.0,3.995574951171875
2021-11-16 12:00:00,26.552015,50.0,23.44798469543457
2021-11-16 15:00:00,29.454327,52.0,22.545673370361328
2021-11-16 18:00:00,31.81833,63.0,31.181669235229492
2021-11-16 21:00:00,31.15889,51.0,19.841110229492188
2021-11-17 00:00:00,13.651288,51.0,37.34871196746826
2021-11-17 03:00:00,24.283964,50.0,25.716035842895508
2021-11-17 06:00:00,52.777294,41.0,-11.777294158935547
2021-11-17 09:00:00,49.561096,55.0,5.43890380859375
2021-11-17 12:00:00,15.399905,55.0,39.60009479522705
2021-11-17 15:00:00,27.641932,48.0,20.358068466186523
2021-11-17 18:00:00,38.779263,39.0,0.22073745727539062
2021-11-17 21:00:00,48.573612,45.0,-3.5736122131347656
2021-11-18 00:00:00,60.672905,42.0,-18.67290496826172
2021-11-18 03:00:00,70.34868,53.0,-17.348678588867188
2021-11-18 06:00:00,83.50707,44.0,-39.50707244873047
2021-11-18 09:00:00,74.73978,46.0,-28.739776611328125
2021-11-18 12:00:00,71.2306,47.0,-24.23059844970703
2021-11-18 15:00:00,66.5878,40.0,-26.587799072265625
2021-11-18 18:00:00,63.432934,40.0,-23.432933807373047
2021-11-18 21:00:00,59.31213,45.0,-14.312129974365234
2021-11-19 00:00:00,72.5924,49.0,-23.59239959716797
2021-11-19 03:00:00,72.80039,51.0,-21.800392150878906
2021-11-19 06:00:00,70.09532,40.0,-30.095321655273438
2021-11-19 09:00:00,57.910484,38.0,-19.910484313964844
2021-11-19 12:00:00,49.056213,46.0,-3.05621337890625
2021-11-19 15:00:00,43.478962,43.0,-0.4789619445800781
2021-11-19 18:00:00,37.501934,38.0,0.4980659484863281
2021-11-19 21:00:00,30.62928,47.0,16.37071990966797
2021-11-20 00:00:00,21.83583,39.0,17.164169311523438
2021-11-20 03:00:00,26.572365,49.0,22.427635192871094
2021-11-20 06:00:00,30.728643,50.0,19.2713565826416
2021-11-20 09:00:00,30.683424,48.0,17.31657600402832
2021-11-20 12:00:00,20.19442,44.0,23.805580139160156
2021-11-20 15:00:00,23.985023,53.0,29.014976501464844
2021-11-20 18:00:00,24.679026,34.0,9.320974349975586
2021-11-21 00:00:00,13.176929,41.0,27.823070526123047
2021-11-21 03:00:00,10.895803,41.0,30.104196548461914
2021-11-21 06:00:00,16.797457,32.0,15.202543258666992
2021-11-21 09:00:00,23.629013,34.0,10.370986938476562
2021-11-21 12:00:00,20.73918,36.0,15.260820388793945
2021-11-21 15:00:00,25.226768,44.0,18.773231506347656
2021-11-21 18:00:00,26.159626,38.0,11.840373992919922
2021-11-21 21:00:00,29.699322,41.0,11.300678253173828
2021-11-22 00:00:00,36.568905,41.0,4.431095123291016
2021-11-22 03:00:00,34.89322,36.0,1.106781005859375
2021-11-22 06:00:00,34.897198,39.0,4.102802276611328
2021-11-22 09:00:00,42.787235,38.0,-4.787235260009766
2021-11-22 12:00:00,36.042793,39.0,2.9572067260742188
2021-11-22 15:00:00,40.35411,35.0,-5.3541107177734375
2021-11-22 18:00:00,34.5035,50.0,15.496498107910156
2021-11-22 21:00:00,33.135166,39.0,5.864833831787109
2021-11-23 00:00:00,0.0,37.0,37.0
2021-11-23 03:00:00,1.4838406,45.0,43.516159415245056
2021-11-23 06:00:00,32.22965,40.0,7.770351409912109
2021-11-23 09:00:00,25.043505,57.0,31.95649528503418
2021-11-23 12:00:00,12.0247135,46.0,33.97528648376465
2021-11-23 15:00:00,35.085293,40.0,4.914707183837891
2021-11-23 18:00:00,49.73856,48.0,-1.7385597229003906
2021-11-23 21:00:00,54.27728,46.0,-8.277278900146484
2021-11-24 00:00:00,57.294983,29.0,-28.29498291015625
2021-11-24 03:00:00,58.04043,35.0,-23.040428161621094
2021-11-24 06:00:00,57.262127,39.0,-18.262126922607422
2021-11-24 09:00:00,49.08861,37.0,-12.088611602783203
2021-11-24 12:00:00,50.991558,41.0,-9.991558074951172
2021-11-24 15:00:00,47.740856,25.0,-22.740856170654297
2021-11-24 18:00:00,42.16736,35.0,-7.1673583984375
2021-11-24 21:00:00,37.55679,34.0,-3.5567893981933594
2021-11-25 00:00:00,41.803787,40.0,-1.8037872314453125
2021-11-25 03:00:00,38.444683,38.0,-0.4446830749511719
2021-11-25 06:00:00,36.922417,40.0,3.0775833129882812
2021-11-25 09:00:00,28.832176,31.0,2.1678237915039062
2021-11-25 12:00:00,25.921337,29.0,3.078662872314453
2021-11-25 15:00:00,23.972631,27.0,3.0273685455322266
2021-11-25 18:00:00,22.734184,22.0,-0.7341842651367188
2021-11-26 00:00:00,18.587343,30.0,11.412656784057617
2021-11-26 03:00:00,21.209417,37.0,15.790582656860352
2021-11-26 09:00:00,26.145813,31.0,4.85418701171875
2021-11-26 12:00:00,30.8288,23.0,-7.828800201416016
2021-11-26 15:00:00,27.119541,30.0,2.8804588317871094
2021-11-26 18:00:00,26.962425,29.0,2.0375747680664062
2021-11-26 21:00:00,32.447586,42.0,9.552413940429688
2021-11-27 00:00:00,5.784386,51.0,45.2156138420105
2021-11-27 03:00:00,17.023922,44.0,26.976078033447266
2021-11-27 06:00:00,51.1875,56.0,4.8125
2021-11-27 09:00:00,72.996956,45.0,-27.99695587158203
2021-11-27 12:00:00,57.708916,41.0,-16.70891571044922
2021-11-27 15:00:00,36.954647,45.0,8.045352935791016
2021-11-27 18:00:00,35.37457,48.0,12.625431060791016
2021-11-27 21:00:00,44.47088,45.0,0.5291213989257812
2021-11-28 00:00:00,69.697876,55.0,-14.6978759765625
2021-11-29 09:00:00,85.834274,40.0,-45.83427429199219
2021-11-29 12:00:00,63.34335,39.0,-24.34334945678711
2021-11-29 15:00:00,57.568798,37.0,-20.568798065185547
2021-11-29 18:00:00,59.549847,41.0,-18.549846649169922
2021-11-29 21:00:00,61.74332,41.0,-20.74332046508789
2021-11-30 00:00:00,107.15064,45.0,-62.15064239501953
2021-11-30 03:00:00,113.69491,40.0,-73.69490814208984
2021-11-30 06:00:00,116.89161,40.0,-76.89160919189453
2021-11-30 09:00:00,100.89477,44.0,-56.89476776123047
2021-11-30 12:00:00,68.53372,37.0,-31.533721923828125
2021-11-30 15:00:00,58.4007,39.0,-19.400699615478516
2021-11-30 18:00:00,50.843994,32.0,-18.843994140625
2021-11-30 21:00:00,47.845787,48.0,0.15421295166015625
2021-12-01 00:00:00,75.99477,47.0,-28.994766235351562
2021-12-01 03:00:00,71.99719,45.0,-26.9971923828125
2021-12-01 06:00:00,77.80045,62.0,-15.800453186035156
2021-12-01 09:00:00,70.87408,53.0,-17.87407684326172
2021-12-01 12:00:00,40.392223,52.0,11.607776641845703
2021-12-01 15:00:00,40.798626,56.0,15.201374053955078
2021-12-01 18:00:00,39.944553,41.0,1.0554466247558594
2021-12-01 21:00:00,39.0026,42.0,2.9973983764648438
2021-12-02 00:00:00,65.863335,41.0,-24.86333465576172
2021-12-02 03:00:00,68.37314,46.0,-22.373138427734375
2021-12-02 06:00:00,74.08352,48.0,-26.083518981933594
2021-12-02 09:00:00,79.67393,42.0,-37.673927307128906
2021-12-02 12:00:00,44.87171,24.0,-20.87171173095703
2021-12-02 15:00:00,49.18678,38.0,-11.186779022216797
2021-12-02 18:00:00,47.863865,32.0,-15.86386489868164
2021-12-02 21:00:00,52.100063,30.0,-22.10006332397461
2021-12-03 03:00:00,104.75321,37.0,-67.75321197509766
2021-12-03 06:00:00,55.73679,37.0,-18.73678970336914
2021-12-03 09:00:00,38.35618,24.0,-14.356178283691406
2021-12-03 12:00:00,21.770916,15.0,-6.770915985107422
2021-12-03 15:00:00,23.33843,16.0,-7.338430404663086
2021-12-03 18:00:00,26.17776,17.0,-9.177759170532227
2021-12-03 21:00:00,33.51704,19.0,-14.517040252685547
2021-12-04 00:00:00,42.548378,21.0,-21.548377990722656
2021-12-04 03:00:00,57.47938,22.0,-35.4793815612793
2021-12-04 06:00:00,64.61147,28.0,-36.611473083496094
2021-12-04 09:00:00,45.220333,26.0,-19.220333099365234
2021-12-04 12:00:00,34.053642,31.0,-3.0536422729492188
2021-12-04 15:00:00,27.677914,33.0,5.322086334228516
2021-12-04 18:00:00,25.611143,28.0,2.388856887817383
2021-12-04 21:00:00,26.053158,33.0,6.946842193603516
2021-12-05 00:00:00,17.825584,27.0,9.174415588378906
2021-12-05 03:00:00,24.080463,32.0,7.919536590576172
2021-12-05 06:00:00,29.484966,27.0,-2.484966278076172
2021-12-05 09:00:00,21.914587,32.0,10.085412979125977
2021-12-05 12:00:00,10.138706,31.0,20.86129379272461
2021-12-05 15:00:00,10.27189,33.0,22.728110313415527
2021-12-05 18:00:00,9.447603,35.0,25.552396774291992
2021-12-05 21:00:00,11.363966,43.0,31.63603401184082
2021-12-06 00:00:00,0.4431513,45.0,44.55684870481491
2021-12-06 03:00:00,3.7754261,53.0,49.224573850631714
2021-12-06 06:00:00,8.247611,35.0,26.752388954162598
2021-12-06 09:00:00,18.197624,27.0,8.802375793457031
2021-12-06 12:00:00,13.740816,27.0,13.259183883666992
2021-12-06 15:00:00,22.560812,26.0,3.439188003540039
2021-12-06 18:00:00,26.887533,28.0,1.112466812133789
2021-12-06 21:00:00,35.212452,25.0,-10.212451934814453
2021-12-07 03:00:00,116.242065,32.0,-84.2420654296875
2021-12-07 06:00:00,154.76712,37.0,-117.76712036132812
2021-12-07 09:00:00,147.33627,65.0,-82.33627319335938
2021-12-07 12:00:00,86.07589,58.0,-28.075889587402344
2021-12-07 15:00:00,61.843876,60.0,-1.8438758850097656
2021-12-07 18:00:00,48.068615,53.0,4.931385040283203
2021-12-07 21:00:00,44.14301,59.0,14.856990814208984
2021-12-08 00:00:00,52.129623,63.0,10.870376586914062
2021-12-08 03:00:00,57.21438,59.0,1.7856216430664062
2021-12-08 06:00:00,64.895065,54.0,-10.895065307617188
2021-12-08 09:00:00,58.14053,51.0,-7.140529632568359
2021-12-08 12:00:00,46.25275,54.0,7.747249603271484
2021-12-08 15:00:00,44.288242,56.0,11.71175765991211
2021-12-08 18:00:00,40.277428,53.0,12.722572326660156
2021-12-08 21:00:00,37.996357,40.0,2.003643035888672
2021-12-09 00:00:00,49.799496,44.0,-5.799495697021484
2021-12-09 03:00:00,8.780034,59.0,50.21996593475342
2021-12-09 06:00:00,38.148754,72.0,33.85124588012695
2021-12-09 09:00:00,59.025665,60.0,0.974334716796875
2021-12-09 12:00:00,49.06292,49.0,-0.06291961669921875
2021-12-09 15:00:00,49.996517,56.0,6.003482818603516
2021-12-09 18:00:00,50.768906,59.0,8.231094360351562
2021-12-09 21:00:00,50.6202,70.0,19.379798889160156
2021-12-10 00:00:00,66.720985,80.0,13.279014587402344
2021-12-10 03:00:00,62.432037,71.0,8.567962646484375
2021-12-10 06:00:00,80.014275,85.0,4.985725402832031
2021-12-10 09:00:00,92.80268,50.0,-42.80268096923828
2021-12-10 12:00:00,85.69134,44.0,-41.69133758544922
2021-12-10 15:00:00,76.51715,52.0,-24.51715087890625
2021-12-10 18:00:00,71.81643,60.0,-11.816429138183594
2021-12-10 21:00:00,73.2648,51.0,-22.264801025390625
2021-12-11 00:00:00,72.50173,54.0,-18.501731872558594
2021-12-11 03:00:00,69.776886,49.0,-20.776885986328125
2021-12-11 06:00:00,75.63233,53.0,-22.63233184814453
2021-12-11 09:00:00,66.81023,40.0,-26.810226440429688
2021-12-11 12:00:00,43.126137,38.0,-5.126136779785156
2021-12-11 15:00:00,41.40793,26.0,-15.407928466796875
2021-12-11 18:00:00,36.96482,24.0,-12.964820861816406
2021-12-11 21:00:00,37.730614,28.0,-9.730613708496094
2021-12-12 00:00:00,34.215874,34.0,-0.21587371826171875
2021-12-12 03:00:00,50.403286,33.0,-17.40328598022461
2021-12-12 06:00:00,62.761272,30.0,-32.76127243041992
2021-12-12 09:00:00,56.13754,33.0,-23.13753890991211
2021-12-12 12:00:00,46.771503,41.0,-5.771503448486328
2021-12-12 18:00:00,46.424362,50.0,3.5756378173828125
2021-12-12 21:00:00,53.334587,38.0,-15.334587097167969
2021-12-13 00:00:00,61.606327,54.0,-7.606327056884766
2021-12-13 03:00:00,68.86046,57.0,-11.860458374023438
2021-12-13 06:00:00,82.61588,41.0,-41.615882873535156
2021-12-13 09:00:00,72.2141,42.0,-30.21410369873047
2021-12-13 12:00:00,51.37531,43.0,-8.375308990478516
2021-12-13 15:00:00,41.930946,40.0,-1.9309463500976562
2021-12-13 18:00:00,37.939457,31.0,-6.939456939697266
2021-12-13 21:00:00,37.906147,31.0,-6.906147003173828
2021-12-14 00:00:00,70.91353,37.0,-33.91352844238281
2021-12-14 03:00:00,62.309254,48.0,-14.309253692626953
2021-12-14 06:00:00,61.20956,38.0,-23.20956039428711
2021-12-14 09:00:00,57.451473,40.0,-17.451473236083984
2021-12-14 12:00:00,55.000156,41.0,-14.00015640258789
2021-12-14 15:00:00,55.171993,49.0,-6.171993255615234
2021-12-14 18:00:00,52.633938,58.0,5.366062164306641
2021-12-14 21:00:00,49.826553,60.0,10.173446655273438
2021-12-15 00:00:00,81.05269,60.0,-21.052688598632812
2021-12-15 03:00:00,79.583405,68.0,-11.583404541015625
2021-12-15 06:00:00,84.635475,74.0,-10.635475158691406
2021-12-15 12:00:00,66.31194,47.0,-19.31194305419922
2021-12-15 15:00:00,61.500145,47.0,-14.500144958496094
2021-12-15 18:00:00,59.127045,45.0,-14.127044677734375
2021-12-15 21:00:00,54.59026,46.0,-8.590259552001953
2021-12-16 00:00:00,10.239774,41.0,30.760226249694824
2021-12-16 03:00:00,13.866157,48.0,34.133843421936035
2021-12-16 06:00:00,17.266302,53.0,35.73369789123535
2021-12-16 09:00:00,25.098501,41.0,15.901498794555664
2021-12-16 12:00:00,21.66422,35.0,13.335779190063477
2021-12-16 15:00:00,35.569088,37.0,1.4309120178222656
2021-12-16 18:00:00,34.07416,33.0,-1.0741615295410156
2021-12-16 21:00:00,28.99384,31.0,2.0061607360839844
2021-12-17 00:00:00,6.597077,34.0,27.402923107147217
2021-12-17 03:00:00,11.144721,32.0,20.855278968811035
2021-12-17 06:00:00,15.264846,41.0,25.735154151916504
2021-12-17 09:00:00,20.535055,34.0,13.464944839477539
2021-12-17 12:00:00,22.51278,25.0,2.4872207641601562
2021-12-17 15:00:00,26.42264,21.0,-5.422639846801758
2021-12-17 18:00:00,18.918173,35.0,16.08182716369629
2021-12-17 21:00:00,14.366606,23.0,8.633394241333008
2021-12-18 00:00:00,14.521447,28.0,13.47855281829834
2021-12-18 03:00:00,18.176706,28.0,9.823293685913086
2021-12-18 06:00:00,27.568604,30.0,2.431396484375
2021-12-18 09:00:00,39.911926,32.0,-7.91192626953125
2021-12-18 12:00:00,42.076637,19.0,-23.076637268066406
2021-12-18 15:00:00,48.012623,19.0,-29.012622833251953
2021-12-18 18:00:00,48.263927,22.0,-26.263927459716797
2021-12-18 21:00:00,45.815567,17.0,-28.815567016601562
2021-12-19 00:00:00,0.1555236,21.0,20.844476401805878
2021-12-19 06:00:00,17.188995,19.0,1.811004638671875
2021-12-19 09:00:00,36.603523,30.0,-6.603523254394531
2021-12-19 12:00:00,54.21964,20.0,-34.21963882446289
2021-12-19 15:00:00,63.163044,24.0,-39.16304397583008
2021-12-19 18:00:00,65.171776,22.0,-43.171775817871094
2021-12-19 21:00:00,61.83245,16.0,-45.83245086669922
2021-12-20 00:00:00,37.371593,20.0,-17.371593475341797
2021-12-20 03:00:00,32.271145,23.0,-9.27114486694336
2021-12-20 06:00:00,29.874172,35.0,5.125827789306641
2021-12-20 12:00:00,35.91333,21.0,-14.913330078125
2021-12-20 18:00:00,34.14857,29.0,-5.148571014404297
2021-12-20 21:00:00,34.652203,22.0,-12.652202606201172
2021-12-21 00:00:00,6.980258,22.0,15.019742012023926
2021-12-21 03:00:00,3.9593716,36.0,32.04062843322754
2021-12-21 06:00:00,12.673126,29.0,16.326873779296875
2021-12-21 09:00:00,48.38341,27.0,-21.383411407470703
2021-12-21 12:00:00,69.07658,35.0,-34.076576232910156
2021-12-21 15:00:00,112.7654,44.0,-68.7654037475586
2021-12-21 18:00:00,122.66446,44.0,-78.66445922851562
2021-12-21 21:00:00,132.18233,46.0,-86.18232727050781
2021-12-22 00:00:00,114.71912,104.0,-10.7191162109375
2021-12-22 03:00:00,100.126274,49.0,-51.12627410888672
2021-12-22 06:00:00,86.19872,26.0,-60.19872283935547
2021-12-22 09:00:00,68.32761,24.0,-44.327606201171875
2021-12-22 12:00:00,56.17767,26.0,-30.177669525146484
2021-12-22 15:00:00,48.606808,28.0,-20.606807708740234
2021-12-22 18:00:00,38.364876,21.0,-17.36487579345703
2021-12-22 21:00:00,32.75909,12.0,-20.759090423583984
2021-12-23 00:00:00,37.174004,15.0,-22.17400360107422
2021-12-23 03:00:00,34.77794,22.0,-12.777938842773438
2021-12-23 06:00:00,29.803516,26.0,-3.803516387939453
2021-12-23 09:00:00,19.798847,28.0,8.201152801513672
2021-12-23 12:00:00,7.1009936,27.0,19.899006366729736
2021-12-23 15:00:00,9.268603,27.0,17.731396675109863
2021-12-23 18:00:00,10.802239,15.0,4.197760581970215
2021-12-23 21:00:00,14.186185,16.0,1.8138151168823242
2021-12-24 00:00:00,18.106335,21.0,2.893665313720703
2021-12-24 03:00:00,31.904278,16.0,-15.904277801513672
2021-12-24 06:00:00,41.324482,24.0,-17.324481964111328
2021-12-24 09:00:00,43.99209,24.0,-19.992088317871094
2021-12-24 12:00:00,23.57848,24.0,0.4215202331542969
2021-12-24 15:00:00,29.725073,28.0,-1.7250728607177734
2021-12-24 18:00:00,32.10607,24.0,-8.106071472167969
2021-12-24 21:00:00,32.678257,31.0,-1.6782569885253906
2021-12-25 00:00:00,55.551937,27.0,-28.551937103271484
2021-12-25 03:00:00,51.626102,29.0,-22.626102447509766
2021-12-25 06:00:00,51.97302,23.0,-28.973018646240234
2021-12-25 09:00:00,50.432503,24.0,-26.43250274658203
2021-12-25 12:00:00,29.847143,23.0,-6.847143173217773
2021-12-25 15:00:00,25.670773,16.0,-9.670772552490234
2021-12-25 18:00:00,24.489283,20.0,-4.489282608032227
2021-12-25 21:00:00,25.374447,18.0,-7.374446868896484
2021-12-26 00:00:00,24.76679,18.0,-6.766790390014648
2021-12-26 03:00:00,26.262228,19.0,-7.262228012084961
2021-12-26 06:00:00,29.253328,14.0,-15.253328323364258
2021-12-26 09:00:00,28.368248,18.0,-10.368247985839844
2021-12-26 12:00:00,28.450415,18.0,-10.450414657592773
2021-12-26 15:00:00,35.55857,21.0,-14.558570861816406
2021-12-26 18:00:00,40.550617,17.0,-23.550617218017578
2021-12-26 21:00:00,50.447113,22.0,-28.447113037109375
2021-12-27 00:00:00,26.546047,18.0,-8.54604721069336
2021-12-27 03:00:00,27.320824,22.0,-5.320823669433594
2021-12-27 06:00:00,36.35296,30.0,-6.352958679199219
2021-12-27 09:00:00,37.04332,30.0,-7.0433197021484375
2021-12-27 12:00:00,25.748022,35.0,9.251977920532227
2021-12-27 15:00:00,22.557459,34.0,11.442541122436523
2021-12-27 18:00:00,22.228676,34.0,11.771324157714844
2021-12-27 21:00:00,23.540224,37.0,13.459775924682617
2021-12-28 00:00:00,42.95515,28.0,-14.955150604248047
2021-12-28 03:00:00,44.76988,36.0,-8.769878387451172
2021-12-28 06:00:00,44.572914,36.0,-8.572914123535156
2021-12-28 09:00:00,39.60912,112.0,72.3908805847168
2021-12-28 12:00:00,12.846953,33.0,20.15304660797119
2021-12-28 15:00:00,8.534983,39.0,30.465017318725586
2021-12-28 18:00:00,8.415327,30.0,21.584672927856445
2021-12-28 21:00:00,8.328584,44.0,35.67141628265381
2021-12-29 00:00:00,14.062266,56.0,41.93773365020752
2021-12-29 03:00:00,10.643021,66.0,55.35697937011719
2021-12-29 06:00:00,16.344131,52.0,35.65586853027344
2021-12-29 09:00:00,39.02551,27.0,-12.025508880615234
2021-12-29 12:00:00,50.449215,25.0,-25.449214935302734
2021-12-29 15:00:00,54.110275,19.0,-35.11027526855469
2021-12-29 18:00:00,54.465546,22.0,-32.465545654296875
2021-12-29 21:00:00,54.103622,25.0,-29.103622436523438
2021-12-30 00:00:00,9.0460615,25.0,15.953938484191895
2021-12-30 06:00:00,16.213335,25.0,8.786664962768555
2021-12-30 09:00:00,22.720201,29.0,6.27979850769043
2021-12-30 12:00:00,1.9590516,39.0,37.04094839096069
2021-12-30 15:00:00,9.901157,31.0,21.09884262084961
2021-12-30 18:00:00,19.711252,41.0,21.288747787475586
2021-12-30 21:00:00,30.975117,32.0,1.0248832702636719
2021-12-31 03:00:00,75.51057,34.0,-41.51056671142578
2021-12-31 06:00:00,47.669914,52.0,4.330085754394531
2021-12-31 09:00:00,35.226604,42.0,6.773395538330078
2021-12-31 12:00:00,26.055887,31.0,4.944112777709961
2021-12-31 15:00:00,24.92402,29.0,4.075979232788086
2021-12-31 18:00:00,21.074755,18.0,-3.0747547149658203
2021-12-31 21:00:00,22.66154,16.0,-6.661539077758789
2022-01-01 00:00:00,6.38363,20.0,13.61637020111084
2022-01-01 03:00:00,14.054876,22.0,7.945123672485352
2022-01-01 06:00:00,16.4423,28.0,11.557699203491211
2022-01-01 09:00:00,18.848824,19.0,0.15117645263671875
2022-01-01 12:00:00,5.128868,14.0,8.871131896972656
2022-01-01 15:00:00,6.663129,13.0,6.336871147155762
2022-01-01 18:00:00,13.83296,11.0,-2.8329601287841797
2022-01-01 21:00:00,18.563923,10.0,-8.563922882080078
2022-01-02 00:00:00,0.0,7.0,7.0
2022-01-02 03:00:00,2.6070666,8.0,5.392933368682861
2022-01-02 06:00:00,2.6815882,14.0,11.318411827087402
2022-01-02 09:00:00,17.130901,24.0,6.869098663330078
2022-01-02 12:00:00,25.814188,32.0,6.185811996459961
2022-01-02 15:00:00,35.340008,27.0,-8.340007781982422
2022-01-02 18:00:00,37.899895,25.0,-12.899894714355469
2022-01-02 21:00:00,28.744637,34.0,5.255363464355469
2022-01-03 00:00:00,8.039137,26.0,17.96086311340332
2022-01-03 03:00:00,20.779339,41.0,20.220661163330078
2022-01-03 06:00:00,25.895987,60.0,34.104013442993164
2022-01-03 09:00:00,26.03747,51.0,24.9625301361084
2022-01-03 12:00:00,28.8004,43.0,14.199600219726562
2022-01-03 15:00:00,37.107044,55.0,17.892955780029297
2022-01-03 18:00:00,38.676147,50.0,11.3238525390625
2022-01-03 21:00:00,36.60102,30.0,-6.601020812988281
2022-01-04 00:00:00,38.060307,42.0,3.9396934509277344
2022-01-04 03:00:00,38.411144,47.0,8.588855743408203
2022-01-04 06:00:00,39.260044,46.0,6.739955902099609
2022-01-04 09:00:00,36.627228,27.0,-9.627227783203125
2022-01-04 12:00:00,38.092594,40.0,1.9074058532714844
2022-01-04 15:00:00,44.73941,28.0,-16.739410400390625
2022-01-04 18:00:00,40.939198,19.0,-21.939197540283203
2022-01-04 21:00:00,38.716167,32.0,-6.716167449951172
2022-01-05 00:00:00,23.065126,17.0,-6.065126419067383
2022-01-05 03:00:00,23.172562,14.0,-9.172561645507812
2022-01-05 06:00:00,29.797888,21.0,-8.797887802124023
2022-01-05 09:00:00,31.42219,20.0,-11.422189712524414
2022-01-05 12:00:00,34.21445,25.0,-9.21445083618164
2022-01-05 15:00:00,39.90175,15.0,-24.901748657226562
2022-01-05 18:00:00,40.57938,19.0,-21.57938003540039
2022-01-05 21:00:00,42.498188,19.0,-23.498188018798828
2022-01-06 00:00:00,45.958588,25.0,-20.958587646484375
2022-01-06 03:00:00,49.26642,31.0,-18.26641845703125
2022-01-06 06:00:00,48.285187,35.0,-13.285186767578125
2022-01-06 09:00:00,41.021507,32.0,-9.021507263183594
2022-01-06 12:00:00,42.264675,29.0,-13.26467514038086
2022-01-06 15:00:00,47.459137,39.0,-8.459136962890625
2022-01-06 18:00:00,53.442078,44.0,-9.44207763671875
2022-01-06 21:00:00,60.554554,56.0,-4.554553985595703
2022-01-07 00:00:00,59.946274,45.0,-14.946273803710938
2022-01-07 03:00:00,68.324936,45.0,-23.324935913085938
2022-01-07 06:00:00,77.6829,44.0,-33.682899475097656
2022-01-07 09:00:00,73.156456,50.0,-23.156455993652344
2022-01-07 12:00:00,68.60864,47.0,-21.608642578125
2022-01-07 15:00:00,63.1984,56.0,-7.198398590087891
2022-01-07 18:00:00,60.36305,57.0,-3.363048553466797
2022-01-07 21:00:00,56.376846,73.0,16.623153686523438
2022-01-08 00:00:00,54.35504,91.0,36.64495849609375
2022-01-08 03:00:00,54.414158,87.0,32.58584213256836
2022-01-08 06:00:00,56.114914,83.0,26.885086059570312
2022-01-08 12:00:00,51.1842,52.0,0.8157997131347656
2022-01-08 15:00:00,47.152527,72.0,24.84747314453125
2022-01-08 18:00:00,44.855824,74.0,29.144176483154297
2022-01-08 21:00:00,42.40792,93.0,50.592079162597656
2022-01-09 00:00:00,35.997345,63.0,27.002655029296875
2022-01-09 03:00:00,39.954784,53.0,13.045215606689453
2022-01-09 06:00:00,48.76773,40.0,-8.767730712890625
2022-01-09 09:00:00,54.6998,27.0,-27.699798583984375
2022-01-09 12:00:00,28.194506,27.0,-1.1945056915283203
2022-01-09 15:00:00,36.674805,56.0,19.3251953125
2022-01-09 18:00:00,43.48692,138.0,94.51308059692383
2022-01-09 21:00:00,44.589684,139.0,94.41031646728516
2022-01-10 00:00:00,39.200417,124.0,84.7995834350586
2022-01-10 03:00:00,40.086605,109.0,68.91339492797852
2022-01-10 06:00:00,45.013737,147.0,101.98626327514648
2022-01-10 09:00:00,43.228,92.0,48.77199935913086
2022-01-10 12:00:00,28.162048,71.0,42.83795166015625
2022-01-10 15:00:00,34.742756,77.0,42.25724411010742
2022-01-10 18:00:00,39.754925,78.0,38.24507522583008
2022-01-10 21:00:00,38.62124,94.0,55.378761291503906
2022-01-11 00:00:00,20.076185,92.0,71.92381477355957
2022-01-11 03:00:00,22.510107,57.0,34.48989295959473
2022-01-11 06:00:00,27.056217,54.0,26.943782806396484
2022-01-11 09:00:00,30.176125,40.0,9.823875427246094
2022-01-11 12:00:00,25.207327,107.0,81.79267311096191
2022-01-11 15:00:00,30.80845,55.0,24.19154930114746
2022-01-11 21:00:00,30.476599,59.0,28.523401260375977
2022-01-12 00:00:00,4.4366856,60.0,55.56331443786621
2022-01-12 03:00:00,13.063016,75.0,61.936984062194824
2022-01-12 06:00:00,21.327991,69.0,47.6720085144043
2022-01-12 09:00:00,26.817247,79.0,52.18275260925293
2022-01-12 12:00:00,20.918804,88.0,67.08119583129883
2022-01-12 15:00:00,36.179585,47.0,10.820415496826172
2022-01-12 18:00:00,37.825485,44.0,6.1745147705078125
2022-01-12 21:00:00,40.902306,51.0,10.097694396972656
2022-01-13 00:00:00,44.502712,69.0,24.49728775024414
2022-01-13 03:00:00,46.297943,75.0,28.702056884765625
2022-01-13 06:00:00,47.095627,52.0,4.9043731689453125
2022-01-13 09:00:00,46.303795,38.0,-8.303794860839844
2022-01-13 12:00:00,48.57574,26.0,-22.575740814208984
2022-01-13 15:00:00,52.93248,37.0,-15.932479858398438
2022-01-13 18:00:00,45.425964,46.0,0.57403564453125
2022-01-13 21:00:00,40.056194,70.0,29.943805694580078
2022-01-14 00:00:00,33.61038,64.0,30.38962173461914
2022-01-14 03:00:00,34.878666,78.0,43.121334075927734
2022-01-14 06:00:00,37.495056,65.0,27.50494384765625
2022-01-14 09:00:00,40.196964,55.0,14.803035736083984
2022-01-14 12:00:00,37.28428,46.0,8.715721130371094
2022-01-14 15:00:00,45.349964,50.0,4.650035858154297
2022-01-14 18:00:00,41.685097,41.0,-0.6850967407226562
2022-01-14 21:00:00,39.096447,50.0,10.903553009033203
2022-01-16 00:00:00,91.45151,62.0,-29.451507568359375
2022-01-16 03:00:00,91.11681,72.0,-19.11681365966797
2022-01-16 06:00:00,81.74061,66.0,-15.740608215332031
2022-01-16 09:00:00,62.537537,88.0,25.46246337890625
2022-01-16 12:00:00,47.7728,72.0,24.22719955444336
2022-01-16 15:00:00,42.26365,42.0,-0.26364898681640625
2022-01-16 18:00:00,36.164238,29.0,-7.164237976074219
2022-01-16 21:00:00,34.926414,32.0,-2.9264144897460938
2022-01-17 00:00:00,74.04196,27.0,-47.041961669921875
2022-01-17 03:00:00,64.48499,31.0,-33.48499298095703
2022-01-17 06:00:00,61.328136,50.0,-11.328136444091797
2022-01-17 09:00:00,64.07754,52.0,-12.077537536621094
2022-01-17 12:00:00,50.227753,41.0,-9.227752685546875
2022-01-17 15:00:00,52.205906,37.0,-15.20590591430664
2022-01-17 18:00:00,47.44561,34.0,-13.445610046386719
2022-01-17 21:00:00,42.276043,35.0,-7.276042938232422
2022-01-18 00:00:00,43.32014,31.0,-12.320140838623047
2022-01-18 03:00:00,34.130608,39.0,4.869392395019531
2022-01-18 06:00:00,36.505753,18.0,-18.505752563476562
2022-01-18 09:00:00,45.06228,18.0,-27.062278747558594
2022-01-18 12:00:00,45.686646,25.0,-20.6866455078125
2022-01-18 15:00:00,39.898167,25.0,-14.89816665649414
2022-01-18 18:00:00,31.194077,14.0,-17.194076538085938
2022-01-18 21:00:00,29.039257,15.0,-14.039257049560547
2022-01-19 00:00:00,43.718956,9.0,-34.718955993652344
2022-01-19 03:00:00,40.31699,30.0,-10.31698989868164
2022-01-19 06:00:00,30.013098,18.0,-12.013097763061523
2022-01-19 09:00:00,22.82252,17.0,-5.822519302368164
2022-01-19 12:00:00,16.84316,25.0,8.156839370727539
2022-01-19 15:00:00,14.345573,19.0,4.654426574707031
2022-01-19 18:00:00,11.941211,16.0,4.058789253234863
2022-01-20 00:00:00,39.856785,14.0,-25.85678482055664
2022-01-20 03:00:00,43.066395,32.0,-11.066394805908203
2022-01-20 06:00:00,40.24605,38.0,-2.246051788330078
2022-01-20 09:00:00,36.804523,34.0,-2.804523468017578
2022-01-20 12:00:00,31.695776,31.0,-0.6957759857177734
2022-01-20 15:00:00,40.949432,35.0,-5.949432373046875
2022-01-20 18:00:00,60.340767,24.0,-36.34076690673828
2022-01-20 21:00:00,129.38756,51.0,-78.38755798339844
2022-01-21 00:00:00,132.4845,63.0,-69.4844970703125
2022-01-21 03:00:00,97.91313,92.0,-5.9131317138671875
2022-01-21 06:00:00,86.93985,70.0,-16.939849853515625
2022-01-21 09:00:00,82.72451,88.0,5.275489807128906
2022-01-21 12:00:00,100.376045,105.0,4.623954772949219
2022-01-21 15:00:00,93.99094,51.0,-42.990936279296875
2022-01-21 18:00:00,80.89864,63.0,-17.898643493652344
2022-01-21 21:00:00,70.7455,44.0,-26.745498657226562
2022-01-22 00:00:00,57.664352,31.0,-26.664352416992188
2022-01-22 03:00:00,52.95715,26.0,-26.957149505615234
2022-01-22 06:00:00,55.599686,30.0,-25.599685668945312
2022-01-22 09:00:00,45.655384,28.0,-17.655384063720703
2022-01-22 12:00:00,34.77382,33.0,-1.7738189697265625
2022-01-22 15:00:00,26.594904,26.0,-0.5949039459228516
2022-01-22 21:00:00,24.983252,29.0,4.016748428344727
2022-01-23 00:00:00,11.303655,25.0,13.696345329284668
2022-01-23 03:00:00,16.868399,23.0,6.131601333618164
2022-01-23 06:00:00,22.493168,29.0,6.506832122802734
2022-01-23 09:00:00,21.214077,30.0,8.78592300415039
2022-01-23 15:00:00,10.852318,25.0,14.147682189941406
2022-01-23 18:00:00,12.491171,46.0,33.50882911682129
2022-01-23 21:00:00,15.282922,53.0,37.71707820892334
2022-01-24 00:00:00,28.06837,60.0,31.931629180908203
2022-01-24 03:00:00,39.235146,59.0,19.764854431152344
2022-01-24 09:00:00,64.8414,28.0,-36.841400146484375
2022-01-24 12:00:00,57.619587,25.0,-32.61958694458008
2022-01-24 15:00:00,56.601265,37.0,-19.60126495361328
2022-01-24 18:00:00,55.992756,38.0,-17.992755889892578
2022-01-24 21:00:00,56.07308,32.0,-24.073078155517578
2022-01-25 00:00:00,20.59096,32.0,11.409040451049805
2022-01-25 03:00:00,45.288174,49.0,3.7118263244628906
2022-01-25 06:00:00,86.40916,53.0,-33.409156799316406
2022-01-25 12:00:00,57.534466,50.0,-7.534465789794922
2022-01-25 15:00:00,50.9757,42.0,-8.975700378417969
2022-01-25 18:00:00,52.360577,46.0,-6.360576629638672
2022-01-25 21:00:00,53.73772,36.0,-17.737720489501953
2022-01-26 03:00:00,37.14672,44.0,6.853279113769531
2022-01-26 06:00:00,40.944996,74.0,33.05500411987305
2022-01-26 09:00:00,50.089,74.0,23.910999298095703
2022-01-26 12:00:00,41.54026,71.0,29.459739685058594
2022-01-26 15:00:00,53.80582,71.0,17.19417953491211
2022-01-26 18:00:00,59.888237,65.0,5.111763000488281
2022-01-26 21:00:00,60.06735,63.0,2.9326515197753906
2022-01-27 00:00:00,57.34796,59.0,1.65203857421875
2022-01-27 03:00:00,50.920788,65.0,14.079212188720703
2022-01-27 06:00:00,50.92852,66.0,15.071479797363281
2022-01-27 09:00:00,64.52842,53.0,-11.528419494628906
2022-01-27 12:00:00,114.627655,49.0,-65.62765502929688
2022-01-27 15:00:00,206.11691,86.0,-120.11691284179688
2022-01-27 18:00:00,136.81108,28.0,-108.81108093261719
2022-01-27 21:00:00,71.11475,36.0,-35.11475372314453
2022-01-28 00:00:00,116.788216,47.0,-69.78821563720703
2022-01-28 03:00:00,145.03258,75.0,-70.03257751464844
2022-01-28 06:00:00,137.99461,242.0,104.00538635253906
2022-01-28 09:00:00,128.45302,258.0,129.54698181152344
2022-01-28 12:00:00,138.12656,297.0,158.87344360351562
2022-01-28 15:00:00,130.4955,318.0,187.50450134277344
2022-01-28 18:00:00,117.11199,251.0,133.88800811767578
2022-01-28 21:00:00,105.67646,163.0,57.32353973388672
2022-01-29 00:00:00,115.409424,105.0,-10.409423828125
2022-01-29 03:00:00,109.63913,109.0,-0.639129638671875
2022-01-29 06:00:00,102.04576,94.0,-8.045761108398438
2022-01-29 09:00:00,89.297714,105.0,15.702285766601562
2022-01-29 12:00:00,96.94116,87.0,-9.941162109375
2022-01-29 15:00:00,72.27647,42.0,-30.276466369628906
2022-01-29 18:00:00,50.3631,28.0,-22.36309814453125
2022-01-29 21:00:00,38.60896,22.0,-16.608959197998047
2022-01-30 00:00:00,0.0,26.0,26.0
2022-01-30 03:00:00,0.0,26.0,26.0
2022-01-30 06:00:00,14.6034155,32.0,17.396584510803223
2022-01-30 09:00:00,32.187073,39.0,6.81292724609375
2022-01-30 12:00:00,69.5845,32.0,-37.584503173828125
2022-01-30 15:00:00,76.50391,23.0,-53.50390625
2022-01-30 18:00:00,75.859245,21.0,-54.85924530029297
2022-01-30 21:00:00,69.27826,23.0,-46.27825927734375
2022-01-31 00:00:00,69.28269,20.0,-49.282691955566406
2022-01-31 03:00:00,68.580444,27.0,-41.5804443359375
2022-01-31 06:00:00,71.03836,30.0,-41.038360595703125
2022-01-31 09:00:00,75.69668,28.0,-47.696678161621094
2022-01-31 12:00:00,79.73574,30.0,-49.735740661621094
2022-01-31 15:00:00,85.22699,44.0,-41.22698974609375
2022-01-31 18:00:00,92.14102,49.0,-43.141021728515625
2022-01-31 21:00:00,90.10125,40.0,-50.10124969482422
2022-02-01 00:00:00,85.64814,49.0,-36.64813995361328
2022-02-01 03:00:00,78.589554,65.0,-13.589553833007812
2022-02-01 06:00:00,95.03765,52.0,-43.03765106201172
2022-02-01 09:00:00,162.66096,71.0,-91.66096496582031
2022-02-01 12:00:00,168.96416,71.0,-97.96415710449219
2022-02-01 15:00:00,98.898,50.0,-48.89800262451172
2022-02-01 18:00:00,70.37807,52.0,-18.378067016601562
2022-02-01 21:00:00,71.39124,49.0,-22.39124298095703
2022-02-02 00:00:00,105.05209,57.0,-48.052093505859375
2022-02-02 03:00:00,127.90497,62.0,-65.90496826171875
2022-02-02 06:00:00,134.87817,79.0,-55.878173828125
2022-02-02 09:00:00,113.62374,59.0,-54.623741149902344
2022-02-02 12:00:00,74.278656,51.0,-23.278656005859375
2022-02-02 15:00:00,52.609493,42.0,-10.609493255615234
2022-02-02 18:00:00,39.784595,43.0,3.215404510498047
2022-02-02 21:00:00,33.78034,42.0,8.219661712646484
2022-02-03 00:00:00,46.24462,44.0,-2.2446212768554688
2022-02-03 03:00:00,47.246773,36.0,-11.246772766113281
2022-02-03 06:00:00,48.66331,28.0,-20.663311004638672
2022-02-03 09:00:00,48.229424,27.0,-21.22942352294922
2022-02-03 12:00:00,35.584064,30.0,-5.584064483642578
2022-02-03 15:00:00,40.91652,26.0,-14.916519165039062
2022-02-03 18:00:00,41.58903,34.0,-7.589031219482422
2022-02-03 21:00:00,41.94078,39.0,-2.9407806396484375
2022-02-04 00:00:00,39.64453,37.0,-2.64453125
2022-02-04 03:00:00,45.828983,39.0,-6.828983306884766
2022-02-04 06:00:00,55.00573,53.0,-2.0057296752929688
2022-02-04 09:00:00,66.70632,44.0,-22.706321716308594
2022-02-04 12:00:00,63.76649,53.0,-10.766490936279297
2022-02-04 15:00:00,65.294044,49.0,-16.294044494628906
2022-02-04 18:00:00,58.708736,60.0,1.2912635803222656
2022-02-04 21:00:00,54.636475,56.0,1.363525390625
2022-02-05 00:00:00,36.745804,55.0,18.254196166992188
2022-02-05 06:00:00,92.85327,57.0,-35.853271484375
2022-02-05 09:00:00,139.57024,59.0,-80.57023620605469
2022-02-05 12:00:00,100.44485,69.0,-31.444847106933594
2022-02-05 15:00:00,79.78463,38.0,-41.784629821777344
2022-02-05 18:00:00,66.84513,24.0,-42.845130920410156
2022-02-05 21:00:00,67.68994,29.0,-38.68994140625
2022-02-06 00:00:00,74.17566,39.0,-35.1756591796875
2022-02-06 03:00:00,87.09912,36.0,-51.09912109375
2022-02-06 06:00:00,93.44041,40.0,-53.440406799316406
2022-02-06 09:00:00,84.677795,36.0,-48.67779541015625
2022-02-06 12:00:00,72.366165,39.0,-33.36616516113281
2022-02-06 18:00:00,52.585052,40.0,-12.585052490234375
2022-02-06 21:00:00,44.884815,30.0,-14.884815216064453
2022-02-07 00:00:00,44.248283,28.0,-16.24828338623047
2022-02-07 03:00:00,51.91248,26.0,-25.912479400634766
2022-02-07 06:00:00,48.873913,22.0,-26.873912811279297
2022-02-07 09:00:00,23.193876,20.0,-3.193876266479492
2022-02-07 12:00:00,25.986822,24.0,-1.9868221282958984
2022-02-07 15:00:00,31.602894,21.0,-10.602893829345703
2022-02-07 18:00:00,37.998745,16.0,-21.99874496459961
2022-02-07 21:00:00,42.18305,19.0,-23.183048248291016
2022-02-08 00:00:00,23.986502,23.0,-0.9865016937255859
2022-02-08 03:00:00,34.940514,29.0,-5.940513610839844
2022-02-08 06:00:00,38.42308,26.0,-12.423080444335938
2022-02-08 09:00:00,25.059763,27.0,1.940237045288086
2022-02-08 12:00:00,20.199621,28.0,7.800378799438477
2022-02-08 18:00:00,24.078077,21.0,-3.0780773162841797
2022-02-08 21:00:00,24.97336,17.0,-7.973360061645508
2022-02-09 00:00:00,40.856777,19.0,-21.85677719116211
2022-02-09 03:00:00,39.663517,33.0,-6.663516998291016
2022-02-09 06:00:00,34.709614,38.0,3.290386199951172
2022-02-09 09:00:00,18.982632,31.0,12.01736831665039
2022-02-09 15:00:00,15.769956,25.0,9.2300443649292
2022-02-09 18:00:00,14.5705595,32.0,17.42944049835205
2022-02-09 21:00:00,16.908756,40.0,23.091243743896484
2022-02-10 00:00:00,13.712792,41.0,27.28720760345459
2022-02-10 03:00:00,16.94491,56.0,39.05508995056152
2022-02-10 06:00:00,18.065065,48.0,29.934934616088867
2022-02-10 09:00:00,8.41726,30.0,21.58273983001709
2022-02-14 09:00:00,74.73966,35.0,-39.739662170410156
2022-02-14 12:00:00,66.14755,43.0,-23.147552490234375
2022-02-14 15:00:00,53.98147,35.0,-18.981468200683594
2022-02-14 18:00:00,43.588898,43.0,-0.588897705078125
2022-02-15 00:00:00,11.354814,82.0,70.64518642425537
2022-02-15 03:00:00,14.257693,75.0,60.74230670928955
2022-02-15 06:00:00,21.063784,63.0,41.93621635437012
2022-02-15 09:00:00,24.154247,47.0,22.845752716064453
2022-02-15 12:00:00,34.573647,69.0,34.426353454589844
2022-02-15 15:00:00,34.866558,63.0,28.133441925048828
2022-02-15 18:00:00,30.054195,50.0,19.945804595947266
2022-02-15 21:00:00,27.76676,44.0,16.233240127563477
2022-02-16 00:00:00,15.8415785,57.0,41.15842151641846
2022-02-16 03:00:00,21.781488,65.0,43.2185115814209
2022-02-16 06:00:00,22.389145,74.0,51.61085510253906
2022-02-16 09:00:00,21.70634,48.0,26.293659210205078
2022-02-16 12:00:00,25.352165,51.0,25.64783477783203
2022-02-16 15:00:00,26.920532,74.0,47.0794677734375
2022-02-16 18:00:00,23.32456,70.0,46.67543983459473
2022-02-16 21:00:00,21.767279,65.0,43.23272132873535
2022-02-17 00:00:00,25.91321,66.0,40.08679008483887
2022-02-17 03:00:00,28.073374,67.0,38.926626205444336
2022-02-17 09:00:00,41.2806,23.0,-18.280601501464844
2022-02-17 12:00:00,38.576103,21.0,-17.57610321044922
2022-02-17 15:00:00,32.787228,16.0,-16.787227630615234
2022-02-17 18:00:00,24.01839,21.0,-3.018390655517578
2022-02-17 21:00:00,21.07845,24.0,2.921550750732422
2022-02-18 00:00:00,21.228004,20.0,-1.2280044555664062
2022-02-18 03:00:00,22.688936,23.0,0.3110637664794922
2022-02-18 06:00:00,25.136728,19.0,-6.136728286743164
2022-02-18 09:00:00,23.609858,26.0,2.3901424407958984
2022-02-18 12:00:00,42.468685,29.0,-13.468685150146484
2022-02-18 15:00:00,49.98657,27.0,-22.986568450927734
2022-02-18 18:00:00,48.939457,29.0,-19.939456939697266
2022-02-18 21:00:00,47.59238,31.0,-16.59238052368164
2022-02-19 00:00:00,29.619514,27.0,-2.6195144653320312
2022-02-19 03:00:00,31.986473,37.0,5.013526916503906
2022-02-19 06:00:00,33.086735,31.0,-2.0867347717285156
2022-02-19 09:00:00,31.347553,35.0,3.652446746826172
2022-02-19 12:00:00,28.394878,37.0,8.605121612548828
2022-02-19 15:00:00,22.293137,45.0,22.706863403320312
2022-02-19 18:00:00,14.42811,16.0,1.571889877319336
2022-02-19 21:00:00,12.815122,27.0,14.1848783493042
2022-02-20 00:00:00,21.302412,21.0,-0.3024120330810547
2022-02-20 03:00:00,24.998259,26.0,1.0017414093017578
2022-02-21 00:00:00,126.12872,70.0,-56.12872314453125
2022-02-21 03:00:00,151.45633,150.0,-1.456329345703125
2022-02-21 06:00:00,180.6809,112.0,-68.68089294433594
2022-02-21 09:00:00,166.06203,62.0,-104.06202697753906
2022-02-21 12:00:00,162.58423,39.0,-123.584228515625
2022-02-21 15:00:00,145.18025,29.0,-116.18025207519531
2022-02-21 18:00:00,125.70627,33.0,-92.70626831054688
2022-02-21 21:00:00,109.43222,29.0,-80.43222045898438
2022-02-22 00:00:00,83.849045,43.0,-40.84904479980469
2022-02-22 03:00:00,85.0614,43.0,-42.0614013671875
2022-02-22 06:00:00,90.88035,43.0,-47.880348205566406
2022-02-22 09:00:00,100.09183,45.0,-55.091827392578125
2022-02-22 12:00:00,104.47752,51.0,-53.47752380371094
2022-02-22 15:00:00,117.98767,56.0,-61.9876708984375
2022-02-22 18:00:00,125.48776,54.0,-71.48776245117188
2022-02-22 21:00:00,117.9742,57.0,-60.97419738769531
2022-02-23 00:00:00,99.96245,63.0,-36.96244812011719
2022-02-23 03:00:00,94.78481,61.0,-33.784812927246094
2022-02-23 06:00:00,88.30762,68.0,-20.3076171875
2022-02-23 09:00:00,69.49204,65.0,-4.492042541503906
2022-02-23 12:00:00,60.43507,68.0,7.564929962158203
2022-02-23 15:00:00,54.43576,64.0,9.564239501953125
2022-02-23 18:00:00,47.983234,61.0,13.016765594482422
2022-02-23 21:00:00,44.062916,55.0,10.937084197998047
2022-02-24 00:00:00,50.74139,74.0,23.258609771728516
2022-02-24 03:00:00,50.904873,82.0,31.09512710571289
2022-02-24 06:00:00,52.217445,87.0,34.782554626464844
2022-02-24 09:00:00,52.341618,55.0,2.6583824157714844
2022-02-24 12:00:00,63.92736,51.0,-12.927360534667969
2022-02-24 15:00:00,68.339264,72.0,3.660736083984375
2022-02-24 18:00:00,73.04834,73.0,-0.04833984375
2022-02-24 21:00:00,69.25734,73.0,3.7426605224609375
2022-02-25 00:00:00,66.07183,84.0,17.92816925048828
2022-02-25 03:00:00,59.92888,68.0,8.071121215820312
2022-02-25 06:00:00,57.374393,78.0,20.625606536865234
2022-02-25 09:00:00,59.925667,74.0,14.074333190917969
2022-02-25 12:00:00,49.379337,57.0,7.620662689208984
2022-02-25 15:00:00,49.40739,74.0,24.592609405517578
2022-02-25 18:00:00,45.21064,70.0,24.78936004638672
2022-02-25 21:00:00,47.090794,47.0,-0.09079360961914062
2022-02-26 00:00:00,20.598463,48.0,27.40153694152832
2022-02-26 03:00:00,24.475412,60.0,35.524587631225586
2022-02-26 06:00:00,30.437378,81.0,50.5626220703125
2022-02-26 09:00:00,38.429222,62.0,23.570777893066406
2022-02-26 12:00:00,62.985153,72.0,9.014846801757812
2022-02-26 15:00:00,56.10417,71.0,14.895828247070312
2022-02-26 18:00:00,53.59277,62.0,8.407230377197266
2022-02-26 21:00:00,62.76866,61.0,-1.7686614990234375
2022-02-27 00:00:00,89.67572,67.0,-22.67572021484375
2022-02-27 03:00:00,80.23608,65.0,-15.236076354980469
2022-02-27 06:00:00,80.54372,73.0,-7.5437164306640625
2022-02-27 09:00:00,71.0574,62.0,-9.057403564453125
2022-02-27 12:00:00,39.65485,47.0,7.345149993896484
2022-02-27 15:00:00,34.376057,25.0,-9.376056671142578
2022-02-27 18:00:00,32.621758,27.0,-5.621757507324219
2022-02-27 21:00:00,32.39893,21.0,-11.398929595947266
2022-02-28 00:00:00,26.653196,24.0,-2.653196334838867
2022-02-28 03:00:00,28.750036,30.0,1.2499637603759766
2022-02-28 06:00:00,27.961506,23.0,-4.961505889892578
2022-02-28 09:00:00,22.717983,24.0,1.2820167541503906
2022-02-28 12:00:00,31.59522,26.0,-5.595220565795898
2022-02-28 15:00:00,28.71974,28.0,-0.7197399139404297
2022-02-28 18:00:00,23.210531,27.0,3.789468765258789
2022-02-28 21:00:00,21.161669,19.0,-2.1616687774658203
2022-03-01 00:00:00,51.281178,21.0,-30.281177520751953
2022-03-01 03:00:00,52.171116,31.0,-21.17111587524414
2022-03-01 09:00:00,49.840424,26.0,-23.840423583984375
2022-03-01 12:00:00,65.693825,30.0,-35.693824768066406
2022-03-01 15:00:00,59.442867,31.0,-28.442867279052734
2022-03-01 18:00:00,48.081234,29.0,-19.081233978271484
2022-03-01 21:00:00,40.607574,25.0,-15.607574462890625
2022-03-02 00:00:00,53.641087,29.0,-24.64108657836914
2022-03-02 03:00:00,49.747314,40.0,-9.747314453125
2022-03-02 06:00:00,51.11889,27.0,-24.11888885498047
2022-03-02 09:00:00,45.399475,27.0,-18.39947509765625
2022-03-02 12:00:00,70.38216,28.0,-42.38215637207031
2022-03-02 15:00:00,63.203915,26.0,-37.203914642333984
2022-03-02 18:00:00,58.363297,35.0,-23.363296508789062
2022-03-02 21:00:00,57.2187,40.0,-17.218700408935547
2022-03-03 00:00:00,28.319618,46.0,17.680381774902344
2022-03-03 03:00:00,30.466026,39.0,8.533973693847656
2022-03-03 06:00:00,33.964283,39.0,5.035717010498047
2022-03-03 09:00:00,40.027714,42.0,1.9722862243652344
2022-03-03 12:00:00,68.415146,46.0,-22.415145874023438
2022-03-03 15:00:00,58.456295,46.0,-12.456295013427734
2022-03-03 18:00:00,48.750393,42.0,-6.750392913818359
2022-03-03 21:00:00,46.19278,38.0,-8.192779541015625
2022-03-04 00:00:00,71.821884,37.0,-34.82188415527344
2022-03-04 03:00:00,82.18467,48.0,-34.184669494628906
2022-03-04 06:00:00,106.23023,35.0,-71.23023223876953
2022-03-04 09:00:00,117.623215,46.0,-71.62321472167969
2022-03-04 12:00:00,161.72078,41.0,-120.72077941894531
2022-03-04 18:00:00,206.87389,934.0,727.1261138916016
2022-03-04 21:00:00,194.54182,827.0,632.4581756591797
2022-03-05 00:00:00,183.48692,782.0,598.5130767822266
2022-03-05 03:00:00,158.00652,685.0,526.9934844970703
2022-03-05 06:00:00,139.52332,623.0,483.4766845703125
2022-03-05 09:00:00,136.9516,279.0,142.04840087890625
2022-03-05 12:00:00,136.3054,205.0,68.69459533691406
2022-03-05 15:00:00,142.21019,177.0,34.78981018066406
2022-03-05 18:00:00,145.72197,121.0,-24.721969604492188
2022-03-05 21:00:00,144.94072,105.0,-39.94071960449219
2022-03-06 00:00:00,246.37848,91.0,-155.37847900390625
2022-03-06 03:00:00,227.38641,43.0,-184.38641357421875
2022-03-06 06:00:00,204.90779,72.0,-132.9077911376953
2022-03-06 09:00:00,185.07262,54.0,-131.07261657714844
2022-03-06 12:00:00,182.00444,44.0,-138.0044403076172
2022-03-06 15:00:00,170.03912,39.0,-131.03912353515625
2022-03-06 18:00:00,160.16792,51.0,-109.16792297363281
2022-03-06 21:00:00,144.3659,50.0,-94.36590576171875
2022-03-07 00:00:00,114.90465,57.0,-57.90464782714844
2022-03-07 03:00:00,112.67093,38.0,-74.67092895507812
2022-03-07 06:00:00,103.98276,55.0,-48.982757568359375
2022-03-07 09:00:00,72.983086,102.0,29.01691436767578
2022-03-07 12:00:00,164.06125,94.0,-70.06124877929688
2022-03-07 15:00:00,108.25159,92.0,-16.2515869140625
2022-03-07 18:00:00,91.56247,86.0,-5.562469482421875
2022-03-07 21:00:00,122.53895,87.0,-35.53894805908203
2022-03-08 00:00:00,147.28766,84.0,-63.28765869140625
2022-03-08 03:00:00,163.88913,77.0,-86.88912963867188
2022-03-08 06:00:00,116.625984,83.0,-33.62598419189453
2022-03-08 09:00:00,121.53811,77.0,-44.538108825683594
2022-03-08 12:00:00,99.71518,126.0,26.284820556640625
2022-03-08 15:00:00,116.26162,93.0,-23.261619567871094
2022-03-08 18:00:00,119.3007,97.0,-22.300697326660156
2022-03-08 21:00:00,120.156075,114.0,-6.156074523925781
2022-03-09 00:00:00,103.27858,75.0,-28.278579711914062
2022-03-09 03:00:00,99.63879,79.0,-20.63878631591797
2022-03-09 06:00:00,100.791794,87.0,-13.791793823242188
2022-03-09 09:00:00,89.175385,79.0,-10.175384521484375
2022-03-09 12:00:00,106.71874,75.0,-31.71874237060547
2022-03-09 15:00:00,103.01437,85.0,-18.014373779296875
2022-03-09 18:00:00,90.70504,84.0,-6.705039978027344
2022-03-09 21:00:00,79.263824,70.0,-9.263824462890625
2022-03-10 00:00:00,30.73137,63.0,32.26862907409668
2022-03-10 03:00:00,29.592684,71.0,41.40731620788574
2022-03-10 06:00:00,29.059948,52.0,22.940052032470703
2022-03-10 09:00:00,38.04047,32.0,-6.040470123291016
2022-03-10 12:00:00,53.713394,48.0,-5.7133941650390625
2022-03-10 15:00:00,63.416336,40.0,-23.416336059570312
2022-03-10 18:00:00,69.276215,46.0,-23.276214599609375
2022-03-10 21:00:00,67.6564,44.0,-23.656402587890625
2022-03-11 00:00:00,83.62576,39.0,-44.625762939453125
2022-03-11 03:00:00,93.13089,44.0,-49.130889892578125
2022-03-11 06:00:00,145.56673,46.0,-99.56672668457031
2022-03-11 09:00:00,168.86923,135.0,-33.869232177734375
2022-03-11 12:00:00,160.08107,126.0,-34.08106994628906
2022-03-11 15:00:00,172.4377,134.0,-38.43769836425781
2022-03-11 21:00:00,175.89264,101.0,-74.89263916015625
2022-03-12 00:00:00,107.56412,37.0,-70.56411743164062
2022-03-12 03:00:00,86.44202,34.0,-52.4420166015625
2022-03-12 06:00:00,82.07462,33.0,-49.074623107910156
2022-03-12 09:00:00,85.972145,35.0,-50.972145080566406
2022-03-12 12:00:00,110.81238,50.0,-60.8123779296875
2022-03-12 15:00:00,112.7089,76.0,-36.708900451660156
2022-03-12 21:00:00,99.04034,62.0,-37.04033660888672
2022-03-13 00:00:00,98.211334,72.0,-26.211334228515625
2022-03-13 03:00:00,96.65155,55.0,-41.65155029296875
2022-03-13 06:00:00,112.49949,82.0,-30.499488830566406
2022-03-13 09:00:00,120.44308,170.0,49.556922912597656
2022-03-13 12:00:00,86.99874,261.0,174.00125885009766
2022-03-13 15:00:00,75.201454,233.0,157.79854583740234
2022-03-13 18:00:00,71.90374,119.0,47.09626007080078
2022-03-13 21:00:00,75.348,73.0,-2.3479995727539062
2022-03-14 00:00:00,3.952664,74.0,70.04733610153198
2022-03-14 03:00:00,11.3223,91.0,79.67770004272461
2022-03-14 06:00:00,23.228495,98.0,74.77150535583496
2022-03-14 09:00:00,32.642105,87.0,54.35789489746094
2022-03-14 12:00:00,58.31379,404.0,345.6862106323242
2022-03-14 15:00:00,63.63325,80.0,16.366748809814453
2022-03-14 18:00:00,55.12584,60.0,4.8741607666015625
2022-03-14 21:00:00,49.386017,55.0,5.613983154296875
2022-03-15 00:00:00,32.52535,56.0,23.474651336669922
2022-03-15 03:00:00,30.290266,58.0,27.709733963012695
2022-03-15 06:00:00,32.86476,65.0,32.13523864746094
2022-03-15 09:00:00,43.86959,83.0,39.130409240722656
2022-03-15 12:00:00,25.057375,74.0,48.94262504577637
2022-03-15 15:00:00,34.116737,64.0,29.883262634277344
2022-03-15 18:00:00,29.35576,58.0,28.64423942565918
2022-03-15 21:00:00,22.69735,51.0,28.302650451660156
2022-03-16 00:00:00,55.49282,70.0,14.507179260253906
2022-03-16 03:00:00,82.64851,49.0,-33.64851379394531
2022-03-16 06:00:00,81.6915,35.0,-46.691497802734375
2022-03-16 09:00:00,64.95963,34.0,-30.959632873535156
2022-03-16 12:00:00,44.14676,31.0,-13.146759033203125
2022-03-16 15:00:00,39.61145,27.0,-12.6114501953125
2022-03-16 18:00:00,41.71375,20.0,-21.713748931884766
2022-03-16 21:00:00,46.39173,20.0,-26.39173126220703
2022-03-17 00:00:00,60.021877,26.0,-34.02187728881836
2022-03-17 03:00:00,58.39456,34.0,-24.394561767578125
2022-03-17 06:00:00,44.66665,39.0,-5.666648864746094
2022-03-17 09:00:00,43.28547,21.0,-22.28546905517578
2022-03-17 12:00:00,57.538273,17.0,-40.538272857666016
2022-03-17 15:00:00,50.216614,18.0,-32.21661376953125
2022-03-17 21:00:00,43.855835,26.0,-17.8558349609375
2022-03-18 03:00:00,62.393154,27.0,-35.39315414428711
2022-03-18 06:00:00,56.279305,27.0,-29.27930450439453
2022-03-18 15:00:00,66.846725,25.0,-41.84672546386719
2022-03-18 18:00:00,59.209923,20.0,-39.209922790527344
2022-03-18 21:00:00,54.634483,15.0,-39.634483337402344
2022-03-19 03:00:00,67.39958,29.0,-38.39958190917969
2022-03-19 06:00:00,58.22392,32.0,-26.223918914794922
2022-03-19 09:00:00,48.248352,28.0,-20.24835205078125
2022-03-19 12:00:00,59.864475,25.0,-34.86447525024414
2022-03-19 15:00:00,53.038433,28.0,-25.038433074951172
2022-03-19 18:00:00,45.9662,20.0,-25.966201782226562
2022-03-19 21:00:00,40.886562,15.0,-25.88656234741211
2022-03-20 00:00:00,59.367493,19.0,-40.36749267578125
2022-03-20 03:00:00,66.61753,30.0,-36.617530822753906
2022-03-20 06:00:00,81.39165,15.0,-66.39164733886719
2022-03-20 09:00:00,81.97725,23.0,-58.97724914550781
2022-03-20 12:00:00,76.409836,21.0,-55.40983581542969
2022-03-20 15:00:00,55.851048,23.0,-32.85104751586914
2022-03-20 18:00:00,41.39781,21.0,-20.397811889648438
2022-03-20 21:00:00,37.768246,25.0,-12.768245697021484
2022-03-21 00:00:00,38.778355,26.0,-12.77835464477539
2022-03-21 03:00:00,40.57574,55.0,14.424259185791016
2022-03-21 06:00:00,46.879223,28.0,-18.879222869873047
2022-03-21 09:00:00,52.84869,30.0,-22.848690032958984
2022-03-21 12:00:00,95.8828,36.0,-59.88279724121094
2022-03-21 15:00:00,94.50577,27.0,-67.50576782226562
2022-03-21 18:00:00,87.09424,34.0,-53.09423828125
2022-03-21 21:00:00,82.93944,38.0,-44.93943786621094
2022-03-22 00:00:00,42.236023,43.0,0.76397705078125
2022-03-22 03:00:00,44.691204,51.0,6.308795928955078
2022-03-22 06:00:00,51.12145,54.0,2.878551483154297
2022-03-22 09:00:00,55.623672,68.0,12.376327514648438
2022-03-22 12:00:00,36.611366,65.0,28.388633728027344
2022-03-22 15:00:00,47.36671,64.0,16.633289337158203
2022-03-24 00:00:00,21.554228,61.0,39.44577217102051
2022-03-24 03:00:00,26.47306,69.0,42.526939392089844
2022-03-24 06:00:00,36.307995,74.0,37.6920051574707
2022-03-24 09:00:00,55.36606,75.0,19.633941650390625
2022-03-24 12:00:00,64.84777,63.0,-1.8477706909179688
2022-03-24 15:00:00,61.7556,59.0,-2.7555999755859375
2022-03-24 18:00:00,55.162674,60.0,4.8373260498046875
2022-03-24 21:00:00,115.01504,49.0,-66.0150375366211
2022-03-25 00:00:00,179.23605,117.0,-62.236053466796875
2022-03-25 03:00:00,108.739075,37.0,-71.73907470703125
2022-03-25 06:00:00,66.47451,30.0,-36.474510192871094
2022-03-25 09:00:00,52.715508,42.0,-10.715507507324219
2022-03-25 12:00:00,34.932613,24.0,-10.932613372802734
2022-03-25 15:00:00,34.218372,48.0,13.781627655029297
2022-03-25 18:00:00,34.65311,23.0,-11.65311050415039
2022-03-25 21:00:00,41.32187,18.0,-23.321868896484375
2022-03-26 00:00:00,1.8064839,22.0,20.19351613521576
2022-03-26 03:00:00,7.4560375,23.0,15.543962478637695
2022-03-26 06:00:00,19.449884,24.0,4.550115585327148
2022-03-26 12:00:00,44.050865,39.0,-5.050865173339844
2022-03-26 15:00:00,52.094494,35.0,-17.094493865966797
2022-03-26 18:00:00,57.82249,32.0,-25.822490692138672
2022-03-26 21:00:00,57.67106,33.0,-24.671058654785156
2022-03-27 00:00:00,87.85901,30.0,-57.8590087890625
2022-03-27 03:00:00,65.84378,28.0,-37.843780517578125
2022-03-27 09:00:00,27.829628,29.0,1.1703720092773438
2022-03-27 12:00:00,20.49876,28.0,7.501239776611328
2022-03-27 18:00:00,19.08586,27.0,7.914140701293945
2022-03-27 21:00:00,23.652546,27.0,3.347454071044922
2022-03-28 00:00:00,33.521927,25.0,-8.521926879882812
2022-03-28 03:00:00,45.150047,27.0,-18.150047302246094
2022-03-28 06:00:00,40.052727,32.0,-8.052726745605469
2022-03-28 09:00:00,34.941593,28.0,-6.941593170166016
2022-03-28 12:00:00,48.62727,37.0,-11.627269744873047
2022-03-28 15:00:00,46.19608,29.0,-17.19607925415039
2022-03-28 18:00:00,47.92037,30.0,-17.920368194580078
2022-03-28 21:00:00,49.315075,28.0,-21.315074920654297
2022-03-29 00:00:00,71.89453,33.0,-38.89453125
2022-03-29 03:00:00,90.211075,44.0,-46.21107482910156
2022-03-29 06:00:00,88.4414,46.0,-42.44139862060547
2022-03-29 09:00:00,76.38849,34.0,-42.38848876953125
2022-03-29 12:00:00,56.497017,36.0,-20.49701690673828
2022-03-29 15:00:00,53.115173,38.0,-15.11517333984375
2022-03-29 18:00:00,51.0272,45.0,-6.027198791503906
2022-03-29 21:00:00,51.830738,41.0,-10.830738067626953
2022-03-30 00:00:00,56.617638,46.0,-10.617637634277344
2022-03-30 03:00:00,74.02252,39.0,-35.02252197265625
2022-03-30 06:00:00,82.90749,33.0,-49.907493591308594
2022-03-30 15:00:00,48.66342,6.0,-42.663421630859375
2022-03-30 18:00:00,40.248665,6.0,-34.24866485595703
2022-03-30 21:00:00,37.056225,7.0,-30.056224822998047
2022-03-31 00:00:00,55.29728,6.0,-49.297279357910156
2022-03-31 03:00:00,55.15392,7.0,-48.1539192199707
2022-03-31 06:00:00,59.02166,7.0,-52.02165985107422
2022-03-31 09:00:00,58.963566,4.0,-54.963565826416016
2022-03-31 12:00:00,42.997044,4.0,-38.99704360961914
2022-03-31 15:00:00,43.124714,5.0,-38.12471389770508
2022-03-31 18:00:00,43.498062,8.0,-35.49806213378906
2022-03-31 21:00:00,45.134014,4.0,-41.13401412963867
2022-04-01 03:00:00,54.73447,7.0,-47.73447036743164
2022-04-01 06:00:00,64.64495,3.0,-61.64495086669922
2022-04-01 09:00:00,70.1425,2.0,-68.14250183105469
2022-04-01 12:00:00,66.32479,6.0,-60.324790954589844
2022-04-01 15:00:00,60.145565,7.0,-53.145565032958984
2022-04-01 18:00:00,45.998375,4.0,-41.998374938964844
2022-04-01 21:00:00,38.37431,8.0,-30.374309539794922
2022-04-02 00:00:00,62.947037,7.0,-55.94703674316406
2022-04-02 03:00:00,74.26729,9.0,-65.26728820800781
2022-04-02 06:00:00,83.03408,3.0,-80.0340805053711
2022-04-02 09:00:00,78.34441,2.0,-76.34441375732422
2022-04-02 12:00:00,67.29794,7.0,-60.297943115234375
2022-04-02 15:00:00,60.272667,11.0,-49.272666931152344
2022-04-02 18:00:00,54.141422,6.0,-48.141422271728516
2022-04-02 21:00:00,52.86256,5.0,-47.8625602722168
2022-04-03 00:00:00,44.213264,6.0,-38.21326446533203
2022-04-03 03:00:00,54.246357,7.0,-47.24635696411133
2022-04-03 06:00:00,64.493744,1.0,-63.493743896484375
2022-04-03 09:00:00,64.61647,6.0,-58.61647033691406
2022-04-03 12:00:00,55.987186,6.0,-49.987186431884766
2022-04-03 15:00:00,50.637142,4.0,-46.637142181396484
2022-04-03 18:00:00,46.076366,7.0,-39.07636642456055
2022-04-03 21:00:00,45.582966,4.0,-41.58296585083008
2022-04-04 00:00:00,39.646236,6.0,-33.646236419677734
2022-04-04 03:00:00,43.532623,6.0,-37.532623291015625
2022-04-04 06:00:00,46.70494,5.0,-41.70494079589844
2022-04-04 09:00:00,48.986065,3.0,-45.98606491088867
2022-04-04 12:00:00,53.933548,5.0,-48.93354797363281
2022-04-04 15:00:00,59.883972,6.0,-53.88397216796875
2022-04-04 18:00:00,60.843605,8.0,-52.843605041503906
2022-04-05 15:00:00,44.567883,52.0,7.432117462158203
2022-04-05 18:00:00,41.04345,56.0,14.956550598144531
2022-04-05 21:00:00,41.48842,66.0,24.511581420898438
2022-04-06 00:00:00,38.14057,74.0,35.85942840576172
2022-04-06 03:00:00,38.984127,76.0,37.015872955322266
2022-04-06 06:00:00,36.641724,54.0,17.3582763671875
2022-04-06 09:00:00,39.16847,40.0,0.8315315246582031
2022-04-06 12:00:00,41.81021,39.0,-2.810211181640625
2022-04-06 15:00:00,44.129536,39.0,-5.129535675048828
2022-04-06 18:00:00,46.99177,36.0,-10.991771697998047
2022-04-06 21:00:00,51.436474,46.0,-5.436473846435547
2022-04-07 00:00:00,35.33023,43.0,7.669769287109375
2022-04-07 03:00:00,38.014606,49.0,10.985393524169922
2022-04-07 06:00:00,46.20074,59.0,12.799259185791016
2022-04-07 09:00:00,54.77955,54.0,-0.7795486450195312
2022-04-07 12:00:00,63.254673,54.0,-9.25467300415039
2022-04-07 15:00:00,58.383533,59.0,0.6164665222167969
2022-04-07 21:00:00,37.232895,47.0,9.767105102539062
2022-04-08 00:00:00,43.93496,50.0,6.065040588378906
2022-04-08 03:00:00,119.73498,37.0,-82.73497772216797
2022-04-08 06:00:00,122.96408,50.0,-72.96408081054688
2022-04-08 09:00:00,108.19099,50.0,-58.19098663330078
2022-04-08 12:00:00,78.21149,51.0,-27.21148681640625
2022-04-08 15:00:00,65.97895,54.0,-11.978950500488281
2022-04-08 18:00:00,61.16261,100.0,38.8373908996582
2022-04-08 21:00:00,63.901096,123.0,59.09890365600586
2022-04-09 00:00:00,105.730576,101.0,-4.7305755615234375
2022-04-09 03:00:00,103.03757,89.0,-14.037567138671875
2022-04-09 06:00:00,116.16305,92.0,-24.163047790527344
2022-04-09 09:00:00,121.38105,88.0,-33.38105010986328
2022-04-09 12:00:00,112.014275,86.0,-26.01427459716797
2022-04-09 15:00:00,122.69106,86.0,-36.691062927246094
2022-04-09 18:00:00,111.40651,72.0,-39.40650939941406
2022-04-09 21:00:00,111.22756,53.0,-58.227561950683594
2022-04-10 00:00:00,102.95901,55.0,-47.959007263183594
2022-04-10 03:00:00,153.60695,60.0,-93.60694885253906
2022-04-10 06:00:00,133.66588,68.0,-65.66587829589844
2022-04-10 09:00:00,131.00981,65.0,-66.00981140136719
2022-04-10 15:00:00,146.23532,149.0,2.764678955078125
2022-04-10 18:00:00,139.79326,239.0,99.20674133300781
2022-04-10 21:00:00,129.66599,207.0,77.33401489257812
2022-04-11 00:00:00,92.61839,210.0,117.38160705566406
2022-04-11 03:00:00,91.87488,186.0,94.1251220703125
2022-04-11 06:00:00,99.26282,161.0,61.7371826171875
2022-04-11 09:00:00,110.56852,180.0,69.43148040771484
2022-04-11 12:00:00,125.45126,141.0,15.548736572265625
2022-04-11 15:00:00,128.73738,106.0,-22.737380981445312
2022-04-11 18:00:00,111.35512,80.0,-31.355117797851562
2022-04-11 21:00:00,97.46123,80.0,-17.461227416992188
2022-04-12 00:00:00,79.676056,77.0,-2.676055908203125
2022-04-12 03:00:00,85.40962,81.0,-4.4096221923828125
2022-04-12 06:00:00,107.17372,79.0,-28.173721313476562
2022-04-12 09:00:00,107.24171,81.0,-26.24170684814453
2022-04-12 12:00:00,92.629845,60.0,-32.629844665527344
2022-04-12 15:00:00,88.63495,43.0,-45.63494873046875
2022-04-12 18:00:00,82.3116,26.0,-56.31159973144531
2022-04-12 21:00:00,69.41707,12.0,-57.41706848144531
2022-04-13 00:00:00,48.494484,19.0,-29.494483947753906
2022-04-13 03:00:00,48.58515,22.0,-26.58515167236328
2022-04-13 06:00:00,48.026264,38.0,-10.026264190673828
2022-04-13 09:00:00,50.71456,35.0,-15.714561462402344
2022-04-13 12:00:00,63.383026,41.0,-22.383026123046875
2022-04-13 15:00:00,66.31257,103.0,36.68743133544922
2022-04-13 18:00:00,61.881847,222.0,160.1181526184082
2022-04-13 21:00:00,57.638203,177.0,119.36179733276367
2022-04-14 00:00:00,87.18768,109.0,21.81231689453125
2022-04-14 03:00:00,87.78727,84.0,-3.7872695922851562
2022-04-14 06:00:00,84.24999,70.0,-14.249992370605469
2022-04-14 09:00:00,83.10536,44.0,-39.10536193847656
2022-04-14 12:00:00,80.53121,63.0,-17.531211853027344
2022-04-14 15:00:00,79.327545,42.0,-37.327545166015625
2022-04-14 18:00:00,73.542534,24.0,-49.54253387451172
2022-04-14 21:00:00,70.83406,20.0,-50.83406066894531
2022-04-15 00:00:00,75.70236,54.0,-21.702362060546875
2022-04-15 03:00:00,85.115005,55.0,-30.115005493164062
2022-04-15 06:00:00,117.3625,57.0,-60.36250305175781
2022-04-15 09:00:00,111.16163,43.0,-68.16162872314453
2022-04-15 12:00:00,85.61506,39.0,-46.61505889892578
2022-04-15 15:00:00,72.50896,32.0,-40.50895690917969
2022-04-15 18:00:00,70.91791,38.0,-32.91790771484375
2022-04-15 21:00:00,68.293274,43.0,-25.29327392578125
2022-04-16 00:00:00,46.514286,49.0,2.4857139587402344
2022-04-16 03:00:00,39.562794,50.0,10.437206268310547
2022-04-16 06:00:00,61.52885,48.0,-13.528850555419922
2022-04-16 09:00:00,84.12974,85.0,0.8702621459960938
2022-04-16 12:00:00,90.5502,105.0,14.449798583984375
2022-04-16 15:00:00,83.907936,123.0,39.092063903808594
2022-04-16 18:00:00,76.10333,37.0,-39.10333251953125
2022-04-16 21:00:00,62.33836,17.0,-45.33835983276367
2022-04-17 00:00:00,59.67058,14.0,-45.67058181762695
2022-04-17 03:00:00,52.509563,9.0,-43.50956344604492
2022-04-17 06:00:00,55.72804,26.0,-29.728038787841797
2022-04-17 09:00:00,57.56135,31.0,-26.561351776123047
2022-04-17 12:00:00,50.81131,34.0,-16.811309814453125
2022-04-17 15:00:00,45.46405,16.0,-29.46405029296875
2022-04-17 18:00:00,38.7156,11.0,-27.715599060058594
2022-04-17 21:00:00,35.227005,13.0,-22.227005004882812
2022-04-18 00:00:00,73.4874,22.0,-51.487396240234375
2022-04-18 03:00:00,81.30814,37.0,-44.308143615722656
2022-04-18 06:00:00,93.020615,30.0,-63.02061462402344
2022-04-18 09:00:00,84.12883,28.0,-56.12882995605469
2022-04-18 12:00:00,59.16678,21.0,-38.166778564453125
2022-04-18 15:00:00,57.521732,21.0,-36.521732330322266
2022-04-18 18:00:00,51.682262,19.0,-32.6822624206543
2022-04-18 21:00:00,44.58525,28.0,-16.585250854492188
2022-04-19 03:00:00,57.14401,66.0,8.85599136352539
2022-04-19 06:00:00,62.81971,44.0,-18.81970977783203
2022-04-19 09:00:00,58.847717,12.0,-46.84771728515625
2022-04-19 12:00:00,68.59301,11.0,-57.59300994873047
2022-04-19 15:00:00,65.58923,33.0,-32.5892333984375
2022-04-19 18:00:00,57.05306,20.0,-37.05305862426758
2022-04-19 21:00:00,50.14681,20.0,-30.146808624267578
2022-04-20 00:00:00,108.13983,17.0,-91.13983154296875
2022-04-20 03:00:00,98.86776,23.0,-75.86775970458984
2022-04-20 06:00:00,95.45124,26.0,-69.45124053955078
2022-04-20 09:00:00,92.069855,31.0,-61.069854736328125
2022-04-20 12:00:00,114.67665,44.0,-70.67665100097656
2022-04-20 15:00:00,111.736824,36.0,-75.73682403564453
2022-04-20 18:00:00,103.8228,29.0,-74.82279968261719
2022-04-20 21:00:00,97.21714,29.0,-68.2171401977539
2022-04-21 03:00:00,21.37341,34.0,12.626590728759766
2022-04-21 06:00:00,34.742756,41.0,6.257244110107422
2022-04-21 09:00:00,51.643497,43.0,-8.643497467041016
2022-04-21 12:00:00,46.037144,42.0,-4.037143707275391
2022-04-21 15:00:00,48.221466,35.0,-13.221466064453125
2022-04-21 18:00:00,45.63719,32.0,-13.637191772460938
2022-04-21 21:00:00,47.94265,34.0,-13.942649841308594
2022-04-22 00:00:00,65.18121,48.0,-17.18121337890625
2022-04-22 03:00:00,48.89074,40.0,-8.890739440917969
2022-04-22 06:00:00,36.72176,86.0,49.27824020385742
2022-04-22 09:00:00,50.418293,66.0,15.581707000732422
2022-04-22 12:00:00,76.80387,42.0,-34.803871154785156
2022-04-22 15:00:00,72.50298,41.0,-31.50298309326172
2022-04-22 18:00:00,64.60039,32.0,-32.60038757324219
2022-04-22 21:00:00,59.49164,44.0,-15.49163818359375
2022-04-23 00:00:00,48.14774,40.0,-8.14773941040039
2022-04-23 03:00:00,56.073303,36.0,-20.07330322265625
2022-04-23 06:00:00,65.383514,35.0,-30.383514404296875
2022-04-23 09:00:00,69.41423,48.0,-21.414230346679688
2022-04-23 12:00:00,26.222609,33.0,6.77739143371582
2022-04-23 15:00:00,29.665897,26.0,-3.6658973693847656
2022-04-23 18:00:00,33.03876,28.0,-5.038761138916016
2022-04-23 21:00:00,36.94754,34.0,-2.947540283203125
2022-04-24 00:00:00,32.70361,31.0,-1.7036094665527344
2022-04-24 03:00:00,30.35086,25.0,-5.350860595703125
2022-04-24 06:00:00,30.311525,21.0,-9.311525344848633
2022-04-24 09:00:00,33.161827,21.0,-12.161827087402344
2022-04-24 15:00:00,86.14734,14.0,-72.1473388671875
2022-04-24 18:00:00,85.36926,28.0,-57.3692626953125
2022-04-24 21:00:00,79.67037,26.0,-53.670372009277344
2022-04-25 00:00:00,51.058125,32.0,-19.058124542236328
2022-04-25 03:00:00,65.782845,30.0,-35.78284454345703
2022-04-25 06:00:00,107.40837,249.0,141.5916290283203
2022-04-25 09:00:00,130.81421,558.0,427.185791015625
2022-04-25 12:00:00,131.0451,367.0,235.95489501953125
2022-04-25 15:00:00,122.095345,144.0,21.90465545654297
2022-04-25 18:00:00,108.3713,162.0,53.628700256347656
2022-04-25 21:00:00,96.69293,137.0,40.30706787109375
2022-04-26 00:00:00,120.604,109.0,-11.603996276855469
2022-04-26 03:00:00,122.51951,108.0,-14.519508361816406
2022-04-26 06:00:00,138.06448,120.0,-18.064483642578125
2022-04-26 09:00:00,130.59981,101.0,-29.599807739257812
2022-04-26 12:00:00,113.49215,71.0,-42.492149353027344
2022-04-26 15:00:00,115.66726,82.0,-33.667259216308594
2022-04-26 18:00:00,98.33843,57.0,-41.33843231201172
2022-04-26 21:00:00,88.35104,69.0,-19.351043701171875
2022-04-27 00:00:00,18.598257,55.0,36.401742935180664
2022-04-27 03:00:00,26.108295,60.0,33.89170455932617
2022-04-27 06:00:00,34.01806,64.0,29.98194122314453
2022-04-27 09:00:00,38.858673,102.0,63.141326904296875
2022-04-27 12:00:00,45.283173,120.0,74.71682739257812
2022-04-27 15:00:00,51.13111,94.0,42.86888885498047
2022-04-27 18:00:00,56.39163,87.0,30.60837173461914
2022-04-27 21:00:00,59.053947,75.0,15.946052551269531
2022-04-28 00:00:00,47.53292,48.0,0.46707916259765625
2022-04-28 03:00:00,53.348457,113.0,59.65154266357422
2022-04-28 06:00:00,62.988194,94.0,31.01180648803711
2022-04-28 09:00:00,65.231346,84.0,18.768653869628906
2022-04-28 12:00:00,85.52467,107.0,21.475326538085938
2022-04-28 15:00:00,89.50974,157.0,67.4902572631836
2022-04-28 18:00:00,93.37237,99.0,5.627632141113281
2022-04-28 21:00:00,96.40644,79.0,-17.40644073486328
2022-04-29 03:00:00,105.21706,79.0,-26.217056274414062
2022-04-29 06:00:00,130.17206,64.0,-66.17205810546875
2022-04-29 09:00:00,136.82706,56.0,-80.82705688476562
2022-04-29 12:00:00,145.7313,37.0,-108.73129272460938
2022-04-29 15:00:00,167.45503,30.0,-137.4550323486328
2022-04-29 18:00:00,162.3871,25.0,-137.38710021972656
2022-04-29 21:00:00,151.67302,21.0,-130.6730194091797
2022-04-30 00:00:00,67.41289,17.0,-50.41288757324219
2022-04-30 03:00:00,67.35599,18.0,-49.355987548828125
2022-04-30 06:00:00,67.9114,28.0,-39.911399841308594
2022-04-30 09:00:00,66.86969,30.0,-36.86968994140625
2022-04-30 12:00:00,44.11845,39.0,-5.118450164794922
2022-04-30 15:00:00,41.37843,36.0,-5.378429412841797
2022-04-30 18:00:00,33.038532,28.0,-5.038532257080078
2022-04-30 21:00:00,34.65493,37.0,2.3450698852539062
2022-05-01 00:00:00,56.873432,42.0,-14.873432159423828
2022-05-01 03:00:00,61.420563,34.0,-27.420562744140625
2022-05-01 06:00:00,69.450836,30.0,-39.450836181640625
2022-05-01 09:00:00,76.17336,42.0,-34.173362731933594
2022-05-01 12:00:00,104.0687,42.0,-62.068702697753906
2022-05-01 15:00:00,100.06124,51.0,-49.061241149902344
2022-05-01 18:00:00,90.454704,44.0,-46.45470428466797
2022-05-01 21:00:00,90.87626,44.0,-46.876258850097656
2022-05-02 00:00:00,111.41219,47.0,-64.41219329833984
2022-05-02 03:00:00,104.168465,43.0,-61.16846466064453
2022-05-02 06:00:00,118.42917,60.0,-58.429168701171875
2022-05-02 09:00:00,163.93193,101.0,-62.93193054199219
2022-05-02 12:00:00,190.03438,286.0,95.96562194824219
2022-05-02 15:00:00,215.04013,407.0,191.95986938476562
2022-05-02 18:00:00,220.84668,155.0,-65.8466796875
2022-05-02 21:00:00,208.4953,180.0,-28.49530029296875
2022-05-03 00:00:00,221.0145,174.0,-47.014495849609375
2022-05-03 06:00:00,230.03235,331.0,100.9676513671875
2022-05-03 09:00:00,187.8352,385.0,197.164794921875
2022-05-03 12:00:00,195.78806,73.0,-122.78805541992188
2022-05-03 15:00:00,125.97275,41.0,-84.97274780273438
2022-05-03 18:00:00,86.23215,35.0,-51.232147216796875
2022-05-03 21:00:00,72.976944,37.0,-35.97694396972656
2022-05-04 00:00:00,48.43969,37.0,-11.439689636230469
2022-05-04 03:00:00,42.9809,60.0,17.019100189208984
2022-05-04 06:00:00,49.154438,30.0,-19.154438018798828
2022-05-04 09:00:00,55.897545,29.0,-26.897544860839844
2022-05-04 12:00:00,57.332615,39.0,-18.33261489868164
2022-05-04 15:00:00,60.532444,30.0,-30.53244400024414
2022-05-04 18:00:00,62.022083,46.0,-16.022083282470703
2022-05-04 21:00:00,64.56321,40.0,-24.563209533691406
2022-05-05 00:00:00,79.92731,45.0,-34.92730712890625
2022-05-05 03:00:00,73.3674,40.0,-33.367401123046875
2022-05-05 06:00:00,73.22092,47.0,-26.220916748046875
2022-05-05 09:00:00,74.76092,41.0,-33.76091766357422
2022-05-05 12:00:00,118.14632,62.0,-56.14631652832031
2022-05-05 15:00:00,110.93573,74.0,-36.93572998046875
2022-05-05 18:00:00,108.26546,123.0,14.734542846679688
2022-05-05 21:00:00,110.213936,51.0,-59.21393585205078
2022-05-06 00:00:00,116.40623,53.0,-63.406227111816406
2022-05-06 03:00:00,92.712524,51.0,-41.7125244140625
2022-05-06 06:00:00,88.01658,53.0,-35.016578674316406
2022-05-06 09:00:00,82.90988,59.0,-23.909881591796875
2022-05-06 12:00:00,99.14504,67.0,-32.145042419433594
2022-05-06 15:00:00,80.72743,65.0,-15.727432250976562
2022-05-06 18:00:00,72.72831,69.0,-3.7283096313476562
2022-05-06 21:00:00,71.775734,70.0,-1.7757339477539062
2022-05-07 00:00:00,101.96766,57.0,-44.96765899658203
2022-05-07 03:00:00,90.44663,59.0,-31.446632385253906
2022-05-07 06:00:00,88.643845,81.0,-7.6438446044921875
2022-05-07 09:00:00,87.729515,64.0,-23.729515075683594
2022-05-07 12:00:00,114.1176,112.0,-2.1175994873046875
2022-05-07 15:00:00,93.2929,72.0,-21.29290008544922
2022-05-07 18:00:00,110.349785,67.0,-43.34978485107422
2022-05-07 21:00:00,188.42195,39.0,-149.4219512939453
2022-05-08 00:00:00,171.17737,26.0,-145.1773681640625
2022-05-08 03:00:00,153.35616,51.0,-102.35615539550781
2022-05-08 06:00:00,123.01348,156.0,32.98651885986328
2022-05-08 09:00:00,103.87538,185.0,81.12461853027344
2022-05-08 12:00:00,136.16808,83.0,-53.16807556152344
2022-05-08 15:00:00,101.44566,70.0,-31.445663452148438
2022-05-08 18:00:00,55.76959,38.0,-17.769588470458984
2022-05-08 21:00:00,38.573376,31.0,-7.573375701904297
2022-05-09 00:00:00,57.14321,14.0,-43.143211364746094
2022-05-09 03:00:00,40.592113,18.0,-22.592113494873047
2022-05-09 06:00:00,27.770569,21.0,-6.77056884765625
2022-05-09 09:00:00,24.834435,15.0,-9.834434509277344
2022-05-09 12:00:00,49.056553,17.0,-32.05655288696289
2022-05-09 15:00:00,47.334198,15.0,-32.334197998046875
2022-05-09 18:00:00,51.945564,19.0,-32.94556427001953
2022-05-09 21:00:00,50.06882,18.0,-32.06882095336914
2022-05-10 00:00:00,43.86652,20.0,-23.866519927978516
2022-05-10 03:00:00,51.59393,24.0,-27.593929290771484
2022-05-10 06:00:00,52.07494,28.0,-24.074939727783203
2022-05-10 09:00:00,43.598904,19.0,-24.59890365600586
2022-05-10 12:00:00,71.03881,31.0,-40.03881072998047
2022-05-10 15:00:00,58.11455,41.0,-17.114551544189453
2022-05-10 18:00:00,53.26706,32.0,-21.267059326171875
2022-05-10 21:00:00,50.70524,19.0,-31.705238342285156
2022-05-11 00:00:00,41.421574,25.0,-16.421573638916016
2022-05-11 03:00:00,37.04838,31.0,-6.048381805419922
2022-05-11 06:00:00,39.22139,23.0,-16.221389770507812
2022-05-11 09:00:00,33.361404,25.0,-8.361404418945312
2022-05-11 12:00:00,19.7972,25.0,5.202800750732422
2022-05-11 15:00:00,21.519554,22.0,0.48044586181640625
2022-05-11 18:00:00,37.447876,29.0,-8.4478759765625
2022-05-11 21:00:00,49.160236,30.0,-19.160236358642578
2022-05-12 03:00:00,60.55143,25.0,-35.551429748535156
2022-05-12 06:00:00,56.510315,20.0,-36.51031494140625
2022-05-12 09:00:00,56.96057,28.0,-28.9605712890625
2022-05-12 12:00:00,86.31196,31.0,-55.31195831298828
2022-05-12 15:00:00,59.29087,32.0,-27.290870666503906
2022-05-12 18:00:00,52.30231,64.0,11.697689056396484
2022-05-12 21:00:00,51.694202,37.0,-14.694202423095703
2022-05-13 00:00:00,57.625813,38.0,-19.625812530517578
2022-05-13 03:00:00,83.59962,30.0,-53.59961700439453
2022-05-13 06:00:00,127.318344,58.0,-69.31834411621094
2022-05-13 09:00:00,109.860825,47.0,-62.86082458496094
2022-05-13 12:00:00,136.8801,85.0,-51.880096435546875
2022-05-13 15:00:00,117.63473,81.0,-36.634727478027344
2022-05-13 18:00:00,106.01775,111.0,4.982246398925781
2022-05-13 21:00:00,124.44843,181.0,56.55156707763672
2022-05-14 00:00:00,125.60417,172.0,46.39582824707031
2022-05-14 03:00:00,113.20821,109.0,-4.208213806152344
2022-05-14 06:00:00,117.72897,242.0,124.27102661132812
2022-05-14 09:00:00,102.15785,287.0,184.84214782714844
2022-05-14 12:00:00,107.743744,850.0,742.2562561035156
2022-05-14 15:00:00,91.78007,91.0,-0.7800674438476562
2022-05-14 18:00:00,83.75241,45.0,-38.752410888671875
2022-05-14 21:00:00,86.792854,280.0,193.20714569091797
2022-05-15 00:00:00,69.1814,81.0,11.818603515625
2022-05-15 03:00:00,86.70406,19.0,-67.70406341552734
2022-05-15 06:00:00,73.01571,28.0,-45.015708923339844
2022-05-15 09:00:00,58.88296,21.0,-37.88296127319336
2022-05-15 12:00:00,69.081696,24.0,-45.081695556640625
2022-05-15 15:00:00,61.29312,26.0,-35.293121337890625
2022-05-15 18:00:00,55.501003,24.0,-31.50100326538086
2022-05-15 21:00:00,50.17773,16.0,-34.177730560302734
2022-05-16 00:00:00,36.485744,26.0,-10.48574447631836
2022-05-16 03:00:00,40.37781,31.0,-9.377811431884766
2022-05-16 06:00:00,48.586914,25.0,-23.5869140625
2022-05-16 09:00:00,44.712807,19.0,-25.712806701660156
2022-05-16 12:00:00,63.55208,20.0,-43.55207824707031
2022-05-16 15:00:00,59.52188,36.0,-23.521881103515625
2022-05-16 18:00:00,50.42409,15.0,-35.42409133911133
2022-05-16 21:00:00,47.691628,22.0,-25.691627502441406
2022-05-17 09:00:00,144.45255,528.0,383.5474548339844
2022-05-17 12:00:00,204.61653,545.0,340.3834686279297
2022-05-17 15:00:00,187.92946,449.0,261.07054138183594
2022-05-17 18:00:00,162.93097,380.0,217.06903076171875
2022-05-17 21:00:00,138.52184,223.0,84.47816467285156
2022-05-18 00:00:00,248.01033,235.0,-13.010330200195312
2022-05-18 03:00:00,207.9658,202.0,-5.9658050537109375
2022-05-18 06:00:00,172.06915,186.0,13.93084716796875
2022-05-18 09:00:00,138.43202,176.0,37.56797790527344
2022-05-18 12:00:00,97.28137,118.0,20.7186279296875
2022-05-18 15:00:00,91.3584,78.0,-13.3583984375
2022-05-18 18:00:00,90.23893,39.0,-51.238929748535156
2022-05-18 21:00:00,85.47932,39.0,-46.47931671142578
2022-05-19 00:00:00,80.033485,30.0,-50.033485412597656
2022-05-19 03:00:00,79.8673,36.0,-43.86730194091797
2022-05-19 06:00:00,79.66537,48.0,-31.665367126464844
2022-05-19 09:00:00,82.17671,43.0,-39.17671203613281
2022-05-19 12:00:00,193.6628,36.0,-157.6627960205078
2022-05-19 15:00:00,167.0286,30.0,-137.02859497070312
2022-05-19 18:00:00,141.94427,23.0,-118.94427490234375
2022-05-19 21:00:00,126.00253,42.0,-84.00253295898438
2022-05-20 00:00:00,96.134155,62.0,-34.1341552734375
2022-05-20 03:00:00,80.18782,47.0,-33.18782043457031
2022-05-20 06:00:00,68.21079,50.0,-18.210792541503906
2022-05-20 09:00:00,61.29082,48.0,-13.290821075439453
2022-05-20 12:00:00,78.25676,41.0,-37.25675964355469
2022-05-20 15:00:00,57.957436,36.0,-21.957435607910156
2022-05-20 18:00:00,50.39499,31.0,-19.394989013671875
2022-05-20 21:00:00,54.198154,39.0,-15.19815444946289
2022-05-21 00:00:00,74.28992,37.0,-37.2899169921875
2022-05-21 03:00:00,72.034935,39.0,-33.034934997558594
2022-05-21 06:00:00,72.43824,46.0,-26.43824005126953
2022-05-21 09:00:00,94.708755,64.0,-30.708755493164062
2022-05-21 12:00:00,122.89059,75.0,-47.890586853027344
2022-05-21 15:00:00,96.945595,149.0,52.054405212402344
2022-05-21 18:00:00,85.402176,142.0,56.59782409667969
2022-05-21 21:00:00,76.15358,88.0,11.846420288085938
2022-05-22 00:00:00,70.294846,49.0,-21.294845581054688
2022-05-22 03:00:00,58.543606,40.0,-18.54360580444336
2022-05-22 06:00:00,59.088337,31.0,-28.088336944580078
2022-05-22 09:00:00,60.72753,29.0,-31.72753143310547
2022-05-22 12:00:00,58.307053,41.0,-17.307052612304688
2022-05-22 15:00:00,57.89593,36.0,-21.895931243896484
2022-05-22 18:00:00,57.18704,36.0,-21.18703842163086
2022-05-22 21:00:00,67.363884,32.0,-35.36388397216797
2022-05-23 00:00:00,68.96141,45.0,-23.961410522460938
2022-05-23 03:00:00,74.55941,42.0,-32.559410095214844
2022-05-23 06:00:00,61.657715,42.0,-19.65771484375
2022-05-23 09:00:00,49.451218,33.0,-16.451217651367188
2022-05-23 12:00:00,53.27752,34.0,-19.27751922607422
2022-05-23 15:00:00,39.05984,35.0,-4.059841156005859
2022-05-23 18:00:00,34.264305,37.0,2.7356948852539062
2022-05-23 21:00:00,47.066807,738.0,690.9331932067871
2022-05-24 03:00:00,206.94386,573.0,366.05613708496094
2022-05-24 06:00:00,133.74364,281.0,147.25636291503906
2022-05-24 09:00:00,108.56223,233.0,124.4377670288086
2022-05-24 12:00:00,164.67459,258.0,93.32540893554688
2022-05-24 15:00:00,154.2428,241.0,86.7572021484375
2022-05-24 18:00:00,143.07944,231.0,87.92056274414062
2022-05-24 21:00:00,129.4784,202.0,72.5216064453125
2022-05-25 00:00:00,111.079544,155.0,43.92045593261719
2022-05-25 03:00:00,102.26677,178.0,75.73323059082031
2022-05-25 06:00:00,95.507286,146.0,50.492713928222656
2022-05-25 09:00:00,89.11809,83.0,-6.1180877685546875
2022-05-25 12:00:00,91.688774,49.0,-42.68877410888672
2022-05-25 15:00:00,85.75774,32.0,-53.75773620605469
2022-05-25 18:00:00,78.63417,30.0,-48.63417053222656
2022-05-26 00:00:00,26.247562,56.0,29.752437591552734
2022-05-26 03:00:00,27.821272,33.0,5.178728103637695
2022-05-26 06:00:00,29.443186,33.0,3.556814193725586
2022-05-26 09:00:00,34.233494,30.0,-4.233493804931641
2022-05-26 12:00:00,142.8765,30.0,-112.87649536132812
2022-05-26 15:00:00,122.615005,30.0,-92.61500549316406
2022-05-26 18:00:00,94.292885,33.0,-61.292884826660156
2022-05-26 21:00:00,79.54236,33.0,-46.5423583984375
2022-05-27 00:00:00,38.469124,146.0,107.53087615966797
2022-05-27 03:00:00,51.01856,46.0,-5.018558502197266
2022-05-27 06:00:00,51.822723,177.0,125.17727661132812
2022-05-27 09:00:00,50.857124,80.0,29.14287567138672
2022-05-27 12:00:00,51.27856,149.0,97.72143936157227
2022-05-27 15:00:00,48.99687,193.0,144.00313186645508
2022-05-27 18:00:00,46.121613,117.0,70.87838745117188
2022-05-27 21:00:00,44.654144,65.0,20.345855712890625
2022-05-28 00:00:00,34.088318,106.0,71.91168212890625
2022-05-28 03:00:00,30.1049,128.0,97.89509963989258
2022-05-28 06:00:00,31.339426,138.0,106.66057395935059
2022-05-28 09:00:00,31.479773,148.0,116.52022743225098
2022-05-28 12:00:00,72.608826,66.0,-6.60882568359375
2022-05-28 15:00:00,56.161526,82.0,25.83847427368164
2022-05-28 18:00:00,48.45708,67.0,18.542919158935547
2022-05-28 21:00:00,45.039825,85.0,39.960174560546875
2022-05-29 00:00:00,7.4873013,28.0,20.512698650360107
2022-05-29 03:00:00,12.946771,32.0,19.053229331970215
2022-05-29 06:00:00,23.43114,339.0,315.5688591003418
2022-05-29 09:00:00,34.999233,178.0,143.0007667541504
2022-05-29 12:00:00,32.37477,152.0,119.62522888183594
2022-05-29 15:00:00,37.2504,159.0,121.74959945678711
2022-05-29 18:00:00,39.491226,77.0,37.50877380371094
2022-05-29 21:00:00,39.241856,59.0,19.75814437866211
2022-05-30 00:00:00,28.261808,42.0,13.738191604614258
2022-05-30 03:00:00,43.74789,89.0,45.25210952758789
2022-05-30 06:00:00,67.635315,101.0,33.36468505859375
2022-05-30 09:00:00,65.275345,38.0,-27.275344848632812
2022-05-30 12:00:00,58.623585,47.0,-11.623584747314453
2022-05-30 15:00:00,45.489513,61.0,15.510486602783203
2022-05-30 18:00:00,34.67608,44.0,9.323921203613281
2022-05-30 21:00:00,32.08402,74.0,41.91598129272461
2022-05-31 00:00:00,38.389713,52.0,13.610286712646484
2022-05-31 03:00:00,82.15034,45.0,-37.15033721923828
2022-05-31 06:00:00,88.262024,321.0,232.73797607421875
2022-05-31 09:00:00,70.131134,174.0,103.86886596679688
2022-05-31 12:00:00,86.24738,64.0,-22.24738311767578
2022-05-31 15:00:00,79.39684,63.0,-16.39684295654297
2022-05-31 18:00:00,70.13637,72.0,1.8636322021484375
2022-05-31 21:00:00,66.4611,86.0,19.538902282714844
2022-06-01 00:00:00,64.885284,72.0,7.114715576171875
2022-06-01 03:00:00,75.13592,53.0,-22.13591766357422
2022-06-01 09:00:00,76.16285,49.0,-27.16284942626953
2022-06-01 12:00:00,68.67674,129.0,60.32325744628906
2022-06-01 15:00:00,65.9773,103.0,37.02269744873047
2022-06-01 18:00:00,63.26553,66.0,2.7344703674316406
2022-06-01 21:00:00,59.340893,53.0,-6.340892791748047
2022-06-02 00:00:00,24.330462,56.0,31.669538497924805
2022-06-02 03:00:00,29.092916,67.0,37.90708351135254
2022-06-02 06:00:00,32.71606,77.0,44.283939361572266
2022-06-02 09:00:00,37.483345,55.0,17.51665496826172
2022-06-02 12:00:00,74.35077,98.0,23.64923095703125
2022-06-02 15:00:00,55.166595,32.0,-23.166595458984375
2022-06-02 18:00:00,44.477757,84.0,39.52224349975586
2022-06-02 21:00:00,42.173725,58.0,15.826274871826172
2022-06-03 00:00:00,65.59912,56.0,-9.59912109375
2022-06-03 03:00:00,71.57837,58.0,-13.578369140625
2022-06-03 06:00:00,88.53215,151.0,62.46784973144531
2022-06-03 09:00:00,89.620926,72.0,-17.620925903320312
2022-06-03 12:00:00,60.844513,149.0,88.15548706054688
2022-06-03 15:00:00,58.279114,63.0,4.72088623046875
2022-06-03 18:00:00,53.121597,52.0,-1.1215972900390625
2022-06-03 21:00:00,50.11424,65.0,14.885761260986328
2022-06-04 00:00:00,65.52102,60.0,-5.521018981933594
2022-06-04 03:00:00,70.87806,61.0,-9.878059387207031
2022-06-04 06:00:00,76.92017,112.0,35.07982635498047
2022-06-04 09:00:00,75.73516,76.0,0.26483917236328125
2022-06-04 12:00:00,69.71175,20.0,-49.71174621582031
2022-06-04 15:00:00,59.19557,64.0,4.8044281005859375
2022-06-04 18:00:00,56.91686,64.0,7.083141326904297
2022-06-04 21:00:00,57.4679,71.0,13.532100677490234
2022-06-05 00:00:00,47.80475,68.0,20.19525146484375
2022-06-05 03:00:00,58.61119,60.0,1.3888092041015625
2022-06-05 06:00:00,65.833664,331.0,265.1663360595703
2022-06-05 09:00:00,66.36347,441.0,374.6365280151367
2022-06-05 12:00:00,69.47443,99.0,29.52557373046875
2022-09-22 00:00:00,52.545376,108.0,55.45462417602539
2022-09-22 03:00:00,58.78786,84.0,25.212139129638672
2022-09-22 09:00:00,68.70096,57.0,-11.700958251953125
2022-09-22 15:00:00,67.53419,63.0,-4.534187316894531
2022-09-22 18:00:00,63.78002,34.0,-29.78002166748047
2022-09-22 21:00:00,59.913647,46.0,-13.913646697998047
2022-09-23 00:00:00,30.557999,47.0,16.442001342773438
2022-09-23 03:00:00,35.717674,49.0,13.282325744628906
2022-09-23 06:00:00,44.323315,48.0,3.676685333251953
2022-09-23 09:00:00,51.415783,45.0,-6.415782928466797
2022-09-23 12:00:00,18.526577,49.0,30.47342300415039
2022-09-23 15:00:00,25.768316,38.0,12.231683731079102
2022-09-23 18:00:00,26.917065,56.0,29.082935333251953
2022-09-23 21:00:00,29.886906,59.0,29.113094329833984
2022-09-24 00:00:00,38.7156,46.0,7.284400939941406
2022-09-24 03:00:00,47.584423,90.0,42.41557693481445
2022-09-24 06:00:00,99.023056,76.0,-23.023056030273438
2022-09-24 09:00:00,98.01738,46.0,-52.01737976074219
2022-09-24 12:00:00,66.3016,28.0,-38.301597595214844
2022-09-24 15:00:00,64.821846,25.0,-39.82184600830078
2022-09-24 18:00:00,65.450195,39.0,-26.4501953125
2022-09-24 21:00:00,72.07643,31.0,-41.07643127441406
2022-09-25 06:00:00,102.39899,47.0,-55.39898681640625
2022-09-25 09:00:00,87.306946,42.0,-45.30694580078125
2022-09-25 15:00:00,71.265274,32.0,-39.26527404785156
2022-09-25 18:00:00,59.43781,41.0,-18.437808990478516
2022-09-25 21:00:00,65.47043,41.0,-24.470428466796875
2022-09-26 00:00:00,112.672295,141.0,28.32770538330078
2022-09-26 03:00:00,112.45606,28.0,-84.45606231689453
2022-09-26 06:00:00,98.95405,27.0,-71.95404815673828
2022-09-26 09:00:00,84.11882,43.0,-41.11882019042969
2022-09-26 12:00:00,76.17893,40.0,-36.178932189941406
2022-09-26 15:00:00,70.16297,41.0,-29.16297149658203
2022-09-26 18:00:00,69.330215,47.0,-22.330215454101562
2022-09-26 21:00:00,76.87754,37.0,-39.877540588378906
2022-09-27 00:00:00,75.682236,53.0,-22.682235717773438
2022-09-27 03:00:00,88.261,59.0,-29.261001586914062
2022-09-27 06:00:00,85.28048,68.0,-17.280479431152344
2022-09-27 09:00:00,67.32227,49.0,-18.32227325439453
2022-09-27 12:00:00,56.270435,45.0,-11.270435333251953
2022-09-27 15:00:00,45.105366,32.0,-13.105365753173828
2022-09-27 18:00:00,40.870872,36.0,-4.870872497558594
2022-09-27 21:00:00,44.337414,30.0,-14.337413787841797
2022-09-28 00:00:00,36.255188,32.0,-4.25518798828125
2022-09-28 03:00:00,58.258595,37.0,-21.258594512939453
2022-09-28 06:00:00,78.297035,31.0,-47.297035217285156
2022-09-28 18:00:00,27.37329,17.0,-10.373289108276367
2022-09-28 21:00:00,28.295744,17.0,-11.295743942260742
2022-09-29 00:00:00,15.377282,34.0,18.62271785736084
2022-09-29 03:00:00,35.692436,58.0,22.30756378173828
2023-04-03 06:00:00,60.428646,17.0,-43.428646087646484
2023-04-05 21:00:00,38.485268,43.0,4.514732360839844
2023-04-06 00:00:00,25.132523,43.0,17.867477416992188
2023-04-06 03:00:00,34.259754,42.0,7.740245819091797
2023-04-06 06:00:00,43.73703,27.0,-16.737030029296875
2023-04-06 09:00:00,52.09472,28.0,-24.09471893310547
2023-04-06 12:00:00,18.014816,34.0,15.985183715820312
2023-04-07 18:00:00,40.9575,48.0,7.042499542236328
2023-04-08 15:00:00,15.68253,23.0,7.317469596862793
2023-04-11 00:00:00,78.57216,60.0,-18.572158813476562
2023-04-13 06:00:00,52.535484,27.0,-25.535484313964844
2023-04-13 09:00:00,59.75977,27.0,-32.759769439697266
2023-04-13 12:00:00,57.08898,31.0,-26.08898162841797
2023-04-13 15:00:00,55.52488,29.0,-26.524879455566406
2023-04-13 18:00:00,59.47368,40.0,-19.473678588867188
2023-04-13 21:00:00,83.51708,62.0,-21.51708221435547
2023-04-14 00:00:00,77.42074,45.0,-32.420738220214844
2023-04-14 03:00:00,87.41995,74.0,-13.419952392578125
2023-04-14 12:00:00,47.72488,37.0,-10.72488021850586
2023-04-14 15:00:00,35.799305,21.0,-14.799304962158203
2023-04-14 18:00:00,33.20247,20.0,-13.202468872070312
2023-04-14 21:00:00,35.80135,14.0,-21.801349639892578
2023-04-15 00:00:00,58.53326,16.0,-42.533260345458984
2023-04-15 03:00:00,50.463314,12.0,-38.463314056396484
2023-04-18 00:00:00,30.460796,44.0,13.539203643798828
2023-04-18 03:00:00,39.379074,50.0,10.620925903320312
2023-04-18 06:00:00,49.4623,28.0,-21.462299346923828
2023-04-18 09:00:00,59.31406,25.0,-34.31406021118164
2023-04-18 12:00:00,48.832817,26.0,-22.83281707763672
2023-04-18 15:00:00,49.74902,51.0,1.2509803771972656
2023-04-18 18:00:00,42.30469,46.0,3.6953086853027344
2023-04-18 21:00:00,42.763985,59.0,16.23601531982422
2023-04-19 00:00:00,39.571434,66.0,26.428565979003906
2023-04-19 03:00:00,40.031635,47.0,6.968364715576172
2023-05-08 09:00:00,29.952845,41.0,11.047155380249023
2023-05-08 12:00:00,50.125324,33.0,-17.125324249267578
2023-05-08 15:00:00,46.26304,27.0,-19.263038635253906
2023-05-08 18:00:00,31.755007,11.0,-20.755006790161133
2023-05-08 21:00:00,24.636847,16.0,-8.636846542358398
2023-05-09 00:00:00,11.9906645,15.0,3.009335517883301
2023-05-09 03:00:00,13.851491,20.0,6.1485090255737305
2023-05-09 06:00:00,19.995468,25.0,5.0045318603515625
2023-05-09 09:00:00,33.493336,16.0,-17.493335723876953
2023-05-09 12:00:00,45.64424,20.0,-25.644241333007812
2023-05-09 15:00:00,47.919456,26.0,-21.919456481933594
2023-05-09 18:00:00,49.703884,41.0,-8.70388412475586
2023-05-09 21:00:00,63.377003,39.0,-24.377002716064453
2023-05-10 00:00:00,82.89783,30.0,-52.8978271484375
2023-05-10 03:00:00,94.67072,43.0,-51.67072296142578
2023-05-10 06:00:00,102.95395,32.0,-70.95394897460938
2023-05-10 09:00:00,102.5233,29.0,-73.52330017089844
2023-05-10 12:00:00,57.85091,47.0,-10.850910186767578
2023-05-10 15:00:00,56.569435,40.0,-16.569435119628906
2023-05-12 18:00:00,29.481953,33.0,3.518047332763672
2023-05-13 00:00:00,15.655132,29.0,13.344867706298828
2023-05-13 09:00:00,53.957253,28.0,-25.957252502441406
2023-05-13 12:00:00,42.156216,38.0,-4.156215667724609
2023-05-13 15:00:00,50.597008,43.0,-7.597007751464844
2023-05-13 18:00:00,51.614506,38.0,-13.614505767822266
2023-05-13 21:00:00,47.413097,33.0,-14.413097381591797
2023-05-14 03:00:00,57.047375,41.0,-16.047374725341797
2023-05-14 06:00:00,75.020805,47.0,-28.02080535888672
2023-05-14 09:00:00,71.1234,43.0,-28.123397827148438
2023-05-14 12:00:00,68.18368,19.0,-49.183677673339844
2023-05-14 15:00:00,50.86099,30.0,-20.86098861694336
2023-05-14 18:00:00,51.3229,20.0,-31.322898864746094
2023-05-14 21:00:00,59.705826,12.0,-47.70582580566406
2023-05-15 00:00:00,20.316065,21.0,0.6839351654052734
2023-05-15 03:00:00,42.93338,19.0,-23.933380126953125
2023-05-15 09:00:00,66.18075,17.0,-49.180747985839844
2023-05-15 12:00:00,83.44114,22.0,-61.441139221191406
2023-05-15 15:00:00,91.90125,23.0,-68.90125274658203
2023-05-15 18:00:00,93.46093,23.0,-70.46092987060547
2023-05-15 21:00:00,92.76391,26.0,-66.76390838623047
2023-05-16 00:00:00,69.87125,26.0,-43.871246337890625
2023-05-16 03:00:00,63.203403,50.0,-13.20340347290039
2023-05-19 06:00:00,95.90167,20.0,-75.90167236328125
2023-05-19 09:00:00,110.23485,32.0,-78.23484802246094
2023-05-19 12:00:00,94.33825,33.0,-61.33824920654297
2023-05-19 15:00:00,88.22985,38.0,-50.22985076904297
2023-05-19 18:00:00,77.07774,38.0,-39.07774353027344
2023-05-30 21:00:00,96.21886,37.0,-59.21885681152344
2023-05-31 03:00:00,119.7941,94.0,-25.794097900390625
2023-05-31 06:00:00,108.7958,322.0,213.2042007446289
2023-05-31 09:00:00,93.13362,206.0,112.86637878417969
2023-06-01 03:00:00,54.60697,59.0,4.393028259277344
2023-06-02 03:00:00,46.21279,15.0,-31.212791442871094
2023-06-02 06:00:00,38.98276,24.0,-14.98276138305664
2023-06-02 09:00:00,33.24476,26.0,-7.244758605957031
2023-06-02 12:00:00,48.067703,31.0,-17.067703247070312
2023-06-02 15:00:00,44.018635,22.0,-22.018634796142578
2023-06-02 18:00:00,51.927826,32.0,-19.927825927734375
2023-06-02 21:00:00,80.452995,29.0,-51.45299530029297
2023-06-03 03:00:00,151.46259,41.0,-110.46258544921875
2023-06-06 03:00:00,49.189568,89.0,39.81043243408203
2023-06-06 06:00:00,48.296555,94.0,45.70344543457031
2023-06-06 09:00:00,48.20197,73.0,24.798030853271484
2023-06-06 12:00:00,37.37671,67.0,29.623291015625
2023-06-06 15:00:00,39.132034,58.0,18.867965698242188
2023-06-06 18:00:00,43.278305,45.0,1.7216949462890625
2023-06-06 21:00:00,49.329857,57.0,7.670143127441406
2023-06-12 00:00:00,71.5072,47.0,-24.5072021484375
2023-06-12 03:00:00,88.980415,46.0,-42.98041534423828
2023-06-12 06:00:00,118.04945,46.0,-72.04945373535156
2023-06-12 09:00:00,106.54139,48.0,-58.54138946533203
2023-06-12 12:00:00,102.44958,47.0,-55.44957733154297
2023-06-14 03:00:00,148.61757,41.0,-107.61756896972656
2023-06-14 06:00:00,110.144585,25.0,-85.14458465576172
2023-06-14 09:00:00,77.67176,22.0,-55.67176055908203
2023-06-15 00:00:00,131.43608,37.0,-94.43608093261719
2023-06-15 03:00:00,109.119354,46.0,-63.119354248046875
2023-06-15 06:00:00,82.20831,44.0,-38.20831298828125
2023-06-15 09:00:00,73.011055,57.0,-16.01105499267578
2023-06-15 12:00:00,37.151493,52.0,14.848506927490234
2023-06-15 15:00:00,30.599495,43.0,12.400505065917969
2023-06-15 18:00:00,31.113586,40.0,8.88641357421875
2023-06-15 21:00:00,38.062126,37.0,-1.0621261596679688
2023-06-16 03:00:00,29.802095,39.0,9.197904586791992
2023-06-16 06:00:00,50.143627,38.0,-12.143627166748047
2023-06-16 09:00:00,65.693146,44.0,-21.693145751953125
2023-06-16 12:00:00,85.41247,48.0,-37.41246795654297
2023-06-16 15:00:00,68.75325,43.0,-25.753250122070312
2023-06-16 18:00:00,58.325214,31.0,-27.325214385986328
2023-06-16 21:00:00,63.019115,38.0,-25.019115447998047
2023-06-17 00:00:00,84.07369,32.0,-52.073692321777344
2023-06-17 03:00:00,96.22545,51.0,-45.22544860839844
2023-06-17 18:00:00,57.531677,31.0,-26.53167724609375
2023-06-19 00:00:00,90.195045,61.0,-29.195045471191406
2023-06-20 00:00:00,110.50906,27.0,-83.50906372070312
2023-06-20 03:00:00,110.92402,19.0,-91.92401885986328
2023-06-20 06:00:00,91.08635,17.0,-74.08634948730469
2023-06-20 09:00:00,74.60358,16.0,-58.60357666015625
2023-06-21 03:00:00,24.153906,19.0,-5.153905868530273
2023-06-21 06:00:00,27.206852,15.0,-12.206851959228516
2023-06-21 21:00:00,48.38057,16.0,-32.38056945800781
2023-06-23 00:00:00,32.25432,23.0,-9.254318237304688
2023-06-23 03:00:00,38.361805,24.0,-14.361804962158203
2023-06-23 06:00:00,47.743923,25.0,-22.74392318725586
2023-06-23 09:00:00,50.606106,22.0,-28.60610580444336
2023-06-23 12:00:00,84.53685,27.0,-57.53684997558594
2023-06-23 15:00:00,66.94927,29.0,-37.94927215576172
2023-06-23 18:00:00,51.659184,28.0,-23.659183502197266
2023-06-23 21:00:00,45.581146,23.0,-22.581146240234375
2023-06-24 00:00:00,60.399544,21.0,-39.39954376220703
2023-06-24 03:00:00,67.46177,24.0,-43.461769104003906
2023-06-24 06:00:00,73.51696,23.0,-50.51696014404297
2023-06-24 15:00:00,17.216507,19.0,1.7834930419921875
2023-06-24 18:00:00,22.354925,19.0,-3.3549251556396484
2023-06-25 03:00:00,49.896584,20.0,-29.896583557128906
2023-06-25 06:00:00,70.64034,17.0,-53.640342712402344
2023-06-25 09:00:00,52.45454,32.0,-20.454540252685547
2023-06-25 12:00:00,32.295475,42.0,9.704524993896484
2023-06-25 15:00:00,39.7265,43.0,3.27349853515625
2023-06-25 18:00:00,51.402367,42.0,-9.402366638183594
2023-06-25 21:00:00,66.89674,33.0,-33.89674377441406
2023-06-26 00:00:00,129.69598,82.0,-47.69598388671875
2023-06-27 00:00:00,67.51611,51.0,-16.51611328125
2023-06-28 00:00:00,8.896564,48.0,39.10343647003174
2023-06-28 03:00:00,16.765284,66.0,49.23471641540527
2023-06-28 06:00:00,30.528782,28.0,-2.5287818908691406
2023-06-28 09:00:00,44.558647,28.0,-16.55864715576172
2023-06-28 12:00:00,64.568214,30.0,-34.568214416503906
2023-06-28 15:00:00,52.250927,30.0,-22.250926971435547
2023-06-28 18:00:00,42.891315,30.0,-12.891315460205078
2023-06-28 21:00:00,43.22965,43.0,-0.22964859008789062
2023-06-29 00:00:00,36.599205,38.0,1.4007949829101562
2023-06-29 03:00:00,52.496147,39.0,-13.496147155761719
2023-06-29 06:00:00,71.30734,22.0,-49.307342529296875
2023-06-29 09:00:00,63.669403,32.0,-31.669403076171875
2023-07-05 03:00:00,112.48221,45.0,-67.48220825195312
2023-07-05 06:00:00,102.48823,28.0,-74.48822784423828
2023-07-05 09:00:00,83.400894,158.0,74.59910583496094
2023-07-05 12:00:00,92.08543,32.0,-60.085426330566406
2023-07-05 15:00:00,80.90637,27.0,-53.9063720703125
2023-07-05 18:00:00,70.98038,35.0,-35.980377197265625
2023-07-05 21:00:00,63.67145,48.0,-15.671451568603516
2023-07-06 03:00:00,119.84821,49.0,-70.84821319580078
2023-07-06 06:00:00,143.22086,21.0,-122.22085571289062
2023-07-06 12:00:00,67.28965,42.0,-25.289649963378906
2023-07-06 18:00:00,49.06815,44.0,-5.068149566650391
2023-07-07 03:00:00,74.59312,42.0,-32.593116760253906
2023-07-07 06:00:00,103.9441,40.0,-63.94409942626953
2023-07-07 09:00:00,99.979614,55.0,-44.9796142578125
2023-07-07 12:00:00,137.60268,47.0,-90.60267639160156
2023-07-07 15:00:00,127.27423,52.0,-75.27423095703125
2023-07-07 18:00:00,111.719604,43.0,-68.7196044921875
2023-07-08 00:00:00,107.63097,57.0,-50.63096618652344
2023-07-11 03:00:00,61.26868,67.0,5.731319427490234
2023-07-11 06:00:00,66.57888,36.0,-30.578880310058594
2023-07-11 09:00:00,69.41809,31.0,-38.4180908203125
2023-07-11 18:00:00,53.341183,36.0,-17.341182708740234
2023-07-11 21:00:00,45.939034,53.0,7.060966491699219
2023-07-12 03:00:00,14.460511,50.0,35.539488792419434
2023-07-12 06:00:00,33.331615,33.0,-0.3316154479980469
2023-07-12 09:00:00,50.130894,29.0,-21.13089370727539
2023-07-12 12:00:00,59.744705,26.0,-33.74470520019531
2023-07-12 15:00:00,50.584732,24.0,-26.584732055664062
2023-07-12 18:00:00,52.86074,33.0,-19.860740661621094
2023-07-12 21:00:00,92.66546,27.0,-65.66545867919922
2023-07-13 00:00:00,128.82515,142.0,13.174850463867188
2023-07-13 03:00:00,107.31355,150.0,42.68644714355469
2023-07-13 06:00:00,89.49928,34.0,-55.49928283691406
2023-08-01 12:00:00,31.810032,32.0,0.18996810913085938
2023-08-01 15:00:00,29.901913,30.0,0.09808731079101562
2023-08-01 18:00:00,29.931698,18.0,-11.931697845458984
2023-08-01 21:00:00,32.226128,53.0,20.77387237548828
2023-08-02 00:00:00,32.617096,43.0,10.382904052734375
2023-08-02 03:00:00,47.893764,32.0,-15.89376449584961
2023-08-02 06:00:00,69.47789,48.0,-21.477890014648438
2023-08-02 09:00:00,71.736626,26.0,-45.73662567138672
2023-08-02 12:00:00,64.575035,33.0,-31.575035095214844
2023-08-02 15:00:00,48.99289,46.0,-2.992889404296875
2023-08-02 18:00:00,45.321712,49.0,3.6782875061035156
2023-08-02 21:00:00,46.64554,32.0,-14.645538330078125
2023-08-03 00:00:00,5.1501274,48.0,42.84987258911133
2023-08-03 03:00:00,11.115617,58.0,46.88438320159912
2023-08-03 06:00:00,20.02821,47.0,26.971790313720703
2023-08-03 09:00:00,30.400087,38.0,7.599912643432617
2023-08-03 12:00:00,33.8739,40.0,6.1260986328125
2023-08-03 15:00:00,31.375067,36.0,4.624933242797852
2023-08-03 18:00:00,31.656897,37.0,5.343103408813477
2023-08-03 21:00:00,38.92171,38.0,-0.9217109680175781
2023-08-04 00:00:00,79.26792,40.0,-39.267921447753906
2023-08-04 03:00:00,66.216446,61.0,-5.2164459228515625
2023-08-04 06:00:00,56.715862,128.0,71.28413772583008
2023-08-04 09:00:00,54.965767,68.0,13.034233093261719
2023-08-04 12:00:00,59.90546,45.0,-14.905460357666016
2023-08-04 15:00:00,59.129433,35.0,-24.129432678222656
2023-08-04 18:00:00,55.312057,36.0,-19.312057495117188
2023-08-04 21:00:00,53.530586,38.0,-15.530586242675781
2023-08-05 00:00:00,37.83873,48.0,10.161270141601562
2023-08-05 03:00:00,65.95701,36.0,-29.957008361816406
2023-08-05 06:00:00,92.10407,41.0,-51.10407257080078
2023-08-05 09:00:00,81.822235,27.0,-54.822235107421875
2023-08-05 12:00:00,66.906525,34.0,-32.906524658203125
2023-08-05 15:00:00,55.22497,43.0,-12.224971771240234
2023-08-05 18:00:00,51.5729,43.0,-8.572898864746094
2023-08-05 21:00:00,49.671825,46.0,-3.671825408935547
2023-08-06 00:00:00,83.793335,63.0,-20.7933349609375
2023-08-06 03:00:00,79.448906,71.0,-8.448905944824219
2023-08-06 06:00:00,82.74856,73.0,-9.748558044433594
2023-08-06 09:00:00,81.800865,67.0,-14.800865173339844
2023-08-06 12:00:00,72.945564,59.0,-13.945564270019531
2023-08-06 15:00:00,58.95845,66.0,7.0415496826171875
2023-08-06 18:00:00,41.569138,69.0,27.430862426757812
2023-08-06 21:00:00,36.505753,63.0,26.494247436523438
2023-08-07 00:00:00,14.436409,52.0,37.56359100341797
2023-08-07 03:00:00,23.26101,56.0,32.738990783691406
2023-08-07 06:00:00,38.67899,66.0,27.32101058959961
2023-08-07 09:00:00,45.908337,36.0,-9.908336639404297
2023-08-07 12:00:00,30.93919,32.0,1.0608100891113281
2023-08-07 15:00:00,31.12291,23.0,-8.122909545898438
2023-08-07 18:00:00,31.370747,28.0,-3.370746612548828
2023-08-07 21:00:00,35.69039,34.0,-1.6903915405273438
2023-08-08 00:00:00,43.260456,38.0,-5.260456085205078
2023-08-08 03:00:00,61.218884,30.0,-31.218883514404297
2023-08-08 06:00:00,84.34358,46.0,-38.34358215332031
2023-08-08 09:00:00,91.84805,31.0,-60.848052978515625
2023-08-08 12:00:00,68.72551,28.0,-40.72550964355469
2023-08-08 15:00:00,66.55273,23.0,-43.55272674560547
2023-08-08 18:00:00,61.761284,24.0,-37.76128387451172
2023-08-08 21:00:00,59.71833,27.0,-32.71833038330078
2023-08-09 00:00:00,21.890287,35.0,13.109712600708008
2023-08-09 03:00:00,35.325912,41.0,5.6740875244140625
2023-08-09 06:00:00,56.358887,26.0,-30.35888671875
2023-08-09 09:00:00,65.79876,26.0,-39.79875946044922
2023-08-09 12:00:00,72.713646,27.0,-45.713645935058594
2023-08-09 15:00:00,78.18676,32.0,-46.18675994873047
2023-08-09 18:00:00,72.37963,46.0,-26.37963104248047
2023-08-09 21:00:00,66.39107,40.0,-26.391067504882812
2023-08-10 00:00:00,52.83471,34.0,-18.83470916748047
2023-08-10 03:00:00,49.919437,31.0,-18.919437408447266
2023-08-10 06:00:00,45.374577,31.0,-14.374576568603516
2023-08-10 09:00:00,45.306023,36.0,-9.306022644042969
2023-08-10 12:00:00,63.89746,38.0,-25.8974609375
2023-08-10 15:00:00,61.401123,37.0,-24.401123046875
2023-08-10 18:00:00,56.322845,34.0,-22.322845458984375
2023-08-10 21:00:00,53.72567,58.0,4.274330139160156
2023-08-11 00:00:00,76.71065,46.0,-30.710647583007812
2023-08-11 03:00:00,78.41891,45.0,-33.418907165527344
2023-08-11 06:00:00,84.710106,47.0,-37.710105895996094
2023-08-11 09:00:00,80.44389,50.0,-30.443893432617188
2023-08-11 12:00:00,44.848095,47.0,2.151905059814453
2023-08-11 15:00:00,39.29267,60.0,20.70732879638672
2023-08-11 18:00:00,37.31361,58.0,20.686389923095703
2023-08-11 21:00:00,45.81716,66.0,20.182838439941406
2023-08-12 00:00:00,57.988132,435.0,377.01186752319336
2023-08-12 03:00:00,62.872005,302.0,239.12799453735352
2023-08-12 06:00:00,70.30394,374.0,303.69606018066406
2023-08-12 09:00:00,74.621765,118.0,43.37823486328125
2023-08-12 12:00:00,74.42281,117.0,42.577186584472656
2023-08-12 15:00:00,69.51518,82.0,12.484817504882812
2023-08-12 18:00:00,68.90832,82.0,13.091682434082031
2023-08-12 21:00:00,75.89983,71.0,-4.899833679199219
2023-08-13 00:00:00,95.52241,76.0,-19.52240753173828
2023-08-13 03:00:00,92.30734,55.0,-37.307342529296875
2023-08-13 06:00:00,97.66473,49.0,-48.66472625732422
2023-08-13 09:00:00,103.615776,57.0,-46.61577606201172
2023-08-13 12:00:00,78.32046,65.0,-13.320457458496094
2023-08-13 15:00:00,78.87718,61.0,-17.877182006835938
2023-08-13 18:00:00,74.99034,79.0,4.0096588134765625
2023-08-13 21:00:00,70.74084,77.0,6.259162902832031
2023-08-14 00:00:00,98.22952,73.0,-25.229522705078125
2023-08-14 03:00:00,94.84279,73.0,-21.842788696289062
2023-08-14 06:00:00,106.19715,77.0,-29.19715118408203
2023-08-14 09:00:00,109.24259,69.0,-40.242591857910156
2023-08-14 12:00:00,118.76864,65.0,-53.768638610839844
2023-08-14 15:00:00,101.48551,113.0,11.514488220214844
2023-08-14 18:00:00,80.51825,80.0,-0.51824951171875
2023-08-18 18:00:00,78.83136,46.0,-32.83135986328125
2023-08-18 21:00:00,73.42374,51.0,-22.423736572265625
2023-08-19 00:00:00,105.86427,54.0,-51.86427307128906
2023-08-19 03:00:00,100.29839,46.0,-54.29839324951172
2023-08-19 06:00:00,97.759766,46.0,-51.759765625
2023-08-19 09:00:00,96.49784,50.0,-46.497840881347656
2023-08-19 12:00:00,79.84045,41.0,-38.84044647216797
2023-08-19 15:00:00,84.13053,43.0,-41.130531311035156
2023-08-19 21:00:00,80.6665,58.0,-22.66649627685547
2023-08-20 00:00:00,81.09646,58.0,-23.096458435058594
2023-08-20 03:00:00,75.74078,51.0,-24.74078369140625
2023-08-20 09:00:00,83.050964,45.0,-38.05096435546875
2023-08-20 12:00:00,89.166405,59.0,-30.166404724121094
2023-08-20 15:00:00,93.384186,62.0,-31.384185791015625
2023-08-20 18:00:00,95.36632,61.0,-34.36631774902344
2023-08-20 21:00:00,102.85953,69.0,-33.859527587890625
2023-08-21 00:00:00,113.07418,76.0,-37.074180603027344
2023-08-21 09:00:00,112.510864,149.0,36.4891357421875
2023-08-21 12:00:00,113.24164,159.0,45.75836181640625
2023-08-21 18:00:00,104.17886,97.0,-7.178863525390625
2023-08-21 21:00:00,100.888885,78.0,-22.888885498046875
2023-08-22 09:00:00,72.72456,71.0,-1.7245635986328125
2023-08-22 12:00:00,78.18085,63.0,-15.18084716796875
2023-08-22 15:00:00,73.05857,65.0,-8.058570861816406
2023-08-22 18:00:00,63.52468,80.0,16.475318908691406
2023-08-22 21:00:00,58.43708,70.0,11.562919616699219
2023-08-23 00:00:00,79.45709,80.0,0.54290771484375
2023-08-23 03:00:00,86.51159,77.0,-9.511589050292969
2023-08-23 06:00:00,107.61005,84.0,-23.61004638671875
2023-08-23 09:00:00,112.177986,74.0,-38.17798614501953
2023-08-23 12:00:00,96.81435,73.0,-23.814346313476562
2023-08-23 18:00:00,79.2129,73.0,-6.212898254394531
2023-08-23 21:00:00,70.41467,77.0,6.5853271484375
2023-08-24 03:00:00,81.70787,85.0,3.2921295166015625
2023-08-24 06:00:00,96.28161,83.0,-13.281608581542969
2023-08-24 09:00:00,98.344574,67.0,-31.344573974609375
2023-08-24 12:00:00,72.626335,59.0,-13.626335144042969
2023-08-24 18:00:00,45.837055,66.0,20.162944793701172
2023-08-24 21:00:00,42.649845,64.0,21.350154876708984
2023-09-01 00:00:00,30.396677,21.0,-9.396677017211914
2023-09-01 03:00:00,28.723207,20.0,-8.723207473754883
2023-09-27 18:00:00,31.017635,33.0,1.9823646545410156
2023-09-28 00:00:00,46.528156,29.0,-17.528156280517578
2023-09-29 00:00:00,23.801931,70.0,46.198068618774414
2023-09-29 03:00:00,30.75536,80.0,49.2446403503418
2023-09-29 06:00:00,37.862434,77.0,39.13756561279297
2023-09-30 00:00:00,58.57089,72.0,13.42911148071289
2023-09-30 03:00:00,62.661343,65.0,2.3386573791503906
2023-10-01 00:00:00,25.767464,32.0,6.232536315917969
2023-10-01 03:00:00,45.736443,39.0,-6.736442565917969
2023-10-01 06:00:00,66.6073,56.0,-10.6072998046875
2023-10-01 09:00:00,56.301586,26.0,-30.301586151123047
2023-10-03 00:00:00,100.46699,26.0,-74.46698760986328
2023-10-03 03:00:00,93.08064,28.0,-65.08064270019531
2023-10-06 00:00:00,62.49729,35.0,-27.497291564941406
2023-10-06 03:00:00,51.682037,28.0,-23.682037353515625
2023-10-08 00:00:00,61.971493,31.0,-30.971492767333984
2023-10-08 03:00:00,57.59489,24.0,-33.59489059448242
2023-10-09 03:00:00,18.13271,37.0,18.867290496826172
2023-10-12 00:00:00,34.575806,52.0,17.4241943359375
2023-10-12 03:00:00,38.322243,38.0,-0.32224273681640625
2023-10-12 06:00:00,46.14745,35.0,-11.147449493408203
2023-10-14 21:00:00,49.964,57.0,7.035999298095703
2023-10-15 00:00:00,83.568695,65.0,-18.568695068359375
2023-10-15 03:00:00,83.575516,58.0,-25.575515747070312
2023-10-16 03:00:00,58.858746,64.0,5.141254425048828
2023-10-16 21:00:00,56.311707,59.0,2.68829345703125
2023-10-17 00:00:00,65.59503,55.0,-10.59503173828125
2023-10-17 03:00:00,73.610695,60.0,-13.610694885253906
2023-10-17 06:00:00,84.45886,56.0,-28.4588623046875
2023-10-17 09:00:00,88.63378,62.0,-26.63378143310547
2023-10-17 12:00:00,34.236565,55.0,20.76343536376953
2023-10-17 15:00:00,26.538145,57.0,30.461854934692383
2023-10-17 18:00:00,23.798748,74.0,50.20125198364258
2023-10-18 00:00:00,24.334894,49.0,24.66510581970215
2023-10-18 03:00:00,25.67583,40.0,14.324169158935547
2023-10-18 06:00:00,27.593388,43.0,15.406612396240234
2023-10-18 09:00:00,30.681917,17.0,-13.681917190551758
2023-10-19 00:00:00,53.73249,8.0,-45.73249053955078
2023-10-19 03:00:00,58.96004,12.0,-46.96004104614258
2023-10-19 06:00:00,67.78419,19.0,-48.78418731689453
2023-10-19 12:00:00,57.878197,64.0,6.121803283691406
2023-10-19 18:00:00,50.654533,54.0,3.3454666137695312
2023-10-19 21:00:00,48.37989,55.0,6.620109558105469
2023-10-20 00:00:00,0.71759135,41.0,40.28240865468979
2023-10-20 06:00:00,33.019093,55.0,21.980907440185547
2023-10-20 09:00:00,54.58526,56.0,1.4147415161132812
2023-10-20 12:00:00,41.40611,30.0,-11.406108856201172
2023-10-21 03:00:00,46.43175,57.0,10.568248748779297
2023-10-21 06:00:00,68.32738,61.0,-7.3273773193359375
2023-10-21 09:00:00,77.30273,46.0,-31.30272674560547
2023-10-21 12:00:00,53.53684,50.0,-3.5368385314941406
2023-10-21 21:00:00,17.572802,29.0,11.42719841003418
2023-10-22 00:00:00,69.59772,27.0,-42.59771728515625
2023-10-22 03:00:00,74.35165,38.0,-36.351646423339844
2023-10-22 09:00:00,84.0223,37.0,-47.022300720214844
2023-10-22 12:00:00,41.0339,46.0,4.966098785400391
2023-10-22 15:00:00,30.176807,50.0,19.823192596435547
2023-10-22 18:00:00,26.828957,52.0,25.171043395996094
2023-10-23 03:00:00,37.357494,28.0,-9.357494354248047
2023-10-23 06:00:00,39.506973,25.0,-14.506973266601562
2023-10-23 09:00:00,36.15844,24.0,-12.158439636230469
2023-10-23 12:00:00,11.368911,21.0,9.631089210510254
2023-10-23 21:00:00,14.09353,23.0,8.90647029876709
2023-10-24 00:00:00,57.13491,23.0,-34.134910583496094
2023-10-24 03:00:00,55.23907,26.0,-29.239070892333984
2023-10-24 06:00:00,54.248344,35.0,-19.24834442138672
2023-10-24 09:00:00,52.054474,26.0,-26.054473876953125
2023-10-24 15:00:00,34.942104,34.0,-0.9421043395996094
2023-10-24 18:00:00,36.24814,29.0,-7.248138427734375
2023-10-24 21:00:00,37.249493,19.0,-18.249492645263672
2023-11-01 00:00:00,28.144314,39.0,10.85568618774414
2023-11-01 03:00:00,30.351997,40.0,9.648002624511719
2023-11-04 21:00:00,25.312147,20.0,-5.31214714050293
2023-11-06 18:00:00,40.11349,26.0,-14.11349105834961
2023-11-08 21:00:00,44.336502,24.0,-20.336502075195312
2023-11-11 00:00:00,50.965923,34.0,-16.965923309326172
2023-11-22 12:00:00,66.55717,28.0,-38.557167053222656
2023-11-23 15:00:00,19.74604,6.0,-13.746040344238281
2023-12-01 00:00:00,41.49706,17.0,-24.497058868408203
2023-12-03 18:00:00,31.614717,47.0,15.385282516479492
2023-12-03 21:00:00,28.289377,55.0,26.710622787475586
2023-12-04 00:00:00,17.321327,35.0,17.678672790527344
2023-12-04 03:00:00,21.085726,27.0,5.914274215698242
2023-12-05 03:00:00,34.691765,57.0,22.30823516845703
2023-12-06 00:00:00,52.29231,49.0,-3.292308807373047
2023-12-07 00:00:00,58.35682,68.0,9.643180847167969
2023-12-15 09:00:00,67.94695,14.0,-53.94695281982422
2023-12-22 09:00:00,44.837635,38.0,-6.837635040283203
